event1,latitude1,longitude1,depth1,magnitude1,event2,latitude2,longitude2,depth2,magnitude2,Δτ,cc
2008-01-08T19:19:53.44,36.5135,140.5491,52.3,3.8,2008-09-25T01:36:44.17,36.4741,140.6021,56.3,3.9,0.2791113957914646,0.9873209504038
2008-01-08T19:19:53.44,36.5135,140.5491,52.3,3.8,2009-10-15T21:56:46.22,36.4231,140.7135,55.3,3.9,1.139782343435642,0.989749653301212
2008-01-08T19:19:53.44,36.5135,140.5491,52.3,3.8,2010-10-26T12:06:19.17,36.4784,140.5983,56.9,3.8,0.2413240103748229,0.9920276432791336
2008-01-08T19:19:53.44,36.5135,140.5491,52.3,3.8,2011-07-16T08:56:38.64,36.4718,140.673,56.1,3.9,0.5123345832960026,0.9885712798421428
2008-01-08T19:19:53.44,36.5135,140.5491,52.3,3.8,2012-02-25T14:26:58.14,36.4923,140.5403,55.3,3.7,-0.1552623253682681,0.9908277185825246
2008-01-08T19:19:53.44,36.5135,140.5491,52.3,3.8,2012-10-19T04:10:48.31,36.4886,140.6278,55.1,3.6,0.4346781109689998,0.989029086549518
2008-01-08T19:19:53.44,36.5135,140.5491,52.3,3.8,2013-08-21T16:14:19.88,36.4871,140.5758,57.4,3.6,0.7813175972137546,0.9900633671272906
2008-01-08T19:19:53.44,36.5135,140.5491,52.3,3.8,2016-01-30T03:34:27.0,36.46,140.6,55.0,3.9,0.4270014029726665,0.930474371452866
2008-01-08T19:19:53.44,36.5135,140.5491,52.3,3.8,2017-08-04T22:55:18.61,36.4892,140.5693,57.1,4.1,0.2893054782772866,0.901969849779161
2008-01-08T19:19:53.44,36.5135,140.5491,52.3,3.8,2018-03-31T08:05:29.23,36.5042,140.5759,55.1,3.8,0.2121799513194135,0.9913834373519148
2008-01-08T19:19:53.44,36.5135,140.5491,52.3,3.8,2019-11-17T23:00:00.46,36.4686,140.6998,57.0,4.1,0.6012176151882896,0.9881861223509264
2008-01-10T23:00:31.66,39.3565,141.9883,49.8,4.7,2018-06-26T11:03:04.62,39.3113,142.156,42.8,4.5,1.1182244223541191,0.9642014543419656
2008-01-19T09:53:20.63,37.0975,141.173,51.2,4.4,2011-11-26T11:09:25.38,37.0973,141.2905,47.4,4.0,0.6745290211340966,0.9892876627269794
2008-01-19T09:53:20.63,37.0975,141.173,51.2,4.4,2012-12-20T15:31:14.79,37.0845,141.21,54.0,4.1,-0.0154160937306608,0.9932040324505612
2008-01-19T09:53:20.63,37.0975,141.173,51.2,4.4,2013-10-17T04:31:57.6,37.0942,141.211,47.7,4.0,0.1967202676819682,0.978067117212664
2008-01-19T09:53:20.63,37.0975,141.173,51.2,4.4,2014-07-30T14:57:06.66,37.0936,141.2082,48.8,3.9,0.0498829069471375,0.9889269984521196
2008-01-19T09:53:20.63,37.0975,141.173,51.2,4.4,2015-11-19T03:39:22.78,37.0822,141.174,52.6,4.0,0.3248560807832756,0.9878809343942616
2008-01-19T09:53:20.63,37.0975,141.173,51.2,4.4,2017-10-06T15:00:41.81,37.0909,141.1982,49.0,4.3,0.2871837085582387,0.9252352052818088
2008-01-19T09:53:20.63,37.0975,141.173,51.2,4.4,2018-09-27T19:32:24.08,37.0924,141.2521,48.6,4.2,0.6460109140205564,0.9901709513584424
2008-01-19T09:53:20.63,37.0975,141.173,51.2,4.4,2020-04-23T01:22:17.95,37.0256,141.2978,46.1,4.0,1.603015597588443,0.9467410876148152
2008-01-24T14:27:08.47,37.5191,142.8968,34.1,4.3,2010-11-01T12:20:57.66,37.4625,143.1796,24.0,4.4,3.234773440915329,0.9766262808815932
2008-01-24T16:07:02.22,37.4402,142.8856,30.7,4.6,2009-10-08T15:47:16.36,37.4667,142.9899,24.0,4.3,1.1858155421598282,0.9799279083632704
2008-01-25T15:56:22.83,38.7552,142.3388,27.0,3.8,2012-10-23T21:55:16.32,38.7675,142.3468,39.0,4.5,-1.5123959224183947,0.9265131940590812
2008-01-31T04:08:41.23,37.4245,143.0981,24.0,4.0,2009-10-07T21:32:58.3,37.4655,142.9587,24.0,3.8,-0.6510436552032673,0.918215667704535
2008-02-10T09:00:09.45,36.1239,141.8795,23.0,3.9,2009-04-08T04:28:51.06,36.1156,141.8592,24.3,3.9,-0.4701368560193078,0.9771678468395576
2008-02-10T09:00:09.45,36.1239,141.8795,23.0,3.9,2011-05-07T19:56:25.7,36.1235,141.927,23.0,3.9,0.2435151825451522,0.924826811695386
2008-02-10T09:00:09.45,36.1239,141.8795,23.0,3.9,2012-03-28T05:14:01.39,36.0276,141.9574,23.0,3.9,0.5566689075920763,0.930206342995754
2008-02-10T11:36:25.09,36.3178,140.004,77.0,3.5,2014-11-21T11:29:00.98,36.3081,140.0091,77.0,3.5,0.0194099594586731,0.977830783502896
2008-03-07T16:54:57.12,36.5023,140.6084,52.1,5.2,2016-07-27T14:47:16.59,36.4969,140.6315,50.1,5.3,0.3747386854725556,0.940648010469256
2008-03-08T21:13:44.23,35.9756,139.937,48.7,4.4,2016-07-17T04:24:01.48,35.9747,139.9424,44.8,4.9,0.6066318373711684,0.9144433137128072
2008-03-15T14:00:45.19,36.1087,142.0812,23.0,3.8,2019-12-08T07:14:53.31,36.2204,141.8755,23.0,3.6,-1.2189986516242746,0.9673383848529624
2008-03-19T16:36:35.92,36.0406,139.8907,47.9,3.8,2011-09-28T11:25:56.31,36.0553,139.8949,51.4,3.5,0.0966814638530821,0.98553385328599
2008-03-19T16:36:35.92,36.0406,139.8907,47.9,3.8,2014-10-06T04:20:09.85,36.0753,139.9078,50.6,3.5,0.0265481261604778,0.9495830936896552
2008-03-19T16:36:35.92,36.0406,139.8907,47.9,3.8,2016-08-27T13:46:28.11,36.0663,139.8847,51.9,4.1,-0.2476304483450187,0.9743700815141566
2008-03-19T16:36:35.92,36.0406,139.8907,47.9,3.8,2020-01-13T19:53:47.98,36.0711,139.9232,46.8,4.7,0.8697338179756928,0.9148466331065518
2008-03-23T03:13:24.4,36.43,140.66,53.0,3.6,2010-11-14T10:08:09.6,36.43,140.66,54.0,3.6,0.0217463760990769,0.9727576932761732
2008-03-23T03:13:24.4,36.43,140.66,53.0,3.6,2012-01-14T15:45:39.17,36.4847,140.7011,51.2,3.8,0.1134015703139196,0.9804770346350932
2008-03-23T03:13:24.4,36.43,140.66,53.0,3.6,2012-11-17T05:40:54.17,36.4459,140.7314,50.9,3.7,0.1075327100385891,0.9636911071658596
2008-03-23T03:13:24.4,36.43,140.66,53.0,3.6,2013-09-19T01:21:41.6,36.43,140.66,52.0,3.6,-0.0802017193969105,0.9324593638344172
2008-03-23T03:13:24.4,36.43,140.66,53.0,3.6,2014-10-17T03:34:18.5,36.43,140.66,53.0,3.5,0.0257371472359195,0.9624697914272516
2008-03-23T03:13:24.4,36.43,140.66,53.0,3.6,2015-08-12T19:29:05.42,36.449,140.7754,53.3,3.6,0.6459377300101047,0.9777866478965068
2008-03-23T03:13:24.4,36.43,140.66,53.0,3.6,2016-08-10T05:50:56.0,36.4293,140.6567,53.1,3.7,-0.0634635170289276,0.9377830242420918
2008-03-23T03:13:24.4,36.43,140.66,53.0,3.6,2017-06-29T22:41:15.2,36.43,140.6557,53.1,3.7,-0.0824411373922254,0.9544765546703752
2008-03-23T03:13:24.4,36.43,140.66,53.0,3.6,2018-03-16T04:09:23.39,36.4317,140.6542,52.9,3.5,-0.1146112978805143,0.9180930164863044
2008-03-23T03:13:24.4,36.43,140.66,53.0,3.6,2019-01-15T07:38:43.19,36.4295,140.656,52.9,3.6,-0.0868133789065753,0.9392159203571796
2008-03-23T03:13:24.4,36.43,140.66,53.0,3.6,2019-10-28T13:28:56.63,36.4615,140.6892,45.4,3.5,-0.9351275065178978,0.973096426960646
2008-03-23T03:13:24.4,36.43,140.66,53.0,3.6,2020-08-12T22:40:23.03,36.4292,140.6567,52.9,3.6,-0.0861817546903968,0.97444755042415
2008-03-23T19:11:17.52,40.0174,143.1293,12.0,4.3,2017-03-06T16:17:21.9,39.8851,143.2933,10.0,4.6,1.5589704173491108,0.9467697505991016
2008-03-24T02:01:58.57,36.0441,139.9674,49.4,3.5,2013-03-13T12:50:03.74,36.0395,139.9827,49.2,3.5,0.1902148066351678,0.9208379867497344
2008-03-30T01:49:07.22,35.7368,140.1122,71.4,4.0,2011-08-02T19:26:03.07,35.7663,140.1539,64.9,4.1,0.8717840456104442,0.9824462654225432
2008-03-30T01:49:07.22,35.7368,140.1122,71.4,4.0,2012-05-28T17:19:27.73,35.77,140.2047,67.7,3.5,0.6544696146482563,0.9144569586600656
2008-04-19T09:44:09.71,36.7412,141.9842,19.0,4.1,2009-12-24T11:37:47.89,36.7098,142.001,7.2,3.9,2.016804796576434,0.972084524870258
2008-04-19T09:44:09.71,36.7412,141.9842,19.0,4.1,2011-05-10T16:12:36.33,36.6892,142.0545,25.8,4.3,0.0882468660699648,0.9573422240146272
2008-04-19T09:44:09.71,36.7412,141.9842,19.0,4.1,2011-07-29T18:27:47.13,36.699,141.94,24.8,4.7,-0.1064661770199808,0.9645258854240748
2008-04-19T09:44:09.71,36.7412,141.9842,19.0,4.1,2012-01-11T01:33:38.03,36.6519,142.0174,24.2,4.3,0.0023543520915628,0.9761136179734172
2008-04-19T09:44:09.71,36.7412,141.9842,19.0,4.1,2012-11-07T15:17:13.16,36.6753,142.041,36.1,4.2,-1.4491065537481265,0.9777628090257808
2008-04-19T09:44:09.71,36.7412,141.9842,19.0,4.1,2013-10-19T05:44:49.87,36.671,141.9703,19.0,4.2,0.8588155341562889,0.977112535566688
2008-04-19T09:44:09.71,36.7412,141.9842,19.0,4.1,2015-10-05T00:26:19.15,36.6471,142.0795,15.2,4.3,1.5540583878425736,0.9801533108149236
2008-04-19T09:44:09.71,36.7412,141.9842,19.0,4.1,2017-07-24T17:53:44.73,36.7343,142.2315,19.0,4.0,1.9754734247476504,0.9846427533690544
2008-04-19T09:44:09.71,36.7412,141.9842,19.0,4.1,2020-04-27T13:23:57.13,36.6595,142.0661,19.0,4.3,1.229871538387207,0.9825155163645548
2008-05-05T00:26:57.02,36.2169,141.9314,19.4,5.1,2011-06-21T21:15:59.89,36.2564,141.8067,23.8,5.0,-1.303944365998502,0.9566376012341422
2008-05-05T01:45:17.62,36.2942,141.8306,4.7,3.6,2011-06-22T02:18:24.15,36.2075,142.0845,23.0,3.8,-0.8877297930603739,0.914005101839642
2008-05-05T01:45:17.62,36.2942,141.8306,4.7,3.6,2020-07-16T20:26:18.19,36.1986,142.1537,23.0,4.1,-0.5447305659857236,0.9700658052469704
2008-05-07T18:39:35.1,36.0881,142.0384,23.0,4.0,2013-02-03T20:27:36.18,36.0649,141.946,23.0,3.9,-0.4210908439592169,0.9419026731711296
2008-05-07T18:51:26.15,36.0797,142.0363,23.0,4.0,2011-05-10T10:24:17.12,36.0714,142.0744,23.0,4.3,-0.563661166968948,0.902861949792672
2008-05-07T19:20:22.06,36.22,141.6276,33.8,4.9,2011-03-26T10:42:25.13,36.2242,141.4667,26.9,4.7,0.2847824989630536,0.9818658136784988
2008-05-07T19:20:22.06,36.22,141.6276,33.8,4.9,2011-06-09T20:51:26.5,36.2601,141.5345,38.4,4.5,-0.8676120851067413,0.9836703525991408
2008-05-07T19:20:22.06,36.22,141.6276,33.8,4.9,2011-09-15T20:36:02.47,36.2366,141.5414,26.9,4.6,0.3005013341014414,0.9852953423209156
2008-05-08T06:49:51.71,36.3017,142.0697,19.0,3.7,2011-05-15T19:40:21.59,36.3401,142.1664,0.5,3.5,4.24406114186146,0.906473782643412
2008-05-08T06:49:51.71,36.3017,142.0697,19.0,3.7,2014-10-20T17:42:23.09,36.3256,142.222,19.0,3.6,1.2216814970174288,0.9452131205383344
2008-05-08T09:48:41.13,36.0623,142.1673,17.4,4.7,2011-07-30T13:10:29.61,36.1467,142.1353,23.0,4.6,-0.688737963502118,0.9138281313086084
2008-05-08T21:18:43.86,36.3187,141.9275,34.6,5.0,2011-03-21T05:54:10.72,36.2777,142.1008,23.5,5.1,1.6038379707178456,0.9018674894098054
2008-05-08T21:18:43.86,36.3187,141.9275,34.6,5.0,2011-05-28T13:46:06.85,36.3154,142.155,31.5,5.0,0.8159217436346169,0.93279102476211
2008-05-08T21:18:43.86,36.3187,141.9275,34.6,5.0,2019-02-17T19:21:23.05,36.3352,142.1548,23.6,4.8,2.0630787293472097,0.9291594580061044
2008-05-09T02:09:25.35,36.0265,142.019,23.0,3.9,2011-08-17T13:49:01.45,36.0993,142.1382,23.0,4.1,0.1416135369943971,0.9613963440577458
2008-05-09T02:09:25.35,36.0265,142.019,23.0,3.9,2014-04-16T14:12:50.89,36.0763,142.0664,23.0,4.3,-0.3462695538800295,0.9530191602090624
2008-05-10T21:22:55.39,36.1528,142.076,23.0,3.6,2011-12-08T10:17:37.64,36.1638,141.9937,16.5,3.6,0.6853024783821061,0.9634633212985348
2008-05-10T21:22:55.39,36.1528,142.076,23.0,3.6,2018-11-18T02:06:12.03,36.1711,141.9969,23.0,3.7,-0.1690821181275682,0.976847946677296
2008-05-11T04:43:48.5,36.1348,141.6326,31.6,4.6,2011-05-20T22:10:53.74,35.9959,141.8726,23.6,4.5,2.4628680866476245,0.9839597254406384
2008-05-11T04:43:48.5,36.1348,141.6326,31.6,4.6,2011-08-22T12:11:24.97,36.01,141.8653,23.0,4.5,2.672834942557933,0.9766703134413672
2008-05-11T04:43:48.5,36.1348,141.6326,31.6,4.6,2017-10-24T03:27:47.42,36.0394,141.9016,23.0,4.6,2.256595729057341,0.9849409684913571
2008-05-13T18:00:13.67,41.4718,142.0892,73.6,4.2,2010-10-05T22:35:58.61,41.4903,142.0567,67.9,4.1,0.3199544859095283,0.904009638460779
2008-05-13T18:00:13.67,41.4718,142.0892,73.6,4.2,2015-10-18T00:47:39.44,41.4685,142.0357,59.9,4.4,1.081887413975128,0.9405907740248164
2008-05-13T18:00:13.67,41.4718,142.0892,73.6,4.2,2018-08-05T08:44:17.03,41.4745,142.0808,65.1,4.4,0.6059712036262852,0.9454047868600748
2008-05-31T07:48:11.68,36.39,141.816,19.0,3.9,2010-08-01T11:46:59.51,36.2857,141.9863,19.0,3.8,1.442087769923967,0.9811034857199096
2008-05-31T07:48:11.68,36.39,141.816,19.0,3.9,2012-01-02T19:34:57.6,36.3749,141.9147,25.5,4.5,-0.7321106613206959,0.9623778160930578
2008-05-31T07:48:11.68,36.39,141.816,19.0,3.9,2012-12-12T10:48:15.82,36.3355,141.8393,35.4,4.3,-2.322916197716121,0.9615165470222352
2008-05-31T07:55:49.81,36.3895,141.7622,34.6,4.7,2012-08-28T13:55:05.2,36.3925,141.8573,25.2,5.0,2.0151492042890204,0.9793179119650772
2008-05-31T07:55:49.81,36.3895,141.7622,34.6,4.7,2016-08-30T20:04:48.01,36.383,141.8288,28.9,4.8,1.3195711167551791,0.9764613074466104
2008-05-31T14:28:35.64,40.0782,142.7044,38.6,5.0,2011-05-02T21:25:49.66,40.0658,142.6678,38.4,5.1,-0.143714596222359,0.9711537773958332
2008-05-31T14:28:35.64,40.0782,142.7044,38.6,5.0,2011-12-20T06:26:21.37,40.1023,142.7107,41.7,5.0,-0.4941749052118436,0.9593713097480406
2008-05-31T14:28:35.64,40.0782,142.7044,38.6,5.0,2014-01-16T01:12:15.39,40.0813,142.7638,27.9,5.1,1.5233301809073216,0.9887225682137044
2008-06-01T15:58:28.88,38.3349,141.8973,46.9,4.8,2012-12-18T10:25:48.67,38.3666,141.7965,46.3,4.5,-0.2605188189234599,0.9251898706751198
2008-06-01T15:58:28.88,38.3349,141.8973,46.9,4.8,2016-02-24T16:10:50.33,38.2889,141.9109,44.0,4.6,0.4984963668211006,0.921101148993672
2008-06-05T11:37:18.12,36.0985,140.1412,68.4,3.6,2020-03-15T10:09:11.16,36.0966,140.1699,72.4,3.8,0.6093177955839538,0.9911426495797068
2008-06-10T00:03:13.99,36.3481,141.7769,25.1,4.5,2011-03-28T05:24:31.29,36.3196,141.9254,11.6,4.4,2.447842894852531,0.93586903561552
2008-06-11T17:25:08.86,36.0615,139.8437,54.6,3.7,2015-03-25T07:26:13.92,36.1472,139.869,55.1,3.8,0.0501266544481872,0.9916306895580104
2008-06-22T01:28:37.49,36.6037,141.1003,41.1,4.2,2011-03-15T13:10:48.23,36.6541,140.8976,53.2,4.2,-1.709941805938478,0.9927483501232524
2008-06-22T01:28:37.49,36.6037,141.1003,41.1,4.2,2011-12-09T15:23:10.27,36.6276,141.0392,43.9,4.1,-0.7934228191580721,0.9925944545167172
2008-06-22T01:28:37.49,36.6037,141.1003,41.1,4.2,2012-07-04T06:03:24.47,36.6516,140.9803,42.3,4.0,-0.664217531726609,0.9896914640887328
2008-06-22T01:28:37.49,36.6037,141.1003,41.1,4.2,2014-01-01T14:39:25.33,36.6279,141.0019,52.5,4.2,-1.3217091052824674,0.993652838164858
2008-06-22T01:28:37.49,36.6037,141.1003,41.1,4.2,2016-07-19T07:27:57.09,36.635,140.9634,50.7,4.3,-1.841190094300936,0.995511786614376
2008-06-22T01:28:37.49,36.6037,141.1003,41.1,4.2,2017-03-22T14:47:21.37,36.6385,141.0008,46.9,3.8,-0.7070447395851369,0.985264395497249
2008-06-22T01:28:37.49,36.6037,141.1003,41.1,4.2,2018-09-19T00:01:36.3,36.6467,140.9839,46.6,4.4,-0.9888811262105645,0.9901088041738568
2008-06-25T23:37:11.85,41.9186,142.5494,56.9,5.4,2015-09-12T13:38:02.77,41.8795,142.5996,62.3,5.4,-0.3968677063535438,0.9568373424423172
2008-07-05T22:05:43.79,36.0647,142.3287,17.2,4.9,2017-10-21T15:50:57.29,35.9851,142.4241,38.4,4.2,-2.135876344574892,0.9075927944007464
2008-07-14T10:41:10.39,35.8429,140.9924,31.0,3.6,2017-03-13T05:13:22.96,35.805,141.1031,23.7,3.6,1.1886081752734223,0.9589038244130343
2008-07-20T14:16:24.33,36.1796,141.9732,23.0,4.6,2011-03-17T13:37:33.27,36.1641,141.8935,23.0,4.5,0.2813518098752735,0.9709643337741996
2008-07-20T14:16:24.33,36.1796,141.9732,23.0,4.6,2016-04-14T18:29:15.47,36.1273,141.9572,10.0,4.4,2.6437910958539126,0.9938711092062008
2008-07-21T20:31:51.55,36.1374,141.9373,26.0,4.5,2011-05-10T10:36:35.89,36.1426,141.9448,0.3,4.4,3.658302020162628,0.9430033182291092
2008-07-30T06:01:48.39,36.2353,141.7572,23.0,3.5,2013-04-24T03:32:32.66,36.2152,141.8174,7.8,3.5,2.7535030591913694,0.9480843695860964
2008-08-01T12:02:41.3,36.08,139.85,46.0,3.5,2011-09-25T06:09:07.74,35.8951,139.8446,11.9,3.6,3.851972137469416,0.9950381954679576
2008-08-01T12:02:41.3,36.08,139.85,46.0,3.5,2015-07-10T00:39:58.48,36.084,139.877,50.0,3.8,0.3139150136644521,0.9932510955220996
2008-08-01T12:02:41.3,36.08,139.85,46.0,3.5,2019-02-20T11:24:55.56,36.0691,139.8635,35.0,3.7,0.5189980185932067,0.9936320910960678
2008-08-02T15:50:33.3,35.2944,141.0599,21.2,4.4,2011-04-04T04:30:07.43,35.2794,141.1393,25.6,4.3,-0.0681884175733192,0.935740293448778
2008-08-02T15:50:33.3,35.2944,141.0599,21.2,4.4,2016-01-10T09:53:03.03,35.2661,141.1947,18.8,3.8,0.658815427900856,0.9320432051236588
2008-08-13T01:45:10.15,36.4575,140.7505,49.2,3.8,2010-05-06T19:38:22.89,36.4907,140.8333,48.3,3.9,0.9874178512719344,0.982949081884727
2008-08-13T01:45:10.15,36.4575,140.7505,49.2,3.8,2011-03-26T05:02:32.73,36.4274,140.7428,48.3,3.7,0.0068822082214259,0.9786566677088924
2008-08-13T01:45:10.15,36.4575,140.7505,49.2,3.8,2013-05-29T16:07:36.98,36.4884,140.6651,48.9,3.6,-0.3687025727569176,0.9881623646822948
2008-08-13T01:45:10.15,36.4575,140.7505,49.2,3.8,2014-04-24T23:43:21.98,36.4641,140.8529,47.1,4.1,0.9626796182425842,0.9920675904108456
2008-08-13T01:45:10.15,36.4575,140.7505,49.2,3.8,2016-12-19T07:21:35.7,36.4938,140.6406,49.0,4.0,-0.3172192618311804,0.9908951891615334
2008-08-13T01:45:10.15,36.4575,140.7505,49.2,3.8,2018-07-16T19:42:52.17,36.4576,140.773,52.3,4.1,0.0431929335513349,0.9929427027216946
2008-08-13T01:45:10.15,36.4575,140.7505,49.2,3.8,2019-06-22T11:45:37.3,36.4769,140.7611,53.1,3.6,0.3539941560123656,0.9910851592656944
2008-08-19T09:38:00.01,36.776,141.9531,5.5,3.9,2009-07-19T12:19:50.2,36.75,141.83,45.0,3.6,-3.950638875057373,0.9521576479884468
2008-08-19T09:38:00.01,36.776,141.9531,5.5,3.9,2011-03-17T18:13:57.26,36.7648,141.9552,19.0,4.1,-2.6837238986305323,0.9755661416179886
2008-08-19T09:38:00.01,36.776,141.9531,5.5,3.9,2011-04-03T00:09:53.99,36.7086,141.8829,19.0,3.6,-3.6225206855244014,0.9526139793445926
2008-08-19T09:38:00.01,36.776,141.9531,5.5,3.9,2011-05-28T08:36:11.07,36.7555,141.792,19.0,3.7,-3.327956911231069,0.965110499749776
2008-08-19T09:38:00.01,36.776,141.9531,5.5,3.9,2011-09-12T05:17:01.53,36.7224,141.6241,26.0,3.9,-4.167415119537971,0.9760479281206106
2008-08-19T09:38:00.01,36.776,141.9531,5.5,3.9,2011-11-02T19:50:18.2,36.7892,141.8547,19.0,3.6,-3.715640539963119,0.955863360168518
2008-08-19T09:38:00.01,36.776,141.9531,5.5,3.9,2012-02-12T02:34:42.91,36.5916,141.4581,26.0,3.9,-5.682167787630341,0.9695988008689344
2008-08-19T09:38:00.01,36.776,141.9531,5.5,3.9,2012-06-21T13:18:41.37,36.7484,141.8691,14.0,3.7,-2.1178248737425625,0.960569246354112
2008-08-19T09:38:00.01,36.776,141.9531,5.5,3.9,2012-07-25T12:22:28.23,36.6985,141.8009,19.0,3.9,-2.088683275143042,0.9206125352534944
2008-08-19T09:38:00.01,36.776,141.9531,5.5,3.9,2012-12-13T23:14:16.73,36.7492,141.6704,26.0,3.9,-4.70340669299503,0.9750482729754156
2008-08-19T09:38:00.01,36.776,141.9531,5.5,3.9,2013-03-01T03:08:48.07,36.744,141.8133,8.4,3.5,-2.3002040816917906,0.9089443409005276
2008-08-19T09:38:00.01,36.776,141.9531,5.5,3.9,2014-11-25T19:38:16.79,36.6906,141.9877,35.0,3.7,-4.528054793824931,0.9809472942799852
2008-08-19T09:38:00.01,36.776,141.9531,5.5,3.9,2016-06-30T05:55:50.03,36.8974,141.5661,33.0,3.6,-7.1567956339197085,0.933691496853289
2008-08-19T09:38:00.01,36.776,141.9531,5.5,3.9,2017-04-08T18:55:35.79,36.7682,141.8151,50.0,3.5,-5.897729889636215,0.9579415347767608
2008-08-19T09:38:00.01,36.776,141.9531,5.5,3.9,2018-08-01T00:17:39.3,36.8221,141.8667,6.6,3.9,-1.1877164084750351,0.9647362081703
2008-08-19T09:38:00.01,36.776,141.9531,5.5,3.9,2020-11-29T04:55:02.19,36.7212,141.8765,35.0,3.6,-4.930879371293305,0.9667051166458408
2008-08-20T06:13:28.23,36.0696,139.912,40.3,4.6,2016-02-07T10:26:56.58,36.0381,139.9627,51.1,4.6,-0.2948451188682776,0.9958264044766658
2008-08-22T10:59:49.37,36.5084,140.5786,47.1,5.2,2015-08-06T09:22:28.92,36.4569,140.6373,56.4,5.2,-0.7393438999891022,0.9156870827613224
2008-08-22T10:59:49.37,36.5084,140.5786,47.1,5.2,2020-12-30T00:35:28.17,36.5096,140.5963,54.0,5.2,-0.5656286839249103,0.918035349354496
2008-08-25T23:39:38.14,35.5516,140.0557,73.1,3.9,2012-10-05T19:28:16.65,35.58,140.0807,72.4,3.5,-0.1349153237681433,0.990808210768248
2008-08-25T23:39:38.14,35.5516,140.0557,73.1,3.9,2014-03-27T22:47:36.72,35.5903,140.0468,74.0,3.5,0.0286531478289442,0.9200117044414744
2008-08-25T23:39:38.14,35.5516,140.0557,73.1,3.9,2014-05-26T02:45:11.16,35.552,140.0958,75.0,3.5,0.534618189495826,0.979899871901166
2008-09-06T07:29:17.34,35.3608,141.1466,33.0,4.7,2015-05-28T22:13:47.53,35.2706,141.2319,10.9,4.6,3.695689568085548,0.99652162992184
2008-09-23T13:26:52.67,38.688,142.274,43.9,4.3,2020-12-20T09:35:48.04,38.7128,142.2193,42.6,4.6,-0.2272904139225639,0.9199304538288018
2008-09-25T01:36:44.17,36.4741,140.6021,56.3,3.9,2009-10-15T21:56:46.22,36.4231,140.7135,55.3,3.9,0.8604987791662211,0.989414899131339
2008-09-25T01:36:44.17,36.4741,140.6021,56.3,3.9,2010-10-26T12:06:19.17,36.4784,140.5983,56.9,3.8,-0.0381710682066846,0.9900538904324488
2008-09-25T01:36:44.17,36.4741,140.6021,56.3,3.9,2011-07-16T08:56:38.64,36.4718,140.673,56.1,3.9,0.2330702964119679,0.9893583208579776
2008-09-25T01:36:44.17,36.4741,140.6021,56.3,3.9,2012-02-25T14:26:58.14,36.4923,140.5403,55.3,3.7,-0.4346588064173837,0.9878780820299784
2008-09-25T01:36:44.17,36.4741,140.6021,56.3,3.9,2012-10-19T04:10:48.31,36.4886,140.6278,55.1,3.6,0.1554420912466204,0.9892777229274756
2008-09-25T01:36:44.17,36.4741,140.6021,56.3,3.9,2013-08-21T16:14:19.88,36.4871,140.5758,57.4,3.6,0.5018447561791836,0.9915526079795168
2008-09-25T01:36:44.17,36.4741,140.6021,56.3,3.9,2016-01-30T03:34:27.0,36.46,140.6,55.0,3.9,0.1483584832016707,0.9255428098517292
2008-09-25T01:36:44.17,36.4741,140.6021,56.3,3.9,2017-08-04T22:55:18.61,36.4892,140.5693,57.1,4.1,0.011828032979516,0.9056555993708226
2008-09-25T01:36:44.17,36.4741,140.6021,56.3,3.9,2018-03-31T08:05:29.23,36.5042,140.5759,55.1,3.8,-0.0667399019618846,0.9894722652707646
2008-09-25T01:36:44.17,36.4741,140.6021,56.3,3.9,2019-11-17T23:00:00.46,36.4686,140.6998,57.0,4.1,0.3218438658910069,0.9883135063021532
2008-09-25T15:06:45.18,36.7619,142.171,34.7,4.7,2020-07-23T13:19:06.3,36.7479,142.2532,24.9,4.6,1.3729505356895833,0.9129967798011028
2008-09-25T16:38:18.09,36.7035,142.2604,15.0,4.0,2011-05-16T21:51:58.91,36.7538,142.1151,19.0,3.8,-0.9517418886483772,0.9471915537417832
2008-09-25T16:38:18.09,36.7035,142.2604,15.0,4.0,2011-09-09T10:49:12.71,36.6779,142.2541,15.0,4.0,-0.1782361236875906,0.9699991777661464
2008-09-25T16:38:18.09,36.7035,142.2604,15.0,4.0,2016-07-12T17:46:31.08,36.6475,142.2437,10.0,3.7,0.7081024463734319,0.9725250633106932
2008-09-25T16:38:18.09,36.7035,142.2604,15.0,4.0,2020-05-30T16:53:28.26,36.7546,142.0788,10.7,3.7,-0.7097355777879798,0.980256652492984
2008-09-27T23:42:32.43,36.3951,141.1662,38.6,3.7,2010-10-16T12:38:34.69,36.373,141.1936,24.0,3.8,1.975835886501531,0.9700941206168836
2008-09-27T23:42:32.43,36.3951,141.1662,38.6,3.7,2014-03-25T17:21:28.74,36.4181,141.1676,28.3,3.6,0.3851525015940671,0.9513508721619682
2008-09-27T23:42:32.43,36.3951,141.1662,38.6,3.7,2016-07-16T08:39:51.46,36.4078,141.0521,24.6,3.7,0.7375570802941558,0.9626981612794836
2008-09-27T23:42:32.43,36.3951,141.1662,38.6,3.7,2018-04-03T00:10:56.4,36.409,141.1046,30.0,3.7,0.5854161648873238,0.9286692948936772
2008-09-27T23:42:32.43,36.3951,141.1662,38.6,3.7,2020-04-09T03:12:29.9,36.3577,141.1968,31.7,3.8,1.2188287679154466,0.956686594698533
2008-10-08T17:52:44.13,41.111,142.401,53.6,4.5,2017-01-21T18:11:06.2,41.0937,142.4516,52.2,4.5,0.4522187223191406,0.9069813053858488
2008-10-12T01:04:41.94,35.3322,140.3327,29.7,4.2,2014-01-07T13:11:48.08,35.3125,140.3379,28.7,3.8,-0.1428281694183761,0.975597879249026
2008-10-14T03:37:46.15,35.3506,140.4076,28.3,4.3,2020-02-20T03:53:08.22,35.3273,140.3556,25.8,4.0,0.0544730191859376,0.9950233317292132
2008-10-23T19:10:47.0,37.4573,141.6838,39.5,4.1,2012-07-02T06:23:27.3,37.4777,141.6569,44.4,4.4,-0.8798407255352603,0.9713958729434136
2008-10-23T19:10:47.0,37.4573,141.6838,39.5,4.1,2013-10-18T09:40:46.03,37.4776,141.7177,43.1,4.4,-0.471009171085854,0.9709390339069016
2008-10-23T19:10:47.0,37.4573,141.6838,39.5,4.1,2015-08-15T23:44:19.58,37.4799,141.6645,47.1,4.4,-0.7602625529653418,0.9752989122702052
2008-10-23T19:10:47.0,37.4573,141.6838,39.5,4.1,2017-08-24T17:18:53.27,37.492,141.6957,45.1,4.5,-0.4363851769100552,0.97187490523553
2008-10-23T19:10:47.0,37.4573,141.6838,39.5,4.1,2020-05-06T01:16:10.99,37.4183,141.6973,36.6,4.6,0.5287899987896573,0.9751822910823112
2008-10-25T21:35:34.72,38.5958,142.0632,43.5,3.5,2012-01-18T08:55:38.94,38.6071,142.0718,43.8,4.3,0.181403536766173,0.9017781053344724
2008-10-25T21:35:34.72,38.5958,142.0632,43.5,3.5,2012-07-22T08:20:33.05,38.5804,142.0914,46.6,4.3,0.1187809773290496,0.9004451859026322
2008-10-25T21:35:34.72,38.5958,142.0632,43.5,3.5,2013-12-03T19:55:50.02,38.5841,142.025,46.5,4.2,-0.1523916327911939,0.9005011665751931
2008-10-27T23:59:31.66,35.6159,140.2327,65.0,3.6,2019-01-01T22:05:38.69,35.6963,140.1832,66.2,3.6,-0.786631966914658,0.9376452467383488
2008-11-05T04:10:32.17,36.0716,140.0333,73.1,3.5,2011-08-10T06:17:33.35,36.0728,140.0259,72.1,3.7,-0.0907725490816299,0.968368809204902
2008-11-05T04:10:32.17,36.0716,140.0333,73.1,3.5,2015-03-19T16:56:01.58,36.0878,140.077,72.2,3.6,0.1760867012185527,0.9877363519911114
2008-12-01T06:20:31.98,36.0452,139.9344,49.2,3.6,2016-05-04T23:51:51.56,35.9807,139.9806,49.8,3.5,0.7976559128082928,0.9917958318442052
2008-12-01T06:20:31.98,36.0452,139.9344,49.2,3.6,2019-11-03T14:55:45.48,36.0123,139.8949,49.5,3.8,0.1501904779173664,0.9958520136900348
2008-12-04T08:29:38.94,37.552,141.4958,50.1,4.4,2012-05-31T05:49:31.44,37.481,141.5125,52.1,4.6,0.2534081935103559,0.92069659098051
2008-12-05T20:20:30.1,38.5764,143.15,26.8,4.6,2011-03-09T03:54:01.7,38.5052,143.1985,15.0,4.5,1.8545988272396967,0.941235989277212
2008-12-17T13:10:41.24,40.1089,142.5101,39.4,4.1,2012-06-11T10:33:11.25,40.0786,142.5357,44.5,4.1,-0.6095976429191958,0.9096459906085907
2008-12-17T13:10:41.24,40.1089,142.5101,39.4,4.1,2017-08-14T11:01:31.55,40.1051,142.3077,47.0,4.0,-1.2476941212633728,0.9318484268961376
2008-12-17T13:10:41.24,40.1089,142.5101,39.4,4.1,2019-06-27T19:29:43.28,40.1277,142.4937,44.1,4.0,-0.3862425403955193,0.9194934859826154
2008-12-20T14:51:07.85,36.2338,141.5651,14.6,4.2,2011-11-01T02:49:07.79,36.2575,141.472,26.0,3.5,-1.9578737238545765,0.9577779610626086
2008-12-30T15:48:33.32,35.4355,140.8011,46.6,4.7,2011-11-19T19:27:38.54,35.4436,140.9189,35.3,4.8,1.0146374369766855,0.9793844496390108
2008-12-30T15:48:33.32,35.4355,140.8011,46.6,4.7,2013-09-14T08:44:32.59,35.4814,140.8958,30.9,4.5,1.2479547126157418,0.9928963824837322
2008-12-30T15:48:33.32,35.4355,140.8011,46.6,4.7,2018-10-18T05:18:22.07,35.4631,140.9005,32.9,4.8,1.5043241925776043,0.9880228261636448
2009-01-03T07:13:04.13,37.0811,141.1518,50.5,4.8,2012-01-23T11:45:42.02,37.1013,141.1652,52.4,5.1,0.1780096165938182,0.917814383602903
2009-01-03T07:13:04.13,37.0811,141.1518,50.5,4.8,2017-02-26T15:03:33.71,37.1163,141.1537,53.3,4.8,0.1934754577696082,0.9309531882359694
2009-01-03T07:13:04.13,37.0811,141.1518,50.5,4.8,2018-11-23T14:30:14.57,37.1016,141.1838,52.4,4.8,0.0366906762503573,0.9039034241190776
2009-01-03T07:13:04.13,37.0811,141.1518,50.5,4.8,2020-04-16T02:18:02.21,37.0441,141.2291,45.8,4.6,0.9647684858835422,0.937140878394686
2009-01-03T16:02:39.69,37.0261,141.3607,37.9,3.7,2012-02-16T17:42:14.98,37.0181,141.3564,40.8,3.6,0.0276729565759323,0.9016804211889616
2009-01-03T16:02:39.69,37.0261,141.3607,37.9,3.7,2014-01-06T11:28:30.79,37.024,141.4056,25.9,3.6,1.8025851799482109,0.9059815347611831
2009-01-03T16:02:39.69,37.0261,141.3607,37.9,3.7,2014-09-07T17:10:43.09,37.0216,141.3877,35.0,3.5,-0.0026175515121917,0.936263533583058
2009-01-03T16:02:39.69,37.0261,141.3607,37.9,3.7,2020-09-07T13:33:24.38,37.0071,141.4952,28.9,3.8,1.7343031715327533,0.9304899667831834
2009-01-18T09:36:33.31,36.3821,140.8284,55.3,3.9,2011-03-06T20:10:57.18,36.4896,140.7566,58.9,3.9,-0.495092770772678,0.9936888772233672
2009-01-18T09:36:33.31,36.3821,140.8284,55.3,3.9,2012-02-01T17:01:39.75,36.5378,140.5829,58.6,3.9,-1.3463099824379938,0.995976211679124
2009-01-18T09:36:33.31,36.3821,140.8284,55.3,3.9,2015-01-02T19:55:24.61,36.5471,140.5811,59.3,3.7,-1.5100517142120455,0.9968544851296376
2009-01-18T09:36:33.31,36.3821,140.8284,55.3,3.9,2016-06-29T02:35:29.45,36.4171,140.7617,60.7,4.0,-0.4868994639085221,0.9936659630224348
2009-01-18T09:36:33.31,36.3821,140.8284,55.3,3.9,2017-10-15T10:43:08.1,36.505,140.7148,60.1,4.0,-0.801232834073958,0.9966827559682202
2009-01-18T09:36:33.31,36.3821,140.8284,55.3,3.9,2019-01-19T05:22:00.7,36.5001,140.7482,63.4,3.9,0.2780441676138013,0.9925757396218612
2009-01-18T09:36:33.31,36.3821,140.8284,55.3,3.9,2020-04-13T21:35:50.01,36.5124,140.7868,65.9,3.9,-0.3938389435983155,0.9950045800835982
2009-02-06T16:54:29.27,35.5918,141.7524,22.0,3.7,2011-03-15T05:04:59.5,35.4455,141.8099,22.0,4.4,0.4056602126638925,0.936801867385204
2009-02-06T16:54:29.27,35.5918,141.7524,22.0,3.7,2011-03-22T00:14:42.0,35.5211,141.725,22.0,3.8,0.4122472930035475,0.9817377615475872
2009-02-06T16:54:29.27,35.5918,141.7524,22.0,3.7,2011-04-10T00:00:54.05,35.709,141.5009,25.0,3.9,-2.3364402544796654,0.9892349034136954
2009-02-06T16:54:29.27,35.5918,141.7524,22.0,3.7,2011-05-06T23:24:52.73,35.4453,141.6749,25.0,3.8,-0.50218772466541,0.9847987940587154
2009-02-06T16:54:29.27,35.5918,141.7524,22.0,3.7,2011-07-18T12:37:10.7,35.5103,141.7596,10.8,3.8,1.8038682184243848,0.9894277060161464
2009-02-06T16:54:29.27,35.5918,141.7524,22.0,3.7,2013-12-25T02:56:24.36,35.4619,141.8491,22.0,3.7,1.5813326333841056,0.9827950744213234
2009-02-06T16:54:29.27,35.5918,141.7524,22.0,3.7,2015-06-23T16:32:14.58,35.4256,141.9292,22.0,3.7,1.2254907174217653,0.9892200594016362
2009-02-06T16:54:29.27,35.5918,141.7524,22.0,3.7,2017-12-21T01:23:07.92,35.4923,141.8043,16.7,3.9,1.1247365585775184,0.9811031380434986
2009-02-06T16:54:29.27,35.5918,141.7524,22.0,3.7,2019-09-14T18:47:39.15,35.5306,142.0155,22.0,3.7,1.6093039622923235,0.99288698814928
2009-02-11T10:07:17.83,37.0891,141.2228,49.9,4.1,2013-10-11T08:22:00.98,37.0633,141.2149,53.5,4.3,0.1071704305055359,0.9886493396069298
2009-02-11T10:07:17.83,37.0891,141.2228,49.9,4.1,2020-08-04T14:03:04.47,37.0473,141.3145,45.9,3.7,1.6078640649859357,0.9114358162091302
2009-02-17T00:12:57.05,37.5426,141.3599,49.8,4.9,2012-03-30T04:38:32.18,37.5425,141.4144,50.4,5.1,0.4107627617776246,0.9286104316214956
2009-02-17T00:12:57.05,37.5426,141.3599,49.8,4.9,2018-10-22T10:47:18.2,37.5313,141.4648,50.0,4.9,0.510204148789211,0.9658058454954298
2009-02-20T09:17:19.51,35.9125,140.2174,65.0,4.4,2018-08-29T05:30:19.1,35.9551,140.0958,69.5,4.0,-1.232755719662217,0.9912654968741044
2009-02-27T17:30:11.23,36.341,140.676,52.2,4.2,2011-04-22T01:17:31.05,36.4576,140.6865,56.0,4.1,-0.9346766963476631,0.9721573562012762
2009-02-27T17:30:11.23,36.341,140.676,52.2,4.2,2012-12-28T07:30:01.07,36.4739,140.6,55.8,4.0,-1.6554158810125383,0.9847808090898388
2009-02-27T17:30:11.23,36.341,140.676,52.2,4.2,2014-01-23T16:10:52.95,36.4686,140.6923,56.4,3.9,-0.859885343546934,0.9845684929260656
2009-03-04T10:04:31.03,35.818,140.9356,34.5,4.2,2011-03-14T19:04:10.83,35.8956,141.0011,31.1,4.5,0.3403523495792627,0.9963527240250384
2009-03-04T10:04:31.03,35.818,140.9356,34.5,4.2,2011-05-01T01:27:44.62,35.8962,140.9588,31.6,4.5,0.2194889131048666,0.992650515834249
2009-03-04T10:04:31.03,35.818,140.9356,34.5,4.2,2012-01-05T20:55:47.41,35.8821,140.9612,47.9,4.5,-1.6141798597021786,0.9940573190876528
2009-03-04T10:04:31.03,35.818,140.9356,34.5,4.2,2014-06-28T07:11:49.56,35.9408,140.889,34.7,4.5,-0.6532152806764566,0.9935492650259016
2009-03-18T00:30:29.9,36.6825,142.1003,2.5,4.0,2011-03-21T00:00:25.51,36.5931,141.9927,28.3,4.2,-3.762017600981478,0.9202068012462564
2009-03-18T00:30:29.9,36.6825,142.1003,2.5,4.0,2011-04-23T11:38:09.2,36.6499,142.1873,1.6,4.4,1.0324859264033113,0.9185883253121916
2009-03-18T00:30:29.9,36.6825,142.1003,2.5,4.0,2011-07-03T16:17:54.73,36.6755,142.2543,15.0,4.2,-1.068295938482529,0.9383554143265423
2009-03-18T00:30:29.9,36.6825,142.1003,2.5,4.0,2011-11-02T10:05:00.96,36.6322,142.1434,19.0,4.2,-2.678974522660345,0.943306398507804
2009-03-18T00:30:29.9,36.6825,142.1003,2.5,4.0,2012-07-24T17:28:07.2,36.6507,142.2213,24.9,4.2,-2.60722333707896,0.9665389226958868
2009-03-18T00:30:29.9,36.6825,142.1003,2.5,4.0,2014-08-03T18:08:26.82,36.6828,142.0384,19.0,4.0,-2.114784835209427,0.9530278533806912
2009-03-18T00:30:29.9,36.6825,142.1003,2.5,4.0,2017-06-28T15:44:33.11,36.7433,141.9148,35.0,4.0,-5.181219547589024,0.9750948966944526
2009-04-02T23:43:51.7,36.215,139.8082,62.2,3.7,2014-02-18T15:29:33.43,36.141,139.8298,61.7,3.8,0.3255765904745949,0.9858008067031222
2009-04-05T07:46:06.44,36.2855,141.8201,2.1,3.7,2011-04-09T14:53:24.62,36.2759,141.8433,13.1,4.3,-1.7658963370934724,0.9514612814457082
2009-04-05T07:46:06.44,36.2855,141.8201,2.1,3.7,2011-06-21T21:22:25.46,36.2382,141.9388,27.4,3.9,-3.2561551259492103,0.958558891927632
2009-04-05T07:46:06.44,36.2855,141.8201,2.1,3.7,2012-11-08T05:38:22.14,36.2959,142.1185,19.0,4.1,-1.0102656833052954,0.9681819199252152
2009-04-05T07:46:06.44,36.2855,141.8201,2.1,3.7,2016-10-05T11:56:54.81,36.2394,141.9417,27.2,3.9,-3.2576264421510674,0.9755987256896382
2009-04-05T07:46:06.44,36.2855,141.8201,2.1,3.7,2020-07-16T20:22:09.79,36.25,141.9352,23.0,3.8,-2.731969436705463,0.9704902020581192
2009-04-08T04:28:51.06,36.1156,141.8592,24.3,3.9,2011-05-07T19:56:25.7,36.1235,141.927,23.0,3.9,0.7143010790204563,0.9365467262640376
2009-04-08T04:28:51.06,36.1156,141.8592,24.3,3.9,2012-03-28T05:14:01.39,36.0276,141.9574,23.0,3.9,1.0267505002190984,0.9501847309374796
2009-04-13T01:34:02.94,36.0767,139.8589,52.5,3.9,2012-01-17T03:30:15.27,36.0668,139.8425,55.9,4.7,0.4633875218256427,0.9216344753569832
2009-04-13T01:34:02.94,36.0767,139.8589,52.5,3.9,2015-07-29T12:34:53.23,36.0325,139.864,47.2,4.0,1.051509893853869,0.9128600141531104
2009-04-13T01:34:02.94,36.0767,139.8589,52.5,3.9,2018-11-26T23:33:50.47,36.044,139.8727,55.9,4.9,0.8092063862572332,0.946497538263148
2009-04-20T22:54:24.31,35.9285,140.845,34.2,4.6,2011-05-01T10:22:40.66,35.9031,140.7592,32.5,4.4,0.2061149725716342,0.994910149017459
2009-04-20T22:54:24.31,35.9285,140.845,34.2,4.6,2011-12-25T17:41:37.8,35.9437,140.893,43.6,4.5,-0.6031995640233921,0.9723557792630044
2009-04-20T22:54:24.31,35.9285,140.845,34.2,4.6,2016-11-14T16:15:47.19,35.8635,140.7718,49.4,4.7,-0.7245681757167832,0.995579712567528
2009-04-25T13:54:30.52,40.1776,142.3644,49.9,5.0,2011-07-04T16:06:42.3,40.184,142.3576,48.6,4.5,0.2490056239343854,0.905049732721008
2009-04-25T13:54:30.52,40.1776,142.3644,49.9,5.0,2012-01-28T12:44:26.29,40.1727,142.3585,50.1,4.9,0.0230137837767294,0.9347092682757732
2009-04-25T13:54:30.52,40.1776,142.3644,49.9,5.0,2017-02-12T13:36:54.46,40.1958,142.2662,47.8,4.7,0.1959864724565669,0.986918708550817
2009-04-26T00:33:18.66,36.7416,141.9413,4.4,3.7,2011-03-21T05:31:12.82,36.7133,141.808,12.7,3.9,-1.4013721704703792,0.9314348730628118
2009-04-26T00:33:18.66,36.7416,141.9413,4.4,3.7,2012-03-08T18:42:51.31,36.7837,141.6732,33.0,3.9,-5.550615400052487,0.927344446486151
2009-05-10T04:28:33.97,36.7696,142.8345,8.8,4.1,2012-04-06T00:14:52.37,36.7829,142.8577,26.2,4.7,-2.154756905028467,0.9026791125275054
2009-05-29T05:39:38.45,36.0743,139.8996,48.8,3.9,2012-07-12T04:54:46.77,36.1081,139.8818,47.9,4.2,-0.1048934938001276,0.9541166498676732
2009-05-29T05:39:38.45,36.0743,139.8996,48.8,3.9,2015-08-10T09:44:34.45,36.0433,139.9127,52.7,4.1,-0.0804475857220605,0.9791909765694304
2009-05-29T05:39:38.45,36.0743,139.8996,48.8,3.9,2020-01-13T19:53:47.98,36.0711,139.9232,46.8,4.7,1.0269044241899392,0.9382930535846564
2009-06-09T02:07:36.3,40.1594,142.5311,49.5,4.5,2018-04-19T11:38:23.98,40.1446,142.5004,33.1,4.8,1.5975045505237482,0.9242029215578595
2009-06-17T08:51:29.94,39.7403,141.8318,57.8,3.9,2010-10-24T21:09:58.82,39.7489,141.828,60.5,4.0,-0.0698050958398704,0.9291418650682846
2009-06-17T08:51:29.94,39.7403,141.8318,57.8,3.9,2012-03-31T22:30:16.3,39.7366,141.8262,61.8,4.2,-0.804409037731747,0.9425381574209272
2009-06-17T08:51:29.94,39.7403,141.8318,57.8,3.9,2014-03-19T15:48:37.7,39.7373,141.7907,61.5,3.9,-0.1536137516279957,0.9274322589985508
2009-06-17T08:51:29.94,39.7403,141.8318,57.8,3.9,2016-04-15T18:01:04.21,39.7262,141.8222,59.6,4.1,0.0825908560896969,0.9394469845411318
2009-06-17T08:51:29.94,39.7403,141.8318,57.8,3.9,2017-05-06T08:18:54.37,39.7415,141.9147,59.4,4.1,0.0314614171193837,0.9066124223580048
2009-06-17T08:51:29.94,39.7403,141.8318,57.8,3.9,2018-07-27T06:24:50.23,39.7356,141.8829,65.5,4.2,-0.986461690227346,0.9118430054669608
2009-06-17T08:51:29.94,39.7403,141.8318,57.8,3.9,2019-10-23T03:43:19.5,39.7583,141.8449,57.7,4.3,-0.0655614766861563,0.938472636281924
2009-06-17T08:51:29.94,39.7403,141.8318,57.8,3.9,2020-11-26T20:54:28.28,39.7188,142.1233,66.1,3.9,2.180731157067205,0.9137187739387216
2009-06-17T10:41:04.02,36.0074,140.1461,70.4,3.5,2011-01-19T19:27:34.92,35.984,140.1375,66.1,3.5,0.0500862166796842,0.9686859867837692
2009-06-17T10:41:04.02,36.0074,140.1461,70.4,3.5,2011-06-25T09:59:31.25,36.0562,140.2305,64.3,3.7,0.5736431733498635,0.9794411153941917
2009-06-17T10:41:04.02,36.0074,140.1461,70.4,3.5,2013-02-02T03:42:31.24,36.0196,140.1433,68.1,3.7,0.098054191695494,0.9094317863255462
2009-06-17T10:41:04.02,36.0074,140.1461,70.4,3.5,2014-07-19T01:42:53.5,36.0316,140.1636,67.9,4.2,0.6534874614159489,0.9764144661205966
2009-06-17T10:41:04.02,36.0074,140.1461,70.4,3.5,2017-10-08T14:54:25.55,36.0471,140.164,73.1,3.6,0.4487825533103814,0.9939115616314238
2009-06-17T10:41:04.02,36.0074,140.1461,70.4,3.5,2018-08-29T18:51:10.11,35.9773,140.1263,69.4,3.5,0.1786534426084895,0.994860627777492
2009-06-17T10:41:04.02,36.0074,140.1461,70.4,3.5,2019-11-15T00:39:33.78,36.0029,140.1558,71.1,3.7,0.1345584012735846,0.9817291067987384
2009-06-17T12:43:14.15,36.668,142.2423,1.0,3.6,2011-04-28T16:40:45.65,36.6401,141.8181,19.0,3.8,-4.188832535463604,0.9327082208955402
2009-06-17T12:43:14.15,36.668,142.2423,1.0,3.6,2011-07-09T03:46:28.16,36.7412,142.0387,19.0,3.7,-3.759955681588527,0.92109714422701
2009-06-17T12:43:14.15,36.668,142.2423,1.0,3.6,2012-02-23T12:26:29.66,36.681,142.0847,19.0,3.7,-3.4263935996848027,0.9606752001483512
2009-07-15T18:32:07.65,36.0708,142.08,16.4,3.6,2011-04-14T04:13:42.33,36.0878,142.1411,15.9,4.3,0.7473078848831326,0.9188148016284304
2009-07-15T18:32:07.65,36.0708,142.08,16.4,3.6,2011-06-02T00:05:59.25,36.0901,142.137,2.4,3.8,2.8074203187864204,0.9369542344563324
2009-07-15T18:32:07.65,36.0708,142.08,16.4,3.6,2013-02-04T02:40:32.04,36.1252,142.0746,23.0,4.4,-0.6315329282306577,0.9458873182890278
2009-07-15T18:32:07.65,36.0708,142.08,16.4,3.6,2019-10-16T01:07:08.01,36.0603,142.1043,23.0,3.8,-0.0485960576614842,0.9460734924433156
2009-07-19T12:19:50.2,36.75,141.83,45.0,3.6,2011-03-17T18:13:57.26,36.7648,141.9552,19.0,4.1,1.265887990168625,0.9304457189850696
2009-07-19T12:19:50.2,36.75,141.83,45.0,3.6,2011-03-23T09:22:56.45,36.8998,141.8176,19.0,3.9,0.5888243172717973,0.9078726558060988
2009-07-19T12:19:50.2,36.75,141.83,45.0,3.6,2011-04-03T00:09:53.99,36.7086,141.8829,19.0,3.6,0.3278272349654124,0.9597525356635614
2009-07-19T12:19:50.2,36.75,141.83,45.0,3.6,2011-05-28T08:36:11.07,36.7555,141.792,19.0,3.7,0.6228838501302417,0.9637998416517892
2009-07-19T12:19:50.2,36.75,141.83,45.0,3.6,2011-09-12T05:17:01.53,36.7224,141.6241,26.0,3.9,-0.2166949603179939,0.9399148475089038
2009-07-19T12:19:50.2,36.75,141.83,45.0,3.6,2011-11-02T19:50:18.2,36.7892,141.8547,19.0,3.6,0.2355758038709571,0.9469560810546884
2009-07-19T12:19:50.2,36.75,141.83,45.0,3.6,2012-02-12T02:34:42.91,36.5916,141.4581,26.0,3.9,-1.7329706023974425,0.9242570142509204
2009-07-19T12:19:50.2,36.75,141.83,45.0,3.6,2012-06-21T13:18:41.37,36.7484,141.8691,14.0,3.7,1.8320695256484103,0.9697640600011592
2009-07-19T12:19:50.2,36.75,141.83,45.0,3.6,2012-12-13T23:14:16.73,36.7492,141.6704,26.0,3.9,-0.7531499520281502,0.9306729161055964
2009-07-19T12:19:50.2,36.75,141.83,45.0,3.6,2013-03-01T03:08:48.07,36.744,141.8133,8.4,3.5,1.6504966265981391,0.9115662978070744
2009-07-19T12:19:50.2,36.75,141.83,45.0,3.6,2014-11-25T19:38:16.79,36.6906,141.9877,35.0,3.7,-0.5786510030725212,0.9346505150179794
2009-07-19T12:19:50.2,36.75,141.83,45.0,3.6,2016-06-30T05:55:50.03,36.8974,141.5661,33.0,3.6,-3.206661006539889,0.938032920781031
2009-07-19T12:19:50.2,36.75,141.83,45.0,3.6,2017-04-08T18:55:35.79,36.7682,141.8151,50.0,3.5,-1.9476022425924893,0.9610166969464272
2009-07-19T12:19:50.2,36.75,141.83,45.0,3.6,2018-08-01T00:17:39.3,36.8221,141.8667,6.6,3.9,2.761583154756843,0.9166047266916396
2009-07-19T12:19:50.2,36.75,141.83,45.0,3.6,2020-11-29T04:55:02.19,36.7212,141.8765,35.0,3.6,-0.9796860449524863,0.96507378096846
2009-08-03T07:19:30.83,37.2586,141.5017,43.1,4.6,2011-03-01T14:12:53.01,37.1359,141.5075,24.1,4.0,2.2058705230498026,0.9413357281572144
2009-08-30T15:45:53.62,37.0801,141.5796,33.0,4.8,2011-10-16T17:13:14.88,37.0801,141.6725,23.1,3.9,1.5742066268902053,0.9260094709872578
2009-09-01T06:49:44.68,37.1462,141.4037,46.1,3.9,2011-02-19T23:17:33.89,37.1418,141.4232,39.8,3.8,1.2233774138944185,0.9798913692411392
2009-09-01T06:49:44.68,37.1462,141.4037,46.1,3.9,2012-06-16T02:44:15.41,37.1305,141.4968,36.0,3.6,1.476391361049291,0.9163530648661656
2009-09-01T06:49:44.68,37.1462,141.4037,46.1,3.9,2013-03-21T08:18:53.13,37.1156,141.4709,48.6,3.9,0.5321577244502663,0.9743713228715628
2009-09-01T06:49:44.68,37.1462,141.4037,46.1,3.9,2013-09-28T02:11:45.23,37.1203,141.4866,29.8,3.5,2.5814016521086427,0.9334092419858704
2009-09-01T06:49:44.68,37.1462,141.4037,46.1,3.9,2014-02-26T10:57:03.59,37.1615,141.4438,39.3,3.9,0.971588292540839,0.9720067351349994
2009-09-01T06:49:44.68,37.1462,141.4037,46.1,3.9,2015-02-09T11:09:54.33,37.1252,141.5734,20.3,3.9,3.78355769127893,0.9764002749016898
2009-09-01T06:49:44.68,37.1462,141.4037,46.1,3.9,2016-01-03T02:59:43.08,37.151,141.4015,46.6,4.0,0.5242429445134742,0.9778726189625075
2009-09-01T06:49:44.68,37.1462,141.4037,46.1,3.9,2017-07-03T02:27:25.18,37.1267,141.4957,31.7,4.2,2.028778216494099,0.9623188197685084
2009-09-01T06:49:44.68,37.1462,141.4037,46.1,3.9,2019-04-27T00:57:29.03,37.1869,141.3486,45.0,4.3,0.081416196376498,0.9771501305860156
2009-09-10T04:09:15.98,35.4896,141.1737,33.0,3.5,2011-06-22T11:35:09.55,35.5442,141.1039,33.2,3.9,-0.3224851821161957,0.985394578743089
2009-09-10T04:09:15.98,35.4896,141.1737,33.0,3.5,2012-02-18T00:38:37.35,35.5706,141.0473,33.0,4.2,-0.7630125458391654,0.9844602633079672
2009-09-10T04:09:15.98,35.4896,141.1737,33.0,3.5,2013-02-25T03:45:07.67,35.5566,141.0362,36.3,3.8,-0.7999273190712294,0.9338619393258974
2009-09-10T04:09:15.98,35.4896,141.1737,33.0,3.5,2018-08-03T12:30:45.23,35.4989,141.112,33.0,3.7,-0.36402943444082,0.9831080045023984
2009-09-13T13:56:41.75,35.7667,140.219,69.3,4.0,2012-01-18T01:25:00.22,35.7424,140.1982,67.0,3.8,-0.2176096894406471,0.9012721841262468
2009-10-01T10:43:01.78,36.2839,140.8767,48.2,4.2,2013-10-20T01:07:29.81,36.411,140.7788,58.5,4.3,-1.5955752428135708,0.9973073469063491
2009-10-01T10:43:01.78,36.2839,140.8767,48.2,4.2,2017-01-18T08:19:25.82,36.4248,140.7243,57.3,4.3,-1.7803004472918325,0.998440692819188
2009-10-01T10:43:01.78,36.2839,140.8767,48.2,4.2,2020-01-21T10:17:54.71,36.4743,140.6827,53.8,4.4,-1.8464221832116097,0.9957872185667526
2009-10-15T14:14:21.79,35.5386,141.1005,29.8,3.8,2011-06-03T05:31:15.31,35.5526,141.0961,30.9,3.5,-0.1607869542088323,0.9870171443419388
2009-10-15T14:14:21.79,35.5386,141.1005,29.8,3.8,2012-11-24T17:40:22.71,35.5294,141.0855,33.0,3.8,0.3788648836434557,0.9936977479955575
2009-10-15T14:14:21.79,35.5386,141.1005,29.8,3.8,2016-02-16T04:30:32.31,35.5291,141.1871,28.5,3.9,0.6987354820099484,0.9935023248075816
2009-10-15T21:56:46.22,36.4231,140.7135,55.3,3.9,2010-10-26T12:06:19.17,36.4784,140.5983,56.9,3.8,-0.8986081992463696,0.9950996764362628
2009-10-15T21:56:46.22,36.4231,140.7135,55.3,3.9,2011-07-16T08:56:38.64,36.4718,140.673,56.1,3.9,-0.6272611191529149,0.9914482438403184
2009-10-15T21:56:46.22,36.4231,140.7135,55.3,3.9,2012-02-25T14:26:58.14,36.4923,140.5403,55.3,3.7,-1.2955297879542242,0.989896899291454
2009-10-15T21:56:46.22,36.4231,140.7135,55.3,3.9,2012-10-19T04:10:48.31,36.4886,140.6278,55.1,3.6,-0.7049599310378387,0.9904144877307018
2009-10-15T21:56:46.22,36.4231,140.7135,55.3,3.9,2013-08-21T16:14:19.88,36.4871,140.5758,57.4,3.6,-0.3586976944835394,0.9951771228922084
2009-10-15T21:56:46.22,36.4231,140.7135,55.3,3.9,2016-01-30T03:34:27.0,36.46,140.6,55.0,3.9,-0.7137645079206099,0.932796737782795
2009-10-15T21:56:46.22,36.4231,140.7135,55.3,3.9,2017-08-04T22:55:18.61,36.4892,140.5693,57.1,4.1,-0.8497164932378405,0.9035574985239522
2009-10-15T21:56:46.22,36.4231,140.7135,55.3,3.9,2018-03-31T08:05:29.23,36.5042,140.5759,55.1,3.8,-0.9276037496987498,0.992082479903392
2009-10-15T21:56:46.22,36.4231,140.7135,55.3,3.9,2019-11-17T23:00:00.46,36.4686,140.6998,57.0,4.1,-0.538852632892125,0.9930667259644004
2009-10-26T13:18:50.79,39.6945,143.4468,11.0,4.3,2011-11-05T07:56:50.08,39.6999,143.2646,11.0,4.4,-0.6934578692889971,0.936007315870204
2009-11-14T02:11:22.06,36.7366,142.1457,19.0,4.1,2011-03-17T02:38:00.36,36.6771,142.1826,25.2,4.4,-1.1612288875653964,0.9523230060031782
2009-11-14T02:11:22.06,36.7366,142.1457,19.0,4.1,2011-04-06T03:13:02.63,36.7605,142.0972,36.5,4.4,-3.389689028695801,0.9596753911808787
2009-11-14T02:11:22.06,36.7366,142.1457,19.0,4.1,2011-06-13T11:39:23.68,36.736,142.0525,19.0,4.3,-0.7652289458074716,0.9668214609989048
2009-11-14T02:11:22.06,36.7366,142.1457,19.0,4.1,2011-10-20T12:51:50.75,36.718,142.0932,8.1,4.4,0.8249859587208832,0.9698407441278978
2009-11-14T02:11:22.06,36.7366,142.1457,19.0,4.1,2012-08-14T13:02:20.69,36.7289,142.2714,19.0,4.4,-0.1614771627927553,0.9156257032490418
2009-11-14T02:11:22.06,36.7366,142.1457,19.0,4.1,2014-04-01T13:38:33.64,36.7094,142.1799,35.8,4.2,-2.73032403204827,0.9829257028861544
2009-11-14T02:11:22.06,36.7366,142.1457,19.0,4.1,2016-05-22T06:11:34.86,36.6508,142.052,19.0,4.1,-0.3224499696437545,0.9543172859543494
2009-12-18T07:39:26.08,34.9486,139.0952,9.0,3.9,2009-12-18T13:52:24.55,34.8915,139.1277,6.9,3.9,1.0753856504083457,0.9599338211453255
2009-12-23T22:22:30.73,35.1852,140.2283,25.7,4.3,2018-06-14T10:04:44.17,35.2204,140.2427,22.8,3.9,0.2174635315353861,0.995568389133437
2009-12-24T11:37:47.89,36.7098,142.001,7.2,3.9,2011-05-10T16:12:36.33,36.6892,142.0545,25.8,4.3,-1.9276271485097056,0.9346197929770624
2009-12-24T11:37:47.89,36.7098,142.001,7.2,3.9,2011-07-29T18:27:47.13,36.699,141.94,24.8,4.7,-2.123167734174033,0.933781674444185
2009-12-24T11:37:47.89,36.7098,142.001,7.2,3.9,2012-01-11T01:33:38.03,36.6519,142.0174,24.2,4.3,-2.014038457267231,0.9506737594308295
2009-12-24T11:37:47.89,36.7098,142.001,7.2,3.9,2012-11-07T15:17:13.16,36.6753,142.041,36.1,4.2,-3.4653781008258964,0.9544739980527548
2009-12-24T11:37:47.89,36.7098,142.001,7.2,3.9,2013-10-19T05:44:49.87,36.671,141.9703,19.0,4.2,-1.15782511123499,0.960697750233594
2009-12-24T11:37:47.89,36.7098,142.001,7.2,3.9,2015-10-05T00:26:19.15,36.6471,142.0795,15.2,4.3,-0.462595071748905,0.9540413836124358
2009-12-24T11:37:47.89,36.7098,142.001,7.2,3.9,2017-07-24T17:53:44.73,36.7343,142.2315,19.0,4.0,-0.041531745311012,0.9701959636578972
2009-12-24T11:37:47.89,36.7098,142.001,7.2,3.9,2020-04-27T13:23:57.13,36.6595,142.0661,19.0,4.3,-0.7864517840092454,0.9625998840206128
2009-12-29T19:23:05.08,41.8982,142.1458,73.4,4.8,2016-09-26T02:24:38.24,41.8576,142.1923,73.4,4.8,0.447685770683344,0.9875743730036832
2009-12-30T22:05:40.33,39.0679,142.1506,51.0,3.8,2012-04-24T12:34:19.45,39.0917,142.2797,50.2,3.9,-0.0840705519359064,0.915246310752137
2009-12-30T22:05:40.33,39.0679,142.1506,51.0,3.8,2016-08-04T12:01:16.08,39.0857,142.2882,42.3,3.9,1.3213382247023262,0.9068124145958056
2009-12-30T22:05:40.33,39.0679,142.1506,51.0,3.8,2017-07-16T10:23:01.17,39.0864,142.2035,45.3,3.9,0.776449393896717,0.9071238870333443
2010-01-03T21:44:05.2,36.06,139.92,44.0,3.6,2012-04-17T22:13:37.59,36.0119,139.9579,50.7,3.6,0.9095888200607888,0.984778698565222
2010-01-03T21:44:05.2,36.06,139.92,44.0,3.6,2014-02-18T12:03:30.68,36.015,139.9686,50.1,3.7,0.6280834907757544,0.9854553105462636
2010-01-03T21:44:05.2,36.06,139.92,44.0,3.6,2016-06-16T09:35:46.12,36.0543,139.9107,43.6,3.6,-0.0406870347000005,0.9800002556364202
2010-01-05T05:26:02.01,36.2829,140.0383,77.5,3.6,2017-07-28T13:31:22.05,36.2957,140.0499,77.9,3.5,-0.1893176655778361,0.9794188230006382
2010-01-06T20:39:39.71,41.9868,142.32,66.5,4.1,2019-04-08T13:22:02.91,41.9641,142.3554,70.2,4.3,0.2816575513562593,0.914984251407476
2010-01-07T01:57:26.38,36.2594,141.8271,19.0,3.6,2017-07-28T08:07:38.37,36.2664,141.9747,10.0,4.0,1.9479273185632349,0.9381854839420124
2010-01-17T13:09:42.09,36.1165,141.958,23.0,3.9,2011-04-11T16:15:46.43,36.0153,141.9898,23.0,3.7,0.6419218801430547,0.9522094979375052
2010-01-17T13:09:42.09,36.1165,141.958,23.0,3.9,2011-06-25T16:29:17.72,36.0766,142.01,23.0,3.6,0.3551037484001396,0.961289186070125
2010-01-17T13:09:42.09,36.1165,141.958,23.0,3.9,2012-01-15T21:16:25.21,36.0499,142.1389,23.0,3.5,1.2914356601688377,0.9498833831889192
2010-01-17T13:09:42.09,36.1165,141.958,23.0,3.9,2014-04-15T07:44:30.89,36.0338,142.0466,25.4,3.9,0.4383649246779096,0.9703760611945654
2010-01-20T21:18:02.56,36.1554,142.1729,2.9,3.8,2011-03-30T18:31:12.07,36.0179,142.0215,23.0,4.0,-4.084882928108861,0.9140298120310236
2010-01-20T21:18:02.56,36.1554,142.1729,2.9,3.8,2011-05-24T08:12:59.08,35.9488,142.1145,23.0,3.7,-3.5652919213418923,0.9248654215668638
2010-01-20T21:18:02.56,36.1554,142.1729,2.9,3.8,2011-08-22T11:29:14.34,36.0757,142.0187,23.0,3.8,-4.417151166947546,0.9168209132613664
2010-01-20T21:18:02.56,36.1554,142.1729,2.9,3.8,2011-11-16T22:21:54.86,36.0674,142.0263,23.0,3.6,-4.682359383185561,0.9137794310558868
2010-01-20T21:18:02.56,36.1554,142.1729,2.9,3.8,2012-12-28T21:31:53.18,36.0776,142.1022,23.0,3.6,-3.8585147956298655,0.9310501346080616
2010-01-20T21:18:02.56,36.1554,142.1729,2.9,3.8,2016-11-24T19:22:14.56,36.0766,141.9454,23.0,3.5,-4.041536716491664,0.9356263392366152
2010-01-26T21:32:04.0,36.71,142.09,29.0,3.7,2011-05-05T20:10:56.14,36.6316,142.1721,1.3,4.1,3.1209551439950376,0.9039599888734418
2010-01-26T21:32:04.0,36.71,142.09,29.0,3.7,2012-11-17T09:26:43.4,36.71,142.05,37.0,3.6,-0.6813463258962071,0.9191576249821104
2010-02-22T09:52:52.27,36.4818,140.5969,56.6,4.4,2013-03-17T21:53:38.82,36.4516,140.546,55.9,4.4,0.1398144624223464,0.998473261449565
2010-02-22T09:52:52.27,36.4818,140.5969,56.6,4.4,2016-01-14T19:28:53.52,36.4695,140.7515,57.0,4.3,0.9409975373971372,0.9986941998578318
2010-02-22T09:52:52.27,36.4818,140.5969,56.6,4.4,2018-12-12T08:49:55.75,36.4997,140.6295,55.7,4.7,0.2467825792529928,0.9960493916295527
2010-02-28T13:51:54.04,34.8536,141.9323,3.1,3.8,2011-03-23T15:46:41.6,34.8093,141.9353,29.0,3.6,-2.3455399762032068,0.9533544785401956
2010-02-28T13:51:54.04,34.8536,141.9323,3.1,3.8,2011-08-07T10:37:25.66,34.7442,141.9456,8.6,3.6,-0.267513984369199,0.9807730321905814
2010-02-28T13:51:54.04,34.8536,141.9323,3.1,3.8,2013-08-08T20:25:53.79,34.8243,141.8582,29.0,3.5,-4.2609890202903,0.9355021760237756
2010-03-03T10:56:22.3,34.61,142.06,44.0,3.5,2014-11-08T03:28:26.02,34.5994,141.8791,11.4,3.6,-0.7412605915172997,0.9055222330080702
2010-03-29T01:29:26.26,36.0536,139.8113,48.1,4.3,2020-11-25T02:20:18.52,35.9753,139.9225,47.0,4.3,0.5937147757645913,0.9847200751374088
2010-04-22T12:45:20.53,35.5423,140.1153,73.9,3.6,2011-12-22T08:41:31.22,35.6628,140.3158,48.5,3.7,2.172774289799542,0.9565204378727432
2010-04-22T12:45:20.53,35.5423,140.1153,73.9,3.6,2013-10-02T10:35:36.38,35.5856,140.144,73.2,3.8,-0.0374954659616348,0.9965179172242676
2010-04-22T12:45:20.53,35.5423,140.1153,73.9,3.6,2015-09-28T00:48:30.25,35.5999,140.1422,70.4,3.6,-0.5328002186777717,0.9826527948072292
2010-04-22T12:45:20.53,35.5423,140.1153,73.9,3.6,2018-06-13T22:14:31.79,35.5978,140.1232,68.4,3.9,0.4211727215472163,0.9740683651850144
2010-04-28T22:21:49.16,36.5119,140.6353,51.0,4.2,2011-09-10T06:00:32.24,36.4798,140.6719,56.2,4.8,-0.3542996992602475,0.9037428873060463
2010-04-28T22:21:49.16,36.5119,140.6353,51.0,4.2,2013-05-29T16:07:36.98,36.4884,140.6651,48.9,3.6,-0.1730880687647418,0.9011643080640932
2010-04-28T22:21:49.16,36.5119,140.6353,51.0,4.2,2013-10-11T17:43:11.71,36.4299,140.7484,50.8,4.8,0.7013133141067408,0.9192281494467563
2010-04-28T22:21:49.16,36.5119,140.6353,51.0,4.2,2018-07-16T19:34:11.64,36.4571,140.8248,51.4,4.7,0.7178031785158592,0.9084845623977944
2010-04-28T22:21:49.16,36.5119,140.6353,51.0,4.2,2019-06-22T11:45:37.3,36.4769,140.7611,53.1,3.6,0.5502454911825416,0.9042238604517548
2010-05-06T19:38:22.89,36.4907,140.8333,48.3,3.9,2011-03-26T05:02:32.73,36.4274,140.7428,48.3,3.7,-0.9820580993901468,0.9637745328375356
2010-05-06T19:38:22.89,36.4907,140.8333,48.3,3.9,2013-05-29T16:07:36.98,36.4884,140.6651,48.9,3.6,-1.3563206932072396,0.9731640283062482
2010-05-06T19:38:22.89,36.4907,140.8333,48.3,3.9,2014-04-24T23:43:21.98,36.4641,140.8529,47.1,4.1,-0.0253789743438692,0.994225658868978
2010-05-06T19:38:22.89,36.4907,140.8333,48.3,3.9,2016-12-19T07:21:35.7,36.4938,140.6406,49.0,4.0,-1.3039911819302723,0.9907794890980202
2010-05-06T19:38:22.89,36.4907,140.8333,48.3,3.9,2018-07-16T19:42:52.17,36.4576,140.773,52.3,4.1,-0.9438569663431252,0.9913536179421856
2010-05-06T19:38:22.89,36.4907,140.8333,48.3,3.9,2019-06-22T11:45:37.3,36.4769,140.7611,53.1,3.6,-0.6339544290147363,0.9762151327059622
2010-05-06T19:38:22.89,36.4907,140.8333,48.3,3.9,2020-01-14T23:18:56.4,36.4696,140.744,50.0,3.9,-0.7369031753109978,0.9400490224686472
2010-05-16T08:52:21.49,35.1845,141.3556,11.3,3.5,2011-05-10T07:31:56.68,35.182,141.3701,27.0,3.7,-2.2299870097228123,0.9628378585954004
2010-05-16T08:52:21.49,35.1845,141.3556,11.3,3.5,2015-06-26T14:07:31.84,35.1841,141.3518,13.7,3.5,-0.2254286577990405,0.9641991502655876
2010-06-01T04:49:22.74,37.5384,141.4621,51.4,4.8,2015-06-19T00:35:14.31,37.54,141.5365,51.4,4.7,0.074075827302613,0.9716507193646244
2010-06-05T22:19:30.51,35.7591,140.1854,66.7,4.3,2016-09-12T23:30:40.31,35.6692,140.1664,65.5,3.8,0.738638480394742,0.945077934889168
2010-06-19T10:00:49.06,41.3623,142.6088,32.1,4.9,2018-08-22T15:06:27.24,41.3998,142.6132,46.3,4.9,-1.3845261330215668,0.9097267656954868
2010-06-20T08:23:27.13,38.3077,141.934,45.3,4.0,2012-06-11T11:20:41.33,38.2885,141.9898,40.7,3.8,0.4298031496367523,0.906719402569484
2010-06-20T08:23:27.13,38.3077,141.934,45.3,4.0,2013-09-14T02:36:36.9,38.2728,142.0198,40.5,3.8,1.1093295874192584,0.9111855369080054
2010-06-20T08:23:27.13,38.3077,141.934,45.3,4.0,2015-10-16T07:34:04.06,38.306,141.9373,45.6,3.8,0.0626803400169074,0.906687339636975
2010-06-20T08:23:27.13,38.3077,141.934,45.3,4.0,2020-07-27T07:56:01.29,38.2805,142.0135,42.2,4.3,0.8184400855943863,0.9218687390252304
2010-06-27T06:24:14.29,35.6319,140.8066,53.8,3.5,2011-09-20T14:59:06.34,35.6694,140.6877,49.8,3.5,-0.4806096622117508,0.993829647178912
2010-06-27T06:24:14.29,35.6319,140.8066,53.8,3.5,2012-12-18T20:31:38.94,35.6723,140.6842,51.7,3.6,-0.5123306788129808,0.9959475153204932
2010-06-27T06:24:14.29,35.6319,140.8066,53.8,3.5,2017-03-22T13:50:14.65,35.6903,140.6523,51.4,3.6,-0.3290079736631217,0.9943150187922556
2010-06-28T00:36:35.14,35.9197,140.9091,31.0,3.5,2012-03-24T16:31:57.26,35.7963,140.8954,40.4,3.5,-0.2792618925540933,0.9867978856248998
2010-06-28T00:36:35.14,35.9197,140.9091,31.0,3.5,2014-12-31T02:07:03.03,35.8493,140.956,43.1,3.5,-0.3854143969056344,0.986016278409818
2010-07-07T00:02:48.31,35.981,140.1248,68.8,3.8,2014-01-03T01:50:22.05,36.0036,140.1149,66.7,3.8,-0.0445259402437423,0.9103462732788536
2010-07-07T00:02:48.31,35.981,140.1248,68.8,3.8,2015-09-21T20:55:14.03,36.0231,140.1118,60.0,3.8,0.5307395999176782,0.9269580641921648
2010-07-07T00:02:48.31,35.981,140.1248,68.8,3.8,2020-12-07T10:27:43.67,36.0376,140.0823,66.0,3.8,-0.1181748079223969,0.9164038305876878
2010-08-01T11:46:59.51,36.2857,141.9863,19.0,3.8,2012-01-02T19:34:57.6,36.3749,141.9147,25.5,4.5,-2.1754772940003395,0.9598238552148324
2010-08-01T11:46:59.51,36.2857,141.9863,19.0,3.8,2012-12-12T10:48:15.82,36.3355,141.8393,35.4,4.3,-3.764746345761621,0.9635404499373332
2010-08-08T16:18:15.24,37.6084,141.9291,42.7,4.2,2019-12-28T12:24:43.82,37.6198,141.9126,35.1,4.1,0.4231399773700669,0.9834752513551938
2010-08-10T16:00:38.5,39.4529,143.4528,11.0,4.7,2013-04-02T13:41:08.53,39.4799,143.4975,32.5,4.5,-3.066616534374075,0.9145937169726376
2010-08-10T16:00:38.5,39.4529,143.4528,11.0,4.7,2020-02-25T06:39:43.66,39.3795,143.5306,11.0,4.8,0.2100852341472041,0.95397998830662
2010-08-15T15:04:28.91,36.2888,141.0741,28.4,3.9,2011-08-16T05:48:12.61,36.2366,141.038,42.7,3.9,-1.187765352443694,0.9887204705610834
2010-08-28T15:14:40.07,35.2308,141.1948,23.0,4.4,2012-02-23T22:55:14.46,35.3061,141.308,25.0,3.8,1.3500688338342794,0.983650143833738
2010-09-14T13:11:30.36,35.8494,140.5593,29.8,3.6,2011-08-21T04:47:06.3,35.86,140.53,33.0,3.6,0.3722053223330249,0.9815894086773382
2010-09-14T13:11:30.36,35.8494,140.5593,29.8,3.6,2016-09-12T04:33:19.47,35.855,140.5343,37.1,3.5,0.5506510080196467,0.955121635013476
2010-09-21T03:42:37.64,36.5275,140.7757,50.8,3.8,2012-09-02T04:33:45.76,36.5156,140.7908,53.8,3.9,0.0194151959398427,0.9930216566596192
2010-09-21T03:42:37.64,36.5275,140.7757,50.8,3.8,2014-12-02T11:52:51.68,36.5268,140.7595,52.1,4.0,-0.3839161536213361,0.9942029955455476
2010-09-21T03:42:37.64,36.5275,140.7757,50.8,3.8,2017-11-21T00:25:13.19,36.5159,140.8053,52.6,4.0,0.1686022459325963,0.9893360360547682
2010-10-04T11:32:21.28,36.3946,141.1833,37.3,4.2,2011-05-09T02:19:18.9,36.3856,141.1499,19.0,3.7,2.975683777786545,0.9256332790133288
2010-10-04T11:32:21.28,36.3946,141.1833,37.3,4.2,2013-10-04T19:34:18.17,36.3591,141.1845,31.1,4.0,1.3790687207326957,0.9541473421141348
2010-10-04T11:32:21.28,36.3946,141.1833,37.3,4.2,2018-10-29T12:25:22.03,36.4187,141.1,39.1,4.3,-0.353391185825451,0.9962295986340046
2010-10-05T22:35:58.61,41.4903,142.0567,67.9,4.1,2013-06-24T23:12:25.28,41.5075,142.0842,59.1,4.2,0.9260139456888404,0.9082685839966036
2010-10-14T04:10:45.9,36.01,139.9,41.0,3.5,2016-04-10T14:32:42.31,35.9715,139.9289,43.6,3.5,0.5837090915010303,0.9938044056422988
2010-10-14T04:10:45.9,36.01,139.9,41.0,3.5,2019-02-06T08:26:17.01,36.0178,139.9252,48.5,3.6,0.631583697940174,0.9904263850335318
2010-10-15T21:14:27.83,40.1684,142.4575,44.7,4.6,2014-10-31T06:33:31.4,40.1287,142.4835,33.0,4.8,1.503117432983898,0.9211328889685854
2010-10-15T21:14:27.83,40.1684,142.4575,44.7,4.6,2018-10-27T11:39:12.5,40.185,142.4262,49.8,4.8,-0.7219291952007132,0.9800548962017964
2010-10-16T12:38:34.69,36.373,141.1936,24.0,3.8,2014-03-25T17:21:28.74,36.4181,141.1676,28.3,3.6,-1.5925958517380845,0.95602594086246
2010-10-16T12:38:34.69,36.373,141.1936,24.0,3.8,2016-07-16T08:39:51.46,36.4078,141.0521,24.6,3.7,-1.2375910764682214,0.9609403356827084
2010-10-16T12:38:34.69,36.373,141.1936,24.0,3.8,2018-04-03T00:10:56.4,36.409,141.1046,30.0,3.7,-1.3899502638244607,0.9294792631768248
2010-10-16T12:38:34.69,36.373,141.1936,24.0,3.8,2020-04-09T03:12:29.9,36.3577,141.1968,31.7,3.8,-0.7571830788603016,0.9572024744392704
2010-10-19T21:50:25.86,36.3278,142.2781,19.0,4.5,2011-03-12T17:43:31.57,36.3026,142.1303,26.3,4.6,-1.512370746395353,0.9530421314788804
2010-10-19T21:50:25.86,36.3278,142.2781,19.0,4.5,2011-05-28T10:01:57.6,36.3273,142.2313,22.6,4.2,-1.2430322525213433,0.967613466071355
2010-10-19T21:50:25.86,36.3278,142.2781,19.0,4.5,2012-02-28T04:51:04.81,36.3092,142.1839,23.2,4.4,-1.2853796730669629,0.9836463710698068
2010-10-24T04:50:42.29,36.0409,139.8493,54.3,4.4,2015-07-09T16:15:12.7,36.0204,139.9204,49.6,4.4,0.7057242805398956,0.9954285817792636
2010-10-24T21:09:58.82,39.7489,141.828,60.5,4.0,2012-03-31T22:30:16.3,39.7366,141.8262,61.8,4.2,-0.7357021464584209,0.9546858544621846
2010-10-24T21:09:58.82,39.7489,141.828,60.5,4.0,2013-05-18T13:49:45.68,39.738,141.8557,60.2,3.8,0.0098007596478954,0.9191849339805724
2010-10-24T21:09:58.82,39.7489,141.828,60.5,4.0,2013-10-08T13:50:00.88,39.7772,141.8957,59.3,3.7,0.1277344155083694,0.9064506907262456
2010-10-24T21:09:58.82,39.7489,141.828,60.5,4.0,2014-03-19T15:48:37.7,39.7373,141.7907,61.5,3.9,-0.0848964214088878,0.9376878338162294
2010-10-24T21:09:58.82,39.7489,141.828,60.5,4.0,2016-04-15T18:01:04.21,39.7262,141.8222,59.6,4.1,0.1530101353005188,0.9440708453448078
2010-10-24T21:09:58.82,39.7489,141.828,60.5,4.0,2017-05-06T08:18:54.37,39.7415,141.9147,59.4,4.1,0.0994584936478328,0.9213291757015138
2010-10-24T21:09:58.82,39.7489,141.828,60.5,4.0,2018-07-27T06:24:50.23,39.7356,141.8829,65.5,4.2,-0.9154038479656752,0.900319173585739
2010-10-24T21:09:58.82,39.7489,141.828,60.5,4.0,2019-10-23T03:43:19.5,39.7583,141.8449,57.7,4.3,0.0035137659858194,0.9345911204185622
2010-10-24T21:09:58.82,39.7489,141.828,60.5,4.0,2020-11-26T20:54:28.28,39.7188,142.1233,66.1,3.9,2.2495108394256094,0.9289432414694156
2010-10-26T12:06:19.17,36.4784,140.5983,56.9,3.8,2011-07-16T08:56:38.64,36.4718,140.673,56.1,3.9,0.2712446661144145,0.9928033705560024
2010-10-26T12:06:19.17,36.4784,140.5983,56.9,3.8,2012-02-25T14:26:58.14,36.4923,140.5403,55.3,3.7,-0.3971212111077353,0.9930567820033656
2010-10-26T12:06:19.17,36.4784,140.5983,56.9,3.8,2012-10-19T04:10:48.31,36.4886,140.6278,55.1,3.6,0.1935010476986962,0.991639256047857
2010-10-26T12:06:19.17,36.4784,140.5983,56.9,3.8,2013-08-21T16:14:19.88,36.4871,140.5758,57.4,3.6,0.5399418169866785,0.996984056244688
2010-10-26T12:06:19.17,36.4784,140.5983,56.9,3.8,2016-01-30T03:34:27.0,36.46,140.6,55.0,3.9,0.1853185743779017,0.9319310930404862
2010-10-26T12:06:19.17,36.4784,140.5983,56.9,3.8,2017-08-04T22:55:18.61,36.4892,140.5693,57.1,4.1,0.0486812008881807,0.9049676267205828
2010-10-26T12:06:19.17,36.4784,140.5983,56.9,3.8,2018-03-31T08:05:29.23,36.5042,140.5759,55.1,3.8,-0.029104119814875,0.9921469656426726
2010-10-26T12:06:19.17,36.4784,140.5983,56.9,3.8,2019-11-17T23:00:00.46,36.4686,140.6998,57.0,4.1,0.3598135894684181,0.99339230965331
2010-11-05T10:14:03.04,35.9968,139.8813,58.4,4.6,2020-07-08T21:05:27.05,36.0204,139.8976,40.0,4.7,2.371693485739802,0.973069567605134
2010-11-14T10:08:09.6,36.43,140.66,54.0,3.6,2012-01-14T15:45:39.17,36.4847,140.7011,51.2,3.8,0.0905699205469423,0.9837654257948778
2010-11-14T10:08:09.6,36.43,140.66,54.0,3.6,2012-11-17T05:40:54.17,36.4459,140.7314,50.9,3.7,0.0845474958482086,0.9718053347078156
2010-11-14T10:08:09.6,36.43,140.66,54.0,3.6,2013-09-19T01:21:41.6,36.43,140.66,52.0,3.6,-0.1024031839011454,0.9398558975647128
2010-11-14T10:08:09.6,36.43,140.66,54.0,3.6,2014-10-17T03:34:18.5,36.43,140.66,53.0,3.5,0.0043602371922708,0.9597984207378089
2010-11-14T10:08:09.6,36.43,140.66,54.0,3.6,2015-08-12T19:29:05.42,36.449,140.7754,53.3,3.6,0.624429909389353,0.979638681046794
2010-11-14T10:08:09.6,36.43,140.66,54.0,3.6,2016-08-10T05:50:56.0,36.4293,140.6567,53.1,3.7,-0.085497502497988,0.9470304303307726
2010-11-14T10:08:09.6,36.43,140.66,54.0,3.6,2017-06-29T22:41:15.2,36.43,140.6557,53.1,3.7,-0.1041106943931113,0.9533134473851288
2010-11-14T10:08:09.6,36.43,140.66,54.0,3.6,2018-03-16T04:09:23.39,36.4317,140.6542,52.9,3.5,-0.1375547846204743,0.919937219625272
2010-11-14T10:08:09.6,36.43,140.66,54.0,3.6,2019-01-15T07:38:43.19,36.4295,140.656,52.9,3.6,-0.1085896356255863,0.9343973495260176
2010-11-14T10:08:09.6,36.43,140.66,54.0,3.6,2019-10-28T13:28:56.63,36.4615,140.6892,45.4,3.5,-0.956963999734062,0.9717923416754258
2010-11-14T10:08:09.6,36.43,140.66,54.0,3.6,2020-08-12T22:40:23.03,36.4292,140.6567,52.9,3.6,-0.1085619009497232,0.966910130512354
2010-11-18T19:08:09.33,39.6772,142.1149,59.1,4.0,2011-10-23T18:58:35.13,39.6388,142.2386,53.5,4.2,1.1037825806659536,0.9670716767152036
2010-11-18T19:08:09.33,39.6772,142.1149,59.1,4.0,2012-05-15T00:09:06.0,39.6457,142.1157,47.0,4.0,1.1476935399598172,0.9071846105953096
2010-11-18T19:08:09.33,39.6772,142.1149,59.1,4.0,2012-11-21T00:02:19.28,39.6163,142.102,50.4,4.1,0.6543888360215917,0.9117482878936696
2010-11-18T19:08:09.33,39.6772,142.1149,59.1,4.0,2013-05-18T15:51:01.28,39.6298,142.1197,53.3,4.0,0.6383688955616116,0.9598075372167508
2010-11-18T19:08:09.33,39.6772,142.1149,59.1,4.0,2013-11-21T08:59:23.22,39.5994,142.2982,43.2,4.1,2.0518052939713955,0.9404472026019997
2010-11-18T19:08:09.33,39.6772,142.1149,59.1,4.0,2014-07-27T09:24:15.45,39.6279,142.1824,48.6,4.1,1.111439190772956,0.9367913060622164
2010-11-18T19:08:09.33,39.6772,142.1149,59.1,4.0,2015-03-23T13:56:48.72,39.6415,142.0922,47.4,4.2,1.2564331027697602,0.945567622440793
2010-11-18T19:08:09.33,39.6772,142.1149,59.1,4.0,2015-12-31T18:53:18.29,39.629,142.2132,51.4,3.9,1.0714153966958553,0.9344093225332732
2010-11-18T19:08:09.33,39.6772,142.1149,59.1,4.0,2016-07-03T09:06:01.44,39.6391,142.159,50.0,4.1,0.8771578644245472,0.9426085733949734
2010-11-18T19:08:09.33,39.6772,142.1149,59.1,4.0,2017-04-05T20:00:13.64,39.611,142.0494,51.1,4.2,0.6485244244136632,0.9138353257112488
2010-12-04T21:58:58.5,36.41,140.7,52.0,3.5,2017-08-24T16:28:25.89,36.4173,140.6882,51.5,3.7,-0.110011226599724,0.952695591501836
2010-12-05T18:20:02.05,35.6361,140.1688,57.0,4.3,2020-08-09T12:54:34.12,35.6005,140.1784,62.8,3.8,-0.9317912741227512,0.9958600445260052
2010-12-10T21:33:27.38,35.734,140.1596,71.9,3.5,2015-10-24T04:13:57.64,35.7244,140.1103,76.5,3.7,-0.7154295076236512,0.9267024353160912
2011-01-11T16:01:15.55,37.119,141.5098,44.0,4.2,2013-12-04T18:43:27.83,37.1967,141.4917,46.9,4.2,-0.4851809028536337,0.9866131854614404
2011-01-11T16:01:15.55,37.119,141.5098,44.0,4.2,2014-11-23T11:02:31.08,37.1454,141.549,24.0,3.9,1.6167216935819535,0.9902006719303726
2011-01-11T16:01:15.55,37.119,141.5098,44.0,4.2,2016-07-09T00:54:36.25,37.1216,141.5202,44.2,4.7,0.0287139203143828,0.9862896416220974
2011-01-11T16:01:15.55,37.119,141.5098,44.0,4.2,2019-07-16T15:25:43.74,37.181,141.4745,48.1,4.7,-0.0868930271467376,0.9956770550953083
2011-01-16T11:14:11.44,34.4515,141.7553,39.6,4.2,2014-01-26T03:41:06.36,34.4189,141.8713,15.1,4.2,4.269257700232567,0.9162515121441356
2011-01-19T19:27:34.92,35.984,140.1375,66.1,3.5,2011-06-25T09:59:31.25,36.0562,140.2305,64.3,3.7,0.5222797056795996,0.958940369318627
2011-01-19T19:27:34.92,35.984,140.1375,66.1,3.5,2014-07-19T01:42:53.5,36.0316,140.1636,67.9,4.2,0.6014584901640745,0.943861737148152
2011-01-19T19:27:34.92,35.984,140.1375,66.1,3.5,2017-10-08T14:54:25.55,36.0471,140.164,73.1,3.6,0.3979584338664819,0.9623966149733054
2011-01-19T19:27:34.92,35.984,140.1375,66.1,3.5,2018-08-29T18:51:10.11,35.9773,140.1263,69.4,3.5,0.1281839290635661,0.972648943645278
2011-01-19T19:27:34.92,35.984,140.1375,66.1,3.5,2019-11-15T00:39:33.78,36.0029,140.1558,71.1,3.7,0.0850470238819465,0.9668739366968688
2011-02-03T13:51:55.13,39.9165,143.3918,0.2,4.3,2012-06-07T18:39:41.35,39.9518,143.321,6.0,4.5,-1.3367634027121582,0.9020575680487212
2011-02-03T13:51:55.13,39.9165,143.3918,0.2,4.3,2015-06-01T15:51:34.96,39.8323,143.4342,1.1,4.4,0.06365976899351,0.9681787192270128
2011-02-10T03:10:58.41,37.0185,141.3164,42.9,4.1,2011-04-19T19:29:22.85,37.0774,141.2301,50.9,4.4,-1.183080867940182,0.9793541125291412
2011-02-10T03:10:58.41,37.0185,141.3164,42.9,4.1,2011-08-06T14:45:36.32,37.0478,141.2794,53.9,4.3,-1.399888711788638,0.9725753186828549
2011-02-10T03:10:58.41,37.0185,141.3164,42.9,4.1,2012-01-26T12:22:13.38,36.9898,141.4008,29.7,4.2,1.6042215901376202,0.9752402767187216
2011-02-10T03:10:58.41,37.0185,141.3164,42.9,4.1,2013-05-16T07:39:53.03,37.0428,141.3346,49.5,4.1,-1.022166249841155,0.9733515521135352
2011-02-10T03:10:58.41,37.0185,141.3164,42.9,4.1,2014-06-06T23:58:55.4,37.004,141.35,48.4,4.0,1.147147133603662,0.97105411919997
2011-02-10T03:10:58.41,37.0185,141.3164,42.9,4.1,2015-01-21T23:05:26.5,37.0085,141.3157,41.6,4.0,0.045070810860622,0.9724878131226086
2011-02-10T03:10:58.41,37.0185,141.3164,42.9,4.1,2016-06-10T04:16:33.66,37.051,141.1959,46.9,4.4,-0.9688819622768386,0.9730446729734096
2011-02-10T03:10:58.41,37.0185,141.3164,42.9,4.1,2017-10-19T12:50:27.83,37.0376,141.2357,38.5,4.6,-0.1874638183330169,0.9813696370937192
2011-02-10T03:10:58.41,37.0185,141.3164,42.9,4.1,2018-12-21T04:13:30.99,37.0541,141.2699,44.9,4.4,-0.6469911416193567,0.9740380595185392
2011-02-19T23:17:33.89,37.1418,141.4232,39.8,3.8,2012-06-16T02:44:15.41,37.1305,141.4968,36.0,3.6,0.2528383209947977,0.9150634834931826
2011-02-19T23:17:33.89,37.1418,141.4232,39.8,3.8,2013-03-21T08:18:53.13,37.1156,141.4709,48.6,3.9,-0.6910189802352443,0.989926591799867
2011-02-19T23:17:33.89,37.1418,141.4232,39.8,3.8,2013-09-28T02:11:45.23,37.1203,141.4866,29.8,3.5,1.3570315782583255,0.9477588544175188
2011-02-19T23:17:33.89,37.1418,141.4232,39.8,3.8,2014-02-26T10:57:03.59,37.1615,141.4438,39.3,3.9,-0.2518070658094576,0.9908989034602462
2011-02-19T23:17:33.89,37.1418,141.4232,39.8,3.8,2015-02-09T11:09:54.33,37.1252,141.5734,20.3,3.9,2.5601313504395344,0.9857513655112946
2011-02-19T23:17:33.89,37.1418,141.4232,39.8,3.8,2016-01-03T02:59:43.08,37.151,141.4015,46.6,4.0,-0.6987275637627551,0.99214355444337
2011-02-19T23:17:33.89,37.1418,141.4232,39.8,3.8,2017-07-03T02:27:25.18,37.1267,141.4957,31.7,4.2,0.8053314584717413,0.9855031713719156
2011-02-19T23:17:33.89,37.1418,141.4232,39.8,3.8,2019-04-27T00:57:29.03,37.1869,141.3486,45.0,4.3,-1.1421588410445,0.9919501885410174
2011-02-24T05:36:44.49,36.2849,140.0487,79.9,3.6,2013-05-05T06:54:11.1,36.3217,140.0468,78.0,3.5,0.0236538007154667,0.9892431822748472
2011-02-24T05:36:44.49,36.2849,140.0487,79.9,3.6,2017-08-08T10:25:19.14,36.2993,140.0856,81.3,3.5,0.2028773526909026,0.986528852087229
2011-03-06T07:35:32.17,35.4913,141.1747,19.1,3.5,2013-03-28T13:49:11.42,35.4714,141.2171,33.0,3.5,-1.1339014042852755,0.9913885438992468
2011-03-06T20:10:57.18,36.4896,140.7566,58.9,3.9,2012-02-01T17:01:39.75,36.5378,140.5829,58.6,3.9,-0.8516575391800225,0.9936042717863358
2011-03-06T20:10:57.18,36.4896,140.7566,58.9,3.9,2015-01-02T19:55:24.61,36.5471,140.5811,59.3,3.7,-1.0155979110871216,0.9961148958508792
2011-03-06T20:10:57.18,36.4896,140.7566,58.9,3.9,2016-06-29T02:35:29.45,36.4171,140.7617,60.7,4.0,0.0085593006148657,0.9904338473094506
2011-03-06T20:10:57.18,36.4896,140.7566,58.9,3.9,2017-10-15T10:43:08.1,36.505,140.7148,60.1,4.0,-0.3068656209475808,0.9961266865493464
2011-03-06T20:10:57.18,36.4896,140.7566,58.9,3.9,2019-01-19T05:22:00.7,36.5001,140.7482,63.4,3.9,0.773593483645436,0.993419689063753
2011-03-06T20:10:57.18,36.4896,140.7566,58.9,3.9,2020-04-13T21:35:50.01,36.5124,140.7868,65.9,3.9,0.1017805108156215,0.9920708042624636
2011-03-08T15:43:40.99,36.6968,142.2269,19.0,3.5,2012-04-30T16:53:14.18,36.7106,142.2001,19.0,4.2,-0.4700493923736668,0.9496023029411248
2011-03-08T15:43:40.99,36.6968,142.2269,19.0,3.5,2014-10-23T12:59:27.23,36.8417,142.0315,10.0,3.5,-1.3710631598884726,0.9398774266599528
2011-03-08T15:43:40.99,36.6968,142.2269,19.0,3.5,2020-06-22T22:00:38.24,36.6727,142.0449,19.0,3.5,-1.769688083454421,0.9226299568475904
2011-03-12T09:35:02.69,35.4468,141.1138,33.0,3.8,2014-07-07T18:09:16.33,35.5174,141.0583,31.4,3.8,-0.2184012588499316,0.9815942163885694
2011-03-12T09:55:03.82,37.2593,141.2754,52.3,4.1,2011-03-15T16:03:39.72,37.259,141.3441,52.1,3.9,0.2370504492084287,0.9512044263974592
2011-03-12T17:43:31.57,36.3026,142.1303,26.3,4.6,2011-05-28T10:01:57.6,36.3273,142.2313,22.6,4.2,0.2682677882498308,0.9672902298662288
2011-03-12T17:43:31.57,36.3026,142.1303,26.3,4.6,2012-02-28T04:51:04.81,36.3092,142.1839,23.2,4.4,0.226270746045648,0.9651585386329834
2011-03-12T22:36:40.91,39.7649,142.4597,45.5,4.6,2011-04-10T19:23:53.26,39.7287,142.566,34.6,4.4,1.785250874940547,0.9226736883571764
2011-03-12T23:24:08.17,35.4743,141.0458,33.0,3.5,2013-07-16T09:35:08.02,35.5559,141.0611,31.7,3.6,0.4790483158120669,0.9605530193626002
2011-03-13T00:21:27.5,37.5558,143.7863,35.0,4.6,2013-05-11T12:15:44.4,37.8439,143.8633,12.7,3.9,2.4827097716164093,0.9633707232465474
2011-03-13T14:01:17.2,36.841,141.3722,33.0,3.9,2011-03-26T14:15:10.65,36.932,141.1332,45.3,3.8,-3.4418648888607053,0.9608177015315358
2011-03-13T14:01:17.2,36.841,141.3722,33.0,3.9,2011-04-22T15:58:15.35,36.9576,141.0919,46.7,3.7,-3.707285030541892,0.9501803109517344
2011-03-13T14:01:17.2,36.841,141.3722,33.0,3.9,2011-05-27T08:51:47.3,36.9449,141.2819,39.6,3.5,-2.747385492039758,0.9027119184872316
2011-03-13T15:10:52.41,35.5197,140.93,35.9,5.1,2011-07-21T22:48:36.38,35.5791,141.0262,33.0,4.4,0.0699625399908183,0.9027450601156144
2011-03-14T04:45:37.21,37.2702,141.5791,44.5,4.7,2011-03-27T11:08:23.91,37.3387,141.6028,39.9,4.6,0.3589090030014492,0.9307026697342092
2011-03-14T04:45:37.21,37.2702,141.5791,44.5,4.7,2011-12-03T06:42:24.07,37.3206,141.6727,47.5,4.3,-0.4683592210839589,0.956763733422788
2011-03-14T06:56:16.44,36.4312,140.6237,73.0,4.2,2011-07-26T19:07:13.41,36.4651,140.8766,46.7,3.8,2.457284742721745,0.9356292765421652
2011-03-14T06:56:16.44,36.4312,140.6237,73.0,4.2,2012-04-13T19:00:21.22,36.4797,140.8562,50.9,3.8,2.072503155338989,0.9362558737061432
2011-03-14T06:56:16.44,36.4312,140.6237,73.0,4.2,2014-06-20T15:08:52.17,36.481,140.8626,49.8,3.8,2.2782971472304823,0.9353495919642612
2011-03-14T06:56:16.44,36.4312,140.6237,73.0,4.2,2016-04-28T13:57:39.16,36.4588,140.8597,48.6,3.8,2.0983570082829286,0.9300365520114596
2011-03-14T07:03:27.11,39.8645,143.6429,8.5,5.2,2011-07-22T00:56:26.36,39.8533,143.6063,19.2,4.8,-2.163461997201782,0.930351696053764
2011-03-14T09:02:00.49,35.4762,140.9601,33.0,3.9,2011-07-02T10:33:51.97,35.5421,141.1317,15.5,3.9,2.116414551440197,0.9980101294601638
2011-03-14T09:02:00.49,35.4762,140.9601,33.0,3.9,2012-10-26T06:34:34.19,35.5147,141.0737,33.0,3.7,-0.5421031169235022,0.9917735753583736
2011-03-14T09:02:00.49,35.4762,140.9601,33.0,3.9,2015-08-06T05:26:58.44,35.5431,141.0946,33.0,3.7,-0.4684169636637023,0.9894624236704582
2011-03-14T09:02:00.49,35.4762,140.9601,33.0,3.9,2019-02-05T16:52:45.43,35.5294,141.2926,35.0,3.7,0.33786930920418,0.98858686931692
2011-03-14T09:38:45.53,39.2958,142.3334,29.0,4.6,2011-03-20T01:05:28.67,39.2813,142.3093,29.7,4.2,-0.0712355807894942,0.9376307297955906
2011-03-14T13:53:09.12,36.7286,142.1709,24.6,4.8,2011-04-22T22:59:18.27,36.694,142.2908,19.0,4.0,1.3471255649929958,0.9387330808522656
2011-03-14T13:53:09.12,36.7286,142.1709,24.6,4.8,2011-05-05T20:15:10.41,36.7282,142.3,15.0,4.2,1.5484260773534213,0.9322648220140288
2011-03-14T13:53:09.12,36.7286,142.1709,24.6,4.8,2011-06-10T18:33:23.56,36.817,142.1446,28.3,4.7,-0.5616054570067954,0.9847844738541954
2011-03-14T13:53:09.12,36.7286,142.1709,24.6,4.8,2011-09-10T06:21:40.26,36.7413,142.3261,19.0,4.5,0.9122216470838148,0.9842110451749404
2011-03-14T13:53:09.12,36.7286,142.1709,24.6,4.8,2012-03-09T05:31:48.78,36.8324,142.1271,28.8,4.7,-0.9293841519929062,0.9580327012408438
2011-03-14T13:53:09.12,36.7286,142.1709,24.6,4.8,2013-04-27T23:54:22.51,36.7985,142.1611,29.0,4.7,-1.0268892670205456,0.954830576363767
2011-03-14T13:53:09.12,36.7286,142.1709,24.6,4.8,2017-02-28T08:08:27.75,36.7804,142.19,35.0,4.6,-1.673512494705201,0.91223142448103
2011-03-14T15:11:10.19,36.2277,142.1195,23.0,4.6,2011-03-25T17:35:21.28,36.271,142.0503,35.3,3.9,-2.1902229345300803,0.964316080257864
2011-03-14T15:11:10.19,36.2277,142.1195,23.0,4.6,2011-04-27T19:27:14.12,36.2921,141.9948,19.0,3.8,0.1255740668303625,0.9260773297654492
2011-03-14T15:11:10.19,36.2277,142.1195,23.0,4.6,2011-06-08T10:44:52.72,36.2957,141.9451,19.0,3.5,-0.5341255753052354,0.9098447326273396
2011-03-14T19:04:10.83,35.8956,141.0011,31.1,4.5,2011-05-01T01:27:44.62,35.8962,140.9588,31.6,4.5,-0.1203625188378633,0.9935411873615808
2011-03-14T19:04:10.83,35.8956,141.0011,31.1,4.5,2012-01-05T20:55:47.41,35.8821,140.9612,47.9,4.5,-1.9536625513544716,0.9935470193789766
2011-03-14T19:04:10.83,35.8956,141.0011,31.1,4.5,2014-06-28T07:11:49.56,35.9408,140.889,34.7,4.5,-0.9928263353491412,0.9947481759338902
2011-03-15T05:04:59.5,35.4455,141.8099,22.0,4.4,2011-03-22T00:14:42.0,35.5211,141.725,22.0,3.8,0.006581749241866,0.9575838158834732
2011-03-15T05:04:59.5,35.4455,141.8099,22.0,4.4,2011-04-10T00:00:54.05,35.709,141.5009,25.0,3.9,-2.740832335239201,0.9567123528056408
2011-03-15T05:04:59.5,35.4455,141.8099,22.0,4.4,2011-05-06T23:24:52.73,35.4453,141.6749,25.0,3.8,-0.906487724754158,0.952414196045475
2011-03-15T05:04:59.5,35.4455,141.8099,22.0,4.4,2011-07-18T12:37:10.7,35.5103,141.7596,10.8,3.8,1.3991776374229286,0.9565311312877476
2011-03-15T05:04:59.5,35.4455,141.8099,22.0,4.4,2013-12-25T02:56:24.36,35.4619,141.8491,22.0,3.7,1.17775711509031,0.948407760096665
2011-03-15T05:04:59.5,35.4455,141.8099,22.0,4.4,2015-06-23T16:32:14.58,35.4256,141.9292,22.0,3.7,0.8198585522145596,0.9484802050855016
2011-03-15T05:04:59.5,35.4455,141.8099,22.0,4.4,2017-12-21T01:23:07.92,35.4923,141.8043,16.7,3.9,0.7199070617945482,0.9413873973580096
2011-03-15T05:04:59.5,35.4455,141.8099,22.0,4.4,2019-09-14T18:47:39.15,35.5306,142.0155,22.0,3.7,1.2037797994873547,0.947843390868
2011-03-15T05:28:38.3,35.9871,140.4462,58.8,3.9,2011-05-21T08:51:45.98,35.9411,140.4323,50.0,3.6,1.292672948964947,0.9418743622098786
2011-03-15T05:28:38.3,35.9871,140.4462,58.8,3.9,2011-10-31T01:31:40.43,35.9959,140.3574,57.6,3.5,-0.1791527866344142,0.9910815880698448
2011-03-15T05:28:38.3,35.9871,140.4462,58.8,3.9,2014-02-21T22:31:10.86,35.9472,140.5135,54.3,3.9,0.7634312903432443,0.9338085851473612
2011-03-15T10:31:28.84,35.8227,140.7077,49.8,4.5,2012-05-18T11:21:33.72,35.8509,140.7673,42.6,4.4,0.9443993524898068,0.9113982736224792
2011-03-15T10:31:28.84,35.8227,140.7077,49.8,4.5,2015-10-31T14:20:04.6,35.858,140.7755,44.8,4.5,1.2010016205985674,0.9892876967072384
2011-03-15T13:10:48.23,36.6541,140.8976,53.2,4.2,2011-12-09T15:23:10.27,36.6276,141.0392,43.9,4.1,0.9162283574966944,0.9963745624402888
2011-03-15T13:10:48.23,36.6541,140.8976,53.2,4.2,2012-07-04T06:03:24.47,36.6516,140.9803,42.3,4.0,1.0466264896196107,0.9922244580833716
2011-03-15T13:10:48.23,36.6541,140.8976,53.2,4.2,2014-01-01T14:39:25.33,36.6279,141.0019,52.5,4.2,0.3891869625679108,0.9972594259358863
2011-03-15T13:10:48.23,36.6541,140.8976,53.2,4.2,2016-07-19T07:27:57.09,36.635,140.9634,50.7,4.3,-0.1306211014123139,0.9939721846341376
2011-03-15T13:10:48.23,36.6541,140.8976,53.2,4.2,2017-03-22T14:47:21.37,36.6385,141.0008,46.9,3.8,1.0033519003122202,0.9895769678776818
2011-03-15T13:10:48.23,36.6541,140.8976,53.2,4.2,2018-09-19T00:01:36.3,36.6467,140.9839,46.6,4.4,0.7218229428308937,0.9956692277229978
2011-03-15T16:28:16.83,36.2133,139.9681,56.5,3.6,2011-04-26T17:17:34.91,36.2071,139.9512,58.1,3.6,0.1321473367730148,0.9692272960620966
2011-03-15T16:28:16.83,36.2133,139.9681,56.5,3.6,2019-10-19T12:10:32.54,36.2256,139.9451,55.0,3.7,-0.1981175981880187,0.9684677406280012
2011-03-15T16:28:16.83,36.2133,139.9681,56.5,3.6,2020-06-07T15:17:46.02,36.2384,139.9043,56.5,3.5,-0.4515482370691345,0.9658452901241436
2011-03-15T22:30:44.45,36.5613,141.93,43.1,4.1,2011-03-23T19:42:44.28,36.6152,142.0679,0.5,4.1,6.639907589260105,0.9781041491982312
2011-03-15T22:30:44.45,36.5613,141.93,43.1,4.1,2011-05-09T00:05:43.65,36.5153,142.0594,19.0,3.9,5.182433509591844,0.9138460464737708
2011-03-15T22:30:44.45,36.5613,141.93,43.1,4.1,2011-06-25T07:44:44.69,36.6811,141.985,19.0,3.8,4.157233546258539,0.9309447932204852
2011-03-16T00:41:59.72,36.7337,141.7658,26.0,3.7,2011-03-21T05:31:12.82,36.7133,141.808,12.7,3.9,2.569087098409722,0.9397050393734736
2011-03-16T00:41:59.72,36.7337,141.7658,26.0,3.7,2011-03-26T19:22:04.2,36.7191,141.7099,34.1,4.5,-1.077723971484914,0.9013017156409554
2011-03-16T00:41:59.72,36.7337,141.7658,26.0,3.7,2012-03-08T18:42:51.31,36.7837,141.6732,33.0,3.9,-1.5828990639836138,0.9555213689552242
2011-03-16T00:41:59.72,36.7337,141.7658,26.0,3.7,2013-03-07T10:05:38.6,36.72,141.87,39.0,3.7,1.580495157403535,0.9422444385199716
2011-03-16T10:06:38.97,36.2452,141.9671,23.0,3.5,2011-07-15T11:55:23.92,36.2481,142.0633,23.0,3.6,0.9284703950513432,0.9108016390754852
2011-03-16T10:06:38.97,36.2452,141.9671,23.0,3.5,2012-11-17T23:25:46.14,36.2784,142.0202,19.0,3.5,1.3679388915206807,0.9098231635536989
2011-03-16T13:39:01.07,35.822,140.5855,52.2,5.4,2012-08-20T11:42:45.7,35.8808,140.4699,53.9,5.2,-0.7633596165174744,0.978298400675808
2011-03-16T13:39:01.07,35.822,140.5855,52.2,5.4,2019-01-18T12:46:24.61,35.8768,140.479,57.5,5.2,-0.9412353649478924,0.9949688800801392
2011-03-16T13:50:27.8,37.0866,141.3138,33.0,4.1,2011-04-19T19:29:22.85,37.0774,141.2301,50.9,4.4,-1.9867148942826325,0.9024934465717565
2011-03-16T13:50:27.8,37.0866,141.3138,33.0,4.1,2011-06-20T22:26:38.85,37.0519,141.2859,42.4,3.8,-1.038134598214741,0.9678653879406988
2011-03-16T13:50:27.8,37.0866,141.3138,33.0,4.1,2011-08-06T14:45:36.32,37.0478,141.2794,53.9,4.3,-2.202581282220275,0.906712272084754
2011-03-16T13:50:27.8,37.0866,141.3138,33.0,4.1,2012-01-26T12:22:13.38,36.9898,141.4008,29.7,4.2,0.8024546121548748,0.9068467353649804
2011-03-16T14:46:09.02,38.5515,141.8561,43.7,5.3,2011-09-20T20:59:04.21,38.5593,141.8434,52.3,4.8,-1.2993417033472154,0.9245307115650458
2011-03-16T14:46:09.02,38.5515,141.8561,43.7,5.3,2012-03-08T03:23:28.39,38.5739,141.8401,55.7,4.8,-1.654534309784334,0.9151204750772416
2011-03-16T14:46:09.02,38.5515,141.8561,43.7,5.3,2016-05-04T16:10:19.95,38.5338,141.8718,47.1,4.7,-0.3476230967986848,0.9088967365846066
2011-03-16T14:46:09.02,38.5515,141.8561,43.7,5.3,2019-12-26T09:26:39.15,38.5526,141.7915,60.0,4.7,-1.964848740275584,0.9218993933504812
2011-03-16T17:55:07.65,36.6378,142.2606,19.0,4.2,2011-04-03T16:52:47.3,36.7683,142.3262,15.0,4.2,1.4842735900911403,0.984383829774764
2011-03-16T17:55:07.65,36.6378,142.2606,19.0,4.2,2011-05-01T06:12:21.17,36.6952,142.244,26.2,4.1,-0.55181633999636,0.9770959939026256
2011-03-16T17:55:07.65,36.6378,142.2606,19.0,4.2,2011-07-10T19:16:33.69,36.7152,142.2603,11.5,4.3,1.7409853012350638,0.978296659931402
2011-03-16T17:55:07.65,36.6378,142.2606,19.0,4.2,2012-02-13T16:55:08.37,36.6807,142.3703,2.5,4.4,3.2008037488116705,0.9712122047008556
2011-03-16T17:55:07.65,36.6378,142.2606,19.0,4.2,2013-04-05T14:42:23.36,36.7711,142.2527,10.0,4.4,1.0777447453260054,0.9731568084675346
2011-03-16T17:55:07.65,36.6378,142.2606,19.0,4.2,2015-06-21T01:57:49.4,36.7053,142.359,10.0,4.4,2.633180440298408,0.9618758489378626
2011-03-16T17:55:07.65,36.6378,142.2606,19.0,4.2,2019-03-13T04:45:05.98,36.7824,142.2695,35.0,4.2,-2.259781789778339,0.9650571862622896
2011-03-16T23:28:19.18,36.1822,140.8924,32.3,3.7,2012-09-12T15:38:15.3,36.1592,141.1449,16.5,4.2,0.94462852893438,0.9452111138533592
2011-03-17T02:38:00.36,36.6771,142.1826,25.2,4.4,2011-04-06T03:13:02.63,36.7605,142.0972,36.5,4.4,-2.229325402752232,0.991671390143133
2011-03-17T02:38:00.36,36.6771,142.1826,25.2,4.4,2011-06-13T11:39:23.68,36.736,142.0525,19.0,4.3,0.394727139440821,0.9885996023441016
2011-03-17T02:38:00.36,36.6771,142.1826,25.2,4.4,2011-10-20T12:51:50.75,36.718,142.0932,8.1,4.4,1.9855813753457292,0.9826924821009094
2011-03-17T02:38:00.36,36.6771,142.1826,25.2,4.4,2012-08-14T13:02:20.69,36.7289,142.2714,19.0,4.4,1.0005444329353996,0.9304959197470656
2011-03-17T02:38:00.36,36.6771,142.1826,25.2,4.4,2014-04-01T13:38:33.64,36.7094,142.1799,35.8,4.2,-1.5709591294363014,0.9690758148830064
2011-03-17T02:38:00.36,36.6771,142.1826,25.2,4.4,2016-05-22T06:11:34.86,36.6508,142.052,19.0,4.1,0.8380027991667287,0.9588503599506402
2011-03-17T08:51:12.99,37.0206,141.3563,39.5,3.8,2011-05-20T03:50:17.88,37.0434,141.3391,38.9,3.9,-0.0436500807099994,0.9453104898769688
2011-03-17T08:51:12.99,37.0206,141.3563,39.5,3.8,2012-01-24T08:07:43.8,37.0524,141.3215,40.8,4.0,-0.6692498999130673,0.9201364980748072
2011-03-17T08:51:12.99,37.0206,141.3563,39.5,3.8,2012-05-08T05:43:17.23,37.1048,141.2982,54.9,4.1,-1.4902231474737824,0.9522829072855294
2011-03-17T08:51:12.99,37.0206,141.3563,39.5,3.8,2013-02-16T04:51:50.14,37.0456,141.2902,45.0,3.9,-0.2748925536463312,0.915074014847752
2011-03-17T08:51:12.99,37.0206,141.3563,39.5,3.8,2016-04-17T23:24:17.69,37.0494,141.3229,39.8,4.2,-0.3663670201222515,0.9391874734871428
2011-03-17T08:51:12.99,37.0206,141.3563,39.5,3.8,2020-12-28T16:15:22.46,37.0947,141.2846,44.5,4.2,-0.7275979222235454,0.9422519405176116
2011-03-17T13:37:33.27,36.1641,141.8935,23.0,4.5,2016-04-14T18:29:15.47,36.1273,141.9572,10.0,4.4,2.3618969164764607,0.977242720250486
2011-03-17T18:13:57.26,36.7648,141.9552,19.0,4.1,2011-03-31T03:25:37.51,36.7626,141.7241,30.1,4.6,-2.758793687364784,0.9039035763861368
2011-03-17T18:13:57.26,36.7648,141.9552,19.0,4.1,2011-04-03T00:09:53.99,36.7086,141.8829,19.0,3.6,-0.9368436582361572,0.9393567829256018
2011-03-17T18:13:57.26,36.7648,141.9552,19.0,4.1,2011-05-28T08:36:11.07,36.7555,141.792,19.0,3.7,-0.6442637670408697,0.948440425034662
2011-03-17T18:13:57.26,36.7648,141.9552,19.0,4.1,2011-09-12T05:17:01.53,36.7224,141.6241,26.0,3.9,-1.4839552727068677,0.9823783266191976
2011-03-17T18:13:57.26,36.7648,141.9552,19.0,4.1,2011-11-02T19:50:18.2,36.7892,141.8547,19.0,3.6,-1.0315021988382478,0.947025205834896
2011-03-17T18:13:57.26,36.7648,141.9552,19.0,4.1,2012-02-12T02:34:42.91,36.5916,141.4581,26.0,3.9,-2.998177181172417,0.985878365927814
2011-03-17T18:13:57.26,36.7648,141.9552,19.0,4.1,2012-06-21T13:18:41.37,36.7484,141.8691,14.0,3.7,0.5670232966273161,0.951551774466084
2011-03-17T18:13:57.26,36.7648,141.9552,19.0,4.1,2012-07-25T12:22:28.23,36.6985,141.8009,19.0,3.9,0.5926792950774229,0.9322613183631272
2011-03-17T18:13:57.26,36.7648,141.9552,19.0,4.1,2012-12-13T23:14:16.73,36.7492,141.6704,26.0,3.9,-2.020159610750719,0.98230843308697
2011-03-17T18:13:57.26,36.7648,141.9552,19.0,4.1,2014-11-25T19:38:16.79,36.6906,141.9877,35.0,3.7,-1.8444411976836304,0.9851140941292504
2011-03-17T18:13:57.26,36.7648,141.9552,19.0,4.1,2016-06-30T05:55:50.03,36.8974,141.5661,33.0,3.6,-4.470978725389058,0.9219694549487132
2011-03-17T18:13:57.26,36.7648,141.9552,19.0,4.1,2017-04-08T18:55:35.79,36.7682,141.8151,50.0,3.5,-3.2136655334014543,0.9448048240451492
2011-03-17T18:13:57.26,36.7648,141.9552,19.0,4.1,2018-08-01T00:17:39.3,36.8221,141.8667,6.6,3.9,1.4962314421667555,0.9658457149693842
2011-03-17T18:13:57.26,36.7648,141.9552,19.0,4.1,2020-11-29T04:55:02.19,36.7212,141.8765,35.0,3.6,-2.245696510332468,0.9470828634481202
2011-03-18T11:14:22.3,36.2576,142.0053,19.0,3.8,2011-06-22T05:32:20.74,36.2763,141.8589,7.7,3.7,0.5486521386194301,0.9594612816097652
2011-03-18T11:14:22.3,36.2576,142.0053,19.0,3.8,2020-07-19T03:15:15.2,36.1692,141.9856,23.0,3.7,-0.2953004103492234,0.9683405089834444
2011-03-19T11:56:24.1,36.72,140.63,5.0,3.5,2011-03-20T03:04:55.62,36.7553,140.5977,8.4,3.6,0.911618203386634,0.9339961533836524
2011-03-19T11:56:24.1,36.72,140.63,5.0,3.5,2011-04-04T19:50:01.83,36.7071,140.6396,10.7,3.8,0.5068427268853907,0.9070814946499024
2011-03-19T11:56:24.1,36.72,140.63,5.0,3.5,2011-05-26T11:12:49.83,36.7544,140.5001,7.4,4.0,0.6463863942975068,0.9669011348704007
2011-03-19T18:10:42.55,39.6935,142.4515,24.0,4.3,2011-04-05T19:43:39.21,39.7199,142.2783,45.8,4.3,-3.167391763845546,0.9379015415461684
2011-03-19T18:10:42.55,39.6935,142.4515,24.0,4.3,2011-06-01T18:37:00.04,39.6913,142.3154,43.8,4.3,-3.35541116125932,0.9381438289703392
2011-03-19T18:10:42.55,39.6935,142.4515,24.0,4.3,2011-09-15T14:25:08.65,39.7206,142.3578,48.0,4.1,-3.05660859871978,0.9324607338161296
2011-03-19T23:32:16.3,38.6137,142.1961,41.0,3.9,2011-05-19T14:01:45.84,38.5656,141.9498,45.0,3.8,-1.945721906916068,0.9128264822962816
2011-03-19T23:32:16.3,38.6137,142.1961,41.0,3.9,2011-08-20T19:37:23.67,38.5944,141.9579,48.1,4.4,-1.7053698381618874,0.9019136228599596
2011-03-19T23:32:16.3,38.6137,142.1961,41.0,3.9,2011-10-18T09:06:01.09,38.6007,142.0317,47.6,4.1,-1.6327611434360567,0.922499172129706
2011-03-19T23:32:16.3,38.6137,142.1961,41.0,3.9,2012-03-21T18:25:03.96,38.5578,142.061,46.7,4.0,-1.5159721383471505,0.928074703292224
2011-03-19T23:32:16.3,38.6137,142.1961,41.0,3.9,2012-06-02T18:46:46.25,38.5826,141.9895,47.8,3.6,-1.8630095047149005,0.938470016880858
2011-03-19T23:32:16.3,38.6137,142.1961,41.0,3.9,2012-07-22T08:20:33.05,38.5804,142.0914,46.6,4.3,-1.3149528869142222,0.9025675096610204
2011-03-19T23:32:16.3,38.6137,142.1961,41.0,3.9,2015-02-05T20:28:42.76,38.6077,141.9812,55.6,4.1,-2.3593544060441136,0.9158941933384678
2011-03-19T23:32:16.3,38.6137,142.1961,41.0,3.9,2019-04-01T12:17:32.96,38.5938,141.9946,50.0,4.0,-2.47437868858503,0.900873946569887
2011-03-20T02:11:28.82,37.7611,141.6247,45.6,4.1,2011-05-01T23:25:26.23,37.7351,141.8229,40.5,4.1,1.5725729605277017,0.973821216989686
2011-03-20T02:11:28.82,37.7611,141.6247,45.6,4.1,2013-06-02T08:19:42.27,37.7882,141.7187,43.7,3.9,0.6101228049881999,0.9817174766724952
2011-03-20T03:04:55.62,36.7553,140.5977,8.4,3.6,2011-04-04T19:50:01.83,36.7071,140.6396,10.7,3.8,-0.403485421034333,0.9748198592215886
2011-03-20T03:04:55.62,36.7553,140.5977,8.4,3.6,2011-05-26T11:12:49.83,36.7544,140.5001,7.4,4.0,-0.2649339176140367,0.9691056442801742
2011-03-20T04:17:40.0,36.7192,141.6077,23.0,4.0,2011-05-03T16:41:31.99,36.7444,141.582,24.2,3.5,-0.1443558469479364,0.9329562304471314
2011-03-20T04:40:23.12,39.965,143.568,6.0,4.2,2011-03-22T13:38:09.79,39.9524,143.6529,16.0,4.3,-0.4643514996647169,0.9175206694196008
2011-03-20T04:40:23.12,39.965,143.568,6.0,4.2,2011-04-17T01:54:21.26,39.9778,143.5041,26.2,4.5,-2.572576398353841,0.9030924404943598
2011-03-20T04:40:23.12,39.965,143.568,6.0,4.2,2017-05-21T05:05:33.09,39.9074,143.7425,17.1,4.3,-0.5126050883017834,0.9119346957229078
2011-03-20T11:20:18.7,35.7647,140.9702,9.2,3.6,2011-03-20T12:18:21.89,35.7273,140.8567,11.6,3.6,-0.709632248045796,0.91150501252049
2011-03-20T12:43:30.01,37.3902,141.6188,35.1,4.8,2014-05-09T17:18:03.43,37.3336,141.724,23.5,3.8,1.9669970487775696,0.920028082720912
2011-03-20T17:42:23.21,38.8954,142.1023,51.0,4.0,2011-04-07T23:39:26.66,38.8808,142.0919,51.0,4.1,-0.4366807517432182,0.93367925503913
2011-03-20T17:42:23.21,38.8954,142.1023,51.0,4.0,2011-05-10T19:58:10.22,38.886,141.9967,52.2,4.0,-0.6139910625851908,0.9594097017223516
2011-03-20T17:42:23.21,38.8954,142.1023,51.0,4.0,2011-06-15T12:48:26.66,38.8691,142.0062,54.3,4.0,-1.0247322579556457,0.9525781204033932
2011-03-20T17:42:23.21,38.8954,142.1023,51.0,4.0,2011-07-16T13:23:02.88,38.8939,141.9747,50.4,4.0,-0.8338650802674444,0.9435668800983262
2011-03-20T17:42:23.21,38.8954,142.1023,51.0,4.0,2011-11-11T07:52:11.62,38.9187,141.9048,50.1,3.9,-1.7121241951515098,0.9142174720005138
2011-03-20T17:42:23.21,38.8954,142.1023,51.0,4.0,2011-12-30T19:11:32.91,38.8454,141.9692,51.0,3.8,-0.7107848884723392,0.9451205736995506
2011-03-20T17:42:23.21,38.8954,142.1023,51.0,4.0,2012-03-03T13:26:18.41,38.8307,142.1137,48.1,3.9,-0.3090315763608867,0.9600722250504946
2011-03-20T17:42:23.21,38.8954,142.1023,51.0,4.0,2012-05-03T07:15:45.5,38.888,141.9318,49.4,4.0,-1.3315962398251715,0.9414305693531873
2011-03-20T17:42:23.21,38.8954,142.1023,51.0,4.0,2012-06-26T13:42:50.85,38.8973,142.048,51.9,3.9,-0.7060543673016142,0.9501449189412168
2011-03-20T17:42:23.21,38.8954,142.1023,51.0,4.0,2013-01-05T16:47:09.8,38.9155,142.038,60.9,3.9,-1.539844120204352,0.9475042162009782
2011-03-20T17:42:23.21,38.8954,142.1023,51.0,4.0,2013-04-01T19:09:37.88,38.8929,142.0591,49.1,4.2,-0.5189532194592968,0.9532022727966284
2011-03-20T17:42:23.21,38.8954,142.1023,51.0,4.0,2013-08-26T05:24:27.41,38.9137,141.9411,53.2,3.9,-1.1359001703716145,0.9059811548381946
2011-03-20T17:42:23.21,38.8954,142.1023,51.0,4.0,2014-01-11T15:46:13.72,38.9308,142.0529,48.9,4.0,-0.2734141806783569,0.9001402737334884
2011-03-20T17:42:23.21,38.8954,142.1023,51.0,4.0,2014-05-04T07:10:54.85,38.8913,141.9651,52.5,3.9,-0.8763616943460006,0.9004665001388028
2011-03-20T17:42:23.21,38.8954,142.1023,51.0,4.0,2015-08-14T12:13:16.53,38.9145,142.0782,46.6,3.8,-0.115640480083093,0.9181248049981104
2011-03-20T17:42:23.21,38.8954,142.1023,51.0,4.0,2016-07-31T16:35:03.05,38.8875,141.9726,51.6,3.8,-0.933874508684768,0.9172424474619402
2011-03-20T17:42:23.21,38.8954,142.1023,51.0,4.0,2017-08-06T17:55:48.2,38.8687,141.9708,53.1,3.9,-0.3334167897906752,0.9001882084209687
2011-03-20T17:42:23.21,38.8954,142.1023,51.0,4.0,2019-09-27T11:11:01.95,38.8949,141.9515,48.9,4.0,-0.8708125529060788,0.918016829981376
2011-03-20T18:43:44.66,38.2578,141.9533,48.2,4.3,2011-09-17T15:13:23.3,38.2812,141.9233,49.1,4.3,-0.4987944026459062,0.9650048322679058
2011-03-20T18:43:44.66,38.2578,141.9533,48.2,4.3,2012-03-10T01:33:34.16,38.3724,141.8628,51.4,4.1,-0.9684466187739526,0.9560534111126568
2011-03-20T18:43:44.66,38.2578,141.9533,48.2,4.3,2014-04-16T17:20:10.86,38.257,142.0401,50.5,4.2,-0.1182302102652854,0.966307497489898
2011-03-20T18:46:26.04,36.176,142.0009,23.0,4.0,2014-03-31T17:03:46.65,36.185,142.0257,8.9,3.8,1.6929597707642257,0.96956927107941
2011-03-21T00:00:25.51,36.5931,141.9927,28.3,4.2,2011-04-23T11:38:09.2,36.6499,142.1873,1.6,4.4,4.792372206937224,0.987366607190074
2011-03-21T00:00:25.51,36.5931,141.9927,28.3,4.2,2011-07-03T16:17:54.73,36.6755,142.2543,15.0,4.2,2.6892336094938853,0.9736382291063552
2011-03-21T00:00:25.51,36.5931,141.9927,28.3,4.2,2011-11-02T10:05:00.96,36.6322,142.1434,19.0,4.2,1.078320716626683,0.966049252282784
2011-03-21T00:00:25.51,36.5931,141.9927,28.3,4.2,2012-07-24T17:28:07.2,36.6507,142.2213,24.9,4.2,1.150791981458087,0.9549882227743588
2011-03-21T00:00:25.51,36.5931,141.9927,28.3,4.2,2014-08-03T18:08:26.82,36.6828,142.0384,19.0,4.0,1.6430130149760247,0.9670022984546824
2011-03-21T00:00:25.51,36.5931,141.9927,28.3,4.2,2017-06-28T15:44:33.11,36.7433,141.9148,35.0,4.0,-1.4224320395921772,0.947633570523578
2011-03-21T04:22:27.28,36.7231,140.623,10.0,3.7,2011-05-13T16:28:02.94,36.7635,140.4608,6.4,4.3,-0.2180088784135831,0.9180199346847256
2011-03-21T05:31:12.82,36.7133,141.808,12.7,3.9,2011-03-26T19:22:04.2,36.7191,141.7099,34.1,4.5,-3.646331454896451,0.941466490270812
2011-03-21T05:31:12.82,36.7133,141.808,12.7,3.9,2011-04-25T06:41:23.13,36.7009,141.8118,26.3,4.5,-2.4479958715901557,0.93436516406669
2011-03-21T05:31:12.82,36.7133,141.808,12.7,3.9,2012-03-08T18:42:51.31,36.7837,141.6732,33.0,3.9,-4.150179034100368,0.9797018163279388
2011-03-21T05:31:12.82,36.7133,141.808,12.7,3.9,2013-03-07T10:05:38.6,36.72,141.87,39.0,3.7,-0.9867931620735776,0.953355064821049
2011-03-21T05:54:10.72,36.2777,142.1008,23.5,5.1,2011-05-28T13:46:06.85,36.3154,142.155,31.5,5.0,-0.7888650353848382,0.9900020521080378
2011-03-21T10:42:44.0,36.47,141.07,23.0,3.7,2011-05-09T12:08:17.43,36.4179,141.0547,8.5,4.4,0.2820287940300168,0.9147387451125552
2011-03-22T00:14:42.0,35.5211,141.725,22.0,3.8,2011-04-10T00:00:54.05,35.709,141.5009,25.0,3.9,-2.7483146477428164,0.9909196204743594
2011-03-22T00:14:42.0,35.5211,141.725,22.0,3.8,2011-05-06T23:24:52.73,35.4453,141.6749,25.0,3.8,-0.9140062434349489,0.9825303932073262
2011-03-22T00:14:42.0,35.5211,141.725,22.0,3.8,2011-07-18T12:37:10.7,35.5103,141.7596,10.8,3.8,1.391960156621372,0.9893561355335736
2011-03-22T00:14:42.0,35.5211,141.725,22.0,3.8,2013-12-25T02:56:24.36,35.4619,141.8491,22.0,3.7,1.169928775287552,0.9800210694221718
2011-03-22T00:14:42.0,35.5211,141.725,22.0,3.8,2015-06-23T16:32:14.58,35.4256,141.9292,22.0,3.7,0.8132126894528129,0.9868811768818748
2011-03-22T00:14:42.0,35.5211,141.725,22.0,3.8,2017-12-21T01:23:07.92,35.4923,141.8043,16.7,3.9,0.7129955781841462,0.978484039561563
2011-03-22T00:14:42.0,35.5211,141.725,22.0,3.8,2019-09-14T18:47:39.15,35.5306,142.0155,22.0,3.7,1.196977841821694,0.9860245737570088
2011-03-22T07:04:58.59,36.5091,142.5472,15.0,4.7,2011-04-15T00:56:26.72,36.4472,142.5414,30.1,4.4,-2.01602474855882,0.9101424027486972
2011-03-22T07:04:58.59,36.5091,142.5472,15.0,4.7,2011-10-29T22:16:01.92,36.4796,142.5301,38.8,4.1,-3.276170425409027,0.9222033076904086
2011-03-22T07:04:58.59,36.5091,142.5472,15.0,4.7,2012-07-25T20:00:15.47,36.4392,142.5273,30.8,4.6,-1.6646668954545956,0.9236061102390654
2011-03-22T07:04:58.59,36.5091,142.5472,15.0,4.7,2019-11-03T01:37:55.92,36.4661,142.6718,14.2,3.9,1.130298656857459,0.9339777893007758
2011-03-22T13:17:35.48,35.8582,140.8237,31.0,3.6,2011-05-05T04:28:54.41,35.8783,140.9333,46.3,3.6,-0.5343434108896743,0.9845644910486894
2011-03-22T13:17:35.48,35.8582,140.8237,31.0,3.6,2012-01-09T09:23:29.94,35.8873,140.9177,30.9,3.6,0.2004425136642826,0.9896110916923206
2011-03-22T13:17:35.48,35.8582,140.8237,31.0,3.6,2014-01-15T12:04:39.55,35.9442,140.9239,41.2,3.7,-1.3703666354882733,0.991026691133
2011-03-22T13:17:35.48,35.8582,140.8237,31.0,3.6,2016-11-19T23:09:27.44,35.8538,140.9332,41.9,3.6,-0.4693656269015924,0.989364490102984
2011-03-22T13:38:09.79,39.9524,143.6529,16.0,4.3,2011-04-17T01:54:21.26,39.9778,143.5041,26.2,4.5,-2.1097836942149533,0.9125363082613857
2011-03-22T18:50:10.76,37.6463,141.7485,43.7,4.2,2011-04-03T07:53:07.07,37.6426,141.622,54.2,4.3,-1.2476125672747098,0.9272368802897766
2011-03-22T19:26:02.04,40.2942,143.9615,23.5,4.4,2016-10-24T00:28:55.48,40.2375,144.055,28.5,4.4,-0.1533621032692249,0.9142092093317352
2011-03-23T00:21:12.59,38.8725,142.028,51.0,4.0,2011-04-03T05:40:19.91,38.829,142.0565,49.5,3.9,0.3705234961782248,0.9049566886333396
2011-03-23T04:13:10.97,39.7588,142.3787,45.7,4.4,2011-04-10T19:23:53.26,39.7287,142.566,34.6,4.4,1.6487575151387754,0.9373430108807238
2011-03-23T04:40:15.88,36.2726,141.0671,26.3,4.3,2011-04-10T02:01:27.81,36.323,141.0261,20.5,4.1,0.6296288888434094,0.9256305202724444
2011-03-23T09:22:56.45,36.8998,141.8176,19.0,3.9,2011-04-03T00:09:53.99,36.7086,141.8829,19.0,3.6,-0.2598922488503231,0.9048083816533676
2011-03-23T09:22:56.45,36.8998,141.8176,19.0,3.9,2011-05-28T08:36:11.07,36.7555,141.792,19.0,3.7,0.0330788973338626,0.9270366209574126
2011-03-23T09:22:56.45,36.8998,141.8176,19.0,3.9,2012-06-21T13:18:41.37,36.7484,141.8691,14.0,3.7,1.242721793576478,0.9054949773874332
2011-03-23T09:22:56.45,36.8998,141.8176,19.0,3.9,2017-04-08T18:55:35.79,36.7682,141.8151,50.0,3.5,-2.537921608692248,0.9070408606893772
2011-03-23T09:22:56.45,36.8998,141.8176,19.0,3.9,2020-11-29T04:55:02.19,36.7212,141.8765,35.0,3.6,-1.5685532510779976,0.9091579132278688
2011-03-23T15:46:41.6,34.8093,141.9353,29.0,3.6,2011-08-07T10:37:25.66,34.7442,141.9456,8.6,3.6,2.076999725444682,0.9478865453159312
2011-03-23T15:54:27.52,36.0996,142.0501,23.0,3.6,2011-08-17T13:49:01.45,36.0993,142.1382,23.0,4.1,-0.1936656307800408,0.9399836459255742
2011-03-23T15:54:27.52,36.0996,142.0501,23.0,3.6,2014-04-16T14:12:50.89,36.0763,142.0664,23.0,4.3,-0.6820074933681008,0.9254334687052418
2011-03-23T16:17:44.51,35.7377,140.9013,10.9,3.6,2011-03-26T00:15:12.6,35.74,140.89,9.0,3.5,-0.4566151370896154,0.9387448504729632
2011-03-23T18:30:48.14,39.7945,143.4667,22.1,4.7,2011-06-16T10:09:08.11,39.7488,143.3863,15.0,4.9,1.0226416111256096,0.9137621134328504
2011-03-23T18:39:36.26,39.6336,143.4599,14.2,4.6,2012-05-19T19:16:38.33,39.6326,143.4703,7.4,4.5,0.5410901182935501,0.9544770313432224
2011-03-23T18:39:36.26,39.6336,143.4599,14.2,4.6,2012-10-02T01:51:35.98,39.7088,143.4099,11.4,4.7,-0.7152418173219531,0.954137091438052
2011-03-23T19:42:44.28,36.6152,142.0679,0.5,4.1,2011-05-09T00:05:43.65,36.5153,142.0594,19.0,3.9,-1.45929018989546,0.9304656000485458
2011-03-23T19:42:44.28,36.6152,142.0679,0.5,4.1,2011-06-25T07:44:44.69,36.6811,141.985,19.0,3.8,-2.484327913520528,0.9521027736084235
2011-03-23T23:56:49.58,36.1606,140.1032,58.5,4.8,2016-09-07T04:28:49.39,36.1389,140.1107,60.0,4.8,0.6176794179023722,0.9921997953847326
2011-03-24T01:05:32.34,36.4797,142.6807,15.0,3.7,2011-05-03T06:20:54.44,36.387,142.7469,15.0,3.6,0.2676113426534799,0.9125818776421738
2011-03-24T01:05:32.34,36.4797,142.6807,15.0,3.7,2011-08-13T09:09:31.73,36.4126,142.779,29.0,3.5,-1.420966521225234,0.9229029684339902
2011-03-24T02:33:14.2,35.7623,140.7362,43.6,3.6,2014-02-19T15:42:12.97,35.7235,140.7271,50.6,3.6,-0.1016603438914376,0.9943576966723038
2011-03-24T02:33:14.2,35.7623,140.7362,43.6,3.6,2017-03-15T07:30:31.82,35.7468,140.7388,52.0,3.7,-0.8861517646192422,0.9925690181506012
2011-03-24T02:33:14.2,35.7623,140.7362,43.6,3.6,2018-11-20T22:28:54.78,35.7385,140.7249,50.5,3.7,-0.5471142699070879,0.9933006500433172
2011-03-24T12:29:58.08,37.2115,142.1342,1.4,4.0,2011-03-24T12:37:36.64,37.1344,142.2287,19.0,4.1,-2.181716515350337,0.9388152412302108
2011-03-24T22:59:42.32,37.1203,142.3787,5.8,4.1,2012-07-04T06:20:00.45,37.1422,142.5054,9.0,4.0,-0.767385587199291,0.903527517961873
2011-03-25T16:10:21.73,36.5837,141.0837,19.8,3.7,2012-01-08T16:23:36.92,36.6299,141.0413,41.2,3.7,-2.503590843328124,0.989029448544185
2011-03-25T16:10:21.73,36.5837,141.0837,19.8,3.7,2014-03-29T19:28:27.76,36.6456,141.001,43.1,3.7,-2.763905145533609,0.9749245096899736
2011-03-25T16:10:21.73,36.5837,141.0837,19.8,3.7,2019-03-10T01:46:49.59,36.6109,141.1244,31.2,3.5,-1.4385226149696813,0.9759635729374928
2011-03-25T17:35:21.28,36.271,142.0503,35.3,3.9,2011-04-27T19:27:14.12,36.2921,141.9948,19.0,3.8,2.3147313362712536,0.9316312888643218
2011-03-25T17:35:21.28,36.271,142.0503,35.3,3.9,2011-06-08T10:44:52.72,36.2957,141.9451,19.0,3.5,1.6523090552872914,0.93477489813143
2011-03-26T05:02:32.73,36.4274,140.7428,48.3,3.7,2013-05-29T16:07:36.98,36.4884,140.6651,48.9,3.6,-0.3749670407269508,0.988615544009943
2011-03-26T05:02:32.73,36.4274,140.7428,48.3,3.7,2014-04-24T23:43:21.98,36.4641,140.8529,47.1,4.1,0.95625293647418,0.977629176013343
2011-03-26T05:02:32.73,36.4274,140.7428,48.3,3.7,2016-12-19T07:21:35.7,36.4938,140.6406,49.0,4.0,-0.3237241687421042,0.9740573982404852
2011-03-26T05:02:32.73,36.4274,140.7428,48.3,3.7,2018-07-16T19:42:52.17,36.4576,140.773,52.3,4.1,0.0374285881377702,0.9805364006549608
2011-03-26T05:02:32.73,36.4274,140.7428,48.3,3.7,2019-06-22T11:45:37.3,36.4769,140.7611,53.1,3.6,0.3473803524972623,0.9868928890390292
2011-03-26T10:42:25.13,36.2242,141.4667,26.9,4.7,2011-06-09T20:51:26.5,36.2601,141.5345,38.4,4.5,-1.153878114672657,0.9879042048456264
2011-03-26T10:42:25.13,36.2242,141.4667,26.9,4.7,2011-09-15T20:36:02.47,36.2366,141.5414,26.9,4.6,0.0158389557685731,0.9927811696923312
2011-03-26T14:15:10.65,36.932,141.1332,45.3,3.8,2011-04-22T15:58:15.35,36.9576,141.0919,46.7,3.7,-0.2658705176239614,0.9856377687027744
2011-03-26T14:15:10.65,36.932,141.1332,45.3,3.8,2011-05-27T08:51:47.3,36.9449,141.2819,39.6,3.5,0.6962977820020212,0.9193880439452592
2011-03-26T15:01:50.99,36.9675,141.1344,46.9,3.9,2011-05-05T11:02:10.47,36.9426,141.2762,41.0,3.9,0.925409857442428,0.9922581085133932
2011-03-26T15:01:50.99,36.9675,141.1344,46.9,3.9,2011-06-29T14:19:34.05,36.9621,141.1264,46.4,3.9,-0.489944650579394,0.9857631518262396
2011-03-26T15:01:50.99,36.9675,141.1344,46.9,3.9,2011-09-29T18:29:59.67,36.9597,141.1662,48.5,3.9,0.5915720828149318,0.981929144602954
2011-03-26T15:01:50.99,36.9675,141.1344,46.9,3.9,2011-12-31T05:48:40.29,36.9568,141.1628,45.2,3.7,0.1206172884027229,0.9820897071826484
2011-03-26T15:01:50.99,36.9675,141.1344,46.9,3.9,2012-06-26T08:46:42.01,36.9591,141.152,46.7,3.8,-0.1309721979310028,0.9618880702232512
2011-03-26T19:22:04.2,36.7191,141.7099,34.1,4.5,2011-04-25T06:41:23.13,36.7009,141.8118,26.3,4.5,1.198626600046571,0.9945613519315236
2011-03-26T19:22:04.2,36.7191,141.7099,34.1,4.5,2011-08-01T04:29:20.27,36.6929,141.7748,27.3,4.8,1.4142700303124114,0.9300935000994748
2011-03-26T19:22:04.2,36.7191,141.7099,34.1,4.5,2012-03-08T18:42:51.31,36.7837,141.6732,33.0,3.9,-0.5042518843780176,0.9417950540262782
2011-03-26T19:22:04.2,36.7191,141.7099,34.1,4.5,2013-03-07T10:05:38.6,36.72,141.87,39.0,3.7,2.659189588229232,0.9262655857872012
2011-03-27T04:55:15.61,36.7976,142.7437,27.0,3.9,2012-09-08T11:05:58.97,36.7438,142.8553,15.2,3.8,2.960848601952464,0.9337172164270978
2011-03-27T04:55:15.61,36.7976,142.7437,27.0,3.9,2014-07-17T10:46:50.56,36.684,142.9806,12.3,3.7,4.1480673415280815,0.9535505965527424
2011-03-27T05:03:25.95,36.7572,142.8612,25.0,4.0,2012-09-08T12:17:08.23,36.7455,142.8858,25.0,4.0,0.7343315760096862,0.9419616610237612
2011-03-27T05:03:25.95,36.7572,142.8612,25.0,4.0,2016-10-13T18:07:27.8,36.7259,142.8859,11.7,3.9,3.020141101127426,0.9182056255260964
2011-03-27T06:00:32.68,39.8674,143.3703,6.0,4.2,2015-08-31T13:55:48.52,39.7741,143.5541,35.0,4.4,-2.651382208608304,0.9196132357507923
2011-03-27T17:21:13.5,38.5044,144.7737,29.0,3.9,2012-05-27T02:31:38.42,38.5711,144.7348,29.0,3.7,-0.8252851698852965,0.919977614818462
2011-03-28T23:51:30.98,39.3601,142.1654,51.6,4.3,2012-10-19T09:12:57.04,39.3477,142.0536,47.2,4.4,0.4077811069329471,0.914043437517846
2011-03-29T04:46:28.87,36.7123,142.1391,23.8,3.8,2011-07-02T02:26:26.01,36.6439,142.1278,5.9,3.6,3.109140546986956,0.9089433825618946
2011-03-29T04:46:28.87,36.7123,142.1391,23.8,3.8,2012-05-01T01:07:55.71,36.6832,141.8521,4.9,3.6,1.2129191867522886,0.9110855834746558
2011-03-29T11:14:02.8,36.19,140.01,50.0,3.8,2012-07-22T10:12:53.17,36.182,140.0204,55.1,3.7,0.572365384983549,0.974599643065909
2011-03-29T11:14:02.8,36.19,140.01,50.0,3.8,2015-12-22T12:18:53.06,36.1671,140.1105,59.5,3.7,1.4992406060455732,0.9649636074511356
2011-03-29T11:14:02.8,36.19,140.01,50.0,3.8,2019-10-01T09:07:04.57,36.2037,139.9829,55.0,3.6,0.3740967250099992,0.9693883856995948
2011-03-29T20:40:46.06,37.0089,142.5627,9.0,3.6,2011-04-21T21:24:20.1,37.0086,142.6932,9.0,3.7,-0.8428978244437615,0.9306964761552764
2011-03-30T04:58:25.32,36.6705,140.9451,45.8,3.9,2011-12-22T09:40:12.97,36.6504,141.0033,40.8,3.8,0.843641024072987,0.9625866625990744
2011-03-30T04:58:25.32,36.6705,140.9451,45.8,3.9,2012-09-02T22:17:26.4,36.608,141.0574,16.9,3.8,4.717179962728103,0.9581572088036472
2011-03-30T04:58:25.32,36.6705,140.9451,45.8,3.9,2013-08-12T10:57:20.4,36.64,140.93,50.0,3.6,0.656684487300927,0.9548050322420129
2011-03-30T04:58:25.32,36.6705,140.9451,45.8,3.9,2014-06-30T19:43:55.9,36.64,140.93,49.0,3.5,0.5533400471367137,0.9523705515063228
2011-03-30T04:58:25.32,36.6705,140.9451,45.8,3.9,2015-07-05T00:20:08.33,36.6283,141.0588,29.3,3.5,2.071800607542267,0.9488131072561984
2011-03-30T04:58:25.32,36.6705,140.9451,45.8,3.9,2016-07-03T16:27:41.43,36.5494,141.2128,31.6,3.5,3.702465948908225,0.9661282370260488
2011-03-30T04:58:25.32,36.6705,140.9451,45.8,3.9,2017-10-27T11:51:43.13,36.6301,141.0355,39.8,3.5,0.999085706379681,0.9448007328842978
2011-03-30T04:58:25.32,36.6705,140.9451,45.8,3.9,2019-07-08T08:20:50.02,36.6312,141.1031,31.7,3.5,1.8876979505122056,0.9256694960666147
2011-03-30T04:58:25.32,36.6705,140.9451,45.8,3.9,2020-11-02T19:38:37.36,36.6184,141.1041,43.9,3.5,1.803803272094286,0.9406953516375278
2011-03-30T18:31:12.07,36.0179,142.0215,23.0,4.0,2011-05-24T08:12:59.08,35.9488,142.1145,23.0,3.7,0.5199500348605253,0.952653042878374
2011-03-30T18:31:12.07,36.0179,142.0215,23.0,4.0,2011-08-22T11:29:14.34,36.0757,142.0187,23.0,3.8,-0.331327472383864,0.9693889815452778
2011-03-30T18:31:12.07,36.0179,142.0215,23.0,4.0,2011-11-16T22:21:54.86,36.0674,142.0263,23.0,3.6,-0.6005044744580578,0.9424950283263536
2011-03-30T18:31:12.07,36.0179,142.0215,23.0,4.0,2012-12-28T21:31:53.18,36.0776,142.1022,23.0,3.6,0.2272547102556792,0.9445689573923208
2011-03-30T18:31:12.07,36.0179,142.0215,23.0,4.0,2016-11-24T19:22:14.56,36.0766,141.9454,23.0,3.5,0.0437664216140035,0.9386812550629902
2011-03-31T03:25:37.51,36.7626,141.7241,30.1,4.6,2011-05-03T23:58:07.59,36.9095,141.5524,33.0,4.1,-2.163620889177613,0.967218950943409
2011-03-31T03:25:37.51,36.7626,141.7241,30.1,4.6,2011-09-12T05:17:01.53,36.7224,141.6241,26.0,3.9,1.2743327252936585,0.9239537523413284
2011-03-31T03:25:37.51,36.7626,141.7241,30.1,4.6,2012-02-12T02:34:42.91,36.5916,141.4581,26.0,3.9,-0.2370406081534972,0.9266057929157508
2011-03-31T03:25:37.51,36.7626,141.7241,30.1,4.6,2012-07-25T12:22:28.23,36.6985,141.8009,19.0,3.9,3.353009725619727,0.9425497702370086
2011-03-31T03:25:37.51,36.7626,141.7241,30.1,4.6,2012-12-13T23:14:16.73,36.7492,141.6704,26.0,3.9,0.7387597318477735,0.930737079907388
2011-03-31T03:25:37.51,36.7626,141.7241,30.1,4.6,2014-11-25T19:38:16.79,36.6906,141.9877,35.0,3.7,0.9140852468678652,0.9215503088297308
2011-03-31T16:42:56.96,36.6256,142.291,15.0,3.9,2011-04-24T13:48:29.59,36.6587,142.3425,15.0,3.7,0.4091036810558587,0.9032299003158584
2011-03-31T16:42:56.96,36.6256,142.291,15.0,3.9,2013-06-09T19:27:12.2,36.72,142.26,11.0,3.5,0.4540576071531278,0.9059241029382156
2011-04-01T21:58:59.64,38.6112,142.0206,41.0,3.9,2011-05-01T09:32:11.57,38.6688,141.9635,41.0,3.9,-0.9139148581121852,0.9018973555584332
2011-04-01T22:10:45.16,36.9138,141.9466,19.0,4.0,2020-01-24T03:24:09.8,36.9571,142.0866,7.0,3.9,0.8523162824238018,0.9190855793379764
2011-04-02T07:55:52.83,36.1911,139.8979,52.6,5.0,2020-04-11T15:44:47.18,36.2106,139.9658,54.6,4.8,0.0654302243999479,0.9914656653550828
2011-04-03T00:09:53.99,36.7086,141.8829,19.0,3.6,2011-05-28T08:36:11.07,36.7555,141.792,19.0,3.7,0.2944366854969713,0.9760205141121172
2011-04-03T00:09:53.99,36.7086,141.8829,19.0,3.6,2011-09-12T05:17:01.53,36.7224,141.6241,26.0,3.9,-0.5450471033008859,0.940486892163114
2011-04-03T00:09:53.99,36.7086,141.8829,19.0,3.6,2011-11-02T19:50:18.2,36.7892,141.8547,19.0,3.6,-0.0943763037187638,0.964635550895289
2011-04-03T00:09:53.99,36.7086,141.8829,19.0,3.6,2012-02-12T02:34:42.91,36.5916,141.4581,26.0,3.9,-2.061952475811588,0.9281905957790764
2011-04-03T00:09:53.99,36.7086,141.8829,19.0,3.6,2012-06-21T13:18:41.37,36.7484,141.8691,14.0,3.7,1.5047545696416045,0.9638330329139752
2011-04-03T00:09:53.99,36.7086,141.8829,19.0,3.6,2012-12-13T23:14:16.73,36.7492,141.6704,26.0,3.9,-1.0814351697393003,0.9300347663681806
2011-04-03T00:09:53.99,36.7086,141.8829,19.0,3.6,2013-03-01T03:08:48.07,36.744,141.8133,8.4,3.5,1.3222223881341617,0.901046754283726
2011-04-03T00:09:53.99,36.7086,141.8829,19.0,3.6,2014-11-25T19:38:16.79,36.6906,141.9877,35.0,3.7,-0.9061521946134672,0.940539526277763
2011-04-03T00:09:53.99,36.7086,141.8829,19.0,3.6,2016-06-30T05:55:50.03,36.8974,141.5661,33.0,3.6,-3.534359732753314,0.9342148543965038
2011-04-03T00:09:53.99,36.7086,141.8829,19.0,3.6,2017-04-08T18:55:35.79,36.7682,141.8151,50.0,3.5,-2.276599571796111,0.965678069705816
2011-04-03T00:09:53.99,36.7086,141.8829,19.0,3.6,2018-08-01T00:17:39.3,36.8221,141.8667,6.6,3.9,2.4333964298891457,0.914185196682362
2011-04-03T00:09:53.99,36.7086,141.8829,19.0,3.6,2020-11-29T04:55:02.19,36.7212,141.8765,35.0,3.6,-1.307639095875112,0.9747729893380668
2011-04-03T02:49:29.17,36.2055,139.9347,54.4,4.2,2015-09-02T07:16:53.37,36.2041,139.9697,54.1,3.8,-0.4479976617065147,0.9825259506834884
2011-04-03T02:49:29.17,36.2055,139.9347,54.4,4.2,2019-06-08T03:45:57.99,36.1584,140.001,55.9,4.0,0.0039656080784358,0.9883187633711076
2011-04-03T02:49:29.17,36.2055,139.9347,54.4,4.2,2020-05-18T02:13:02.17,36.2197,139.983,57.3,3.7,0.0384792667341652,0.9137796287313188
2011-04-03T05:40:19.91,38.829,142.0565,49.5,3.9,2011-06-15T15:36:32.64,38.8184,142.1405,46.5,3.8,0.4428049390397848,0.9385602882594136
2011-04-03T05:40:19.91,38.829,142.0565,49.5,3.9,2011-07-22T09:03:08.45,38.8735,142.0398,51.0,3.8,-0.7455310235565404,0.9008019181147712
2011-04-03T05:40:19.91,38.829,142.0565,49.5,3.9,2011-08-21T19:42:35.24,38.8174,142.1138,48.2,3.9,0.6934456548500454,0.9385599364699352
2011-04-03T05:40:19.91,38.829,142.0565,49.5,3.9,2011-11-11T17:24:20.31,38.8512,142.0722,43.8,4.0,0.2021210594047186,0.90248455198058
2011-04-03T05:40:19.91,38.829,142.0565,49.5,3.9,2012-01-15T10:36:46.71,38.8009,142.1518,43.2,3.8,0.795735726094606,0.9170860589628717
2011-04-03T06:27:44.67,35.6994,141.1404,33.0,3.5,2011-07-07T01:47:53.88,35.6639,141.093,31.5,3.5,-0.1837469016314827,0.9719220578238064
2011-04-03T06:27:44.67,35.6994,141.1404,33.0,3.5,2019-04-08T05:23:22.49,35.6825,140.9866,38.3,3.5,-0.912651222601556,0.9782325988993732
2011-04-03T14:20:55.57,36.7812,140.5323,4.7,3.7,2012-03-09T18:15:45.09,36.7947,140.5517,1.1,3.7,-0.0645614585057349,0.972382622911468
2011-04-03T16:52:47.3,36.7683,142.3262,15.0,4.2,2011-05-01T06:12:21.17,36.6952,142.244,26.2,4.1,-2.0357212725987344,0.98300789739466
2011-04-03T16:52:47.3,36.7683,142.3262,15.0,4.2,2011-07-10T19:16:33.69,36.7152,142.2603,11.5,4.3,0.2566997263403134,0.9849532381940208
2011-04-03T16:52:47.3,36.7683,142.3262,15.0,4.2,2012-02-13T16:55:08.37,36.6807,142.3703,2.5,4.4,1.7174524010167975,0.9805352012820008
2011-04-03T16:52:47.3,36.7683,142.3262,15.0,4.2,2013-04-05T14:42:23.36,36.7711,142.2527,10.0,4.4,-0.4068120852863837,0.9806091560238186
2011-04-03T16:52:47.3,36.7683,142.3262,15.0,4.2,2015-06-21T01:57:49.4,36.7053,142.359,10.0,4.4,1.1489348070627017,0.9732094136469576
2011-04-03T16:52:47.3,36.7683,142.3262,15.0,4.2,2019-03-13T04:45:05.98,36.7824,142.2695,35.0,4.2,-3.7436126963691816,0.9761381327009292
2011-04-04T03:28:45.7,38.1477,141.7359,44.7,3.7,2012-08-19T11:40:41.76,38.1975,141.7548,56.1,3.7,-1.3843789829403177,0.9211626526740212
2011-04-04T03:28:45.7,38.1477,141.7359,44.7,3.7,2015-03-26T17:28:26.71,38.1334,141.7882,44.5,3.9,0.2371805599841952,0.9292327678248314
2011-04-04T03:28:45.7,38.1477,141.7359,44.7,3.7,2016-03-13T08:44:10.19,38.1587,141.7287,47.7,3.8,-0.2756044021845141,0.9367854393682148
2011-04-04T03:28:45.7,38.1477,141.7359,44.7,3.7,2017-07-28T22:25:11.01,38.1491,141.7745,45.4,4.2,0.7696994598381235,0.9021163880427858
2011-04-04T03:28:45.7,38.1477,141.7359,44.7,3.7,2019-04-07T18:00:03.03,38.1289,141.7481,47.7,4.0,0.7348521544678505,0.9165421439533245
2011-04-04T04:30:07.43,35.2794,141.1393,25.6,4.3,2016-01-10T09:53:03.03,35.2661,141.1947,18.8,3.8,0.716077786248237,0.9052072327679808
2011-04-04T04:30:07.43,35.2794,141.1393,25.6,4.3,2020-06-04T19:53:51.46,35.2218,141.1744,27.8,3.9,0.0789912069081118,0.922181190857526
2011-04-04T11:46:24.35,36.0846,140.0167,52.3,4.1,2017-11-09T15:37:58.34,36.0898,140.0863,49.0,3.7,0.1095457383889216,0.9883076885691632
2011-04-04T15:47:05.54,37.5831,141.5902,51.0,4.0,2011-05-10T05:40:32.59,37.6111,141.5169,48.3,4.0,-0.356301268636835,0.9651328915053198
2011-04-04T15:47:05.54,37.5831,141.5902,51.0,4.0,2011-08-14T05:14:46.45,37.5975,141.5622,52.6,3.8,0.0020177922320916,0.9805953440223804
2011-04-04T15:47:05.54,37.5831,141.5902,51.0,4.0,2011-12-03T21:04:06.2,37.6057,141.5522,49.1,3.6,-0.0097122140616003,0.95894773697752
2011-04-04T19:30:25.43,35.7374,140.0654,70.8,3.9,2016-10-26T10:12:35.05,35.7612,140.1251,66.7,4.0,0.3349748392487528,0.9202805926889152
2011-04-04T19:50:01.83,36.7071,140.6396,10.7,3.8,2011-05-26T11:12:49.83,36.7544,140.5001,7.4,4.0,0.1403185303812414,0.9369713715206012
2011-04-04T21:52:56.25,38.2675,141.9058,50.7,4.1,2011-11-05T23:43:44.12,38.3183,141.9138,50.9,4.1,-0.5144059849474396,0.9810861245929218
2011-04-04T21:52:56.25,38.2675,141.9058,50.7,4.1,2013-07-18T17:05:03.6,38.39,141.8889,44.6,4.3,0.1350820837807347,0.9807711377274594
2011-04-04T21:52:56.25,38.2675,141.9058,50.7,4.1,2015-11-29T07:38:31.91,38.284,141.9378,48.6,4.1,0.1354395427975594,0.972574486852583
2011-04-04T21:52:56.25,38.2675,141.9058,50.7,4.1,2018-05-28T15:47:04.05,38.2713,141.9966,44.6,4.5,0.8316323587621062,0.9789832767251772
2011-04-05T01:29:11.19,39.6765,142.1065,49.1,4.7,2012-04-11T20:29:17.58,39.6383,142.2162,45.8,4.5,1.1511677212123013,0.985146057504628
2011-04-05T04:32:28.92,36.1297,140.0255,48.8,3.8,2014-09-28T06:09:31.72,36.1741,139.9941,50.6,3.9,-0.0067091900430341,0.9877823848845546
2011-04-05T19:43:39.21,39.7199,142.2783,45.8,4.3,2011-06-01T18:37:00.04,39.6913,142.3154,43.8,4.3,-0.1851417849599218,0.9600887950766244
2011-04-05T19:43:39.21,39.7199,142.2783,45.8,4.3,2011-09-15T14:25:08.65,39.7206,142.3578,48.0,4.1,0.1126534756238248,0.9711133450092178
2011-04-06T03:13:02.63,36.7605,142.0972,36.5,4.4,2011-06-13T11:39:23.68,36.736,142.0525,19.0,4.3,2.6241567394097203,0.9934266873266197
2011-04-06T03:13:02.63,36.7605,142.0972,36.5,4.4,2011-10-20T12:51:50.75,36.718,142.0932,8.1,4.4,4.214692182075737,0.9923240408722191
2011-04-06T03:13:02.63,36.7605,142.0972,36.5,4.4,2012-08-14T13:02:20.69,36.7289,142.2714,19.0,4.4,3.228648174299267,0.9243983667890188
2011-04-06T03:13:02.63,36.7605,142.0972,36.5,4.4,2014-04-01T13:38:33.64,36.7094,142.1799,35.8,4.2,0.6581077870240021,0.978907894531296
2011-04-06T03:13:02.63,36.7605,142.0972,36.5,4.4,2016-05-22T06:11:34.86,36.6508,142.052,19.0,4.1,3.066025137789605,0.95960749653693
2011-04-07T20:47:12.48,37.073,141.2382,51.2,4.3,2020-04-23T01:22:17.95,37.0256,141.2978,46.1,4.0,1.5479010988884612,0.9161595837119404
2011-04-07T23:39:26.66,38.8808,142.0919,51.0,4.1,2011-05-10T19:58:10.22,38.886,141.9967,52.2,4.0,-0.1763574560165004,0.9497276904715184
2011-04-07T23:39:26.66,38.8808,142.0919,51.0,4.1,2011-06-15T12:48:26.66,38.8691,142.0062,54.3,4.0,-0.5874375974116638,0.9128002117620532
2011-04-07T23:39:26.66,38.8808,142.0919,51.0,4.1,2011-07-16T13:23:02.88,38.8939,141.9747,50.4,4.0,-0.39858727321473,0.9175332334192556
2011-04-07T23:39:26.66,38.8808,142.0919,51.0,4.1,2011-12-30T19:11:32.91,38.8454,141.9692,51.0,3.8,-0.2735766307946492,0.9381800908666168
2011-04-07T23:39:26.66,38.8808,142.0919,51.0,4.1,2012-03-03T13:26:18.41,38.8307,142.1137,48.1,3.9,0.1272623226872112,0.9502352856958356
2011-04-07T23:39:26.66,38.8808,142.0919,51.0,4.1,2012-05-03T07:15:45.5,38.888,141.9318,49.4,4.0,-0.8956480203087159,0.9295126947673172
2011-04-07T23:39:26.66,38.8808,142.0919,51.0,4.1,2012-06-26T13:42:50.85,38.8973,142.048,51.9,3.9,-0.2681517555836658,0.9375631944915348
2011-04-07T23:39:26.66,38.8808,142.0919,51.0,4.1,2013-01-05T16:47:09.8,38.9155,142.038,60.9,3.9,-1.1012750541419165,0.9336039070229832
2011-04-07T23:39:26.66,38.8808,142.0919,51.0,4.1,2013-04-01T19:09:37.88,38.8929,142.0591,49.1,4.2,-0.0817425962544911,0.93341758037085
2011-04-07T23:39:26.66,38.8808,142.0919,51.0,4.1,2013-08-26T05:24:27.41,38.9137,141.9411,53.2,3.9,-0.7014806039456476,0.9105081188707516
2011-04-07T23:39:26.66,38.8808,142.0919,51.0,4.1,2014-01-11T15:46:13.72,38.9308,142.0529,48.9,4.0,0.1622630035982772,0.9132298268445772
2011-04-07T23:39:26.66,38.8808,142.0919,51.0,4.1,2014-05-04T07:10:54.85,38.8913,141.9651,52.5,3.9,-0.4397508457959947,0.9198980489496416
2011-04-07T23:39:26.66,38.8808,142.0919,51.0,4.1,2015-08-14T12:13:16.53,38.9145,142.0782,46.6,3.8,0.3212358012899482,0.916275522276006
2011-04-07T23:39:26.66,38.8808,142.0919,51.0,4.1,2016-07-31T16:35:03.05,38.8875,141.9726,51.6,3.8,-0.4975174722080491,0.9240145578769418
2011-04-07T23:39:26.66,38.8808,142.0919,51.0,4.1,2017-08-06T17:55:48.2,38.8687,141.9708,53.1,3.9,0.1025646475369097,0.9125335145921928
2011-04-08T00:56:21.53,36.8355,142.1764,19.0,4.7,2011-06-11T23:13:54.46,36.5992,142.2289,25.3,4.4,0.4633351563894721,0.9633099048863136
2011-04-08T03:00:05.66,37.1463,141.2148,46.1,4.1,2011-06-24T15:22:53.46,37.1009,141.2572,51.9,4.1,-0.0449344958002462,0.9169238749256602
2011-04-08T18:56:56.35,36.1596,140.056,54.7,4.1,2015-06-08T20:44:07.0,36.2449,140.0478,58.7,4.4,0.2303740748857775,0.9759357652859688
2011-04-09T02:33:49.5,39.8567,143.3467,28.3,4.5,2011-09-30T05:09:10.79,39.9554,143.349,14.2,4.4,1.2132596783440976,0.9583743194004136
2011-04-09T02:33:49.5,39.8567,143.3467,28.3,4.5,2018-04-13T03:45:47.96,39.8186,143.3936,6.0,4.8,3.3543587213087527,0.9364863254235516
2011-04-09T08:02:18.64,36.1993,140.0472,58.1,4.3,2012-05-26T12:35:40.35,36.2398,140.066,59.1,3.7,-0.4021875658317232,0.9418380086077448
2011-04-09T08:02:18.64,36.1993,140.0472,58.1,4.3,2018-02-26T23:08:01.57,36.2589,140.1054,56.9,4.4,0.0034496526017897,0.9837887743800656
2011-04-09T14:53:24.62,36.2759,141.8433,13.1,4.3,2011-06-21T21:22:25.46,36.2382,141.9388,27.4,3.9,-1.4916109357014788,0.970662133649127
2011-04-09T14:53:24.62,36.2759,141.8433,13.1,4.3,2011-06-22T02:18:24.15,36.2075,142.0845,23.0,3.8,-0.1352622533538736,0.9090647291605244
2011-04-09T14:53:24.62,36.2759,141.8433,13.1,4.3,2012-11-08T05:38:22.14,36.2959,142.1185,19.0,4.1,0.7533152370886476,0.951080011195327
2011-04-09T14:53:24.62,36.2759,141.8433,13.1,4.3,2016-10-05T11:56:54.81,36.2394,141.9417,27.2,3.9,-1.4936344468549694,0.9543404701418496
2011-04-09T14:53:24.62,36.2759,141.8433,13.1,4.3,2020-07-16T20:22:09.79,36.25,141.9352,23.0,3.8,-0.966823234152648,0.956037752416746
2011-04-09T14:53:24.62,36.2759,141.8433,13.1,4.3,2020-07-16T20:26:18.19,36.1986,142.1537,23.0,4.1,0.2092301343053817,0.9209753210043002
2011-04-10T00:00:54.05,35.709,141.5009,25.0,3.9,2011-05-06T23:24:52.73,35.4453,141.6749,25.0,3.8,1.834395516602675,0.9886402986637094
2011-04-10T00:00:54.05,35.709,141.5009,25.0,3.9,2011-07-18T12:37:10.7,35.5103,141.7596,10.8,3.8,4.140481500750317,0.9940923884458294
2011-04-10T00:00:54.05,35.709,141.5009,25.0,3.9,2013-12-25T02:56:24.36,35.4619,141.8491,22.0,3.7,3.9183726022414582,0.9866101862103588
2011-04-10T00:00:54.05,35.709,141.5009,25.0,3.9,2015-06-23T16:32:14.58,35.4256,141.9292,22.0,3.7,3.5617349439198844,0.9913677925582898
2011-04-10T00:00:54.05,35.709,141.5009,25.0,3.9,2017-12-21T01:23:07.92,35.4923,141.8043,16.7,3.9,3.46161823051948,0.9821663410109072
2011-04-10T03:21:53.66,36.1839,140.0242,54.2,3.5,2012-06-19T17:35:41.8,36.18,140.01,51.0,3.5,-0.4683463795210552,0.9060152609780708
2011-04-10T03:38:20.46,35.7687,140.8496,8.8,3.7,2011-04-10T04:18:03.28,35.7525,140.9283,11.1,3.8,0.5639898093461864,0.9062321836565984
2011-04-10T07:56:00.58,36.3047,142.6163,15.0,3.8,2011-05-24T18:33:38.42,36.338,142.6923,15.0,3.7,0.1867425980921179,0.9594831789518422
2011-04-10T07:56:00.58,36.3047,142.6163,15.0,3.8,2012-04-08T17:42:48.15,36.3198,142.6747,15.0,3.9,-0.1104209920089615,0.9633723131333654
2011-04-10T07:56:00.58,36.3047,142.6163,15.0,3.8,2013-01-16T15:52:52.47,36.2776,142.6554,15.0,3.8,0.0196138150421647,0.952443860571645
2011-04-10T07:56:00.58,36.3047,142.6163,15.0,3.8,2014-04-16T11:23:10.56,36.2696,142.7817,35.0,3.7,-1.058102972763311,0.9477111945630176
2011-04-10T07:56:00.58,36.3047,142.6163,15.0,3.8,2015-12-14T20:32:56.65,36.3929,142.5603,15.0,3.6,-0.190433972902315,0.9502342444101628
2011-04-10T07:56:00.58,36.3047,142.6163,15.0,3.8,2018-02-26T08:44:37.0,36.3658,142.6509,35.0,3.8,-3.087255203086283,0.939369206171956
2011-04-10T19:23:53.26,39.7287,142.566,34.6,4.4,2011-05-25T17:27:35.34,39.7662,142.3942,39.1,3.8,-1.2804054068381765,0.9401644327553004
2011-04-10T19:23:53.26,39.7287,142.566,34.6,4.4,2011-05-29T00:03:06.74,39.8076,142.4017,31.6,4.1,-0.9610759115508604,0.9648029443438284
2011-04-10T19:23:53.26,39.7287,142.566,34.6,4.4,2011-08-03T23:51:51.25,39.7277,142.5954,39.2,4.1,-0.5030144805921364,0.9150738763211804
2011-04-11T16:15:46.43,36.0153,141.9898,23.0,3.7,2011-06-25T16:29:17.72,36.0766,142.01,23.0,3.6,-0.2872422309931106,0.9874296509017022
2011-04-11T16:15:46.43,36.0153,141.9898,23.0,3.7,2012-01-15T21:16:25.21,36.0499,142.1389,23.0,3.5,0.6513551745160022,0.934267658838255
2011-04-11T16:15:46.43,36.0153,141.9898,23.0,3.7,2014-04-15T07:44:30.89,36.0338,142.0466,25.4,3.9,-0.2047193099077425,0.960411666928798
2011-04-11T22:45:29.93,38.553,142.1371,34.4,4.2,2011-06-10T13:39:45.07,38.6012,141.8984,53.6,4.4,-2.589556663907668,0.9020491592121408
2011-04-11T23:59:08.6,36.93,140.66,7.0,3.5,2012-03-11T02:14:16.96,36.9349,140.6585,13.5,3.6,0.3751891180071247,0.904433881945464
2011-04-13T08:26:05.8,38.6226,142.0393,44.4,4.2,2011-05-15T19:07:40.21,38.6425,141.9916,46.1,4.7,-0.2044162020198876,0.9516564163542665
2011-04-13T20:02:30.28,39.5434,143.4931,14.8,5.3,2012-05-22T07:18:30.69,39.6696,143.3276,20.8,5.0,-2.31748620846679,0.9796851189736252
2011-04-13T20:02:30.28,39.5434,143.4931,14.8,5.3,2014-11-23T13:34:55.29,39.5793,143.4258,25.0,5.1,-1.9950047301415448,0.9560911284971014
2011-04-14T04:13:42.33,36.0878,142.1411,15.9,4.3,2011-06-02T00:05:59.25,36.0901,142.137,2.4,3.8,2.061095620856574,0.9826542803418168
2011-04-14T04:13:42.33,36.0878,142.1411,15.9,4.3,2012-01-07T21:30:09.91,36.0791,142.0999,23.4,4.2,-1.535890342386415,0.988880146518602
2011-04-14T04:13:42.33,36.0878,142.1411,15.9,4.3,2013-02-04T02:40:32.04,36.1252,142.0746,23.0,4.4,-1.3808624081244274,0.9830257068996722
2011-04-14T04:13:42.33,36.0878,142.1411,15.9,4.3,2016-09-23T02:26:01.64,36.203,142.0618,23.0,4.1,-1.806030327967877,0.957282141168097
2011-04-14T04:13:42.33,36.0878,142.1411,15.9,4.3,2019-10-16T01:07:08.01,36.0603,142.1043,23.0,3.8,-0.7932158707235734,0.9679631268667308
2011-04-14T04:46:31.72,39.7411,142.9956,19.0,4.7,2011-09-23T18:35:09.66,39.6195,143.2089,26.9,4.7,0.0425795598861857,0.9462114337302234
2011-04-14T23:50:08.28,36.5256,142.2766,50.0,4.7,2011-09-05T19:49:14.91,36.471,142.6035,23.4,4.6,3.2891284835397427,0.9175893128213406
2011-04-14T23:50:08.28,36.5256,142.2766,50.0,4.7,2019-11-03T01:47:09.16,36.4943,142.6275,13.8,4.2,4.165107558162642,0.9319076048503202
2011-04-15T00:56:26.72,36.4472,142.5414,30.1,4.4,2011-10-29T22:16:01.92,36.4796,142.5301,38.8,4.1,-1.2553059134223417,0.9341195838920088
2011-04-15T00:56:26.72,36.4472,142.5414,30.1,4.4,2012-07-25T20:00:15.47,36.4392,142.5273,30.8,4.6,0.348551535364177,0.916560460711374
2011-04-15T00:56:26.72,36.4472,142.5414,30.1,4.4,2014-03-22T13:38:43.77,36.3972,142.5673,15.0,3.9,2.492542431150396,0.9473344202666724
2011-04-15T00:56:26.72,36.4472,142.5414,30.1,4.4,2019-11-03T01:37:55.92,36.4661,142.6718,14.2,3.9,3.147778641236739,0.9516316039371772
2011-04-15T23:40:10.86,36.7084,141.7117,15.6,3.6,2011-04-16T01:19:29.4,36.69,141.48,36.0,3.5,-3.759516506619888,0.9101705969383976
2011-04-16T13:22:52.13,37.4785,141.5401,2.1,3.5,2011-04-26T18:17:56.65,37.4386,141.3818,10.2,4.0,-1.720826534994093,0.9307562630535248
2011-04-16T13:36:37.69,39.5805,142.0666,50.5,3.8,2011-10-23T18:58:35.13,39.6388,142.2386,53.5,4.2,-0.0703706982235152,0.9109100140004104
2011-04-16T13:36:37.69,39.5805,142.0666,50.5,3.8,2013-05-18T15:51:01.28,39.6298,142.1197,53.3,4.0,-0.5343127074693187,0.9126208256397808
2011-04-16T13:36:37.69,39.5805,142.0666,50.5,3.8,2016-07-03T09:06:01.44,39.6391,142.159,50.0,4.1,-0.2951904327620849,0.91018187419951
2011-04-16T20:54:09.33,38.632,141.9609,48.4,4.0,2011-05-31T23:53:57.73,38.5904,142.0398,41.0,4.2,0.9308274890334094,0.960466251999984
2011-04-16T20:54:09.33,38.632,141.9609,48.4,4.0,2011-07-31T12:40:04.47,38.6341,141.9757,50.8,4.1,-0.3349420927354949,0.9116888911653314
2011-04-17T01:30:28.71,37.768,143.774,35.0,3.7,2012-12-31T17:43:13.33,37.7315,143.6645,35.0,3.7,0.3864423313247396,0.9366966819994552
2011-04-17T01:54:21.26,39.9778,143.5041,26.2,4.5,2011-09-06T10:47:26.71,39.9805,143.6495,18.6,4.5,0.7428401925278136,0.9501750237726732
2011-04-17T01:54:21.26,39.9778,143.5041,26.2,4.5,2012-05-08T15:29:45.33,39.9442,143.6423,23.1,4.3,0.9074785521513806,0.9687133537698712
2011-04-17T01:54:21.26,39.9778,143.5041,26.2,4.5,2017-05-21T05:05:33.09,39.9074,143.7425,17.1,4.3,2.061614658260237,0.9102830708630504
2011-04-17T03:43:58.29,36.8835,140.6164,2.4,3.7,2011-12-30T23:11:05.91,36.8311,140.6548,16.5,4.5,-2.039267629881832,0.901149773086184
2011-04-18T17:37:07.75,35.5528,139.6673,83.3,4.2,2020-06-06T13:48:30.5,35.5118,139.6455,88.6,3.6,0.6981489434142168,0.9622164379789706
2011-04-19T00:46:55.24,36.0791,140.0312,71.8,3.6,2011-08-10T06:17:33.35,36.0728,140.0259,72.1,3.7,0.0293470053627736,0.9030798847043684
2011-04-19T12:55:32.52,40.0656,142.1267,45.3,4.3,2012-06-03T04:07:07.42,40.1096,142.0896,47.4,4.2,-0.3192709114565394,0.9811566757961456
2011-04-19T12:55:32.52,40.0656,142.1267,45.3,4.3,2013-10-09T22:46:38.45,40.0482,142.1702,59.5,4.4,-0.8450356071685614,0.9680433030838238
2011-04-19T12:55:32.52,40.0656,142.1267,45.3,4.3,2016-05-24T09:48:03.35,40.0766,142.0986,48.7,4.8,0.158667891242314,0.9829854458835116
2011-04-19T12:55:32.52,40.0656,142.1267,45.3,4.3,2019-05-08T00:20:00.47,40.0415,142.1341,50.4,4.8,-0.370098581232991,0.9720185165328769
2011-04-19T14:10:18.91,36.1706,139.811,57.3,5.0,2019-01-14T04:23:40.86,36.1488,139.7988,55.4,4.8,0.2806351617897459,0.9731951400028978
2011-04-19T19:29:22.85,37.0774,141.2301,50.9,4.4,2011-08-06T14:45:36.32,37.0478,141.2794,53.9,4.3,-0.2171027890728584,0.9937789051016312
2011-04-19T19:29:22.85,37.0774,141.2301,50.9,4.4,2012-01-26T12:22:13.38,36.9898,141.4008,29.7,4.2,2.787355866044477,0.9915410800731208
2011-04-19T19:29:22.85,37.0774,141.2301,50.9,4.4,2013-05-16T07:39:53.03,37.0428,141.3346,49.5,4.1,0.1611896638425819,0.9914539279064138
2011-04-19T19:29:22.85,37.0774,141.2301,50.9,4.4,2014-06-06T23:58:55.4,37.004,141.35,48.4,4.0,2.3321507307474283,0.9786163615022306
2011-04-19T19:29:22.85,37.0774,141.2301,50.9,4.4,2015-01-21T23:05:26.5,37.0085,141.3157,41.6,4.0,1.2293064332741357,0.9803080886869844
2011-04-19T19:29:22.85,37.0774,141.2301,50.9,4.4,2016-06-10T04:16:33.66,37.051,141.1959,46.9,4.4,0.2150757001219057,0.9742249368603316
2011-04-19T19:29:22.85,37.0774,141.2301,50.9,4.4,2017-10-19T12:50:27.83,37.0376,141.2357,38.5,4.6,0.9965499064466437,0.9893959480356488
2011-04-19T19:29:22.85,37.0774,141.2301,50.9,4.4,2018-12-21T04:13:30.99,37.0541,141.2699,44.9,4.4,0.537075455984503,0.980024340046912
2011-04-20T04:12:21.99,36.2978,141.8611,19.0,3.6,2019-12-10T09:39:59.41,36.096,142.129,23.0,3.6,1.6160428734745127,0.9520277770484884
2011-04-20T20:54:40.24,36.1948,142.0259,23.0,3.9,2019-12-10T09:46:44.13,36.1691,141.9833,23.0,3.6,-0.1331599037282358,0.9579191855044707
2011-04-22T01:17:31.05,36.4576,140.6865,56.0,4.1,2012-12-28T07:30:01.07,36.4739,140.6,55.8,4.0,-0.7226766081232372,0.9491783061416396
2011-04-22T01:17:31.05,36.4576,140.6865,56.0,4.1,2014-01-23T16:10:52.95,36.4686,140.6923,56.4,3.9,0.0772368093573889,0.9815484174060418
2011-04-22T01:17:31.05,36.4576,140.6865,56.0,4.1,2015-03-31T03:59:58.2,36.4828,140.5857,56.6,3.9,-0.6082024358950509,0.9111905131045066
2011-04-22T01:17:31.05,36.4576,140.6865,56.0,4.1,2017-08-04T22:55:18.61,36.4892,140.5693,57.1,4.1,-0.568427698510991,0.9295970090478008
2011-04-22T01:17:31.05,36.4576,140.6865,56.0,4.1,2020-09-17T05:00:36.68,36.5084,140.5078,55.4,4.4,-0.9046535421209436,0.9419292304778004
2011-04-22T03:12:54.53,38.525,141.909,47.7,4.4,2011-07-25T20:39:54.83,38.5446,141.8238,43.3,4.6,0.1334612132501845,0.9450571976384496
2011-04-22T03:12:54.53,38.525,141.909,47.7,4.4,2015-09-05T03:13:13.36,38.5108,141.916,48.6,4.5,0.0408471806761424,0.9155733154822407
2011-04-22T15:58:15.35,36.9576,141.0919,46.7,3.7,2011-05-27T08:51:47.3,36.9449,141.2819,39.6,3.5,0.9641446248801476,0.9175100618596884
2011-04-22T22:59:18.27,36.694,142.2908,19.0,4.0,2011-06-10T18:33:23.56,36.817,142.1446,28.3,4.7,-1.905820022244543,0.9528876178348524
2011-04-22T22:59:18.27,36.694,142.2908,19.0,4.0,2011-09-10T06:21:40.26,36.7413,142.3261,19.0,4.5,-0.4322707755115151,0.942496251128934
2011-04-22T22:59:18.27,36.694,142.2908,19.0,4.0,2012-03-09T05:31:48.78,36.8324,142.1271,28.8,4.7,-2.27081681255583,0.957483617687882
2011-04-22T22:59:18.27,36.694,142.2908,19.0,4.0,2013-04-27T23:54:22.51,36.7985,142.1611,29.0,4.7,-2.369236384230632,0.9599096206887398
2011-04-23T11:38:09.2,36.6499,142.1873,1.6,4.4,2011-07-03T16:17:54.73,36.6755,142.2543,15.0,4.2,-2.1032488311501667,0.9839801094118962
2011-04-23T11:38:09.2,36.6499,142.1873,1.6,4.4,2011-11-02T10:05:00.96,36.6322,142.1434,19.0,4.2,-3.7148491550995297,0.9824243710915728
2011-04-23T11:38:09.2,36.6499,142.1873,1.6,4.4,2012-07-24T17:28:07.2,36.6507,142.2213,24.9,4.2,-3.6431561651098994,0.965484445031756
2011-04-23T11:38:09.2,36.6499,142.1873,1.6,4.4,2014-08-03T18:08:26.82,36.6828,142.0384,19.0,4.0,-3.150697231555559,0.9776478798834644
2011-04-23T11:38:09.2,36.6499,142.1873,1.6,4.4,2017-06-28T15:44:33.11,36.7433,141.9148,35.0,4.0,-6.216226808213121,0.9561619469931562
2011-04-23T14:45:34.76,37.313,141.4715,37.9,3.8,2011-07-10T18:04:15.0,37.328,141.4139,28.4,3.6,1.1880597603277698,0.9051927812249044
2011-04-24T09:08:09.73,36.723,142.2379,19.0,3.8,2011-06-21T17:49:31.52,36.6742,142.3134,15.0,3.5,1.0813175453111463,0.9324074797806288
2011-04-24T09:08:09.73,36.723,142.2379,19.0,3.8,2011-08-12T17:56:32.96,36.7205,142.3465,15.0,3.9,0.5363806886197287,0.9547484366755808
2011-04-24T09:08:09.73,36.723,142.2379,19.0,3.8,2015-06-21T14:18:10.47,36.7009,142.4759,15.0,3.7,1.9330482881727824,0.9644908832399116
2011-04-24T09:08:09.73,36.723,142.2379,19.0,3.8,2018-04-21T15:06:37.08,36.6731,142.3717,15.0,3.9,1.2044835623760286,0.9637877547543025
2011-04-24T13:48:29.59,36.6587,142.3425,15.0,3.7,2011-08-12T23:30:40.3,36.71,142.4,14.0,3.6,1.1498439636347693,0.908085593403686
2011-04-24T13:48:29.59,36.6587,142.3425,15.0,3.7,2013-06-09T19:27:12.2,36.72,142.26,11.0,3.5,0.0426121994986504,0.90145105386676
2011-04-25T06:41:23.13,36.7009,141.8118,26.3,4.5,2011-08-01T04:29:20.27,36.6929,141.7748,27.3,4.8,0.2164313133589994,0.9341525657403016
2011-04-25T06:41:23.13,36.7009,141.8118,26.3,4.5,2012-03-08T18:42:51.31,36.7837,141.6732,33.0,3.9,-1.703081839368778,0.9391731848722944
2011-04-25T06:41:23.13,36.7009,141.8118,26.3,4.5,2013-03-07T10:05:38.6,36.72,141.87,39.0,3.7,1.4599880578169653,0.9251466512445636
2011-04-26T17:17:34.91,36.2071,139.9512,58.1,3.6,2019-10-19T12:10:32.54,36.2256,139.9451,55.0,3.7,-0.3303060486931025,0.9927190302859638
2011-04-26T17:17:34.91,36.2071,139.9512,58.1,3.6,2020-06-07T15:17:46.02,36.2384,139.9043,56.5,3.5,-0.5844160876696953,0.990801619016494
2011-04-27T08:35:36.34,35.6774,140.8725,43.6,3.6,2018-12-31T21:53:35.92,35.6636,140.8119,48.3,3.5,-0.4617588509437429,0.994591309089522
2011-04-27T19:27:14.12,36.2921,141.9948,19.0,3.8,2011-06-08T10:44:52.72,36.2957,141.9451,19.0,3.5,-0.6621976766294608,0.9253933568307396
2011-04-28T16:40:45.65,36.6401,141.8181,19.0,3.8,2011-07-09T03:46:28.16,36.7412,142.0387,19.0,3.7,0.4280193021979834,0.9603304917894768
2011-04-28T16:40:45.65,36.6401,141.8181,19.0,3.8,2012-02-23T12:26:29.66,36.681,142.0847,19.0,3.7,0.7588038423472554,0.9473966998740458
2011-04-28T20:20:03.7,36.7,142.1,27.0,3.7,2011-05-05T20:10:56.14,36.6316,142.1721,1.3,4.1,3.0173267037731764,0.9304416107702984
2011-04-28T20:20:03.7,36.7,142.1,27.0,3.7,2012-11-17T09:26:43.4,36.71,142.05,37.0,3.6,-0.7872247538573895,0.9173706881238622
2011-04-29T22:19:31.13,38.8624,142.0702,43.7,5.2,2011-07-24T15:07:09.31,38.8871,142.061,49.6,5.2,-0.3690201310326303,0.9781520794033114
2011-04-29T22:19:31.13,38.8624,142.0702,43.7,5.2,2011-11-26T01:43:20.11,38.8117,142.2017,44.0,4.5,0.4943711297128798,0.9009450576569874
2011-04-29T22:19:31.13,38.8624,142.0702,43.7,5.2,2012-06-24T01:29:14.59,38.8459,142.2304,46.6,4.8,-0.0457213599961028,0.9151765163782032
2011-04-30T11:13:50.97,35.1746,141.687,25.5,4.9,2011-10-31T09:02:29.62,35.1139,141.6598,34.9,4.7,-1.8474187415169647,0.9136182529897748
2011-04-30T18:08:46.55,39.9323,143.5636,6.0,4.3,2013-09-19T18:00:04.68,39.8322,143.516,1.8,4.3,0.6686965763872614,0.9009419538457591
2011-05-01T01:27:44.62,35.8962,140.9588,31.6,4.5,2012-01-05T20:55:47.41,35.8821,140.9612,47.9,4.5,-1.8336371664708304,0.9987774069402314
2011-05-01T01:27:44.62,35.8962,140.9588,31.6,4.5,2014-06-28T07:11:49.56,35.9408,140.889,34.7,4.5,-0.873058646983009,0.996802654119743
2011-05-01T01:45:17.3,35.8799,139.7916,82.3,4.2,2015-03-23T12:40:29.2,35.9048,139.8712,82.1,3.9,0.9046848130491952,0.9961577763640715
2011-05-01T06:12:21.17,36.6952,142.244,26.2,4.1,2011-07-10T19:16:33.69,36.7152,142.2603,11.5,4.3,2.2925564115150694,0.9880629604613088
2011-05-01T06:12:21.17,36.6952,142.244,26.2,4.1,2012-02-13T16:55:08.37,36.6807,142.3703,2.5,4.4,3.753112037761722,0.985604920124192
2011-05-01T06:12:21.17,36.6952,142.244,26.2,4.1,2013-04-05T14:42:23.36,36.7711,142.2527,10.0,4.4,1.6285720248289604,0.9865584881531612
2011-05-01T06:12:21.17,36.6952,142.244,26.2,4.1,2015-06-21T01:57:49.4,36.7053,142.359,10.0,4.4,3.1845245837099645,0.9765563715798938
2011-05-01T06:12:21.17,36.6952,142.244,26.2,4.1,2019-03-13T04:45:05.98,36.7824,142.2695,35.0,4.2,-1.7085405766260706,0.9842753060291852
2011-05-01T10:22:40.66,35.9031,140.7592,32.5,4.4,2011-12-25T17:41:37.8,35.9437,140.893,43.6,4.5,-0.8100733415981187,0.975024272768614
2011-05-01T10:22:40.66,35.9031,140.7592,32.5,4.4,2016-11-14T16:15:47.19,35.8635,140.7718,49.4,4.7,-0.9308155349029188,0.9939753619516588
2011-05-01T23:25:26.23,37.7351,141.8229,40.5,4.1,2013-06-02T08:19:42.27,37.7882,141.7187,43.7,3.9,-0.961371975286492,0.972777758870981
2011-05-02T09:09:13.31,39.6723,143.3843,48.3,4.3,2012-02-29T11:31:36.19,39.6482,143.4333,29.2,4.6,2.4245209207501635,0.9270085097294478
2011-05-02T11:29:48.81,38.5937,141.9804,43.8,4.3,2011-06-10T13:39:45.07,38.6012,141.8984,53.6,4.4,-0.4629677196606637,0.91303233806689
2011-05-02T21:25:49.66,40.0658,142.6678,38.4,5.1,2011-12-20T06:26:21.37,40.1023,142.7107,41.7,5.0,-0.3500657816499167,0.987970826285173
2011-05-02T21:25:49.66,40.0658,142.6678,38.4,5.1,2014-01-16T01:12:15.39,40.0813,142.7638,27.9,5.1,1.6656367112185249,0.9733378196345104
2011-05-03T06:20:54.44,36.387,142.7469,15.0,3.6,2011-08-13T09:09:31.73,36.4126,142.779,29.0,3.5,-1.6889674798207968,0.9720102726194264
2011-05-03T06:20:54.44,36.387,142.7469,15.0,3.6,2012-03-12T07:07:45.7,36.4411,142.6338,15.0,3.6,-0.6421810970979605,0.9079467185456754
2011-05-03T11:44:08.76,37.4845,141.48,57.5,4.3,2012-01-01T12:06:40.45,37.5045,141.5147,41.3,3.5,1.192801573896353,0.9418243250109553
2011-05-03T11:44:08.76,37.4845,141.48,57.5,4.3,2012-04-20T01:34:07.44,37.5052,141.4787,45.8,3.9,0.7847131686737823,0.931988073837361
2011-05-03T11:44:08.76,37.4845,141.48,57.5,4.3,2012-10-07T17:32:24.57,37.4943,141.4312,50.4,4.0,0.4615900417222691,0.9699430612293384
2011-05-03T23:58:07.59,36.9095,141.5524,33.0,4.1,2011-09-12T05:17:01.53,36.7224,141.6241,26.0,3.9,3.439019662845552,0.9036616153821012
2011-05-03T23:58:07.59,36.9095,141.5524,33.0,4.1,2012-02-12T02:34:42.91,36.5916,141.4581,26.0,3.9,1.9296612884699664,0.902368369556546
2011-05-03T23:58:07.59,36.9095,141.5524,33.0,4.1,2012-07-25T12:22:28.23,36.6985,141.8009,19.0,3.9,5.520152486430133,0.963167397297694
2011-05-03T23:58:07.59,36.9095,141.5524,33.0,4.1,2012-12-13T23:14:16.73,36.7492,141.6704,26.0,3.9,2.905109062178029,0.9169927756698344
2011-05-03T23:58:07.59,36.9095,141.5524,33.0,4.1,2014-02-05T00:41:08.41,36.6921,141.9058,19.0,3.9,4.700502748374017,0.9260973089497212
2011-05-03T23:58:07.59,36.9095,141.5524,33.0,4.1,2016-06-20T00:27:13.8,36.7368,141.7951,19.0,3.7,3.68720821468117,0.9211409412983488
2011-05-04T13:18:49.37,38.9089,142.0262,44.0,4.2,2011-05-31T17:15:16.94,38.8977,141.9995,44.6,4.1,-0.0063647736968973,0.9071790847391
2011-05-04T16:45:04.63,36.1972,142.5256,2.2,3.8,2012-11-12T20:00:02.71,36.1495,142.5702,12.5,3.6,-0.6935161912765857,0.9090314338577176
2011-05-04T16:45:04.63,36.1972,142.5256,2.2,3.8,2017-08-02T15:11:50.66,36.2543,142.7858,35.0,3.7,-2.84765295234854,0.924397137526537
2011-05-05T02:09:21.58,36.9824,142.3342,10.5,4.2,2011-08-12T19:01:20.3,37.0217,142.2011,37.8,3.9,-4.727046680680372,0.9879930799777604
2011-05-05T02:09:21.58,36.9824,142.3342,10.5,4.2,2016-06-26T23:41:40.74,36.97,142.2289,24.5,4.4,-2.9910436115178816,0.9757952558122978
2011-05-05T04:28:54.41,35.8783,140.9333,46.3,3.6,2012-01-09T09:23:29.94,35.8873,140.9177,30.9,3.6,0.7354446284379716,0.9858097175026526
2011-05-05T04:28:54.41,35.8783,140.9333,46.3,3.6,2014-01-15T12:04:39.55,35.9442,140.9239,41.2,3.7,-0.836114521204447,0.9844104470251042
2011-05-05T04:28:54.41,35.8783,140.9333,46.3,3.6,2016-11-19T23:09:27.44,35.8538,140.9332,41.9,3.6,0.065218837269086,0.9890199397782736
2011-05-05T11:02:10.47,36.9426,141.2762,41.0,3.9,2011-06-29T14:19:34.05,36.9621,141.1264,46.4,3.9,-1.415761131902742,0.9882385857557728
2011-05-05T11:02:10.47,36.9426,141.2762,41.0,3.9,2011-09-29T18:29:59.67,36.9597,141.1662,48.5,3.9,-0.3343544139194674,0.9824908989441226
2011-05-05T11:02:10.47,36.9426,141.2762,41.0,3.9,2011-12-31T05:48:40.29,36.9568,141.1628,45.2,3.7,-0.8050106712183271,0.9806323922651382
2011-05-05T11:02:10.47,36.9426,141.2762,41.0,3.9,2012-06-26T08:46:42.01,36.9591,141.152,46.7,3.8,-1.0565750082998568,0.9599750721387472
2011-05-05T20:10:56.14,36.6316,142.1721,1.3,4.1,2012-11-17T09:26:43.4,36.71,142.05,37.0,3.6,-3.8049862417764646,0.9425582054962658
2011-05-05T20:10:56.14,36.6316,142.1721,1.3,4.1,2015-03-20T11:44:16.9,36.7245,142.1693,19.0,4.2,-3.3791169860795893,0.9490548295583634
2011-05-05T20:15:10.41,36.7282,142.3,15.0,4.2,2011-06-10T18:33:23.56,36.817,142.1446,28.3,4.7,-2.110895971726181,0.9460652630407476
2011-05-05T20:15:10.41,36.7282,142.3,15.0,4.2,2011-09-10T06:21:40.26,36.7413,142.3261,19.0,4.5,-0.6362593869726063,0.9652435724895086
2011-05-05T20:15:10.41,36.7282,142.3,15.0,4.2,2012-03-09T05:31:48.78,36.8324,142.1271,28.8,4.7,-2.482756834742145,0.9660149108631744
2011-05-05T20:15:10.41,36.7282,142.3,15.0,4.2,2013-04-27T23:54:22.51,36.7985,142.1611,29.0,4.7,-2.5822873315017807,0.9535635226775068
2011-05-05T20:15:10.41,36.7282,142.3,15.0,4.2,2017-02-28T08:08:27.75,36.7804,142.19,35.0,4.6,-3.2217088023779445,0.9765044477724324
2011-05-05T22:20:02.14,39.1083,142.9893,37.7,3.9,2012-06-17T16:20:16.06,39.1357,143.012,16.0,4.2,3.223769118432696,0.9210393379827628
2011-05-05T22:20:02.14,39.1083,142.9893,37.7,3.9,2013-07-14T17:35:37.92,39.1736,142.9602,10.8,4.1,3.6424052687958985,0.9128890975386068
2011-05-06T23:24:52.73,35.4453,141.6749,25.0,3.8,2011-07-18T12:37:10.7,35.5103,141.7596,10.8,3.8,2.3056327169988378,0.9858283929287298
2011-05-06T23:24:52.73,35.4453,141.6749,25.0,3.8,2013-12-25T02:56:24.36,35.4619,141.8491,22.0,3.7,2.082984812180908,0.9790700312031738
2011-05-06T23:24:52.73,35.4453,141.6749,25.0,3.8,2015-06-23T16:32:14.58,35.4256,141.9292,22.0,3.7,1.7269585393806897,0.9834603577644732
2011-05-06T23:24:52.73,35.4453,141.6749,25.0,3.8,2017-12-21T01:23:07.92,35.4923,141.8043,16.7,3.9,1.6263696365901057,0.9777186410448676
2011-05-06T23:24:52.73,35.4453,141.6749,25.0,3.8,2019-09-14T18:47:39.15,35.5306,142.0155,22.0,3.7,2.1110336830477348,0.9854970943597574
2011-05-07T19:56:25.7,36.1235,141.927,23.0,3.9,2012-03-28T05:14:01.39,36.0276,141.9574,23.0,3.9,0.3099756140798855,0.9740344652706446
2011-05-07T22:45:35.64,39.5359,143.445,11.0,4.3,2012-03-09T17:16:09.25,39.5029,143.3196,11.0,4.4,-0.4953957381003085,0.936760269790493
2011-05-08T04:53:42.49,37.039,141.0768,50.8,4.4,2011-06-24T14:46:53.15,37.0139,141.1132,50.9,4.3,0.4270386879454005,0.9928533448870612
2011-05-08T04:53:42.49,37.039,141.0768,50.8,4.4,2013-08-28T15:20:59.24,36.9942,141.226,43.5,3.9,0.9912217654634669,0.9204071773584688
2011-05-08T19:30:19.61,36.2616,141.4097,26.0,3.8,2014-03-12T09:35:08.88,36.1765,141.5763,24.7,3.7,1.1493344057748762,0.9476300062314488
2011-05-08T19:30:19.61,36.2616,141.4097,26.0,3.8,2020-06-30T13:32:09.36,36.2392,141.5349,26.0,3.5,0.9901892996558884,0.948833649687278
2011-05-09T00:05:43.65,36.5153,142.0594,19.0,3.9,2011-06-25T07:44:44.69,36.6811,141.985,19.0,3.8,-1.0252583128208723,0.9425329015837408
2011-05-09T02:19:18.9,36.3856,141.1499,19.0,3.7,2013-10-04T19:34:18.17,36.3591,141.1845,31.1,4.0,-1.598290587822881,0.93173117673573
2011-05-09T02:19:18.9,36.3856,141.1499,19.0,3.7,2018-10-29T12:25:22.03,36.4187,141.1,39.1,4.3,-3.3288355471179423,0.931487173603466
2011-05-09T14:53:26.08,36.1407,141.9416,23.0,3.5,2011-10-06T12:30:21.06,36.1524,141.9604,23.0,3.6,-0.1601253881693611,0.911128111289395
2011-05-10T05:40:32.59,37.6111,141.5169,48.3,4.0,2011-08-14T05:14:46.45,37.5975,141.5622,52.6,3.8,0.3590003011534086,0.952186973355764
2011-05-10T05:40:32.59,37.6111,141.5169,48.3,4.0,2011-12-03T21:04:06.2,37.6057,141.5522,49.1,3.6,0.3476205672337148,0.9203032706165534
2011-05-10T07:31:56.68,35.182,141.3701,27.0,3.7,2015-06-26T14:07:31.84,35.1841,141.3518,13.7,3.5,2.007811598237558,0.9370542497248742
2011-05-10T16:12:36.33,36.6892,142.0545,25.8,4.3,2011-07-29T18:27:47.13,36.699,141.94,24.8,4.7,-0.1927992780596341,0.9877041673857728
2011-05-10T16:12:36.33,36.6892,142.0545,25.8,4.3,2012-01-11T01:33:38.03,36.6519,142.0174,24.2,4.3,-0.0866814224938805,0.97943761717122
2011-05-10T16:12:36.33,36.6892,142.0545,25.8,4.3,2012-11-07T15:17:13.16,36.6753,142.041,36.1,4.2,-1.5383051575593396,0.9867762122900532
2011-05-10T16:12:36.33,36.6892,142.0545,25.8,4.3,2013-10-19T05:44:49.87,36.671,141.9703,19.0,4.2,0.7690574031837925,0.9719524029400768
2011-05-10T16:12:36.33,36.6892,142.0545,25.8,4.3,2015-10-05T00:26:19.15,36.6471,142.0795,15.2,4.3,1.4647870804528835,0.9751550139309934
2011-05-10T16:12:36.33,36.6892,142.0545,25.8,4.3,2017-07-24T17:53:44.73,36.7343,142.2315,19.0,4.0,1.8858659266252875,0.9696813928692536
2011-05-10T16:12:36.33,36.6892,142.0545,25.8,4.3,2020-04-27T13:23:57.13,36.6595,142.0661,19.0,4.3,1.1405294028870794,0.979685291092877
2011-05-10T19:58:10.22,38.886,141.9967,52.2,4.0,2011-06-15T12:48:26.66,38.8691,142.0062,54.3,4.0,-0.4107602575124134,0.9465311154624304
2011-05-10T19:58:10.22,38.886,141.9967,52.2,4.0,2011-07-16T13:23:02.88,38.8939,141.9747,50.4,4.0,-0.221006454159638,0.9348716905419144
2011-05-10T19:58:10.22,38.886,141.9967,52.2,4.0,2011-11-11T07:52:11.62,38.9187,141.9048,50.1,3.9,-1.0984544316487832,0.9197316252155128
2011-05-10T19:58:10.22,38.886,141.9967,52.2,4.0,2011-12-30T19:11:32.91,38.8454,141.9692,51.0,3.8,-0.096456217371576,0.9660699987162364
2011-05-10T19:58:10.22,38.886,141.9967,52.2,4.0,2012-03-03T13:26:18.41,38.8307,142.1137,48.1,3.9,0.304243147286231,0.976955641428744
2011-05-10T19:58:10.22,38.886,141.9967,52.2,4.0,2012-05-03T07:15:45.5,38.888,141.9318,49.4,4.0,-0.7176112210722922,0.9528984439908932
2011-05-10T19:58:10.22,38.886,141.9967,52.2,4.0,2012-06-26T13:42:50.85,38.8973,142.048,51.9,3.9,-0.0926122650945888,0.9646165132816158
2011-05-10T19:58:10.22,38.886,141.9967,52.2,4.0,2013-01-05T16:47:09.8,38.9155,142.038,60.9,3.9,-0.9244689879913388,0.961830221429088
2011-05-10T19:58:10.22,38.886,141.9967,52.2,4.0,2013-04-01T19:09:37.88,38.8929,142.0591,49.1,4.2,0.0939651377646617,0.957836943603919
2011-05-10T19:58:10.22,38.886,141.9967,52.2,4.0,2013-08-26T05:24:27.41,38.9137,141.9411,53.2,3.9,-0.5228941445149597,0.917641399266626
2011-05-10T19:58:10.22,38.886,141.9967,52.2,4.0,2014-01-11T15:46:13.72,38.9308,142.0529,48.9,4.0,0.3390030321380449,0.94683234449413
2011-05-10T19:58:10.22,38.886,141.9967,52.2,4.0,2014-05-04T07:10:54.85,38.8913,141.9651,52.5,3.9,-0.2638774729142703,0.9292012960638064
2011-05-10T19:58:10.22,38.886,141.9967,52.2,4.0,2015-08-14T12:13:16.53,38.9145,142.0782,46.6,3.8,0.4975433835299062,0.9393102826797446
2011-05-10T19:58:10.22,38.886,141.9967,52.2,4.0,2015-12-15T22:41:36.38,38.9033,141.9771,49.6,3.8,-0.3204746910252111,0.9048995996485276
2011-05-10T19:58:10.22,38.886,141.9967,52.2,4.0,2016-07-31T16:35:03.05,38.8875,141.9726,51.6,3.8,-0.3219192175524227,0.934037720210188
2011-05-10T19:58:10.22,38.886,141.9967,52.2,4.0,2017-08-06T17:55:48.2,38.8687,141.9708,53.1,3.9,0.2790825651401772,0.9247332175393722
2011-05-10T19:58:10.22,38.886,141.9967,52.2,4.0,2019-09-27T11:11:01.95,38.8949,141.9515,48.9,4.0,-0.256368049447354,0.9063138430461852
2011-05-11T18:21:47.54,38.5256,141.8706,52.3,4.6,2011-09-20T20:59:04.21,38.5593,141.8434,52.3,4.8,-0.4326465643958098,0.96904160007162
2011-05-11T18:21:47.54,38.5256,141.8706,52.3,4.6,2012-03-08T03:23:28.39,38.5739,141.8401,55.7,4.8,-0.7926859169137708,0.9682547859767064
2011-05-11T18:21:47.54,38.5256,141.8706,52.3,4.6,2015-03-19T01:33:54.21,38.4888,141.9534,56.2,4.8,0.0600584503060451,0.9710362839929524
2011-05-11T18:21:47.54,38.5256,141.8706,52.3,4.6,2016-05-04T16:10:19.95,38.5338,141.8718,47.1,4.7,0.52465757274117,0.9663560216176612
2011-05-11T18:21:47.54,38.5256,141.8706,52.3,4.6,2017-02-06T02:27:28.33,38.5089,141.8324,58.5,4.4,-0.5860830409983395,0.9246202102719598
2011-05-11T18:21:47.54,38.5256,141.8706,52.3,4.6,2019-12-26T09:26:39.15,38.5526,141.7915,60.0,4.7,-1.0955720204042891,0.9579650652193572
2011-05-11T22:31:44.52,38.6272,144.7429,35.0,3.7,2012-05-27T02:31:38.42,38.5711,144.7348,29.0,3.7,0.6066345439662203,0.908963766236936
2011-05-13T13:51:11.04,35.7955,141.0281,24.3,4.2,2011-05-13T13:54:39.65,35.8085,140.9309,25.4,4.0,-0.7055175160139608,0.9113412480819928
2011-05-15T19:40:21.59,36.3401,142.1664,0.5,3.5,2014-10-20T17:42:23.09,36.3256,142.222,19.0,3.6,-3.025599660898681,0.9240792900252566
2011-05-15T21:58:16.13,35.8289,140.5574,29.9,3.8,2015-10-31T14:20:04.6,35.858,140.7755,44.8,4.5,-0.8309532317417525,0.9217926236979792
2011-05-16T21:51:58.91,36.7538,142.1151,19.0,3.8,2011-09-09T10:49:12.71,36.6779,142.2541,15.0,4.0,0.7717511261343806,0.9507550740885404
2011-05-16T21:51:58.91,36.7538,142.1151,19.0,3.8,2016-07-12T17:46:31.08,36.6475,142.2437,10.0,3.7,1.65820130022428,0.9301840616463112
2011-05-16T21:51:58.91,36.7538,142.1151,19.0,3.8,2020-05-30T16:53:28.26,36.7546,142.0788,10.7,3.7,0.242395721547508,0.9496111547567372
2011-05-18T16:56:53.46,39.502,143.6127,11.0,4.9,2015-02-09T22:55:20.65,39.5262,143.53,15.9,4.3,-1.3574581989083734,0.956207330974496
2011-05-19T14:01:45.84,38.5656,141.9498,45.0,3.8,2012-03-21T18:25:03.96,38.5578,142.061,46.7,4.0,0.4297737837280271,0.9013359521633056
2011-05-19T14:01:45.84,38.5656,141.9498,45.0,3.8,2012-06-02T18:46:46.25,38.5826,141.9895,47.8,3.6,0.0838855168985051,0.9186526228906522
2011-05-20T03:50:17.88,37.0434,141.3391,38.9,3.9,2012-01-24T08:07:43.8,37.0524,141.3215,40.8,4.0,-0.6289993472457075,0.9353268181274602
2011-05-20T03:50:17.88,37.0434,141.3391,38.9,3.9,2012-05-08T05:43:17.23,37.1048,141.2982,54.9,4.1,-1.4482295139186894,0.9699543379342442
2011-05-20T03:50:17.88,37.0434,141.3391,38.9,3.9,2012-09-20T03:24:19.64,37.0522,141.4093,30.6,3.8,1.227207952415867,0.9120529199773224
2011-05-20T03:50:17.88,37.0434,141.3391,38.9,3.9,2013-02-16T04:51:50.14,37.0456,141.2902,45.0,3.9,-0.2334224918108246,0.9339569382081592
2011-05-20T03:50:17.88,37.0434,141.3391,38.9,3.9,2016-04-17T23:24:17.69,37.0494,141.3229,39.8,4.2,-0.3251760924732644,0.9579357400119644
2011-05-20T03:50:17.88,37.0434,141.3391,38.9,3.9,2020-12-28T16:15:22.46,37.0947,141.2846,44.5,4.2,-0.6863770706647044,0.9640923128010492
2011-05-20T11:42:15.8,38.1607,141.8013,47.5,3.9,2011-09-16T21:42:36.11,38.1609,141.7852,47.4,4.1,-0.3376874994792297,0.9571586609701672
2011-05-20T11:42:15.8,38.1607,141.8013,47.5,3.9,2012-07-05T21:05:55.3,38.1576,141.7601,58.9,3.7,-1.2919777224014726,0.9234508756916836
2011-05-20T11:42:15.8,38.1607,141.8013,47.5,3.9,2014-06-19T09:50:14.45,38.159,141.8289,43.1,3.8,0.181785887816803,0.9460305663572534
2011-05-20T11:42:15.8,38.1607,141.8013,47.5,3.9,2015-06-21T04:16:19.81,38.1912,141.7778,48.6,4.0,0.0167269887339618,0.933561482483342
2011-05-20T11:42:15.8,38.1607,141.8013,47.5,3.9,2016-06-29T05:01:36.37,38.1588,141.7405,45.6,4.3,-0.4386049114660414,0.9324764556941444
2011-05-20T11:42:15.8,38.1607,141.8013,47.5,3.9,2019-03-29T18:00:33.94,38.1405,141.8238,47.0,4.3,0.3093513115580558,0.9572442592211576
2011-05-20T22:10:53.74,35.9959,141.8726,23.6,4.5,2011-08-22T12:11:24.97,36.01,141.8653,23.0,4.5,0.209532429935051,0.992745026158953
2011-05-20T22:10:53.74,35.9959,141.8726,23.6,4.5,2017-10-24T03:27:47.42,36.0394,141.9016,23.0,4.6,-0.2059843519502112,0.9789301765261544
2011-05-21T08:51:45.98,35.9411,140.4323,50.0,3.6,2011-10-31T01:31:40.43,35.9959,140.3574,57.6,3.5,-1.4713375957204966,0.9639793801793548
2011-05-21T08:51:45.98,35.9411,140.4323,50.0,3.6,2017-03-17T13:00:25.14,35.9241,140.5762,56.1,3.6,-0.4698860953950514,0.9605949377893784
2011-05-21T15:03:09.63,36.5113,141.0442,41.6,4.1,2012-10-28T09:44:05.69,36.5628,140.9997,44.2,4.3,-0.568632777086456,0.9005703134190157
2011-05-21T22:06:25.83,35.6334,140.7084,35.8,5.5,2017-02-19T09:19:30.47,35.6749,140.6296,46.2,5.4,-1.5207093656909425,0.9211509000806072
2011-05-22T08:28:21.77,39.1592,142.9021,25.2,4.7,2012-06-15T18:27:25.08,39.1279,143.1165,23.6,4.3,1.546184115270442,0.9787330968497304
2011-05-22T08:28:21.77,39.1592,142.9021,25.2,4.7,2014-07-08T12:52:47.73,39.2105,142.8305,6.5,4.1,1.2755835496954864,0.9359137272165204
2011-05-22T08:28:21.77,39.1592,142.9021,25.2,4.7,2016-04-19T17:37:44.85,39.11,142.9654,16.0,4.0,1.5103252968472702,0.9122206595306992
2011-05-22T08:33:40.92,39.212,142.8443,34.7,4.7,2013-02-08T00:54:16.46,39.1328,142.9347,41.7,4.5,-0.2785863655265274,0.9635727411326124
2011-05-22T08:33:40.92,39.212,142.8443,34.7,4.7,2014-12-18T15:16:56.83,39.1586,142.8582,42.1,4.1,-0.780959778043411,0.9102864034578176
2011-05-22T08:33:40.92,39.212,142.8443,34.7,4.7,2020-12-01T17:11:55.05,39.1489,142.9864,27.7,4.0,1.975506540048304,0.9242558328214344
2011-05-23T10:37:47.29,37.001,141.2753,39.9,3.9,2011-06-18T09:12:49.52,36.9695,141.2248,48.6,4.0,-0.7834650019834675,0.9318251676600022
2011-05-23T10:37:47.29,37.001,141.2753,39.9,3.9,2012-03-01T14:49:53.72,37.0457,141.1883,49.1,4.1,-0.9680206690233089,0.9529623163133936
2011-05-23T10:37:47.29,37.001,141.2753,39.9,3.9,2012-10-27T04:12:45.71,37.0053,141.2177,47.7,4.1,-0.6756555605983807,0.9563161340738964
2011-05-23T10:37:47.29,37.001,141.2753,39.9,3.9,2014-02-09T03:50:18.6,37.0017,141.2254,43.9,4.1,-0.5282032096520679,0.9435007387160328
2011-05-23T10:37:47.29,37.001,141.2753,39.9,3.9,2015-11-20T06:44:32.13,36.9897,141.2073,44.8,4.1,-0.5362813398314651,0.9374189615573676
2011-05-23T10:37:47.29,37.001,141.2753,39.9,3.9,2019-02-03T01:01:13.55,37.0023,141.2676,41.8,4.2,-0.0498154470436041,0.9344576088966464
2011-05-24T08:12:59.08,35.9488,142.1145,23.0,3.7,2011-08-22T11:29:14.34,36.0757,142.0187,23.0,3.8,-0.8517286759718976,0.9501255855341694
2011-05-24T08:12:59.08,35.9488,142.1145,23.0,3.7,2011-11-16T22:21:54.86,36.0674,142.0263,23.0,3.6,-1.120011152466671,0.930067456393044
2011-05-24T08:12:59.08,35.9488,142.1145,23.0,3.7,2012-12-28T21:31:53.18,36.0776,142.1022,23.0,3.6,-0.2932929462087346,0.9616494762087976
2011-05-24T08:12:59.08,35.9488,142.1145,23.0,3.7,2016-11-24T19:22:14.56,36.0766,141.9454,23.0,3.5,-0.4756517091973142,0.920556466332442
2011-05-24T18:33:38.42,36.338,142.6923,15.0,3.7,2012-04-08T17:42:48.15,36.3198,142.6747,15.0,3.9,-0.2967295602267926,0.988615874274298
2011-05-24T18:33:38.42,36.338,142.6923,15.0,3.7,2013-01-16T15:52:52.47,36.2776,142.6554,15.0,3.8,-0.1659704675507123,0.9749206736344832
2011-05-24T18:33:38.42,36.338,142.6923,15.0,3.7,2014-04-16T11:23:10.56,36.2696,142.7817,35.0,3.7,-1.2448282995182354,0.9718791528033504
2011-05-24T18:33:38.42,36.338,142.6923,15.0,3.7,2015-12-14T20:32:56.65,36.3929,142.5603,15.0,3.6,-0.3768077403644315,0.9746921122081512
2011-05-24T18:33:38.42,36.338,142.6923,15.0,3.7,2018-02-26T08:44:37.0,36.3658,142.6509,35.0,3.8,-3.275526105204954,0.964080880493912
2011-05-25T00:19:14.41,35.8582,140.2012,58.7,4.5,2014-10-27T06:36:23.8,35.8663,140.1587,62.9,4.4,-0.7145829178047146,0.9226929023687448
2011-05-26T06:57:34.44,39.6139,142.1138,49.3,4.1,2011-10-23T18:58:35.13,39.6388,142.2386,53.5,4.2,0.2203668400436985,0.907456320098712
2011-05-26T06:57:34.44,39.6139,142.1138,49.3,4.1,2013-05-18T15:51:01.28,39.6298,142.1197,53.3,4.0,-0.2448553212375385,0.9216097346144764
2011-05-26T06:57:34.44,39.6139,142.1138,49.3,4.1,2016-07-03T09:06:01.44,39.6391,142.159,50.0,4.1,-0.0053706876037763,0.9103129419673792
2011-05-28T02:13:59.46,36.4496,140.6651,53.7,4.4,2013-08-04T05:51:11.83,36.4359,140.7102,56.8,3.9,-0.0360465310110487,0.9871299892779704
2011-05-28T02:13:59.46,36.4496,140.6651,53.7,4.4,2014-06-03T17:22:22.46,36.4596,140.7331,51.0,4.3,0.7026979550489214,0.9977403211152784
2011-05-28T02:13:59.46,36.4496,140.6651,53.7,4.4,2017-08-04T22:55:18.61,36.4892,140.5693,57.1,4.1,-0.6453892332670315,0.9118670711131396
2011-05-28T02:13:59.46,36.4496,140.6651,53.7,4.4,2019-09-29T16:02:30.99,36.4912,140.7045,55.1,4.4,0.0632468239886927,0.9701218304038176
2011-05-28T08:36:11.07,36.7555,141.792,19.0,3.7,2011-09-12T05:17:01.53,36.7224,141.6241,26.0,3.9,-0.8393225783941598,0.9560295081270144
2011-05-28T08:36:11.07,36.7555,141.792,19.0,3.7,2011-11-02T19:50:18.2,36.7892,141.8547,19.0,3.6,-0.3880296934483479,0.9718284730787624
2011-05-28T08:36:11.07,36.7555,141.792,19.0,3.7,2012-02-12T02:34:42.91,36.5916,141.4581,26.0,3.9,-2.3545974966583656,0.9352981990443316
2011-05-28T08:36:11.07,36.7555,141.792,19.0,3.7,2012-06-21T13:18:41.37,36.7484,141.8691,14.0,3.7,1.2098527766275688,0.9700794893212172
2011-05-28T08:36:11.07,36.7555,141.792,19.0,3.7,2012-12-13T23:14:16.73,36.7492,141.6704,26.0,3.9,-1.3743957396382518,0.9497136218485964
2011-05-28T08:36:11.07,36.7555,141.792,19.0,3.7,2013-03-01T03:08:48.07,36.744,141.8133,8.4,3.5,1.0289575796050954,0.9107136028308458
2011-05-28T08:36:11.07,36.7555,141.792,19.0,3.7,2014-11-25T19:38:16.79,36.6906,141.9877,35.0,3.7,-1.2003462836844616,0.9523176384405292
2011-05-28T08:36:11.07,36.7555,141.792,19.0,3.7,2016-06-30T05:55:50.03,36.8974,141.5661,33.0,3.6,-3.8289453706850702,0.936225533746988
2011-05-28T08:36:11.07,36.7555,141.792,19.0,3.7,2017-04-08T18:55:35.79,36.7682,141.8151,50.0,3.5,-2.5706030124747503,0.9765731607044528
2011-05-28T08:36:11.07,36.7555,141.792,19.0,3.7,2018-08-01T00:17:39.3,36.8221,141.8667,6.6,3.9,2.139348446709378,0.9193935276259624
2011-05-28T08:36:11.07,36.7555,141.792,19.0,3.7,2020-11-29T04:55:02.19,36.7212,141.8765,35.0,3.6,-1.6029576738864737,0.9765569155791258
2011-05-28T10:01:57.6,36.3273,142.2313,22.6,4.2,2012-02-28T04:51:04.81,36.3092,142.1839,23.2,4.4,-0.0430271900145069,0.9719046191924984
2011-05-29T00:03:06.74,39.8076,142.4017,31.6,4.1,2011-08-03T23:51:51.25,39.7277,142.5954,39.2,4.1,0.455922312761136,0.926256474524727
2011-05-29T03:12:18.43,38.1686,141.7503,45.3,3.8,2011-10-22T08:57:37.69,38.1782,141.7948,46.2,3.9,-0.0724215102480165,0.9103961118188166
2011-05-29T09:38:39.52,37.7893,141.9373,35.0,3.8,2011-11-19T17:36:55.45,37.779,141.9311,47.1,4.6,-0.629491989106163,0.9439655103646608
2011-05-29T18:54:58.03,37.058,142.5165,9.0,3.6,2011-08-06T23:40:45.47,37.0441,142.5111,9.0,3.8,0.5450645824089805,0.9547439262420632
2011-05-29T18:54:58.03,37.058,142.5165,9.0,3.6,2011-10-25T10:44:29.51,37.0576,142.732,9.0,3.6,1.9110674769583125,0.920466071184168
2011-05-29T18:54:58.03,37.058,142.5165,9.0,3.6,2012-04-28T04:11:15.73,37.0257,142.6561,9.0,3.6,1.8308889613109105,0.9199242304035476
2011-05-29T18:54:58.03,37.058,142.5165,9.0,3.6,2013-02-06T16:53:32.42,36.9829,142.5941,9.0,3.5,2.262918302127041,0.9397794566652008
2011-05-29T18:54:58.03,37.058,142.5165,9.0,3.6,2014-01-17T08:14:08.12,36.9977,142.6022,9.0,3.8,1.413914117994028,0.9217346964390972
2011-05-31T11:26:39.05,36.5112,142.4834,26.3,4.1,2011-09-05T19:49:14.91,36.471,142.6035,23.4,4.6,0.6921799317253287,0.9345815296601588
2011-05-31T23:53:57.73,38.5904,142.0398,41.0,4.2,2011-07-31T12:40:04.47,38.6341,141.9757,50.8,4.1,-1.264053086910759,0.917776059731462
2011-06-01T04:00:05.55,36.7836,141.8735,29.4,4.5,2011-09-11T22:30:41.61,36.7306,142.1349,19.0,4.4,2.3614496043116757,0.9478210575090936
2011-06-01T04:00:05.55,36.7836,141.8735,29.4,4.5,2012-04-30T16:53:14.18,36.7106,142.2001,19.0,4.2,3.026564242490492,0.906566259061516
2011-06-01T18:37:00.04,39.6913,142.3154,43.8,4.3,2011-09-15T14:25:08.65,39.7206,142.3578,48.0,4.1,0.2971577880435293,0.9778493176239008
2011-06-02T00:05:59.25,36.0901,142.137,2.4,3.8,2012-01-07T21:30:09.91,36.0791,142.0999,23.4,4.2,-3.597319290565228,0.967409323055458
2011-06-02T00:05:59.25,36.0901,142.137,2.4,3.8,2013-02-04T02:40:32.04,36.1252,142.0746,23.0,4.4,-3.441034719844541,0.9855951977383156
2011-06-02T00:05:59.25,36.0901,142.137,2.4,3.8,2016-09-23T02:26:01.64,36.203,142.0618,23.0,4.1,-3.866472790928096,0.9323179521874678
2011-06-02T00:05:59.25,36.0901,142.137,2.4,3.8,2019-10-16T01:07:08.01,36.0603,142.1043,23.0,3.8,-2.8550128342301084,0.9649898328376074
2011-06-03T05:31:15.31,35.5526,141.0961,30.9,3.5,2012-11-24T17:40:22.71,35.5294,141.0855,33.0,3.8,0.5396437100947616,0.988299534268796
2011-06-03T05:31:15.31,35.5526,141.0961,30.9,3.5,2016-02-16T04:30:32.31,35.5291,141.1871,28.5,3.9,0.8590274683400501,0.9864154645490724
2011-06-05T04:52:04.47,39.862,143.5603,6.0,4.4,2011-10-31T14:09:22.59,39.8719,143.7088,6.0,4.3,0.2378931657335532,0.9141510802549232
2011-06-05T04:52:04.47,39.862,143.5603,6.0,4.4,2012-09-09T20:20:47.57,39.9229,143.542,6.0,4.4,-0.0820756079902402,0.906485222097138
2011-06-06T12:36:10.4,36.1245,140.0059,76.4,3.5,2013-08-09T03:04:06.8,36.102,140.0371,76.2,3.6,0.4827839572322503,0.9896344865426367
2011-06-07T09:22:20.56,36.9099,140.6516,9.6,3.5,2011-06-18T00:17:44.4,36.91,140.67,7.0,3.5,0.0771935118576251,0.900309709830264
2011-06-09T20:51:26.5,36.2601,141.5345,38.4,4.5,2011-09-15T20:36:02.47,36.2366,141.5414,26.9,4.6,1.1694943889318454,0.9865427471515604
2011-06-10T13:39:45.07,38.6012,141.8984,53.6,4.4,2011-10-18T09:06:01.09,38.6007,142.0317,47.6,4.1,1.0232922545530805,0.91252861433976
2011-06-10T13:39:45.07,38.6012,141.8984,53.6,4.4,2012-01-18T08:55:38.94,38.6071,142.0718,43.8,4.3,1.3995241563565644,0.9549481999429408
2011-06-10T13:39:45.07,38.6012,141.8984,53.6,4.4,2012-03-21T18:25:03.96,38.5578,142.061,46.7,4.0,1.1376691073224057,0.940874031847575
2011-06-10T13:39:45.07,38.6012,141.8984,53.6,4.4,2012-07-22T08:20:33.05,38.5804,142.0914,46.6,4.3,1.335944184251823,0.9387561001098704
2011-06-10T13:39:45.07,38.6012,141.8984,53.6,4.4,2013-06-03T20:01:23.61,38.6419,141.9306,47.0,4.2,0.5175970420862561,0.9311878189762456
2011-06-10T13:39:45.07,38.6012,141.8984,53.6,4.4,2013-12-03T19:55:50.02,38.5841,142.025,46.5,4.2,1.0664415543483412,0.9410008317807652
2011-06-10T13:39:45.07,38.6012,141.8984,53.6,4.4,2015-02-05T20:28:42.76,38.6077,141.9812,55.6,4.1,0.2954287434529066,0.9174057835207744
2011-06-10T13:39:45.07,38.6012,141.8984,53.6,4.4,2015-11-18T13:42:32.37,38.5565,142.1536,44.0,4.1,2.0079566007250187,0.903313554399947
2011-06-10T13:39:45.07,38.6012,141.8984,53.6,4.4,2016-06-13T18:17:25.85,38.5899,141.961,51.8,3.9,0.1744731374429861,0.9030690498742264
2011-06-10T13:39:45.07,38.6012,141.8984,53.6,4.4,2017-07-01T18:53:11.37,38.6039,141.9678,49.1,4.1,0.7899798363710601,0.9342094096583864
2011-06-10T13:39:45.07,38.6012,141.8984,53.6,4.4,2018-08-16T10:44:09.3,38.5708,141.9456,49.2,3.9,0.3247326355263242,0.9135627802798526
2011-06-10T13:39:45.07,38.6012,141.8984,53.6,4.4,2020-05-28T17:46:07.96,38.6033,142.2343,43.3,3.8,3.1380908050359664,0.9210015715498504
2011-06-10T18:33:23.56,36.817,142.1446,28.3,4.7,2011-09-10T06:21:40.26,36.7413,142.3261,19.0,4.5,1.473720064779696,0.988203345237425
2011-06-10T18:33:23.56,36.817,142.1446,28.3,4.7,2012-03-09T05:31:48.78,36.8324,142.1271,28.8,4.7,-0.3679489023054473,0.9792180267972506
2011-06-10T18:33:23.56,36.817,142.1446,28.3,4.7,2013-04-27T23:54:22.51,36.7985,142.1611,29.0,4.7,-0.4648786099333432,0.9694723310540756
2011-06-10T18:33:23.56,36.817,142.1446,28.3,4.7,2017-02-28T08:08:27.75,36.7804,142.19,35.0,4.6,-1.1099554050764606,0.9352436186354692
2011-06-11T16:31:15.14,39.6345,143.3959,11.0,4.5,2012-05-19T00:08:43.15,39.6205,143.3899,20.7,4.8,-1.816700808444848,0.9294954300861776
2011-06-11T16:31:15.14,39.6345,143.3959,11.0,4.5,2012-09-02T03:42:44.25,39.5228,143.6384,11.0,4.6,1.040104537240652,0.9382079142097476
2011-06-13T00:25:29.27,39.9333,143.51,29.8,4.5,2012-04-10T23:16:14.76,39.9168,143.5588,23.5,4.5,1.439882683836307,0.96004305840908
2011-06-13T00:25:29.27,39.9333,143.51,29.8,4.5,2015-03-08T10:35:24.31,39.9054,143.5959,16.4,4.5,2.902820090562761,0.9550792723772528
2011-06-13T00:25:29.27,39.9333,143.51,29.8,4.5,2019-10-03T03:55:43.34,39.8503,143.6217,20.4,4.2,2.269895504709594,0.9281118767322152
2011-06-13T02:55:29.92,39.8075,143.4227,29.9,4.3,2015-08-31T13:55:48.52,39.7741,143.5541,35.0,4.4,-0.0213937226996232,0.9146732279605834
2011-06-13T11:39:23.68,36.736,142.0525,19.0,4.3,2011-10-20T12:51:50.75,36.718,142.0932,8.1,4.4,1.5898435612546735,0.9963248836976152
2011-06-13T11:39:23.68,36.736,142.0525,19.0,4.3,2012-08-14T13:02:20.69,36.7289,142.2714,19.0,4.4,0.6027233800043124,0.93307536578854
2011-06-13T11:39:23.68,36.736,142.0525,19.0,4.3,2014-04-01T13:38:33.64,36.7094,142.1799,35.8,4.2,-1.965975175342716,0.9858974490982988
2011-06-13T11:39:23.68,36.736,142.0525,19.0,4.3,2016-05-22T06:11:34.86,36.6508,142.052,19.0,4.1,0.4407529754703438,0.9651510099456748
2011-06-13T16:49:48.27,36.6455,142.0625,29.8,4.7,2012-01-12T15:26:28.22,36.6827,142.0301,25.5,4.7,0.1069450077919192,0.9954753476780752
2011-06-15T12:48:26.66,38.8691,142.0062,54.3,4.0,2011-07-16T13:23:02.88,38.8939,141.9747,50.4,4.0,0.1918634930140113,0.9177267181748912
2011-06-15T12:48:26.66,38.8691,142.0062,54.3,4.0,2011-11-11T07:52:11.62,38.9187,141.9048,50.1,3.9,-0.6857526433400313,0.916918062190419
2011-06-15T12:48:26.66,38.8691,142.0062,54.3,4.0,2011-12-30T19:11:32.91,38.8454,141.9692,51.0,3.8,0.3138849983019487,0.9398043086499926
2011-06-15T12:48:26.66,38.8691,142.0062,54.3,4.0,2012-03-03T13:26:18.41,38.8307,142.1137,48.1,3.9,0.7158654255694805,0.9408182991180962
2011-06-15T12:48:26.66,38.8691,142.0062,54.3,4.0,2012-05-03T07:15:45.5,38.888,141.9318,49.4,4.0,-0.3046255098380819,0.9335819171966196
2011-06-15T12:48:26.66,38.8691,142.0062,54.3,4.0,2012-06-26T13:42:50.85,38.8973,142.048,51.9,3.9,0.3179026312259464,0.9345255028791865
2011-06-15T12:48:26.66,38.8691,142.0062,54.3,4.0,2013-01-05T16:47:09.8,38.9155,142.038,60.9,3.9,-0.5146379302711905,0.9471096949997934
2011-06-15T12:48:26.66,38.8691,142.0062,54.3,4.0,2013-04-01T19:09:37.88,38.8929,142.0591,49.1,4.2,0.5068388142111722,0.934632880614416
2011-06-15T12:48:26.66,38.8691,142.0062,54.3,4.0,2019-09-27T11:11:01.95,38.8949,141.9515,48.9,4.0,0.1567641455045674,0.9059583987996148
2011-06-15T15:36:32.64,38.8184,142.1405,46.5,3.8,2011-08-21T19:42:35.24,38.8174,142.1138,48.2,3.9,0.2513121115828568,0.9173180415325004
2011-06-16T10:09:08.11,39.7488,143.3863,15.0,4.9,2014-12-20T10:55:56.91,39.8306,143.4331,19.4,4.8,-0.8941670888664193,0.9227282506113348
2011-06-18T04:33:22.4,36.68,140.62,12.0,3.8,2012-01-27T10:50:35.42,36.6895,140.6014,17.7,3.8,1.3985973514034191,0.9275364838784348
2011-06-18T09:12:49.52,36.9695,141.2248,48.6,4.0,2012-03-01T14:49:53.72,37.0457,141.1883,49.1,4.1,-0.1828515635538638,0.952547751065669
2011-06-18T09:12:49.52,36.9695,141.2248,48.6,4.0,2012-10-27T04:12:45.71,37.0053,141.2177,47.7,4.1,0.1092730931289601,0.9595519892233236
2011-06-18T09:12:49.52,36.9695,141.2248,48.6,4.0,2014-02-09T03:50:18.6,37.0017,141.2254,43.9,4.1,0.2580487415169181,0.9381795357996856
2011-06-18T09:12:49.52,36.9695,141.2248,48.6,4.0,2015-11-20T06:44:32.13,36.9897,141.2073,44.8,4.1,0.2503990505958223,0.9563440532966724
2011-06-18T09:12:49.52,36.9695,141.2248,48.6,4.0,2019-02-03T01:01:13.55,37.0023,141.2676,41.8,4.2,0.736869816122588,0.9325942610999748
2011-06-18T10:41:48.38,36.1571,142.0977,23.0,3.9,2015-06-03T18:11:03.16,36.2307,141.9493,16.8,3.8,-0.1968968897281396,0.9915302377014152
2011-06-21T17:49:31.52,36.6742,142.3134,15.0,3.5,2011-08-12T17:56:32.96,36.7205,142.3465,15.0,3.9,-0.5436478457358902,0.9099305117833336
2011-06-21T17:49:31.52,36.6742,142.3134,15.0,3.5,2015-06-21T14:18:10.47,36.7009,142.4759,15.0,3.7,0.8526800990226949,0.9276303832732696
2011-06-21T17:49:31.52,36.6742,142.3134,15.0,3.5,2018-04-21T15:06:37.08,36.6731,142.3717,15.0,3.9,0.1244204537341867,0.9270110706029544
2011-06-21T21:22:25.46,36.2382,141.9388,27.4,3.9,2012-11-08T05:38:22.14,36.2959,142.1185,19.0,4.1,2.244242147477772,0.965208576421082
2011-06-21T21:22:25.46,36.2382,141.9388,27.4,3.9,2016-10-05T11:56:54.81,36.2394,141.9417,27.2,3.9,-0.0028951000549711,0.974007102598226
2011-06-21T21:22:25.46,36.2382,141.9388,27.4,3.9,2020-07-16T20:22:09.79,36.25,141.9352,23.0,3.8,0.5234079460588165,0.972040688163228
2011-06-21T21:22:25.46,36.2382,141.9388,27.4,3.9,2020-07-16T20:26:18.19,36.1986,142.1537,23.0,4.1,1.705015486464711,0.9008276548730328
2011-06-22T02:18:24.15,36.2075,142.0845,23.0,3.8,2020-07-16T20:26:18.19,36.1986,142.1537,23.0,4.1,0.3423580592231969,0.9471402683977403
2011-06-22T05:32:20.74,36.2763,141.8589,7.7,3.7,2020-07-19T03:15:15.2,36.1692,141.9856,23.0,3.7,-0.8441433095655564,0.9526650007955216
2011-06-22T11:35:09.55,35.5442,141.1039,33.2,3.9,2012-02-18T00:38:37.35,35.5706,141.0473,33.0,4.2,-0.4408239595844522,0.997341129516057
2011-06-22T11:35:09.55,35.5442,141.1039,33.2,3.9,2013-02-25T03:45:07.67,35.5566,141.0362,36.3,3.8,-0.4767427616520627,0.9533571580182784
2011-06-22T11:35:09.55,35.5442,141.1039,33.2,3.9,2018-08-03T12:30:45.23,35.4989,141.112,33.0,3.7,-0.0408229364009205,0.9893579217436276
2011-06-24T01:00:15.44,36.404,140.6949,51.6,3.7,2012-06-09T10:20:14.94,36.3617,140.8203,49.2,3.9,0.9742981805025106,0.9225421671276574
2011-06-24T14:46:53.15,37.0139,141.1132,50.9,4.3,2013-08-28T15:20:59.24,36.9942,141.226,43.5,3.9,0.5628814819639418,0.9417762967179384
2011-06-25T09:59:31.25,36.0562,140.2305,64.3,3.7,2013-02-02T03:42:31.24,36.0196,140.1433,68.1,3.7,-0.4799776996063669,0.9435214447664912
2011-06-25T09:59:31.25,36.0562,140.2305,64.3,3.7,2014-07-19T01:42:53.5,36.0316,140.1636,67.9,4.2,0.077647562139908,0.9733857244555322
2011-06-25T09:59:31.25,36.0562,140.2305,64.3,3.7,2017-10-08T14:54:25.55,36.0471,140.164,73.1,3.6,-0.125020458032027,0.9786219691079626
2011-06-25T09:59:31.25,36.0562,140.2305,64.3,3.7,2018-08-29T18:51:10.11,35.9773,140.1263,69.4,3.5,-0.3949622193127242,0.9783309479235698
2011-06-25T09:59:31.25,36.0562,140.2305,64.3,3.7,2019-11-15T00:39:33.78,36.0029,140.1558,71.1,3.7,-0.4388526469573508,0.9573831566485698
2011-06-25T16:29:17.72,36.0766,142.01,23.0,3.6,2012-01-15T21:16:25.21,36.0499,142.1389,23.0,3.5,0.9394488654533396,0.9421495197503188
2011-06-25T16:29:17.72,36.0766,142.01,23.0,3.6,2014-04-15T07:44:30.89,36.0338,142.0466,25.4,3.9,0.0819799011562392,0.9756328712196752
2011-06-25T22:58:16.32,36.0006,140.1714,65.7,3.5,2020-07-20T10:32:46.0,35.9669,140.1107,67.6,3.6,-0.6885312870644019,0.9975938472983324
2011-06-26T08:41:23.5,36.6431,142.4634,15.0,3.8,2012-09-02T12:21:07.97,36.6737,142.2964,9.4,3.7,0.0277426263913951,0.953464187270838
2011-06-27T12:12:05.69,39.3212,143.6432,24.2,4.9,2012-11-30T11:42:54.48,39.2556,143.7706,4.8,4.9,3.4913624029507613,0.9367504763567418
2011-06-29T14:19:34.05,36.9621,141.1264,46.4,3.9,2011-09-29T18:29:59.67,36.9597,141.1662,48.5,3.9,1.0809923307061282,0.9810002855095356
2011-06-29T14:19:34.05,36.9621,141.1264,46.4,3.9,2011-12-31T05:48:40.29,36.9568,141.1628,45.2,3.7,0.6107220611987907,0.9825370127894726
2011-06-29T14:19:34.05,36.9621,141.1264,46.4,3.9,2012-06-26T08:46:42.01,36.9591,141.152,46.7,3.8,0.3581243476477066,0.949797411376267
2011-06-30T10:22:43.97,37.3919,141.5535,32.3,4.8,2013-02-16T01:32:48.91,37.3397,141.606,45.8,4.7,-0.9676263074062196,0.982079242489589
2011-07-02T02:26:26.01,36.6439,142.1278,5.9,3.6,2012-04-30T16:53:14.18,36.7106,142.2001,19.0,4.2,-1.70017626830617,0.9044548274516596
2011-07-02T02:26:26.01,36.6439,142.1278,5.9,3.6,2012-05-01T01:07:55.71,36.6832,141.8521,4.9,3.6,-1.8981235222391275,0.9120808148228337
2011-07-02T02:26:26.01,36.6439,142.1278,5.9,3.6,2013-05-22T10:51:25.58,36.9916,141.8006,19.0,4.0,-6.638450623356656,0.9078119037193078
2011-07-02T10:33:51.97,35.5421,141.1317,15.5,3.9,2012-10-26T06:34:34.19,35.5147,141.0737,33.0,3.7,-2.6585936787848565,0.991904990567374
2011-07-02T10:33:51.97,35.5421,141.1317,15.5,3.9,2015-08-06T05:26:58.44,35.5431,141.0946,33.0,3.7,-2.584881889367394,0.9907024122970362
2011-07-02T10:33:51.97,35.5421,141.1317,15.5,3.9,2019-02-05T16:52:45.43,35.5294,141.2926,35.0,3.7,-1.7786365547221563,0.9895588662177344
2011-07-03T16:17:54.73,36.6755,142.2543,15.0,4.2,2011-11-02T10:05:00.96,36.6322,142.1434,19.0,4.2,-1.611993104185193,0.994588640856833
2011-07-03T16:17:54.73,36.6755,142.2543,15.0,4.2,2012-07-24T17:28:07.2,36.6507,142.2213,24.9,4.2,-1.5403851779257425,0.984313074269866
2011-07-03T16:17:54.73,36.6755,142.2543,15.0,4.2,2014-08-03T18:08:26.82,36.6828,142.0384,19.0,4.0,-1.0472076753499986,0.9943832368820864
2011-07-03T16:17:54.73,36.6755,142.2543,15.0,4.2,2017-06-28T15:44:33.11,36.7433,141.9148,35.0,4.0,-4.11477868005507,0.974327270027674
2011-07-06T03:33:45.5,37.1908,142.0471,19.0,3.7,2011-07-06T04:40:45.67,37.2211,142.3824,9.0,4.0,2.580964658645473,0.9010216581670234
2011-07-06T22:09:26.95,35.9066,142.3102,30.6,3.8,2015-02-26T19:15:46.42,35.9442,142.2845,18.0,4.5,1.818824549494411,0.9523801102539644
2011-07-07T01:47:53.88,35.6639,141.093,31.5,3.5,2019-04-08T05:23:22.49,35.6825,140.9866,38.3,3.5,-0.7296050259216296,0.9666125803265604
2011-07-07T03:00:49.9,36.13,139.84,50.0,3.6,2017-01-18T05:56:07.13,36.1788,139.8739,52.6,3.5,0.2243002602208981,0.9751603540045086
2011-07-07T16:31:35.95,40.3094,143.5171,16.0,4.6,2016-10-24T20:52:17.47,40.2272,143.9009,16.0,4.8,1.946401227068176,0.9340002726013196
2011-07-09T03:46:28.16,36.7412,142.0387,19.0,3.7,2012-02-23T12:26:29.66,36.681,142.0847,19.0,3.7,0.3315874271427181,0.9381046862923632
2011-07-09T13:41:42.84,38.8748,142.0058,50.5,3.9,2012-04-02T17:48:14.12,38.8335,142.1244,48.6,4.1,0.9888081045583652,0.9479066803947064
2011-07-09T13:41:42.84,38.8748,142.0058,50.5,3.9,2012-10-08T10:49:05.62,38.8824,142.0049,51.3,3.9,0.0541205094400948,0.9365693050238236
2011-07-09T13:41:42.84,38.8748,142.0058,50.5,3.9,2015-05-19T17:17:39.52,38.8762,142.0788,50.5,4.0,0.4657281239682665,0.9407162319191462
2011-07-09T13:41:42.84,38.8748,142.0058,50.5,3.9,2015-12-12T21:05:51.61,38.8977,142.0347,48.3,4.0,0.3170316788803749,0.9444712115845968
2011-07-09T13:41:42.84,38.8748,142.0058,50.5,3.9,2016-08-13T08:49:41.24,38.8588,142.1239,49.1,4.2,0.6052567589401954,0.9354019721893434
2011-07-09T13:41:42.84,38.8748,142.0058,50.5,3.9,2016-12-30T08:33:10.0,38.8661,141.9908,45.5,4.0,0.255782290354664,0.9210813810078278
2011-07-09T13:41:42.84,38.8748,142.0058,50.5,3.9,2018-07-14T09:13:51.33,38.8582,142.0765,48.0,4.2,0.5540473831307204,0.9178428651281364
2011-07-09T13:41:42.84,38.8748,142.0058,50.5,3.9,2019-08-23T16:39:30.56,38.8799,142.2948,28.1,3.9,4.154740654031787,0.9109419906900754
2011-07-09T13:41:42.84,38.8748,142.0058,50.5,3.9,2020-01-28T14:59:45.66,38.9449,141.9893,55.6,3.9,-0.7019762154713933,0.905763581503232
2011-07-10T19:16:33.69,36.7152,142.2603,11.5,4.3,2012-02-13T16:55:08.37,36.6807,142.3703,2.5,4.4,1.4604342005678337,0.9960122720177594
2011-07-10T19:16:33.69,36.7152,142.2603,11.5,4.3,2013-04-05T14:42:23.36,36.7711,142.2527,10.0,4.4,-0.6640317698265319,0.99143270264655
2011-07-10T19:16:33.69,36.7152,142.2603,11.5,4.3,2015-06-21T01:57:49.4,36.7053,142.359,10.0,4.4,0.891674318067821,0.9918223561414558
2011-07-10T19:16:33.69,36.7152,142.2603,11.5,4.3,2019-03-13T04:45:05.98,36.7824,142.2695,35.0,4.2,-4.000348911230211,0.9859444004173312
2011-07-14T16:27:37.91,35.6115,140.0318,74.5,3.5,2018-07-16T07:43:01.59,35.6163,140.0332,73.1,3.5,-0.053777796557497,0.9923728405257246
2011-07-15T11:55:23.92,36.2481,142.0633,23.0,3.6,2012-11-17T23:25:46.14,36.2784,142.0202,19.0,3.5,0.4392784258234218,0.9459824041929604
2011-07-15T11:55:23.92,36.2481,142.0633,23.0,3.6,2016-10-06T22:20:01.32,36.291,141.8107,35.0,3.7,-3.299573405704989,0.9340612903165678
2011-07-16T08:56:38.64,36.4718,140.673,56.1,3.9,2012-02-25T14:26:58.14,36.4923,140.5403,55.3,3.7,-0.6676980968429789,0.990970244806667
2011-07-16T08:56:38.64,36.4718,140.673,56.1,3.9,2012-10-19T04:10:48.31,36.4886,140.6278,55.1,3.6,-0.077408500159576,0.992461317660173
2011-07-16T08:56:38.64,36.4718,140.673,56.1,3.9,2013-08-21T16:14:19.88,36.4871,140.5758,57.4,3.6,0.2687060830100758,0.9957027077214567
2011-07-16T08:56:38.64,36.4718,140.673,56.1,3.9,2016-01-30T03:34:27.0,36.46,140.6,55.0,3.9,-0.0853566153870603,0.9344166111392422
2011-07-16T08:56:38.64,36.4718,140.673,56.1,3.9,2017-08-04T22:55:18.61,36.4892,140.5693,57.1,4.1,-0.2224566129180702,0.9048157297584324
2011-07-16T08:56:38.64,36.4718,140.673,56.1,3.9,2018-03-31T08:05:29.23,36.5042,140.5759,55.1,3.8,-0.3001791752952313,0.9934595368418804
2011-07-16T08:56:38.64,36.4718,140.673,56.1,3.9,2019-11-17T23:00:00.46,36.4686,140.6998,57.0,4.1,0.088466795422772,0.9941221505945336
2011-07-16T08:57:49.73,36.0581,139.9152,55.8,4.1,2015-07-06T09:30:24.91,35.9926,139.864,52.8,4.1,-0.0821741829195539,0.9819554239522844
2011-07-16T13:23:02.88,38.8939,141.9747,50.4,4.0,2011-12-30T19:11:32.91,38.8454,141.9692,51.0,3.8,0.1240097273685491,0.926537891627879
2011-07-16T13:23:02.88,38.8939,141.9747,50.4,4.0,2012-03-03T13:26:18.41,38.8307,142.1137,48.1,3.9,0.5260338795506639,0.9442225846714296
2011-07-16T13:23:02.88,38.8939,141.9747,50.4,4.0,2012-05-03T07:15:45.5,38.888,141.9318,49.4,4.0,-0.497978400943583,0.9249624787562988
2011-07-16T13:23:02.88,38.8939,141.9747,50.4,4.0,2012-06-26T13:42:50.85,38.8973,142.048,51.9,3.9,0.1292792876817169,0.9421023691896304
2011-07-16T13:23:02.88,38.8939,141.9747,50.4,4.0,2013-01-05T16:47:09.8,38.9155,142.038,60.9,3.9,-0.7050948015079372,0.915738574742926
2011-07-16T13:23:02.88,38.8939,141.9747,50.4,4.0,2013-04-01T19:09:37.88,38.8929,142.0591,49.1,4.2,0.3149559218339676,0.9371446148903624
2011-07-16T13:23:02.88,38.8939,141.9747,50.4,4.0,2013-08-26T05:24:27.41,38.9137,141.9411,53.2,3.9,-0.3014237706693551,0.9028295848736992
2011-07-16T13:23:02.88,38.8939,141.9747,50.4,4.0,2014-01-11T15:46:13.72,38.9308,142.0529,48.9,4.0,0.565225179156126,0.9073055989687132
2011-07-16T13:23:02.88,38.8939,141.9747,50.4,4.0,2015-08-14T12:13:16.53,38.9145,142.0782,46.6,3.8,0.7225698128651628,0.9119133135165576
2011-07-16T13:23:02.88,38.8939,141.9747,50.4,4.0,2016-07-31T16:35:03.05,38.8875,141.9726,51.6,3.8,-0.09727340788616,0.9047058302575148
2011-07-16T16:27:19.59,36.6033,140.8991,8.9,4.0,2011-07-16T16:41:57.36,36.5723,140.9993,5.7,3.8,0.1155459502924078,0.9611006920532223
2011-07-18T12:37:10.7,35.5103,141.7596,10.8,3.8,2013-12-25T02:56:24.36,35.4619,141.8491,22.0,3.7,-0.2218127426909183,0.9859950397795954
2011-07-18T12:37:10.7,35.5103,141.7596,10.8,3.8,2015-06-23T16:32:14.58,35.4256,141.9292,22.0,3.7,-0.5785704380610676,0.9913997284672782
2011-07-18T12:37:10.7,35.5103,141.7596,10.8,3.8,2017-12-21T01:23:07.92,35.4923,141.8043,16.7,3.9,-0.6785701449739302,0.984292476312809
2011-07-18T12:37:10.7,35.5103,141.7596,10.8,3.8,2019-09-14T18:47:39.15,35.5306,142.0155,22.0,3.7,-0.1948556219747872,0.992230758490522
2011-07-23T14:22:27.43,36.2503,140.1331,51.7,4.0,2013-07-11T15:12:21.08,36.1556,140.1151,55.2,3.6,0.2444285658705312,0.9515490812602276
2011-07-23T14:22:27.43,36.2503,140.1331,51.7,4.0,2019-01-02T09:44:25.94,36.1989,140.1101,55.3,3.9,-0.0080559084799017,0.996087960359368
2011-07-24T15:07:09.31,38.8871,142.061,49.6,5.2,2011-11-26T01:43:20.11,38.8117,142.2017,44.0,4.5,0.8622471373340421,0.932561528751372
2011-07-24T15:07:09.31,38.8871,142.061,49.6,5.2,2012-04-10T02:57:37.98,38.8586,142.1159,41.3,4.3,0.5605850570584794,0.9236067557973232
2011-07-24T15:07:09.31,38.8871,142.061,49.6,5.2,2012-06-24T01:29:14.59,38.8459,142.2304,46.6,4.8,0.3230480621292317,0.952489970357876
2011-07-24T15:07:09.31,38.8871,142.061,49.6,5.2,2013-02-18T11:06:42.93,38.8421,142.1455,43.7,4.2,0.5131617737992838,0.9040902545043378
2011-07-24T15:07:09.31,38.8871,142.061,49.6,5.2,2020-04-20T01:49:36.53,38.8126,142.2245,41.7,4.3,0.9860388969938272,0.9042899998097697
2011-07-25T20:39:54.83,38.5446,141.8238,43.3,4.6,2012-02-27T16:30:33.02,38.5401,141.9053,48.6,4.5,-0.1041716622960595,0.9854537367176268
2011-07-25T20:39:54.83,38.5446,141.8238,43.3,4.6,2015-09-05T03:13:13.36,38.5108,141.916,48.6,4.5,-0.093441789569337,0.9886674828323424
2011-07-26T19:07:13.41,36.4651,140.8766,46.7,3.8,2012-04-13T19:00:21.22,36.4797,140.8562,50.9,3.8,-0.3852629211418272,0.9864552318971824
2011-07-26T19:07:13.41,36.4651,140.8766,46.7,3.8,2014-06-20T15:08:52.17,36.481,140.8626,49.8,3.8,-0.1789647655170394,0.9827371328790174
2011-07-26T19:07:13.41,36.4651,140.8766,46.7,3.8,2016-04-28T13:57:39.16,36.4588,140.8597,48.6,3.8,-0.3585427753731383,0.9844771116940988
2011-07-29T18:27:47.13,36.699,141.94,24.8,4.7,2012-01-11T01:33:38.03,36.6519,142.0174,24.2,4.3,0.1069441457917291,0.9747533942722456
2011-07-29T18:27:47.13,36.699,141.94,24.8,4.7,2012-11-07T15:17:13.16,36.6753,142.041,36.1,4.2,-1.3445722605368915,0.9757269462538296
2011-07-29T18:27:47.13,36.699,141.94,24.8,4.7,2013-10-19T05:44:49.87,36.671,141.9703,19.0,4.2,0.9634602822700784,0.9640608759258996
2011-07-29T18:27:47.13,36.699,141.94,24.8,4.7,2015-10-05T00:26:19.15,36.6471,142.0795,15.2,4.3,1.658481956852764,0.9675568250290312
2011-07-29T18:27:47.13,36.699,141.94,24.8,4.7,2017-07-24T17:53:44.73,36.7343,142.2315,19.0,4.0,2.0802245391554437,0.9636990271250592
2011-07-29T18:27:47.13,36.699,141.94,24.8,4.7,2020-04-27T13:23:57.13,36.6595,142.0661,19.0,4.3,1.3345637956283602,0.9700590854112152
2011-07-30T12:08:22.77,39.0971,142.9696,16.0,4.4,2011-12-05T21:04:13.51,39.1431,142.8881,35.9,4.3,-3.44005862616556,0.9065459708472344
2011-07-31T12:40:04.47,38.6341,141.9757,50.8,4.1,2011-10-24T21:37:27.1,38.6219,141.9473,52.4,4.1,0.0028613539584502,0.9287063683938136
2011-08-01T06:54:59.31,38.6439,142.1882,40.3,4.6,2011-12-18T06:08:57.86,38.648,142.2672,42.2,4.5,0.291833950401784,0.9617146621598758
2011-08-01T06:54:59.31,38.6439,142.1882,40.3,4.6,2012-07-09T04:01:54.21,38.6443,142.1924,47.4,4.5,-0.4949052160404665,0.972119000621164
2011-08-01T06:54:59.31,38.6439,142.1882,40.3,4.6,2013-02-11T03:45:41.38,38.608,142.2849,35.8,4.5,1.315418192294306,0.9675327373495396
2011-08-02T03:37:43.57,35.7682,140.2147,70.1,4.1,2014-03-30T03:23:35.46,35.8047,140.1902,60.3,3.9,0.2853295157911862,0.9928915605941748
2011-08-02T03:37:43.57,35.7682,140.2147,70.1,4.1,2017-06-12T19:04:22.72,35.7329,140.1591,71.4,3.8,-0.2392260011493441,0.9955766150723938
2011-08-06T14:45:36.32,37.0478,141.2794,53.9,4.3,2012-01-26T12:22:13.38,36.9898,141.4008,29.7,4.2,3.004193862761039,0.9964946772841932
2011-08-06T14:45:36.32,37.0478,141.2794,53.9,4.3,2013-05-16T07:39:53.03,37.0428,141.3346,49.5,4.1,0.3781024557666798,0.9933328081786348
2011-08-06T14:45:36.32,37.0478,141.2794,53.9,4.3,2014-06-06T23:58:55.4,37.004,141.35,48.4,4.0,2.548359058835262,0.9712522634237384
2011-08-06T14:45:36.32,37.0478,141.2794,53.9,4.3,2015-01-21T23:05:26.5,37.0085,141.3157,41.6,4.0,1.445693105388778,0.9762918758774524
2011-08-06T14:45:36.32,37.0478,141.2794,53.9,4.3,2016-06-10T04:16:33.66,37.051,141.1959,46.9,4.4,0.4312850584206792,0.9713405597120864
2011-08-06T14:45:36.32,37.0478,141.2794,53.9,4.3,2017-10-19T12:50:27.83,37.0376,141.2357,38.5,4.6,1.2129468686464937,0.9860452032367766
2011-08-06T14:45:36.32,37.0478,141.2794,53.9,4.3,2018-12-21T04:13:30.99,37.0541,141.2699,44.9,4.4,0.7536996561101243,0.9735539256622668
2011-08-06T23:40:45.47,37.0441,142.5111,9.0,3.8,2011-10-25T10:44:29.51,37.0576,142.732,9.0,3.6,1.3669780006032726,0.9272400373374454
2011-08-06T23:40:45.47,37.0441,142.5111,9.0,3.8,2012-04-28T04:11:15.73,37.0257,142.6561,9.0,3.6,1.284747124044032,0.9278283341654536
2011-08-06T23:40:45.47,37.0441,142.5111,9.0,3.8,2013-02-06T16:53:32.42,36.9829,142.5941,9.0,3.5,1.7185086647614858,0.9475563463177864
2011-08-06T23:40:45.47,37.0441,142.5111,9.0,3.8,2014-01-17T08:14:08.12,36.9977,142.6022,9.0,3.8,0.8701055665251375,0.9294639819539644
2011-08-07T00:27:18.96,39.429,143.712,11.0,4.4,2012-05-24T17:40:53.03,39.3924,143.69,11.0,4.4,0.2507943900760659,0.954325239976382
2011-08-07T00:27:18.96,39.429,143.712,11.0,4.4,2013-06-23T10:20:22.02,39.4318,143.568,22.8,4.6,-1.7786021171343167,0.9700674800376378
2011-08-07T00:27:18.96,39.429,143.712,11.0,4.4,2017-02-27T17:52:13.57,39.4096,143.6387,11.0,4.8,0.3073964146971524,0.9632110787921896
2011-08-07T10:37:25.66,34.7442,141.9456,8.6,3.6,2013-08-08T20:25:53.79,34.8243,141.8582,29.0,3.5,-3.992201176623053,0.9232401972254538
2011-08-09T18:29:47.62,38.858,141.9606,56.4,3.8,2012-04-02T17:48:14.12,38.8335,142.1244,48.6,4.1,1.966240195975064,0.9229357616066146
2011-08-09T18:29:47.62,38.858,141.9606,56.4,3.8,2012-10-08T10:49:05.62,38.8824,142.0049,51.3,3.9,1.030580339354157,0.9243068772606436
2011-08-09T18:29:47.62,38.858,141.9606,56.4,3.8,2015-05-19T17:17:39.52,38.8762,142.0788,50.5,4.0,1.4407067548092911,0.920828435956052
2011-08-09T18:29:47.62,38.858,141.9606,56.4,3.8,2015-12-12T21:05:51.61,38.8977,142.0347,48.3,4.0,1.2937916259004107,0.9279316854790884
2011-08-09T18:29:47.62,38.858,141.9606,56.4,3.8,2016-08-13T08:49:41.24,38.8588,142.1239,49.1,4.2,1.5810130609872068,0.9298187982722658
2011-08-09T18:29:47.62,38.858,141.9606,56.4,3.8,2018-07-14T09:13:51.33,38.8582,142.0765,48.0,4.2,1.5325177968349772,0.9135163652525432
2011-08-09T18:29:47.62,38.858,141.9606,56.4,3.8,2020-01-28T14:59:45.66,38.9449,141.9893,55.6,3.9,0.2743311112040673,0.9122891571999234
2011-08-10T06:17:33.35,36.0728,140.0259,72.1,3.7,2015-03-19T16:56:01.58,36.0878,140.077,72.2,3.6,0.2680224748596799,0.9658344758474898
2011-08-11T06:47:04.36,36.1919,142.289,31.4,4.6,2014-05-11T10:32:15.01,36.2221,142.349,29.8,3.9,0.4593658106033814,0.9422960873959056
2011-08-12T17:56:32.96,36.7205,142.3465,15.0,3.9,2015-06-21T14:18:10.47,36.7009,142.4759,15.0,3.7,1.396156160178388,0.977068349474084
2011-08-12T17:56:32.96,36.7205,142.3465,15.0,3.9,2018-04-21T15:06:37.08,36.6731,142.3717,15.0,3.9,0.6699980364127285,0.9605752217151972
2011-08-12T19:01:20.3,37.0217,142.2011,37.8,3.9,2016-06-26T23:41:40.74,36.97,142.2289,24.5,4.4,1.7363271651917114,0.9814244408530982
2011-08-13T09:09:31.73,36.4126,142.779,29.0,3.5,2012-03-12T07:07:45.7,36.4411,142.6338,15.0,3.6,1.046772022770651,0.919113477692239
2011-08-14T05:14:46.45,37.5975,141.5622,52.6,3.8,2011-12-03T21:04:06.2,37.6057,141.5522,49.1,3.6,-0.0113204561789434,0.9517037822351052
2011-08-14T20:42:01.74,39.8842,143.2597,22.4,4.7,2013-04-24T00:37:32.4,39.9309,143.2152,12.0,4.5,1.0977849327031908,0.9093985490168908
2011-08-17T00:23:15.52,35.9771,139.7596,81.3,4.3,2018-09-18T08:11:11.43,36.0058,139.8,95.5,4.6,-1.245613436140303,0.99781028429433
2011-08-17T13:49:01.45,36.0993,142.1382,23.0,4.1,2014-04-16T14:12:50.89,36.0763,142.0664,23.0,4.3,-0.4881992510580849,0.986101245439301
2011-08-18T05:34:39.63,38.1548,141.686,60.4,3.9,2012-08-19T11:40:41.76,38.1975,141.7548,56.1,3.7,0.3262262119689463,0.9135351988665986
2011-08-18T05:34:39.63,38.1548,141.686,60.4,3.9,2015-03-26T17:28:26.71,38.1334,141.7882,44.5,3.9,1.947591814758028,0.9199819728580068
2011-08-18T05:34:39.63,38.1548,141.686,60.4,3.9,2016-03-13T08:44:10.19,38.1587,141.7287,47.7,3.8,1.43619841908044,0.9068624113051608
2011-08-18T05:34:39.63,38.1548,141.686,60.4,3.9,2019-04-07T18:00:03.03,38.1289,141.7481,47.7,4.0,2.4467610458661784,0.9193591053204412
2011-08-18T11:42:39.5,36.34,140.85,42.0,3.5,2015-02-25T03:20:43.32,36.4031,140.7609,32.0,3.6,-0.0109036488044621,0.9146270064491868
2011-08-18T15:39:49.22,36.1212,140.1139,53.9,4.0,2016-10-19T14:40:38.48,36.1467,140.1365,48.8,4.1,0.5963575527103477,0.9965533310548776
2011-08-19T09:58:15.18,39.6245,142.2472,42.8,3.8,2011-10-23T18:58:35.13,39.6388,142.2386,53.5,4.2,-0.4084960817569064,0.9147462470010034
2011-08-20T11:02:51.03,38.1667,141.7198,48.0,3.9,2012-06-22T12:44:48.38,38.144,141.8426,45.0,3.6,1.0601792223154691,0.914362083890651
2011-08-20T19:37:23.67,38.5944,141.9579,48.1,4.4,2011-10-18T09:06:01.09,38.6007,142.0317,47.6,4.1,0.0723864630543933,0.9227392685512484
2011-08-20T19:37:23.67,38.5944,141.9579,48.1,4.4,2011-12-02T08:58:45.26,38.5951,141.9711,41.4,3.8,-0.4455893960981809,0.9035967003046724
2011-08-20T19:37:23.67,38.5944,141.9579,48.1,4.4,2012-01-18T08:55:38.94,38.6071,142.0718,43.8,4.3,0.4519002870994103,0.9096763383081956
2011-08-20T19:37:23.67,38.5944,141.9579,48.1,4.4,2012-03-21T18:25:03.96,38.5578,142.061,46.7,4.0,0.1893418325264566,0.9156479898046586
2011-08-20T19:37:23.67,38.5944,141.9579,48.1,4.4,2012-06-02T18:46:46.25,38.5826,141.9895,47.8,3.6,-0.158862557824444,0.900428069130075
2011-08-20T19:37:23.67,38.5944,141.9579,48.1,4.4,2012-07-22T08:20:33.05,38.5804,142.0914,46.6,4.3,0.3900933541892434,0.9151315306752964
2011-08-20T19:37:23.67,38.5944,141.9579,48.1,4.4,2013-12-03T19:55:50.02,38.5841,142.025,46.5,4.2,0.1179670185423196,0.9195998982261994
2011-08-20T19:37:23.67,38.5944,141.9579,48.1,4.4,2015-02-05T20:28:42.76,38.6077,141.9812,55.6,4.1,-0.6535046715829508,0.9148040950765568
2011-08-20T19:37:23.67,38.5944,141.9579,48.1,4.4,2018-08-16T10:44:09.3,38.5708,141.9456,49.2,3.9,-0.6188183187443339,0.9023176860642051
2011-08-21T04:47:06.3,35.86,140.53,33.0,3.6,2016-09-12T04:33:19.47,35.855,140.5343,37.1,3.5,0.179067624247106,0.9458409626961548
2011-08-22T11:29:14.34,36.0757,142.0187,23.0,3.8,2011-11-16T22:21:54.86,36.0674,142.0263,23.0,3.6,-0.2678676827132198,0.942347079029244
2011-08-22T11:29:14.34,36.0757,142.0187,23.0,3.8,2012-12-28T21:31:53.18,36.0776,142.1022,23.0,3.6,0.5597949182302563,0.9511890936657156
2011-08-22T11:29:14.34,36.0757,142.0187,23.0,3.8,2016-11-24T19:22:14.56,36.0766,141.9454,23.0,3.5,0.3754628383971145,0.9444657163589828
2011-08-22T12:11:24.97,36.01,141.8653,23.0,4.5,2017-10-24T03:27:47.42,36.0394,141.9016,23.0,4.6,-0.415130292218114,0.9714725397023204
2011-08-22T12:17:04.83,36.0923,141.8673,23.0,4.5,2014-12-14T05:25:19.67,36.046,141.9122,18.9,4.3,0.5725896736440905,0.9795397382130548
2011-09-05T19:49:14.91,36.471,142.6035,23.4,4.6,2016-04-03T15:34:23.65,36.4754,142.6566,15.0,4.4,1.0933867768033612,0.9397145638600712
2011-09-06T10:47:26.71,39.9805,143.6495,18.6,4.5,2012-05-08T15:29:45.33,39.9442,143.6423,23.1,4.3,0.1653692949609576,0.9534843268572732
2011-09-06T10:47:26.71,39.9805,143.6495,18.6,4.5,2015-03-27T03:21:31.6,39.9554,143.6185,23.8,4.3,-0.2031768482332273,0.9168620153716788
2011-09-06T10:47:26.71,39.9805,143.6495,18.6,4.5,2017-05-21T05:05:33.09,39.9074,143.7425,17.1,4.3,1.3196616680435005,0.920935159133452
2011-09-07T05:42:08.79,38.6397,141.9867,51.0,4.6,2012-06-10T08:38:00.21,38.6936,142.1659,41.2,4.5,1.3434471823603311,0.9550089320706606
2011-09-07T05:42:08.79,38.6397,141.9867,51.0,4.6,2013-05-23T10:47:34.51,38.6319,142.2345,36.5,4.5,1.3998681549104277,0.9277121793736436
2011-09-07T05:42:08.79,38.6397,141.9867,51.0,4.6,2014-04-21T19:36:15.65,38.6462,142.1155,43.6,4.0,0.8168479088058054,0.9380666943829676
2011-09-07T05:42:08.79,38.6397,141.9867,51.0,4.6,2017-01-16T22:35:22.69,38.6447,142.1329,42.6,4.1,0.6335875223218695,0.9330854340998922
2011-09-07T05:42:08.79,38.6397,141.9867,51.0,4.6,2018-06-13T18:34:41.2,38.6328,142.1468,43.4,3.9,0.6890499826638503,0.9059609895597444
2011-09-08T08:22:39.71,35.9725,140.1635,33.4,3.5,2015-09-15T20:53:24.53,35.9488,140.2423,42.3,3.9,0.1567494608235031,0.9478930774021308
2011-09-09T10:49:12.71,36.6779,142.2541,15.0,4.0,2016-07-12T17:46:31.08,36.6475,142.2437,10.0,3.7,0.8861403974540082,0.9595982465477134
2011-09-09T10:49:12.71,36.6779,142.2541,15.0,4.0,2020-05-30T16:53:28.26,36.7546,142.0788,10.7,3.7,-0.5308327039268612,0.9734313623804662
2011-09-10T06:00:32.24,36.4798,140.6719,56.2,4.8,2013-10-11T17:43:11.71,36.4299,140.7484,50.8,4.8,1.0442884292033292,0.946430782276543
2011-09-10T06:00:32.24,36.4798,140.6719,56.2,4.8,2015-11-21T23:20:26.32,36.4285,140.7227,47.9,4.8,1.234829993697414,0.967710952689951
2011-09-10T06:00:32.24,36.4798,140.6719,56.2,4.8,2018-07-16T19:34:11.64,36.4571,140.8248,51.4,4.7,1.0721387537257343,0.9936391873222296
2011-09-10T06:00:32.24,36.4798,140.6719,56.2,4.8,2020-06-03T20:31:19.68,36.4862,140.7345,59.1,4.7,-0.1363612410497965,0.9802293412946648
2011-09-10T06:21:40.26,36.7413,142.3261,19.0,4.5,2012-03-09T05:31:48.78,36.8324,142.1271,28.8,4.7,-1.842728340444751,0.9748036014531116
2011-09-10T06:21:40.26,36.7413,142.3261,19.0,4.5,2013-04-27T23:54:22.51,36.7985,142.1611,29.0,4.7,-1.941033753165217,0.9695974976500504
2011-09-10T06:21:40.26,36.7413,142.3261,19.0,4.5,2017-02-28T08:08:27.75,36.7804,142.19,35.0,4.6,-2.584724292386518,0.9514484739803124
2011-09-11T10:09:28.66,35.571,140.0078,69.1,4.3,2013-02-01T14:06:47.12,35.5785,140.1294,68.9,4.4,0.8015405450879879,0.9437615885020144
2011-09-12T01:50:03.78,36.7063,142.0973,1.4,4.0,2013-05-22T10:51:25.58,36.9916,141.8006,19.0,4.0,-6.0598121553315245,0.9098391257413198
2011-09-12T05:17:01.53,36.7224,141.6241,26.0,3.9,2011-11-02T19:50:18.2,36.7892,141.8547,19.0,3.6,0.4518977752237201,0.949241810445763
2011-09-12T05:17:01.53,36.7224,141.6241,26.0,3.9,2012-02-12T02:34:42.91,36.5916,141.4581,26.0,3.9,-1.5143151160714643,0.9781245218534276
2011-09-12T05:17:01.53,36.7224,141.6241,26.0,3.9,2012-06-21T13:18:41.37,36.7484,141.8691,14.0,3.7,2.049637303135562,0.9573452232950674
2011-09-12T05:17:01.53,36.7224,141.6241,26.0,3.9,2012-07-25T12:22:28.23,36.6985,141.8009,19.0,3.9,2.0781659639828747,0.931656129598132
2011-09-12T05:17:01.53,36.7224,141.6241,26.0,3.9,2012-12-13T23:14:16.73,36.7492,141.6704,26.0,3.9,-0.5362117134655388,0.9866082648193066
2011-09-12T05:17:01.53,36.7224,141.6241,26.0,3.9,2014-02-05T00:41:08.41,36.6921,141.9058,19.0,3.9,1.2584062370612608,0.9080211715948968
2011-09-12T05:17:01.53,36.7224,141.6241,26.0,3.9,2014-11-25T19:38:16.79,36.6906,141.9877,35.0,3.7,-0.3607440880960317,0.9878181388757158
2011-09-12T05:17:01.53,36.7224,141.6241,26.0,3.9,2016-06-30T05:55:50.03,36.8974,141.5661,33.0,3.6,-2.988850661806346,0.931357933490182
2011-09-12T05:17:01.53,36.7224,141.6241,26.0,3.9,2017-04-08T18:55:35.79,36.7682,141.8151,50.0,3.5,-1.7305663161815543,0.9537931209349876
2011-09-12T05:17:01.53,36.7224,141.6241,26.0,3.9,2018-08-01T00:17:39.3,36.8221,141.8667,6.6,3.9,2.9798025219971693,0.966300263002506
2011-09-12T05:17:01.53,36.7224,141.6241,26.0,3.9,2020-11-29T04:55:02.19,36.7212,141.8765,35.0,3.6,-0.7633618795973898,0.9508602308589946
2011-09-12T15:25:57.95,35.5466,141.166,33.0,4.3,2012-09-29T07:34:43.18,35.517,141.1276,33.0,3.6,-0.6250917866160659,0.980919463008602
2011-09-12T15:25:57.95,35.5466,141.166,33.0,4.3,2015-04-12T10:28:46.25,35.5075,141.0847,33.0,3.7,-0.2364818337251909,0.9500523132254064
2011-09-16T21:42:36.11,38.1609,141.7852,47.4,4.1,2012-07-05T21:05:55.3,38.1576,141.7601,58.9,3.7,-0.9531585932161653,0.931092338375368
2011-09-16T21:42:36.11,38.1609,141.7852,47.4,4.1,2014-06-19T09:50:14.45,38.159,141.8289,43.1,3.8,0.5189193641324897,0.9486410979942116
2011-09-16T21:42:36.11,38.1609,141.7852,47.4,4.1,2015-06-21T04:16:19.81,38.1912,141.7778,48.6,4.0,0.3531700242048518,0.9335471839437612
2011-09-16T21:42:36.11,38.1609,141.7852,47.4,4.1,2016-06-29T05:01:36.37,38.1588,141.7405,45.6,4.3,-0.1011088734919294,0.933231433171432
2011-09-16T21:42:36.11,38.1609,141.7852,47.4,4.1,2019-03-29T18:00:33.94,38.1405,141.8238,47.0,4.3,0.6463273858828104,0.9583923929882469
2011-09-17T15:13:23.3,38.2812,141.9233,49.1,4.3,2012-03-10T01:33:34.16,38.3724,141.8628,51.4,4.1,-0.4697121700815872,0.9486520540389048
2011-09-17T15:13:23.3,38.2812,141.9233,49.1,4.3,2012-12-18T10:25:48.67,38.3666,141.7965,46.3,4.5,-0.2244125545376509,0.9244484023843416
2011-09-17T15:13:23.3,38.2812,141.9233,49.1,4.3,2014-04-16T17:20:10.86,38.257,142.0401,50.5,4.2,0.3809783624650967,0.9569460276349184
2011-09-18T15:58:58.03,37.6958,141.797,56.4,4.1,2019-09-05T19:20:30.95,37.7438,141.7573,52.9,4.1,-0.0419172109316085,0.9381578091993452
2011-09-20T14:59:06.34,35.6694,140.6877,49.8,3.5,2012-12-18T20:31:38.94,35.6723,140.6842,51.7,3.6,-0.0326038536292061,0.992824977057744
2011-09-20T14:59:06.34,35.6694,140.6877,49.8,3.5,2017-03-22T13:50:14.65,35.6903,140.6523,51.4,3.6,0.1507466703310104,0.9937329278894236
2011-09-20T20:59:04.21,38.5593,141.8434,52.3,4.8,2012-03-08T03:23:28.39,38.5739,141.8401,55.7,4.8,-0.3579396318816106,0.9898053280752972
2011-09-20T20:59:04.21,38.5593,141.8434,52.3,4.8,2015-03-19T01:33:54.21,38.4888,141.9534,56.2,4.8,0.4904275894671607,0.9894750765079502
2011-09-20T20:59:04.21,38.5593,141.8434,52.3,4.8,2016-05-04T16:10:19.95,38.5338,141.8718,47.1,4.7,0.9548027122040144,0.9901916561310452
2011-09-20T20:59:04.21,38.5593,141.8434,52.3,4.8,2019-12-26T09:26:39.15,38.5526,141.7915,60.0,4.7,-0.6639746318338642,0.9834299338072612
2011-09-23T13:12:25.3,39.3459,142.0254,47.6,5.0,2013-11-16T05:54:36.88,39.3189,142.1541,50.2,4.9,-0.470851848643022,0.9244240474969696
2011-09-24T11:17:40.4,35.75,140.91,11.0,3.7,2012-09-01T16:38:15.9,35.74,140.94,12.0,3.5,0.3018317744618971,0.9501599255824056
2011-09-25T06:09:07.74,35.8951,139.8446,11.9,3.6,2015-07-10T00:39:58.48,36.084,139.877,50.0,3.8,-3.538199493130576,0.993837965188098
2011-09-25T06:09:07.74,35.8951,139.8446,11.9,3.6,2019-02-20T11:24:55.56,36.0691,139.8635,35.0,3.7,-3.332436085615661,0.9939692197682598
2011-09-28T11:25:56.31,36.0553,139.8949,51.4,3.5,2014-10-06T04:20:09.85,36.0753,139.9078,50.6,3.5,-0.0680767763248882,0.969913223173363
2011-09-28T11:25:56.31,36.0553,139.8949,51.4,3.5,2016-08-27T13:46:28.11,36.0663,139.8847,51.9,4.1,-0.3424836959091445,0.9686723696944862
2011-09-29T18:29:59.67,36.9597,141.1662,48.5,3.9,2011-12-31T05:48:40.29,36.9568,141.1628,45.2,3.7,-0.4704538743737382,0.9818511737892842
2011-09-29T18:29:59.67,36.9597,141.1662,48.5,3.9,2012-06-26T08:46:42.01,36.9591,141.152,46.7,3.8,-0.7227214923593221,0.9495442679732524
2011-09-30T05:09:10.79,39.9554,143.349,14.2,4.4,2018-04-13T03:45:47.96,39.8186,143.3936,6.0,4.8,2.140298025674615,0.9616287187198423
2011-10-04T01:14:56.8,38.2803,142.0192,43.5,3.9,2012-06-11T11:20:41.33,38.2885,141.9898,40.7,3.8,-0.4140951599527849,0.910188160601597
2011-10-04T01:14:56.8,38.2803,142.0192,43.5,3.9,2013-09-14T02:36:36.9,38.2728,142.0198,40.5,3.8,0.2658067758939707,0.9019401719713284
2011-10-04T01:14:56.8,38.2803,142.0192,43.5,3.9,2020-07-27T07:56:01.29,38.2805,142.0135,42.2,4.3,-0.0251507856118376,0.9203822588131568
2011-10-07T22:50:25.69,36.7433,140.6284,6.3,3.6,2013-12-31T01:09:50.18,36.748,140.593,4.5,3.6,-0.1323919717267636,0.9692431021160184
2011-10-18T09:06:01.09,38.6007,142.0317,47.6,4.1,2011-12-02T08:58:45.26,38.5951,141.9711,41.4,3.8,-0.5181537993572829,0.9217732400394448
2011-10-18T09:06:01.09,38.6007,142.0317,47.6,4.1,2012-01-18T08:55:38.94,38.6071,142.0718,43.8,4.3,0.3784713192246313,0.9596999573448723
2011-10-18T09:06:01.09,38.6007,142.0317,47.6,4.1,2012-03-21T18:25:03.96,38.5578,142.061,46.7,4.0,0.1166604744362551,0.96890865231951
2011-10-18T09:06:01.09,38.6007,142.0317,47.6,4.1,2012-06-02T18:46:46.25,38.5826,141.9895,47.8,3.6,-0.2294130195152203,0.9329077933254312
2011-10-18T09:06:01.09,38.6007,142.0317,47.6,4.1,2012-07-22T08:20:33.05,38.5804,142.0914,46.6,4.3,0.3170084479250898,0.961933006750282
2011-10-18T09:06:01.09,38.6007,142.0317,47.6,4.1,2013-06-03T20:01:23.61,38.6419,141.9306,47.0,4.2,-0.5009970194273091,0.929610842026865
2011-10-18T09:06:01.09,38.6007,142.0317,47.6,4.1,2013-12-03T19:55:50.02,38.5841,142.025,46.5,4.2,0.0443648088114563,0.959660324097342
2011-10-18T09:06:01.09,38.6007,142.0317,47.6,4.1,2015-02-05T20:28:42.76,38.6077,141.9812,55.6,4.1,-0.7253854816705134,0.9628032570237698
2011-10-18T09:06:01.09,38.6007,142.0317,47.6,4.1,2016-06-13T18:17:25.85,38.5899,141.961,51.8,3.9,-0.8419766269226805,0.938099937713745
2011-10-18T09:06:01.09,38.6007,142.0317,47.6,4.1,2016-12-08T04:25:10.3,38.5752,142.022,40.6,4.1,0.9706159449270986,0.917529400702866
2011-10-18T09:06:01.09,38.6007,142.0317,47.6,4.1,2017-07-01T18:53:11.37,38.6039,141.9678,49.1,4.1,-0.2277316604482759,0.94490027703264
2011-10-18T09:06:01.09,38.6007,142.0317,47.6,4.1,2018-08-16T10:44:09.3,38.5708,141.9456,49.2,3.9,-0.6929560878961416,0.9475383149235228
2011-10-18T09:06:01.09,38.6007,142.0317,47.6,4.1,2019-04-01T12:17:32.96,38.5938,141.9946,50.0,4.0,-0.8404544442269146,0.9268932809233038
2011-10-18T09:06:01.09,38.6007,142.0317,47.6,4.1,2020-05-28T17:46:07.96,38.6033,142.2343,43.3,3.8,2.117484523894507,0.9464405481992212
2011-10-19T07:05:01.47,37.0661,140.5216,8.0,4.1,2011-10-19T21:13:53.05,37.0259,140.6564,11.5,4.1,-0.30808523728727,0.9040318636160654
2011-10-19T07:05:01.47,37.0661,140.5216,8.0,4.1,2011-10-20T11:53:48.65,36.9862,140.6135,1.4,3.8,0.247328788667114,0.905061631373791
2011-10-19T21:21:40.25,37.0398,140.6376,15.5,4.4,2011-11-09T03:05:10.11,37.0399,140.6736,13.0,3.7,0.9420165391370844,0.9113971040042244
2011-10-20T12:51:50.75,36.718,142.0932,8.1,4.4,2012-08-14T13:02:20.69,36.7289,142.2714,19.0,4.4,-0.9876463600289892,0.9459902612639774
2011-10-20T12:51:50.75,36.718,142.0932,8.1,4.4,2014-04-01T13:38:33.64,36.7094,142.1799,35.8,4.2,-3.5559913882277643,0.9844431520092848
2011-10-20T12:51:50.75,36.718,142.0932,8.1,4.4,2016-05-22T06:11:34.86,36.6508,142.052,19.0,4.1,-1.1496790020891074,0.976015022089368
2011-10-23T18:58:35.13,39.6388,142.2386,53.5,4.2,2012-05-15T00:09:06.0,39.6457,142.1157,47.0,4.0,0.0449737829108766,0.9137515749038552
2011-10-23T18:58:35.13,39.6388,142.2386,53.5,4.2,2012-11-21T00:02:19.28,39.6163,142.102,50.4,4.1,-0.448369579853078,0.9260442821910184
2011-10-23T18:58:35.13,39.6388,142.2386,53.5,4.2,2013-05-18T15:51:01.28,39.6298,142.1197,53.3,4.0,-0.4651775272092457,0.980008999044391
2011-10-23T18:58:35.13,39.6388,142.2386,53.5,4.2,2013-11-21T08:59:23.22,39.5994,142.2982,43.2,4.1,0.9483106375455188,0.9539933665498016
2011-10-23T18:58:35.13,39.6388,142.2386,53.5,4.2,2014-07-27T09:24:15.45,39.6279,142.1824,48.6,4.1,0.0068458524494865,0.9735866616403324
2011-10-23T18:58:35.13,39.6388,142.2386,53.5,4.2,2015-03-23T13:56:48.72,39.6415,142.0922,47.4,4.2,0.1523309224710431,0.9723068555335772
2011-10-23T18:58:35.13,39.6388,142.2386,53.5,4.2,2015-09-28T16:33:55.17,39.5984,142.1289,50.4,3.9,0.0204425851894745,0.9296077671262408
2011-10-23T18:58:35.13,39.6388,142.2386,53.5,4.2,2015-12-31T18:53:18.29,39.629,142.2132,51.4,3.9,-0.0346018083748896,0.956054234576888
2011-10-23T18:58:35.13,39.6388,142.2386,53.5,4.2,2016-07-03T09:06:01.44,39.6391,142.159,50.0,4.1,-0.2258030038416161,0.970636709769272
2011-10-23T18:58:35.13,39.6388,142.2386,53.5,4.2,2017-04-05T20:00:13.64,39.611,142.0494,51.1,4.2,-0.4553021116211238,0.945307140405309
2011-10-23T18:58:35.13,39.6388,142.2386,53.5,4.2,2018-11-16T02:49:11.8,39.6082,142.1445,51.3,4.2,-0.0578947614347985,0.916859834529822
2011-10-23T18:58:35.13,39.6388,142.2386,53.5,4.2,2019-09-04T10:54:41.84,39.605,142.1095,53.7,3.9,-0.752694690667494,0.901814952839498
2011-10-25T10:44:29.51,37.0576,142.732,9.0,3.6,2013-02-06T16:53:32.42,36.9829,142.5941,9.0,3.5,0.3520016455759351,0.9059080955847684
2011-10-29T22:16:01.92,36.4796,142.5301,38.8,4.1,2014-03-22T13:38:43.77,36.3972,142.5673,15.0,3.9,3.744404967589306,0.9047969958166416
2011-10-29T22:16:01.92,36.4796,142.5301,38.8,4.1,2019-11-03T01:37:55.92,36.4661,142.6718,14.2,3.9,4.403658924237037,0.9437746705971212
2011-10-30T19:36:07.7,36.8464,140.5974,6.6,3.5,2012-05-09T22:02:42.83,36.813,140.6266,8.2,4.0,0.821462564695224,0.9217539030432282
2011-10-31T01:31:40.43,35.9959,140.3574,57.6,3.5,2014-02-21T22:31:10.86,35.9472,140.5135,54.3,3.9,0.944977789537548,0.9319744792032124
2011-10-31T01:31:40.43,35.9959,140.3574,57.6,3.5,2017-03-17T13:00:25.14,35.9241,140.5762,56.1,3.6,0.9970901222734194,0.9299576342774294
2011-10-31T07:22:20.5,35.47,140.39,27.0,3.7,2018-03-13T06:54:33.5,35.4142,140.4307,31.4,3.6,-0.4443779244767213,0.9787203787561168
2011-10-31T14:09:22.59,39.8719,143.7088,6.0,4.3,2012-09-09T20:20:47.57,39.9229,143.542,6.0,4.4,-0.3206801274950345,0.9134544941546466
2011-11-02T10:05:00.96,36.6322,142.1434,19.0,4.2,2012-07-24T17:28:07.2,36.6507,142.2213,24.9,4.2,0.0707150249482402,0.988225901140078
2011-11-02T10:05:00.96,36.6322,142.1434,19.0,4.2,2014-08-03T18:08:26.82,36.6828,142.0384,19.0,4.0,0.5642410274629605,0.9936843939171662
2011-11-02T10:05:00.96,36.6322,142.1434,19.0,4.2,2017-06-28T15:44:33.11,36.7433,141.9148,35.0,4.0,-2.50289298370624,0.9804875673709216
2011-11-02T19:50:18.2,36.7892,141.8547,19.0,3.6,2012-02-12T02:34:42.91,36.5916,141.4581,26.0,3.9,-1.9673503446934288,0.9370923398151888
2011-11-02T19:50:18.2,36.7892,141.8547,19.0,3.6,2012-06-21T13:18:41.37,36.7484,141.8691,14.0,3.7,1.5979314336380428,0.9635478781883262
2011-11-02T19:50:18.2,36.7892,141.8547,19.0,3.6,2012-12-13T23:14:16.73,36.7492,141.6704,26.0,3.9,-0.987812125395496,0.9454424968763568
2011-11-02T19:50:18.2,36.7892,141.8547,19.0,3.6,2013-03-01T03:08:48.07,36.744,141.8133,8.4,3.5,1.4172461564186043,0.9051878788253698
2011-11-02T19:50:18.2,36.7892,141.8547,19.0,3.6,2014-11-25T19:38:16.79,36.6906,141.9877,35.0,3.7,-0.8127981622773037,0.9523264116715406
2011-11-02T19:50:18.2,36.7892,141.8547,19.0,3.6,2016-06-30T05:55:50.03,36.8974,141.5661,33.0,3.6,-3.4395028593628885,0.9285422608151668
2011-11-02T19:50:18.2,36.7892,141.8547,19.0,3.6,2017-04-08T18:55:35.79,36.7682,141.8151,50.0,3.5,-2.1828227961311626,0.9728098167819476
2011-11-02T19:50:18.2,36.7892,141.8547,19.0,3.6,2018-08-01T00:17:39.3,36.8221,141.8667,6.6,3.9,2.5263779843478846,0.92207608743768
2011-11-02T19:50:18.2,36.7892,141.8547,19.0,3.6,2020-11-29T04:55:02.19,36.7212,141.8765,35.0,3.6,-1.2148651100668748,0.9690404606319246
2011-11-03T10:34:28.3,35.8745,140.1177,69.7,4.9,2017-05-23T09:23:15.57,35.8384,140.1964,69.8,3.7,0.3640712642918507,0.9175995073061928
2011-11-05T23:43:44.12,38.3183,141.9138,50.9,4.1,2013-07-18T17:05:03.6,38.39,141.8889,44.6,4.3,0.648842852987149,0.984791687376628
2011-11-05T23:43:44.12,38.3183,141.9138,50.9,4.1,2015-11-29T07:38:31.91,38.284,141.9378,48.6,4.1,0.6492703128373325,0.9845944536336882
2011-11-05T23:43:44.12,38.3183,141.9138,50.9,4.1,2018-05-28T15:47:04.05,38.2713,141.9966,44.6,4.5,1.345565641657272,0.9827739359181814
2011-11-11T07:52:11.62,38.9187,141.9048,50.1,3.9,2011-12-30T19:11:32.91,38.8454,141.9692,51.0,3.8,1.0013884607505847,0.9108498421731188
2011-11-11T07:52:11.62,38.9187,141.9048,50.1,3.9,2012-03-03T13:26:18.41,38.8307,142.1137,48.1,3.9,1.403903652280069,0.9222393967695958
2011-11-11T07:52:11.62,38.9187,141.9048,50.1,3.9,2012-05-03T07:15:45.5,38.888,141.9318,49.4,4.0,0.3825015568603425,0.9121944268866378
2011-11-11T07:52:11.62,38.9187,141.9048,50.1,3.9,2012-06-26T13:42:50.85,38.8973,142.048,51.9,3.9,1.0065138165153775,0.9115484338499238
2011-11-11T07:52:11.62,38.9187,141.9048,50.1,3.9,2013-01-05T16:47:09.8,38.9155,142.038,60.9,3.9,0.1718541466062657,0.9096545012977822
2011-11-11T07:52:11.62,38.9187,141.9048,50.1,3.9,2013-04-01T19:09:37.88,38.8929,142.0591,49.1,4.2,1.194837717483794,0.9128480898363096
2011-11-15T15:46:45.22,36.6134,142.0601,2.7,3.9,2013-09-27T12:40:28.23,36.6632,141.8737,13.8,4.0,-3.083825514737588,0.9055376015985924
2011-11-16T19:39:50.44,39.6597,143.417,30.5,4.4,2013-04-19T19:59:25.34,39.6513,143.3852,7.9,4.6,3.8605217937440415,0.9852358613099904
2011-11-16T22:21:54.86,36.0674,142.0263,23.0,3.6,2012-12-28T21:31:53.18,36.0776,142.1022,23.0,3.6,0.8265054167053794,0.9321044555741445
2011-11-16T22:21:54.86,36.0674,142.0263,23.0,3.6,2016-11-24T19:22:14.56,36.0766,141.9454,23.0,3.5,0.6428471404940433,0.9368484454588047
2011-11-18T13:54:59.3,39.6486,143.2288,39.7,4.7,2013-04-19T08:46:02.9,39.8249,143.0327,34.4,4.7,-1.0695942016874815,0.9687752365011368
2011-11-19T19:27:38.54,35.4436,140.9189,35.3,4.8,2013-09-14T08:44:32.59,35.4814,140.8958,30.9,4.5,0.233589540374893,0.9824178652995084
2011-11-19T19:27:38.54,35.4436,140.9189,35.3,4.8,2018-10-18T05:18:22.07,35.4631,140.9005,32.9,4.8,0.490407122736316,0.9943716869602008
2011-11-26T01:43:20.11,38.8117,142.2017,44.0,4.5,2012-04-10T02:57:37.98,38.8586,142.1159,41.3,4.3,-0.3020961365801772,0.9894729211021056
2011-11-26T01:43:20.11,38.8117,142.2017,44.0,4.5,2012-06-24T01:29:14.59,38.8459,142.2304,46.6,4.8,-0.5367011889035194,0.9852230789909884
2011-11-26T01:43:20.11,38.8117,142.2017,44.0,4.5,2013-02-18T11:06:42.93,38.8421,142.1455,43.7,4.2,-0.3490081081896119,0.95039428502714
2011-11-26T01:43:20.11,38.8117,142.2017,44.0,4.5,2014-01-08T12:28:20.03,38.8485,142.1928,46.3,4.0,-0.966553948314925,0.954876086080729
2011-11-26T01:43:20.11,38.8117,142.2017,44.0,4.5,2014-11-08T12:09:27.04,38.8164,142.2867,40.8,4.0,0.305533001996149,0.9525162187649594
2011-11-26T01:43:20.11,38.8117,142.2017,44.0,4.5,2018-06-17T15:43:42.62,38.8022,142.1996,46.5,4.1,-0.3950742135958933,0.9432028086231424
2011-11-26T01:43:20.11,38.8117,142.2017,44.0,4.5,2020-04-20T01:49:36.53,38.8126,142.2245,41.7,4.3,0.1237197182693104,0.9740261561960116
2011-11-26T01:43:20.11,38.8117,142.2017,44.0,4.5,2020-08-27T00:48:42.33,38.8381,142.1809,42.6,4.2,0.0861427778669996,0.9081664819034604
2011-11-26T11:09:25.38,37.0973,141.2905,47.4,4.0,2012-12-20T15:31:14.79,37.0845,141.21,54.0,4.1,-0.6903058847598764,0.9931690182337212
2011-11-26T11:09:25.38,37.0973,141.2905,47.4,4.0,2013-10-17T04:31:57.6,37.0942,141.211,47.7,4.0,-0.4773075185648403,0.9849497709096876
2011-11-26T11:09:25.38,37.0973,141.2905,47.4,4.0,2014-07-30T14:57:06.66,37.0936,141.2082,48.8,3.9,-0.6252473939716265,0.9911318450174218
2011-11-26T11:09:25.38,37.0973,141.2905,47.4,4.0,2015-11-19T03:39:22.78,37.0822,141.174,52.6,4.0,-0.3497920795436373,0.9928132409446028
2011-11-26T11:09:25.38,37.0973,141.2905,47.4,4.0,2017-10-06T15:00:41.81,37.0909,141.1982,49.0,4.3,-0.3869989400526327,0.934718609210134
2011-11-26T11:09:25.38,37.0973,141.2905,47.4,4.0,2018-09-27T19:32:24.08,37.0924,141.2521,48.6,4.2,-0.028794394569131,0.987393902098787
2011-11-26T11:09:25.38,37.0973,141.2905,47.4,4.0,2020-04-23T01:22:17.95,37.0256,141.2978,46.1,4.0,0.9285906005808012,0.953024157581734
2011-11-28T18:53:30.78,38.612,142.0461,46.1,4.4,2012-01-08T04:41:20.35,38.6191,142.0065,54.2,4.1,-0.9184692707130676,0.9589640133126244
2011-12-02T08:58:45.26,38.5951,141.9711,41.4,3.8,2012-01-18T08:55:38.94,38.6071,142.0718,43.8,4.3,0.898335581602183,0.9086020112238602
2011-12-02T08:58:45.26,38.5951,141.9711,41.4,3.8,2012-03-21T18:25:03.96,38.5578,142.061,46.7,4.0,0.6360534504831645,0.9070675877820714
2011-12-02T08:58:45.26,38.5951,141.9711,41.4,3.8,2012-07-22T08:20:33.05,38.5804,142.0914,46.6,4.3,0.837982682028555,0.907233650030863
2011-12-02T08:58:45.26,38.5951,141.9711,41.4,3.8,2013-12-03T19:55:50.02,38.5841,142.025,46.5,4.2,0.5636976031439431,0.9150757220901587
2011-12-02T08:58:45.26,38.5951,141.9711,41.4,3.8,2018-08-16T10:44:09.3,38.5708,141.9456,49.2,3.9,-0.1720791297697803,0.9031007366199254
2011-12-03T04:16:37.87,38.887,142.0837,47.9,4.4,2012-04-02T17:48:14.12,38.8335,142.1244,48.6,4.1,0.2499289684135315,0.9189139733797236
2011-12-03T04:16:37.87,38.887,142.0837,47.9,4.4,2012-10-08T10:49:05.62,38.8824,142.0049,51.3,3.9,-0.6842628942802975,0.9152415294943772
2011-12-03T04:16:37.87,38.887,142.0837,47.9,4.4,2012-11-16T12:41:04.4,38.8479,142.1914,42.0,3.9,0.4841284644709612,0.9018036940925828
2011-12-03T04:16:37.87,38.887,142.0837,47.9,4.4,2015-05-19T17:17:39.52,38.8762,142.0788,50.5,4.0,-0.2703470319251354,0.9131704141755904
2011-12-03T04:16:37.87,38.887,142.0837,47.9,4.4,2015-12-12T21:05:51.61,38.8977,142.0347,48.3,4.0,-0.4210764884042627,0.9359442701614594
2011-12-03T04:16:37.87,38.887,142.0837,47.9,4.4,2016-08-13T08:49:41.24,38.8588,142.1239,49.1,4.2,-0.1340227053871554,0.9180940145351824
2011-12-03T04:16:37.87,38.887,142.0837,47.9,4.4,2018-07-14T09:13:51.33,38.8582,142.0765,48.0,4.2,-0.1818957629380357,0.9135795017121692
2011-12-03T19:11:35.57,36.7823,140.5347,8.5,3.9,2013-12-01T13:35:18.83,36.7701,140.4603,5.7,3.5,0.6412289937200033,0.9159153265070488
2011-12-07T22:11:41.99,36.3209,141.1249,40.5,4.7,2020-07-19T12:01:29.9,36.3232,141.1821,35.0,4.1,0.1908283635939296,0.9201904868960564
2011-12-08T10:17:37.64,36.1638,141.9937,16.5,3.6,2018-11-18T02:06:12.03,36.1711,141.9969,23.0,3.7,-0.853530400614392,0.9732030680275802
2011-12-09T15:23:10.27,36.6276,141.0392,43.9,4.1,2012-07-04T06:03:24.47,36.6516,140.9803,42.3,4.0,0.1301927591541229,0.9911534818974168
2011-12-09T15:23:10.27,36.6276,141.0392,43.9,4.1,2014-01-01T14:39:25.33,36.6279,141.0019,52.5,4.2,-0.5271915349213757,0.9940761442753716
2011-12-09T15:23:10.27,36.6276,141.0392,43.9,4.1,2016-07-19T07:27:57.09,36.635,140.9634,50.7,4.3,-1.0475087931630076,0.9918209055938244
2011-12-09T15:23:10.27,36.6276,141.0392,43.9,4.1,2017-03-22T14:47:21.37,36.6385,141.0008,46.9,3.8,0.0871577963753212,0.9891179845274388
2011-12-09T15:23:10.27,36.6276,141.0392,43.9,4.1,2018-09-19T00:01:36.3,36.6467,140.9839,46.6,4.4,-0.1943927087672327,0.992452531921236
2011-12-16T09:46:17.56,39.1154,142.1878,43.0,3.7,2017-07-16T10:23:01.17,39.0864,142.2035,45.3,3.9,0.7353347589756216,0.9140352000665696
2011-12-18T06:08:57.86,38.648,142.2672,42.2,4.5,2012-07-09T04:01:54.21,38.6443,142.1924,47.4,4.5,-0.7857486919399259,0.9867053780125488
2011-12-18T06:08:57.86,38.648,142.2672,42.2,4.5,2013-02-11T03:45:41.38,38.608,142.2849,35.8,4.5,1.024734982993836,0.9871660210428164
2011-12-20T06:26:21.37,40.1023,142.7107,41.7,5.0,2014-01-16T01:12:15.39,40.0813,142.7638,27.9,5.1,2.016131381830608,0.9514239601831024
2011-12-22T08:41:31.22,35.6628,140.3158,48.5,3.7,2013-10-02T10:35:36.38,35.5856,140.144,73.2,3.8,-2.210249106447999,0.9675166895210484
2011-12-22T08:41:31.22,35.6628,140.3158,48.5,3.7,2015-09-28T00:48:30.25,35.5999,140.1422,70.4,3.6,-2.7062328725532168,0.9272393384576556
2011-12-22T08:41:31.22,35.6628,140.3158,48.5,3.7,2018-06-13T22:14:31.79,35.5978,140.1232,68.4,3.9,-1.752264777077009,0.9878432867850062
2011-12-22T09:40:12.97,36.6504,141.0033,40.8,3.8,2012-09-02T22:17:26.4,36.608,141.0574,16.9,3.8,3.873214496958899,0.9619361047518608
2011-12-22T09:40:12.97,36.6504,141.0033,40.8,3.8,2013-08-12T10:57:20.4,36.64,140.93,50.0,3.6,-0.1867682534134859,0.973350360642117
2011-12-22T09:40:12.97,36.6504,141.0033,40.8,3.8,2014-06-30T19:43:55.9,36.64,140.93,49.0,3.5,-0.2900036117777751,0.9659286308663686
2011-12-22T09:40:12.97,36.6504,141.0033,40.8,3.8,2015-07-05T00:20:08.33,36.6283,141.0588,29.3,3.5,1.2292236369886749,0.9706124157939162
2011-12-22T09:40:12.97,36.6504,141.0033,40.8,3.8,2016-07-03T16:27:41.43,36.5494,141.2128,31.6,3.5,2.8592731732646577,0.973559969489234
2011-12-22T09:40:12.97,36.6504,141.0033,40.8,3.8,2017-10-27T11:51:43.13,36.6301,141.0355,39.8,3.5,0.1559381059948921,0.955696987569162
2011-12-22T09:40:12.97,36.6504,141.0033,40.8,3.8,2019-07-08T08:20:50.02,36.6312,141.1031,31.7,3.5,1.0446087628937888,0.9513755823545192
2011-12-22T09:40:12.97,36.6504,141.0033,40.8,3.8,2020-11-02T19:38:37.36,36.6184,141.1041,43.9,3.5,0.9612379647544724,0.9578215095293886
2011-12-25T17:41:37.8,35.9437,140.893,43.6,4.5,2016-11-14T16:15:47.19,35.8635,140.7718,49.4,4.7,-0.1216184359688554,0.9762969318826208
2011-12-30T19:11:32.91,38.8454,141.9692,51.0,3.8,2012-03-03T13:26:18.41,38.8307,142.1137,48.1,3.9,0.4007553455471518,0.9666674706532236
2011-12-30T19:11:32.91,38.8454,141.9692,51.0,3.8,2012-05-03T07:15:45.5,38.888,141.9318,49.4,4.0,-0.6202911026317461,0.951336694820783
2011-12-30T19:11:32.91,38.8454,141.9692,51.0,3.8,2012-06-26T13:42:50.85,38.8973,142.048,51.9,3.9,0.004998708381553,0.9530480928515408
2011-12-30T19:11:32.91,38.8454,141.9692,51.0,3.8,2013-01-05T16:47:09.8,38.9155,142.038,60.9,3.9,-0.8276482017559368,0.9624752163485424
2011-12-30T19:11:32.91,38.8454,141.9692,51.0,3.8,2013-04-01T19:09:37.88,38.8929,142.0591,49.1,4.2,0.1907851652472915,0.9454853001632496
2011-12-30T19:11:32.91,38.8454,141.9692,51.0,3.8,2014-01-11T15:46:13.72,38.9308,142.0529,48.9,4.0,0.4346766533437705,0.932453257101125
2011-12-30T19:11:32.91,38.8454,141.9692,51.0,3.8,2014-05-04T07:10:54.85,38.8913,141.9651,52.5,3.9,-0.1678583852287098,0.924726813060482
2011-12-30T19:11:32.91,38.8454,141.9692,51.0,3.8,2015-08-14T12:13:16.53,38.9145,142.0782,46.6,3.8,0.5929818572284568,0.9258201404925528
2011-12-30T19:11:32.91,38.8454,141.9692,51.0,3.8,2015-12-15T22:41:36.38,38.9033,141.9771,49.6,3.8,-0.2224094336782669,0.9138777942924128
2011-12-30T19:11:32.91,38.8454,141.9692,51.0,3.8,2016-07-31T16:35:03.05,38.8875,141.9726,51.6,3.8,-0.2254421117969366,0.926251948737817
2011-12-30T19:11:32.91,38.8454,141.9692,51.0,3.8,2017-08-06T17:55:48.2,38.8687,141.9708,53.1,3.9,0.3743461084447791,0.9102930404906072
2011-12-30T19:11:32.91,38.8454,141.9692,51.0,3.8,2019-09-27T11:11:01.95,38.8949,141.9515,48.9,4.0,-0.1593218530838616,0.909258776452042
2011-12-31T05:48:40.29,36.9568,141.1628,45.2,3.7,2012-06-26T08:46:42.01,36.9591,141.152,46.7,3.8,-0.2520874183388554,0.9550765294341595
2011-12-31T10:29:00.61,38.6187,142.1108,42.2,3.8,2012-02-05T12:44:57.46,38.603,142.0346,45.6,3.9,-0.506437104256942,0.9034664426558484
2012-01-01T12:06:40.45,37.5045,141.5147,41.3,3.5,2012-10-07T17:32:24.57,37.4943,141.4312,50.4,4.0,-0.7331113248001393,0.9263276938150748
2012-01-01T12:06:40.45,37.5045,141.5147,41.3,3.5,2014-10-05T15:09:15.48,37.4779,141.4748,43.5,4.1,0.2079054963354365,0.9056155852927212
2012-01-02T19:34:57.6,36.3749,141.9147,25.5,4.5,2012-12-12T10:48:15.82,36.3355,141.8393,35.4,4.3,-1.589790409097675,0.9822823972257042
2012-01-05T20:55:47.41,35.8821,140.9612,47.9,4.5,2014-06-28T07:11:49.56,35.9408,140.889,34.7,4.5,0.9604418896080348,0.99891260847768
2012-01-07T21:00:26.32,36.7535,141.1902,6.1,4.2,2012-01-09T04:51:14.37,36.8152,141.1373,27.2,3.9,-3.344747310385711,0.9136004094315217
2012-01-07T21:30:09.91,36.0791,142.0999,23.4,4.2,2013-02-04T02:40:32.04,36.1252,142.0746,23.0,4.4,0.1546031148501475,0.9726204891990442
2012-01-07T21:30:09.91,36.0791,142.0999,23.4,4.2,2016-09-23T02:26:01.64,36.203,142.0618,23.0,4.1,-0.2713700887329245,0.97443549474278
2012-01-07T21:30:09.91,36.0791,142.0999,23.4,4.2,2019-10-16T01:07:08.01,36.0603,142.1043,23.0,3.8,0.7433611966680728,0.9604110317525268
2012-01-08T16:23:36.92,36.6299,141.0413,41.2,3.7,2014-03-29T19:28:27.76,36.6456,141.001,43.1,3.7,-0.258761880605577,0.9773024371656588
2012-01-08T16:23:36.92,36.6299,141.0413,41.2,3.7,2019-03-10T01:46:49.59,36.6109,141.1244,31.2,3.5,1.0663205589190543,0.9788274675313736
2012-01-09T09:23:29.94,35.8873,140.9177,30.9,3.6,2014-01-15T12:04:39.55,35.9442,140.9239,41.2,3.7,-1.5708465552804372,0.9922311241373338
2012-01-09T09:23:29.94,35.8873,140.9177,30.9,3.6,2016-11-19T23:09:27.44,35.8538,140.9332,41.9,3.6,-0.6704536955720214,0.9945592353523672
2012-01-11T01:16:30.52,39.6178,143.2077,29.5,4.7,2016-03-16T00:24:52.3,39.5211,143.3629,24.1,4.9,1.6251887047943712,0.9428677529498648
2012-01-11T01:33:38.03,36.6519,142.0174,24.2,4.3,2012-11-07T15:17:13.16,36.6753,142.041,36.1,4.2,-1.4519519626456543,0.9897843976361532
2012-01-11T01:33:38.03,36.6519,142.0174,24.2,4.3,2013-10-19T05:44:49.87,36.671,141.9703,19.0,4.2,0.8562066122581072,0.9891971037443612
2012-01-11T01:33:38.03,36.6519,142.0174,24.2,4.3,2015-10-05T00:26:19.15,36.6471,142.0795,15.2,4.3,1.5503845666089786,0.9849074798932004
2012-01-11T01:33:38.03,36.6519,142.0174,24.2,4.3,2017-07-24T17:53:44.73,36.7343,142.2315,19.0,4.0,1.9719045514579503,0.9870364662917
2012-01-11T01:33:38.03,36.6519,142.0174,24.2,4.3,2020-04-27T13:23:57.13,36.6595,142.0661,19.0,4.3,1.2267384082356818,0.9871396105814164
2012-01-14T15:45:39.17,36.4847,140.7011,51.2,3.8,2012-11-17T05:40:54.17,36.4459,140.7314,50.9,3.7,-0.0059027186403183,0.981037454119078
2012-01-14T15:45:39.17,36.4847,140.7011,51.2,3.8,2013-09-19T01:21:41.6,36.43,140.66,52.0,3.6,-0.1926888210897924,0.9546137003654596
2012-01-14T15:45:39.17,36.4847,140.7011,51.2,3.8,2014-10-17T03:34:18.5,36.43,140.66,53.0,3.5,-0.0867960481203233,0.9744156157742078
2012-01-14T15:45:39.17,36.4847,140.7011,51.2,3.8,2015-08-12T19:29:05.42,36.449,140.7754,53.3,3.6,0.5332125990058768,0.9873206924854008
2012-01-14T15:45:39.17,36.4847,140.7011,51.2,3.8,2016-08-10T05:50:56.0,36.4293,140.6567,53.1,3.7,-0.1764835402995194,0.9542204985274654
2012-01-14T15:45:39.17,36.4847,140.7011,51.2,3.8,2017-06-29T22:41:15.2,36.43,140.6557,53.1,3.7,-0.1948554680980553,0.9671103354341816
2012-01-14T15:45:39.17,36.4847,140.7011,51.2,3.8,2018-03-16T04:09:23.39,36.4317,140.6542,52.9,3.5,-0.2283058769097103,0.9241811278834984
2012-01-14T15:45:39.17,36.4847,140.7011,51.2,3.8,2019-01-15T07:38:43.19,36.4295,140.656,52.9,3.6,-0.2002746220243622,0.942124452498235
2012-01-14T15:45:39.17,36.4847,140.7011,51.2,3.8,2019-10-28T13:28:56.63,36.4615,140.6892,45.4,3.5,-1.0487859995261946,0.9815503937551954
2012-01-14T15:45:39.17,36.4847,140.7011,51.2,3.8,2020-08-12T22:40:23.03,36.4292,140.6567,52.9,3.6,-0.1997178643413209,0.9788885961085376
2012-01-15T21:16:25.21,36.0499,142.1389,23.0,3.5,2014-04-15T07:44:30.89,36.0338,142.0466,25.4,3.9,-0.8553826217627767,0.926433175186108
2012-01-17T03:30:15.27,36.0668,139.8425,55.9,4.7,2015-07-29T12:34:53.23,36.0325,139.864,47.2,4.0,0.5906904469010115,0.940222615878858
2012-01-17T03:30:15.27,36.0668,139.8425,55.9,4.7,2018-11-26T23:33:50.47,36.044,139.8727,55.9,4.9,0.3502158969328137,0.961130010172415
2012-01-18T01:25:00.22,35.7424,140.1982,67.0,3.8,2014-04-10T04:17:14.66,35.654,140.1393,72.0,3.8,0.0750801170632161,0.9096063455005452
2012-01-18T01:25:00.22,35.7424,140.1982,67.0,3.8,2019-10-31T02:06:33.83,35.7015,140.129,71.5,3.8,-0.1499977885716867,0.9944761719862708
2012-01-18T08:55:38.94,38.6071,142.0718,43.8,4.3,2012-03-21T18:25:03.96,38.5578,142.061,46.7,4.0,-0.2622426348433155,0.976929774460796
2012-01-18T08:55:38.94,38.6071,142.0718,43.8,4.3,2012-06-02T18:46:46.25,38.5826,141.9895,47.8,3.6,-0.6078898048434767,0.904874630519737
2012-01-18T08:55:38.94,38.6071,142.0718,43.8,4.3,2012-07-22T08:20:33.05,38.5804,142.0914,46.6,4.3,-0.062353774863043,0.990410860037751
2012-01-18T08:55:38.94,38.6071,142.0718,43.8,4.3,2012-12-03T04:14:06.64,38.5814,141.8972,48.8,4.0,-1.4031359695824617,0.906933435746866
2012-01-18T08:55:38.94,38.6071,142.0718,43.8,4.3,2013-06-03T20:01:23.61,38.6419,141.9306,47.0,4.2,-0.8789238656337589,0.950911937826752
2012-01-18T08:55:38.94,38.6071,142.0718,43.8,4.3,2013-12-03T19:55:50.02,38.5841,142.025,46.5,4.2,-0.3339627034285999,0.9903461837655816
2012-01-18T08:55:38.94,38.6071,142.0718,43.8,4.3,2015-02-05T20:28:42.76,38.6077,141.9812,55.6,4.1,-1.1046599249438287,0.957144675832253
2012-01-18T08:55:38.94,38.6071,142.0718,43.8,4.3,2015-11-18T13:42:32.37,38.5565,142.1536,44.0,4.1,0.6131070023790297,0.9409792728192397
2012-01-18T08:55:38.94,38.6071,142.0718,43.8,4.3,2016-06-13T18:17:25.85,38.5899,141.961,51.8,3.9,-1.2216200387816427,0.9631221562257865
2012-01-18T08:55:38.94,38.6071,142.0718,43.8,4.3,2016-12-08T04:25:10.3,38.5752,142.022,40.6,4.1,0.5902830648446244,0.9266313544339112
2012-01-18T08:55:38.94,38.6071,142.0718,43.8,4.3,2017-07-01T18:53:11.37,38.6039,141.9678,49.1,4.1,-0.607415308929139,0.970133180539154
2012-01-18T08:55:38.94,38.6071,142.0718,43.8,4.3,2018-08-16T10:44:09.3,38.5708,141.9456,49.2,3.9,-1.0725738423525308,0.9707628877609524
2012-01-18T08:55:38.94,38.6071,142.0718,43.8,4.3,2019-04-01T12:17:32.96,38.5938,141.9946,50.0,4.0,-1.2209018399445957,0.934295058430044
2012-01-18T08:55:38.94,38.6071,142.0718,43.8,4.3,2019-10-20T22:53:33.32,38.5649,142.08,43.8,3.9,0.1890394399853634,0.926041256368926
2012-01-18T08:55:38.94,38.6071,142.0718,43.8,4.3,2020-05-28T17:46:07.96,38.6033,142.2343,43.3,3.8,1.7389164316716703,0.955075111029788
2012-01-22T22:14:48.71,35.7513,140.9092,31.0,3.5,2013-04-01T05:43:44.52,35.785,140.9311,15.6,3.8,0.9731320338668692,0.927058560129248
2012-01-23T11:45:42.02,37.1013,141.1652,52.4,5.1,2017-02-26T15:03:33.71,37.1163,141.1537,53.3,4.8,0.0198505886231902,0.9581647226403408
2012-01-23T11:45:42.02,37.1013,141.1652,52.4,5.1,2018-11-23T14:30:14.57,37.1016,141.1838,52.4,4.8,-0.133954875932097,0.935263781372314
2012-01-24T08:07:43.8,37.0524,141.3215,40.8,4.0,2012-05-08T05:43:17.23,37.1048,141.2982,54.9,4.1,-0.818038297018683,0.9711412140896656
2012-01-24T08:07:43.8,37.0524,141.3215,40.8,4.0,2013-02-16T04:51:50.14,37.0456,141.2902,45.0,3.9,0.3976111168968071,0.9750404854835066
2012-01-24T08:07:43.8,37.0524,141.3215,40.8,4.0,2016-04-17T23:24:17.69,37.0494,141.3229,39.8,4.2,0.304351227024817,0.9812086078647628
2012-01-24T08:07:43.8,37.0524,141.3215,40.8,4.0,2020-12-28T16:15:22.46,37.0947,141.2846,44.5,4.2,-0.0562978480799995,0.9860417237038236
2012-01-26T12:22:13.38,36.9898,141.4008,29.7,4.2,2013-05-16T07:39:53.03,37.0428,141.3346,49.5,4.1,-2.6265473604545697,0.9917900280459686
2012-01-26T12:22:13.38,36.9898,141.4008,29.7,4.2,2014-06-06T23:58:55.4,37.004,141.35,48.4,4.0,-0.4566874737298597,0.97588779537714
2012-01-26T12:22:13.38,36.9898,141.4008,29.7,4.2,2015-01-21T23:05:26.5,37.0085,141.3157,41.6,4.0,-1.559324883071929,0.9818310869967344
2012-01-26T12:22:13.38,36.9898,141.4008,29.7,4.2,2016-06-10T04:16:33.66,37.051,141.1959,46.9,4.4,-2.573300417926337,0.9770208840490696
2012-01-26T12:22:13.38,36.9898,141.4008,29.7,4.2,2017-10-19T12:50:27.83,37.0376,141.2357,38.5,4.6,-1.7917620450188565,0.991612354298502
2012-01-26T12:22:13.38,36.9898,141.4008,29.7,4.2,2018-12-21T04:13:30.99,37.0541,141.2699,44.9,4.4,-2.251148033868753,0.9798900663586028
2012-01-28T12:44:26.29,40.1727,142.3585,50.1,4.9,2017-02-12T13:36:54.46,40.1958,142.2662,47.8,4.7,0.1749128180782082,0.9700517780463312
2012-02-01T17:01:39.75,36.5378,140.5829,58.6,3.9,2015-01-02T19:55:24.61,36.5471,140.5811,59.3,3.7,-0.1636796372801471,0.9971541192134408
2012-02-01T17:01:39.75,36.5378,140.5829,58.6,3.9,2016-06-29T02:35:29.45,36.4171,140.7617,60.7,4.0,0.8596169323465048,0.9921875747994398
2012-02-01T17:01:39.75,36.5378,140.5829,58.6,3.9,2017-10-15T10:43:08.1,36.505,140.7148,60.1,4.0,0.5451023269456123,0.9966048510883978
2012-02-01T17:01:39.75,36.5378,140.5829,58.6,3.9,2019-01-19T05:22:00.7,36.5001,140.7482,63.4,3.9,1.6249932231237034,0.9899664571637612
2012-02-01T17:01:39.75,36.5378,140.5829,58.6,3.9,2020-04-13T21:35:50.01,36.5124,140.7868,65.9,3.9,0.952639018520949,0.993664966702944
2012-02-04T18:02:56.22,40.164,142.4197,45.2,4.1,2015-11-27T12:51:03.44,40.2014,142.4506,40.2,4.4,0.7673747198066059,0.9151786902395216
2012-02-07T13:37:55.3,35.7276,140.1412,68.5,4.3,2014-04-10T04:19:03.11,35.7116,140.1385,71.7,3.9,0.4104547693492615,0.9307997817052936
2012-02-07T13:37:55.3,35.7276,140.1412,68.5,4.3,2019-10-08T19:58:29.64,35.7186,140.1799,69.1,4.0,0.528428498796245,0.9910630608729444
2012-02-10T00:38:36.37,39.1914,142.8456,43.5,4.1,2013-02-08T00:54:16.46,39.1328,142.9347,41.7,4.5,0.2978488839167659,0.9079779425631548
2012-02-10T00:38:36.37,39.1914,142.8456,43.5,4.1,2014-12-18T15:16:56.83,39.1586,142.8582,42.1,4.1,-0.2089990766437311,0.9065196527606542
2012-02-10T00:38:36.37,39.1914,142.8456,43.5,4.1,2020-12-01T17:11:55.05,39.1489,142.9864,27.7,4.0,2.5478626128673025,0.9059314406828805
2012-02-12T02:34:42.91,36.5916,141.4581,26.0,3.9,2012-06-21T13:18:41.37,36.7484,141.8691,14.0,3.7,3.565428800600892,0.9448689133447956
2012-02-12T02:34:42.91,36.5916,141.4581,26.0,3.9,2012-07-25T12:22:28.23,36.6985,141.8009,19.0,3.9,3.587643749579538,0.9411199134132684
2012-02-12T02:34:42.91,36.5916,141.4581,26.0,3.9,2012-12-13T23:14:16.73,36.7492,141.6704,26.0,3.9,0.9774494876238142,0.9830280670655528
2012-02-12T02:34:42.91,36.5916,141.4581,26.0,3.9,2014-02-05T00:41:08.41,36.6921,141.9058,19.0,3.9,2.767307397947243,0.91573841672303
2012-02-12T02:34:42.91,36.5916,141.4581,26.0,3.9,2014-11-25T19:38:16.79,36.6906,141.9877,35.0,3.7,1.153258735029576,0.987700338877834
2012-02-12T02:34:42.91,36.5916,141.4581,26.0,3.9,2016-06-30T05:55:50.03,36.8974,141.5661,33.0,3.6,-1.4722906190191547,0.9190635471719312
2012-02-12T02:34:42.91,36.5916,141.4581,26.0,3.9,2017-04-08T18:55:35.79,36.7682,141.8151,50.0,3.5,-0.215310514001878,0.9371237976168512
2012-02-12T02:34:42.91,36.5916,141.4581,26.0,3.9,2018-08-01T00:17:39.3,36.8221,141.8667,6.6,3.9,4.494571669650014,0.9734412166403912
2012-02-12T02:34:42.91,36.5916,141.4581,26.0,3.9,2020-11-29T04:55:02.19,36.7212,141.8765,35.0,3.6,0.7528307791231068,0.9384301447999408
2012-02-13T10:03:42.31,39.3581,142.5921,5.9,3.9,2012-05-02T21:08:23.75,39.4582,142.5359,3.9,4.0,-0.115241086635307,0.956481265294294
2012-02-13T16:55:08.37,36.6807,142.3703,2.5,4.4,2013-04-05T14:42:23.36,36.7711,142.2527,10.0,4.4,-2.124456946333702,0.9934061993222488
2012-02-13T16:55:08.37,36.6807,142.3703,2.5,4.4,2015-06-21T01:57:49.4,36.7053,142.359,10.0,4.4,-0.5686963201872284,0.9953989543081948
2012-02-13T16:55:08.37,36.6807,142.3703,2.5,4.4,2019-03-13T04:45:05.98,36.7824,142.2695,35.0,4.2,-5.461152926623878,0.9898376678872136
2012-02-15T06:28:35.76,37.8301,141.6439,49.2,4.8,2013-01-23T21:31:07.73,37.8123,141.6655,50.3,4.8,0.0939286043120931,0.9953541388145208
2012-02-15T06:28:35.76,37.8301,141.6439,49.2,4.8,2014-02-04T00:35:31.06,37.8098,141.6766,45.6,4.7,0.6081902656931095,0.963318124995026
2012-02-18T00:38:37.35,35.5706,141.0473,33.0,4.2,2013-02-25T03:45:07.67,35.5566,141.0362,36.3,3.8,-0.0355771636974326,0.9480020667228606
2012-02-18T00:38:37.35,35.5706,141.0473,33.0,4.2,2018-08-03T12:30:45.23,35.4989,141.112,33.0,3.7,0.3994543705360746,0.98418947573106
2012-02-18T01:59:11.62,41.8744,142.5178,60.8,4.2,2016-01-11T17:50:28.47,41.8895,142.5106,56.4,4.4,0.8286708233258586,0.9064275567350292
2012-02-25T14:26:58.14,36.4923,140.5403,55.3,3.7,2012-10-19T04:10:48.31,36.4886,140.6278,55.1,3.6,0.5900211243016455,0.991808100583877
2012-02-25T14:26:58.14,36.4923,140.5403,55.3,3.7,2013-08-21T16:14:19.88,36.4871,140.5758,57.4,3.6,0.9371054307455596,0.9928615364957516
2012-02-25T14:26:58.14,36.4923,140.5403,55.3,3.7,2016-01-30T03:34:27.0,36.46,140.6,55.0,3.9,0.5828853939071188,0.9289148949453028
2012-02-25T14:26:58.14,36.4923,140.5403,55.3,3.7,2018-03-31T08:05:29.23,36.5042,140.5759,55.1,3.8,0.3674073593660318,0.990949941461566
2012-02-25T14:26:58.14,36.4923,140.5403,55.3,3.7,2019-11-17T23:00:00.46,36.4686,140.6998,57.0,4.1,0.7568887906737405,0.9898204295876508
2012-02-27T16:30:33.02,38.5401,141.9053,48.6,4.5,2015-09-05T03:13:13.36,38.5108,141.916,48.6,4.5,0.0100480267267168,0.9892596093412852
2012-02-29T11:31:36.19,39.6482,143.4333,29.2,4.6,2012-10-19T01:50:05.31,39.6276,143.3638,11.0,4.7,2.370347904801089,0.979866900803111
2012-02-29T11:31:36.19,39.6482,143.4333,29.2,4.6,2015-06-11T05:29:58.81,39.5199,143.5825,12.9,4.8,3.5074381697415564,0.9594128510379034
2012-03-01T14:49:53.72,37.0457,141.1883,49.1,4.1,2012-10-27T04:12:45.71,37.0053,141.2177,47.7,4.1,0.2920771328754046,0.9924711124146512
2012-03-01T14:49:53.72,37.0457,141.1883,49.1,4.1,2014-02-09T03:50:18.6,37.0017,141.2254,43.9,4.1,0.4388449281564353,0.99303841031872
2012-03-01T14:49:53.72,37.0457,141.1883,49.1,4.1,2015-11-20T06:44:32.13,36.9897,141.2073,44.8,4.1,0.4323988224870914,0.987112367013844
2012-03-01T14:49:53.72,37.0457,141.1883,49.1,4.1,2019-02-03T01:01:13.55,37.0023,141.2676,41.8,4.2,0.9178463690352058,0.9908386356213258
2012-03-03T13:26:18.41,38.8307,142.1137,48.1,3.9,2012-05-03T07:15:45.5,38.888,141.9318,49.4,4.0,-1.0214404978630272,0.957628894667331
2012-03-03T13:26:18.41,38.8307,142.1137,48.1,3.9,2012-06-26T13:42:50.85,38.8973,142.048,51.9,3.9,-0.3971039126702464,0.9703279243525622
2012-03-03T13:26:18.41,38.8307,142.1137,48.1,3.9,2013-01-05T16:47:09.8,38.9155,142.038,60.9,3.9,-1.2288752230226208,0.959349054993076
2012-03-03T13:26:18.41,38.8307,142.1137,48.1,3.9,2013-04-01T19:09:37.88,38.8929,142.0591,49.1,4.2,-0.2109734806325598,0.9677823447172418
2012-03-03T13:26:18.41,38.8307,142.1137,48.1,3.9,2013-08-26T05:24:27.41,38.9137,141.9411,53.2,3.9,-0.8280657884889613,0.9200682201374876
2012-03-03T13:26:18.41,38.8307,142.1137,48.1,3.9,2014-01-11T15:46:13.72,38.9308,142.0529,48.9,4.0,0.0356990014112806,0.9597745844471756
2012-03-03T13:26:18.41,38.8307,142.1137,48.1,3.9,2014-05-04T07:10:54.85,38.8913,141.9651,52.5,3.9,-0.5675564771569349,0.953906224281298
2012-03-03T13:26:18.41,38.8307,142.1137,48.1,3.9,2015-08-14T12:13:16.53,38.9145,142.0782,46.6,3.8,0.1929718656560576,0.9559040302440404
2012-03-03T13:26:18.41,38.8307,142.1137,48.1,3.9,2015-12-15T22:41:36.38,38.9033,141.9771,49.6,3.8,-0.6238080834900471,0.9199336195089745
2012-03-03T13:26:18.41,38.8307,142.1137,48.1,3.9,2016-07-31T16:35:03.05,38.8875,141.9726,51.6,3.8,-0.6254353074730377,0.9577943026500176
2012-03-03T13:26:18.41,38.8307,142.1137,48.1,3.9,2017-08-06T17:55:48.2,38.8687,141.9708,53.1,3.9,-0.0253893569914176,0.9457642891756972
2012-03-03T13:26:18.41,38.8307,142.1137,48.1,3.9,2018-07-02T11:47:04.2,38.8656,142.0237,52.9,3.9,-0.4177204107305737,0.9050675254959608
2012-03-03T13:26:18.41,38.8307,142.1137,48.1,3.9,2019-09-27T11:11:01.95,38.8949,141.9515,48.9,4.0,-0.5618035240439012,0.9100404338204788
2012-03-03T13:26:18.41,38.8307,142.1137,48.1,3.9,2020-07-28T10:46:30.15,38.8999,141.9835,52.8,3.9,-0.480883286966246,0.9043036735106031
2012-03-08T03:23:28.39,38.5739,141.8401,55.7,4.8,2015-03-19T01:33:54.21,38.4888,141.9534,56.2,4.8,0.848124475612441,0.9751890138053368
2012-03-08T03:23:28.39,38.5739,141.8401,55.7,4.8,2016-05-04T16:10:19.95,38.5338,141.8718,47.1,4.7,1.3124864160822058,0.9711604751699964
2012-03-08T03:23:28.39,38.5739,141.8401,55.7,4.8,2019-12-26T09:26:39.15,38.5526,141.7915,60.0,4.7,-0.3067457605326363,0.971752870620854
2012-03-08T18:42:51.31,36.7837,141.6732,33.0,3.9,2013-03-07T10:05:38.6,36.72,141.87,39.0,3.7,3.1632110917213976,0.9787109944423144
2012-03-09T05:31:48.78,36.8324,142.1271,28.8,4.7,2013-04-27T23:54:22.51,36.7985,142.1611,29.0,4.7,-0.0982719041063149,0.9919013567674712
2012-03-09T05:31:48.78,36.8324,142.1271,28.8,4.7,2017-02-28T08:08:27.75,36.7804,142.19,35.0,4.6,-0.7383056171958817,0.9547861238337936
2012-03-10T01:33:34.16,38.3724,141.8628,51.4,4.1,2014-04-16T17:20:10.86,38.257,142.0401,50.5,4.2,0.8510326547504278,0.9766213731793644
2012-03-10T19:27:23.3,36.4217,142.6695,15.0,3.5,2019-11-14T11:06:32.72,36.3615,142.6331,15.0,3.6,0.2362909084343997,0.9176998294692824
2012-03-15T13:20:27.77,39.9361,143.2585,30.1,4.3,2019-03-16T08:00:59.07,39.8941,143.2588,12.0,4.3,2.615695904531558,0.9004410076426669
2012-03-21T18:25:03.96,38.5578,142.061,46.7,4.0,2012-06-02T18:46:46.25,38.5826,141.9895,47.8,3.6,-0.3452083419613518,0.9410813181945088
2012-03-21T18:25:03.96,38.5578,142.061,46.7,4.0,2012-07-22T08:20:33.05,38.5804,142.0914,46.6,4.3,0.1999216389353604,0.982974316839784
2012-03-21T18:25:03.96,38.5578,142.061,46.7,4.0,2012-12-03T04:14:06.64,38.5814,141.8972,48.8,4.0,-1.1413215734028408,0.9204619853322994
2012-03-21T18:25:03.96,38.5578,142.061,46.7,4.0,2013-06-03T20:01:23.61,38.6419,141.9306,47.0,4.2,-0.617719355318478,0.9616183684767944
2012-03-21T18:25:03.96,38.5578,142.061,46.7,4.0,2013-12-03T19:55:50.02,38.5841,142.025,46.5,4.2,-0.0714767972801614,0.969217576636168
2012-03-21T18:25:03.96,38.5578,142.061,46.7,4.0,2015-02-05T20:28:42.76,38.6077,141.9812,55.6,4.1,-0.842943608163319,0.9764661635524003
2012-03-21T18:25:03.96,38.5578,142.061,46.7,4.0,2015-11-18T13:42:32.37,38.5565,142.1536,44.0,4.1,0.8751448035365605,0.9366791013588286
2012-03-21T18:25:03.96,38.5578,142.061,46.7,4.0,2016-06-13T18:17:25.85,38.5899,141.961,51.8,3.9,-0.9597088872690736,0.9605383780803616
2012-03-21T18:25:03.96,38.5578,142.061,46.7,4.0,2016-12-08T04:25:10.3,38.5752,142.022,40.6,4.1,0.8528884281213001,0.9302314938302768
2012-03-21T18:25:03.96,38.5578,142.061,46.7,4.0,2017-07-01T18:53:11.37,38.6039,141.9678,49.1,4.1,-0.3456282820609117,0.9713212287166662
2012-03-21T18:25:03.96,38.5578,142.061,46.7,4.0,2018-08-16T10:44:09.3,38.5708,141.9456,49.2,3.9,-0.8102267961934787,0.9639686694590068
2012-03-21T18:25:03.96,38.5578,142.061,46.7,4.0,2019-04-01T12:17:32.96,38.5938,141.9946,50.0,4.0,-0.9583653150806368,0.958237110169614
2012-03-21T18:25:03.96,38.5578,142.061,46.7,4.0,2019-10-20T22:53:33.32,38.5649,142.08,43.8,3.9,0.4504912674395331,0.9281844760876384
2012-03-21T18:25:03.96,38.5578,142.061,46.7,4.0,2020-05-28T17:46:07.96,38.6033,142.2343,43.3,3.8,2.001200482895221,0.9585558232004668
2012-03-24T13:24:04.41,36.6351,142.8522,29.0,3.6,2014-02-16T15:54:49.26,36.6243,142.8993,29.0,3.8,0.8487488845822315,0.977209169366995
2012-03-24T16:31:57.26,35.7963,140.8954,40.4,3.5,2014-12-31T02:07:03.03,35.8493,140.956,43.1,3.5,-0.1060924391542069,0.9969195069518674
2012-03-30T04:38:32.18,37.5425,141.4144,50.4,5.1,2015-08-05T11:56:09.56,37.4757,141.5204,52.5,5.0,0.0381108002612912,0.9457564513097628
2012-03-30T04:38:32.18,37.5425,141.4144,50.4,5.1,2018-10-22T10:47:18.2,37.5313,141.4648,50.0,4.9,0.0973503338930671,0.957110761981008
2012-03-31T22:30:16.3,39.7366,141.8262,61.8,4.2,2014-03-19T15:48:37.7,39.7373,141.7907,61.5,3.9,0.6522496651435472,0.941956447772964
2012-03-31T22:30:16.3,39.7366,141.8262,61.8,4.2,2016-04-15T18:01:04.21,39.7262,141.8222,59.6,4.1,0.8892154178743609,0.9446727885659444
2012-03-31T22:30:16.3,39.7366,141.8262,61.8,4.2,2017-05-06T08:18:54.37,39.7415,141.9147,59.4,4.1,0.8387797275242916,0.9103940514802806
2012-03-31T22:30:16.3,39.7366,141.8262,61.8,4.2,2018-07-27T06:24:50.23,39.7356,141.8829,65.5,4.2,-0.180247795782952,0.9224280482546692
2012-03-31T22:30:16.3,39.7366,141.8262,61.8,4.2,2019-10-23T03:43:19.5,39.7583,141.8449,57.7,4.3,0.7388066090756427,0.9497567307719736
2012-04-02T17:48:14.12,38.8335,142.1244,48.6,4.1,2012-10-08T10:49:05.62,38.8824,142.0049,51.3,3.9,-0.9355703577487132,0.9556474387937336
2012-04-02T17:48:14.12,38.8335,142.1244,48.6,4.1,2014-02-27T14:04:58.75,38.8498,142.0177,49.9,4.0,-0.9154285439613804,0.9258836251485406
2012-04-02T17:48:14.12,38.8335,142.1244,48.6,4.1,2015-05-19T17:17:39.52,38.8762,142.0788,50.5,4.0,-0.5235198318437028,0.9668463240807514
2012-04-02T17:48:14.12,38.8335,142.1244,48.6,4.1,2015-12-12T21:05:51.61,38.8977,142.0347,48.3,4.0,-0.6718120918226351,0.9709418041197037
2012-04-02T17:48:14.12,38.8335,142.1244,48.6,4.1,2016-08-13T08:49:41.24,38.8588,142.1239,49.1,4.2,-0.3839967629954794,0.9747669086155016
2012-04-02T17:48:14.12,38.8335,142.1244,48.6,4.1,2016-12-30T08:33:10.0,38.8661,141.9908,45.5,4.0,-0.7335326465819734,0.933097430891791
2012-04-02T17:48:14.12,38.8335,142.1244,48.6,4.1,2017-08-07T22:35:14.81,38.8689,141.9697,51.6,4.1,-0.8653602106716234,0.9255079584266264
2012-04-02T17:48:14.12,38.8335,142.1244,48.6,4.1,2018-07-14T09:13:51.33,38.8582,142.0765,48.0,4.2,-0.4333269620951098,0.945795877780874
2012-04-02T17:48:14.12,38.8335,142.1244,48.6,4.1,2019-08-23T16:39:30.56,38.8799,142.2948,28.1,3.9,3.1646626970797094,0.9337424956392584
2012-04-02T17:48:14.12,38.8335,142.1244,48.6,4.1,2020-01-28T14:59:45.66,38.9449,141.9893,55.6,3.9,-1.6920898347247495,0.9059065229624728
2012-04-08T05:44:57.34,37.4726,141.6441,48.5,4.0,2020-08-09T05:30:29.88,37.4994,141.4546,48.8,4.2,-0.1303371963080672,0.9950335105586884
2012-04-08T17:42:48.15,36.3198,142.6747,15.0,3.9,2013-01-16T15:52:52.47,36.2776,142.6554,15.0,3.8,0.1306891871444638,0.9830611886503818
2012-04-08T17:42:48.15,36.3198,142.6747,15.0,3.9,2014-04-16T11:23:10.56,36.2696,142.7817,35.0,3.7,-0.9485618469168706,0.9783471810699828
2012-04-08T17:42:48.15,36.3198,142.6747,15.0,3.9,2015-12-14T20:32:56.65,36.3929,142.5603,15.0,3.6,-0.0801969725258774,0.97582596146484
2012-04-08T17:42:48.15,36.3198,142.6747,15.0,3.9,2018-02-26T08:44:37.0,36.3658,142.6509,35.0,3.8,-2.978381956354189,0.9678433394816286
2012-04-10T02:57:37.98,38.8586,142.1159,41.3,4.3,2012-06-24T01:29:14.59,38.8459,142.2304,46.6,4.8,-0.2345672955273331,0.9761847330207886
2012-04-10T02:57:37.98,38.8586,142.1159,41.3,4.3,2013-02-18T11:06:42.93,38.8421,142.1455,43.7,4.2,-0.0463474498400983,0.9536617532437308
2012-04-10T02:57:37.98,38.8586,142.1159,41.3,4.3,2014-01-08T12:28:20.03,38.8485,142.1928,46.3,4.0,-0.6637916453895909,0.9599102080214263
2012-04-10T02:57:37.98,38.8586,142.1159,41.3,4.3,2014-11-08T12:09:27.04,38.8164,142.2867,40.8,4.0,0.6069683809467573,0.9600956970805966
2012-04-10T02:57:37.98,38.8586,142.1159,41.3,4.3,2018-06-17T15:43:42.62,38.8022,142.1996,46.5,4.1,-0.0922558226981472,0.9516449738213882
2012-04-10T02:57:37.98,38.8586,142.1159,41.3,4.3,2020-04-20T01:49:36.53,38.8126,142.2245,41.7,4.3,0.4251398599240893,0.9772406035434742
2012-04-10T02:57:37.98,38.8586,142.1159,41.3,4.3,2020-08-27T00:48:42.33,38.8381,142.1809,42.6,4.2,0.3881296745697569,0.9089297837873112
2012-04-10T23:16:14.76,39.9168,143.5588,23.5,4.5,2015-03-08T10:35:24.31,39.9054,143.5959,16.4,4.5,1.4638371071352845,0.9798190197647134
2012-04-10T23:16:14.76,39.9168,143.5588,23.5,4.5,2019-10-03T03:55:43.34,39.8503,143.6217,20.4,4.2,0.827634951976861,0.94784853855579
2012-04-13T10:15:49.41,36.9899,141.4203,2.5,4.4,2012-04-13T10:33:26.75,37.0055,141.3845,13.6,4.1,-1.6334403512576126,0.909564526813193
2012-04-13T19:00:21.22,36.4797,140.8562,50.9,3.8,2014-06-20T15:08:52.17,36.481,140.8626,49.8,3.8,0.2055939215529183,0.9912158267843582
2012-04-13T19:00:21.22,36.4797,140.8562,50.9,3.8,2016-04-28T13:57:39.16,36.4588,140.8597,48.6,3.8,0.0261631549140042,0.9877796101092704
2012-04-17T22:13:37.59,36.0119,139.9579,50.7,3.6,2014-02-18T12:03:30.68,36.015,139.9686,50.1,3.7,-0.2816011777017655,0.9920817484350068
2012-04-17T22:13:37.59,36.0119,139.9579,50.7,3.6,2016-06-16T09:35:46.12,36.0543,139.9107,43.6,3.6,-0.950372053729268,0.9853091525572903
2012-04-19T21:54:10.2,37.0958,141.4213,12.4,3.9,2012-04-22T03:52:06.82,37.0882,141.364,9.9,3.8,0.1327965683284706,0.9388558784972824
2012-04-20T01:34:07.44,37.5052,141.4787,45.8,3.9,2012-10-07T17:32:24.57,37.4943,141.4312,50.4,4.0,-0.321853097354643,0.9280708039048388
2012-04-21T07:40:29.3,36.2587,142.0419,19.0,3.6,2014-10-20T17:42:23.09,36.3256,142.222,19.0,3.6,1.9096384426557167,0.9057024576370968
2012-04-24T12:34:19.45,39.0917,142.2797,50.2,3.9,2012-09-17T08:22:30.64,39.0532,142.3556,18.0,3.9,4.092258172991342,0.9020973049658816
2012-04-24T12:34:19.45,39.0917,142.2797,50.2,3.9,2013-03-30T04:22:32.89,39.0622,142.2136,43.8,4.0,0.5623518482851577,0.9185794887120526
2012-04-24T12:34:19.45,39.0917,142.2797,50.2,3.9,2013-10-16T16:14:32.81,39.0632,142.2663,41.5,4.0,1.492679949553208,0.9140370005185968
2012-04-24T12:34:19.45,39.0917,142.2797,50.2,3.9,2016-08-04T12:01:16.08,39.0857,142.2882,42.3,3.9,1.4057696573565597,0.911699806542313
2012-04-24T12:34:19.45,39.0917,142.2797,50.2,3.9,2017-07-16T10:23:01.17,39.0864,142.2035,45.3,3.9,0.8628923355006451,0.9373100858318908
2012-04-24T12:34:19.45,39.0917,142.2797,50.2,3.9,2018-05-27T03:22:15.63,39.0906,142.2065,51.0,3.8,0.2481944952901477,0.9157820828090182
2012-04-28T04:11:15.73,37.0257,142.6561,9.0,3.6,2013-02-06T16:53:32.42,36.9829,142.5941,9.0,3.5,0.4327751518696948,0.9124828786599696
2012-04-28T04:11:15.73,37.0257,142.6561,9.0,3.6,2014-01-17T08:14:08.12,36.9977,142.6022,9.0,3.8,-0.4166703546488085,0.907127357087574
2012-04-30T16:53:14.18,36.7106,142.2001,19.0,4.2,2013-05-22T10:51:25.58,36.9916,141.8006,19.0,4.0,-4.939675941716704,0.9892163152253156
2012-04-30T16:53:14.18,36.7106,142.2001,19.0,4.2,2014-10-23T12:59:27.23,36.8417,142.0315,10.0,3.5,-0.9007686883881132,0.9602108949857496
2012-04-30T16:53:14.18,36.7106,142.2001,19.0,4.2,2020-06-22T22:00:38.24,36.6727,142.0449,19.0,3.5,-1.3020246154465336,0.9264106315442286
2012-04-30T22:16:31.2,36.47,140.54,58.0,3.6,2014-03-19T21:05:33.3,36.47,140.53,58.0,3.5,-0.0052026053214307,0.913142698593858
2012-04-30T22:16:31.2,36.47,140.54,58.0,3.6,2016-02-14T14:28:01.0,36.47,140.53,58.0,3.6,0.0003602513991579,0.9329240277562676
2012-05-01T01:07:55.71,36.6832,141.8521,4.9,3.6,2013-05-22T10:51:25.58,36.9916,141.8006,19.0,4.0,-4.741396395126714,0.9015143119076514
2012-05-03T07:15:45.5,38.888,141.9318,49.4,4.0,2012-06-26T13:42:50.85,38.8973,142.048,51.9,3.9,0.624456838625487,0.9368796256700698
2012-05-03T07:15:45.5,38.888,141.9318,49.4,4.0,2013-01-05T16:47:09.8,38.9155,142.038,60.9,3.9,-0.2082655464057374,0.9518251911982768
2012-05-03T07:15:45.5,38.888,141.9318,49.4,4.0,2013-04-01T19:09:37.88,38.8929,142.0591,49.1,4.2,0.8127608171798335,0.9422524827735508
2012-05-03T07:15:45.5,38.888,141.9318,49.4,4.0,2015-08-14T12:13:16.53,38.9145,142.0782,46.6,3.8,1.2136554920602969,0.9032579242406172
2012-05-03T07:15:45.5,38.888,141.9318,49.4,4.0,2016-07-31T16:35:03.05,38.8875,141.9726,51.6,3.8,0.3955699954461984,0.9100240864493286
2012-05-03T07:15:45.5,38.888,141.9318,49.4,4.0,2017-08-06T17:55:48.2,38.8687,141.9708,53.1,3.9,0.996361583733302,0.9067406757334396
2012-05-08T05:43:17.23,37.1048,141.2982,54.9,4.1,2012-09-20T03:24:19.64,37.0522,141.4093,30.6,3.8,2.673914502488894,0.9036592597701952
2012-05-08T05:43:17.23,37.1048,141.2982,54.9,4.1,2013-02-16T04:51:50.14,37.0456,141.2902,45.0,3.9,1.2141573626033129,0.97023314131921
2012-05-08T05:43:17.23,37.1048,141.2982,54.9,4.1,2016-04-17T23:24:17.69,37.0494,141.3229,39.8,4.2,1.122547589171342,0.9868660015275854
2012-05-08T05:43:17.23,37.1048,141.2982,54.9,4.1,2020-12-28T16:15:22.46,37.0947,141.2846,44.5,4.2,0.7616502576838259,0.9896337763176372
2012-05-08T15:29:45.33,39.9442,143.6423,23.1,4.3,2015-03-27T03:21:31.6,39.9554,143.6185,23.8,4.3,-0.3688044026922674,0.9147075174616808
2012-05-08T15:29:45.33,39.9442,143.6423,23.1,4.3,2017-05-21T05:05:33.09,39.9074,143.7425,17.1,4.3,1.15338686251743,0.9143978320382204
2012-05-08T21:46:54.57,39.3314,142.0628,46.3,4.6,2015-10-22T16:18:49.73,39.3429,141.9986,47.7,4.6,-0.2526860452557386,0.943691991659416
2012-05-08T21:46:54.57,39.3314,142.0628,46.3,4.6,2017-06-22T23:59:00.82,39.3264,141.9561,54.5,4.8,-1.007681865626247,0.9180777500413896
2012-05-11T14:18:50.52,35.7313,140.8826,14.1,3.7,2012-05-12T14:59:06.7,35.75,140.93,12.0,3.6,-0.2474091256701479,0.9235221384691312
2012-05-15T00:09:06.0,39.6457,142.1157,47.0,4.0,2013-05-18T15:51:01.28,39.6298,142.1197,53.3,4.0,-0.5108153092805102,0.917600944963365
2012-05-15T00:09:06.0,39.6457,142.1157,47.0,4.0,2016-07-03T09:06:01.44,39.6391,142.159,50.0,4.1,-0.2725852404230363,0.9091895992481004
2012-05-19T19:16:38.33,39.6326,143.4703,7.4,4.5,2012-10-02T01:51:35.98,39.7088,143.4099,11.4,4.7,-1.254797198343193,0.9606191376460664
2012-05-19T22:15:48.93,39.5063,143.5751,23.5,4.2,2015-09-06T08:29:43.9,39.4988,143.5962,25.2,4.3,0.1936399785529655,0.9456498942407296
2012-05-22T07:18:30.69,39.6696,143.3276,20.8,5.0,2014-11-23T13:34:55.29,39.5793,143.4258,25.0,5.1,0.3214281113897778,0.9645833808973288
2012-05-24T17:40:53.03,39.3924,143.69,11.0,4.4,2013-06-23T10:20:22.02,39.4318,143.568,22.8,4.6,-2.0301092680725,0.9741322629961976
2012-05-24T17:40:53.03,39.3924,143.69,11.0,4.4,2017-02-27T17:52:13.57,39.4096,143.6387,11.0,4.8,0.0570190827799065,0.9718423300481708
2012-05-26T12:35:40.35,36.2398,140.066,59.1,3.7,2018-02-26T23:08:01.57,36.2589,140.1054,56.9,4.4,0.4056685986535327,0.9028283194705352
2012-06-02T18:46:46.25,38.5826,141.9895,47.8,3.6,2012-07-22T08:20:33.05,38.5804,142.0914,46.6,4.3,0.546218076018517,0.9168550322409936
2012-06-02T18:46:46.25,38.5826,141.9895,47.8,3.6,2013-06-03T20:01:23.61,38.6419,141.9306,47.0,4.2,-0.2741419386407678,0.9027561049403232
2012-06-02T18:46:46.25,38.5826,141.9895,47.8,3.6,2013-12-03T19:55:50.02,38.5841,142.025,46.5,4.2,0.275248756509836,0.90021544572961
2012-06-02T18:46:46.25,38.5826,141.9895,47.8,3.6,2015-02-05T20:28:42.76,38.6077,141.9812,55.6,4.1,-0.4978457824378069,0.9371521650985688
2012-06-02T18:46:46.25,38.5826,141.9895,47.8,3.6,2017-07-01T18:53:11.37,38.6039,141.9678,49.1,4.1,0.0011325716250108,0.903618040115974
2012-06-02T18:46:46.25,38.5826,141.9895,47.8,3.6,2018-08-16T10:44:09.3,38.5708,141.9456,49.2,3.9,-0.4631648156170589,0.9017056476985886
2012-06-02T18:46:46.25,38.5826,141.9895,47.8,3.6,2019-04-01T12:17:32.96,38.5938,141.9946,50.0,4.0,-0.6129397165951981,0.9202047542533618
2012-06-02T18:46:46.25,38.5826,141.9895,47.8,3.6,2020-05-28T17:46:07.96,38.6033,142.2343,43.3,3.8,2.345506572581876,0.9090705608233672
2012-06-03T04:07:07.42,40.1096,142.0896,47.4,4.2,2013-10-09T22:46:38.45,40.0482,142.1702,59.5,4.4,-0.5260501878523488,0.9803817849665066
2012-06-03T04:07:07.42,40.1096,142.0896,47.4,4.2,2016-05-24T09:48:03.35,40.0766,142.0986,48.7,4.8,0.4776213292133882,0.9864277460923851
2012-06-03T04:07:07.42,40.1096,142.0896,47.4,4.2,2019-05-08T00:20:00.47,40.0415,142.1341,50.4,4.8,-0.0514344319447286,0.9701066850142392
2012-06-07T18:39:41.35,39.9518,143.321,6.0,4.5,2013-04-24T00:37:32.4,39.9309,143.2152,12.0,4.5,-1.3494613626687086,0.9571062994250876
2012-06-07T18:39:41.35,39.9518,143.321,6.0,4.5,2015-06-01T15:51:34.96,39.8323,143.4342,1.1,4.4,1.4014087371993924,0.9205992552449306
2012-06-10T08:38:00.21,38.6936,142.1659,41.2,4.5,2013-05-23T10:47:34.51,38.6319,142.2345,36.5,4.5,0.0587048515468223,0.9848115431407188
2012-06-11T10:33:11.25,40.0786,142.5357,44.5,4.1,2017-08-14T11:01:31.55,40.1051,142.3077,47.0,4.0,-0.6388711585692548,0.9491521884993904
2012-06-11T10:33:11.25,40.0786,142.5357,44.5,4.1,2019-06-27T19:29:43.28,40.1277,142.4937,44.1,4.0,0.2223866732564337,0.9134134812515724
2012-06-11T11:20:41.33,38.2885,141.9898,40.7,3.8,2013-09-14T02:36:36.9,38.2728,142.0198,40.5,3.8,0.6793916948718627,0.9211314500272768
2012-06-11T11:20:41.33,38.2885,141.9898,40.7,3.8,2015-10-16T07:34:04.06,38.306,141.9373,45.6,3.8,-0.3674083517083035,0.923224040223356
2012-06-11T11:20:41.33,38.2885,141.9898,40.7,3.8,2020-07-27T07:56:01.29,38.2805,142.0135,42.2,4.3,0.3886056831015704,0.9249707883587418
2012-06-13T22:24:09.04,39.6095,143.6456,11.0,4.2,2015-10-10T22:17:45.17,39.5474,143.7748,11.0,4.2,0.9350278199839686,0.9001419591886864
2012-06-15T18:27:25.08,39.1279,143.1165,23.6,4.3,2014-07-08T12:52:47.73,39.2105,142.8305,6.5,4.1,-0.2714158986681863,0.9376669900612752
2012-06-15T18:27:25.08,39.1279,143.1165,23.6,4.3,2016-04-19T17:37:44.85,39.11,142.9654,16.0,4.0,-0.037096034251727,0.9101319458408236
2012-06-16T02:44:15.41,37.1305,141.4968,36.0,3.6,2013-03-21T08:18:53.13,37.1156,141.4709,48.6,3.9,-0.9435194395111012,0.918101814290705
2012-06-16T02:44:15.41,37.1305,141.4968,36.0,3.6,2014-02-26T10:57:03.59,37.1615,141.4438,39.3,3.9,-0.5046139452269346,0.918100464307845
2012-06-16T02:44:15.41,37.1305,141.4968,36.0,3.6,2015-02-09T11:09:54.33,37.1252,141.5734,20.3,3.9,2.306997384452417,0.9075197719251584
2012-06-16T02:44:15.41,37.1305,141.4968,36.0,3.6,2016-01-03T02:59:43.08,37.151,141.4015,46.6,4.0,-0.9521829239053752,0.9262994659703884
2012-06-16T02:44:15.41,37.1305,141.4968,36.0,3.6,2017-07-03T02:27:25.18,37.1267,141.4957,31.7,4.2,0.5518852255060404,0.9095729493427516
2012-06-16T02:44:15.41,37.1305,141.4968,36.0,3.6,2019-04-27T00:57:29.03,37.1869,141.3486,45.0,4.3,-1.3952318697701214,0.9247683986903544
2012-06-17T16:20:16.06,39.1357,143.012,16.0,4.2,2013-07-14T17:35:37.92,39.1736,142.9602,10.8,4.1,0.4188009684672438,0.9411618840065148
2012-06-19T17:35:41.8,36.18,140.01,51.0,3.5,2012-07-22T10:12:53.17,36.182,140.0204,55.1,3.7,0.48719411455434,0.9113180452767212
2012-06-19T17:35:41.8,36.18,140.01,51.0,3.5,2015-12-22T12:18:53.06,36.1671,140.1105,59.5,3.7,1.4151331053298415,0.9014137054282412
2012-06-19T17:35:41.8,36.18,140.01,51.0,3.5,2019-10-01T09:07:04.57,36.2037,139.9829,55.0,3.6,0.2881679771062875,0.9003737841608951
2012-06-21T13:18:41.37,36.7484,141.8691,14.0,3.7,2012-12-13T23:14:16.73,36.7492,141.6704,26.0,3.9,-2.5858523727400056,0.9508094188967752
2012-06-21T13:18:41.37,36.7484,141.8691,14.0,3.7,2013-03-01T03:08:48.07,36.744,141.8133,8.4,3.5,-0.1808863146418569,0.918344206694459
2012-06-21T13:18:41.37,36.7484,141.8691,14.0,3.7,2014-11-25T19:38:16.79,36.6906,141.9877,35.0,3.7,-2.4111463880209114,0.9568017661866712
2012-06-21T13:18:41.37,36.7484,141.8691,14.0,3.7,2016-06-30T05:55:50.03,36.8974,141.5661,33.0,3.6,-5.038706217858094,0.9454359785789592
2012-06-21T13:18:41.37,36.7484,141.8691,14.0,3.7,2017-04-08T18:55:35.79,36.7682,141.8151,50.0,3.5,-3.7798236277437938,0.9673349738865744
2012-06-21T13:18:41.37,36.7484,141.8691,14.0,3.7,2018-08-01T00:17:39.3,36.8221,141.8667,6.6,3.9,0.9293855396410452,0.9281317024138864
2012-06-21T13:18:41.37,36.7484,141.8691,14.0,3.7,2020-11-29T04:55:02.19,36.7212,141.8765,35.0,3.6,-2.81269648930417,0.9682619281899056
2012-06-24T01:29:14.59,38.8459,142.2304,46.6,4.8,2013-02-18T11:06:42.93,38.8421,142.1455,43.7,4.2,0.1881856109777954,0.9522196258133644
2012-06-24T01:29:14.59,38.8459,142.2304,46.6,4.8,2014-01-08T12:28:20.03,38.8485,142.1928,46.3,4.0,-0.430570716518691,0.9471197232044516
2012-06-24T01:29:14.59,38.8459,142.2304,46.6,4.8,2014-11-08T12:09:27.04,38.8164,142.2867,40.8,4.0,0.8418254370889061,0.944083741735546
2012-06-24T01:29:14.59,38.8459,142.2304,46.6,4.8,2018-06-17T15:43:42.62,38.8022,142.1996,46.5,4.1,0.1412723042931259,0.9341568857089178
2012-06-24T01:29:14.59,38.8459,142.2304,46.6,4.8,2020-04-20T01:49:36.53,38.8126,142.2245,41.7,4.3,0.659375762882819,0.9568439146466794
2012-06-24T01:29:14.59,38.8459,142.2304,46.6,4.8,2020-08-27T00:48:42.33,38.8381,142.1809,42.6,4.2,0.6216811675038896,0.9051121164031932
2012-06-26T13:42:50.85,38.8973,142.048,51.9,3.9,2013-01-05T16:47:09.8,38.9155,142.038,60.9,3.9,-0.83144363596746,0.9496040633135768
2012-06-26T13:42:50.85,38.8973,142.048,51.9,3.9,2013-04-01T19:09:37.88,38.8929,142.0591,49.1,4.2,0.1865780828983237,0.9558574510905936
2012-06-26T13:42:50.85,38.8973,142.048,51.9,3.9,2013-08-26T05:24:27.41,38.9137,141.9411,53.2,3.9,-0.4307671735710907,0.9176643980241852
2012-06-26T13:42:50.85,38.8973,142.048,51.9,3.9,2014-01-11T15:46:13.72,38.9308,142.0529,48.9,4.0,0.4324907460187381,0.9456829825909784
2012-06-26T13:42:50.85,38.8973,142.048,51.9,3.9,2014-05-04T07:10:54.85,38.8913,141.9651,52.5,3.9,-0.170126568985632,0.9313212608106975
2012-06-26T13:42:50.85,38.8973,142.048,51.9,3.9,2015-08-14T12:13:16.53,38.9145,142.0782,46.6,3.8,0.5910187567209626,0.9348846846535788
2012-06-26T13:42:50.85,38.8973,142.048,51.9,3.9,2015-12-15T22:41:36.38,38.9033,141.9771,49.6,3.8,-0.2278212761320647,0.9241882442410876
2012-06-26T13:42:50.85,38.8973,142.048,51.9,3.9,2016-07-31T16:35:03.05,38.8875,141.9726,51.6,3.8,-0.2292291220644818,0.9424335303425774
2012-06-26T13:42:50.85,38.8973,142.048,51.9,3.9,2017-08-06T17:55:48.2,38.8687,141.9708,53.1,3.9,0.3721923774153174,0.922166420323778
2012-06-26T13:42:50.85,38.8973,142.048,51.9,3.9,2019-09-27T11:11:01.95,38.8949,141.9515,48.9,4.0,-0.1644130229134988,0.9048680365967195
2012-06-29T07:02:20.89,36.1786,141.0365,14.3,3.8,2012-06-29T21:05:34.51,36.2357,140.8261,10.6,3.5,0.1383493477752411,0.9138758005537948
2012-07-01T04:09:52.18,36.9614,140.5252,12.4,3.7,2015-09-05T23:53:09.68,36.9477,140.5386,11.1,4.0,-0.0122331982866686,0.9392768261643876
2012-07-02T06:23:27.3,37.4777,141.6569,44.4,4.4,2013-10-18T09:40:46.03,37.4776,141.7177,43.1,4.4,0.4084233816972629,0.9917007499233258
2012-07-02T06:23:27.3,37.4777,141.6569,44.4,4.4,2015-08-15T23:44:19.58,37.4799,141.6645,47.1,4.4,0.1191368706858097,0.9968733152598456
2012-07-02T06:23:27.3,37.4777,141.6569,44.4,4.4,2017-08-24T17:18:53.27,37.492,141.6957,45.1,4.5,0.4416287503381576,0.9919775609308896
2012-07-02T06:23:27.3,37.4777,141.6569,44.4,4.4,2020-05-06T01:16:10.99,37.4183,141.6973,36.6,4.6,1.4088321633581442,0.995527009153944
2012-07-04T06:03:24.47,36.6516,140.9803,42.3,4.0,2014-01-01T14:39:25.33,36.6279,141.0019,52.5,4.2,-0.6575704641717885,0.995462989841022
2012-07-04T06:03:24.47,36.6516,140.9803,42.3,4.0,2016-07-19T07:27:57.09,36.635,140.9634,50.7,4.3,-1.1769197597118044,0.9925903634866676
2012-07-04T06:03:24.47,36.6516,140.9803,42.3,4.0,2017-03-22T14:47:21.37,36.6385,141.0008,46.9,3.8,-0.043432754870658,0.984914448924552
2012-07-04T06:03:24.47,36.6516,140.9803,42.3,4.0,2018-09-19T00:01:36.3,36.6467,140.9839,46.6,4.4,-0.3249714993031481,0.9930975557495888
2012-07-04T06:20:00.45,37.1422,142.5054,9.0,4.0,2015-06-20T13:27:54.59,37.1247,142.4401,5.0,4.1,1.1756621808050958,0.9663326478651318
2012-07-05T21:05:55.3,38.1576,141.7601,58.9,3.7,2014-06-19T09:50:14.45,38.159,141.8289,43.1,3.8,1.4738277865949163,0.9098669343560696
2012-07-05T21:05:55.3,38.1576,141.7601,58.9,3.7,2015-06-21T04:16:19.81,38.1912,141.7778,48.6,4.0,1.3069454346094918,0.9010796497531636
2012-07-05T21:05:55.3,38.1576,141.7601,58.9,3.7,2016-06-29T05:01:36.37,38.1588,141.7405,45.6,4.3,0.8533228223504987,0.9178224619210414
2012-07-05T21:05:55.3,38.1576,141.7601,58.9,3.7,2019-03-29T18:00:33.94,38.1405,141.8238,47.0,4.3,1.5999761800386405,0.9176263327536236
2012-07-09T04:01:54.21,38.6443,142.1924,47.4,4.5,2013-02-11T03:45:41.38,38.608,142.2849,35.8,4.5,1.8101606209880925,0.9923340496776586
2012-07-10T13:43:56.08,35.803,140.973,15.2,3.6,2013-05-01T11:15:22.42,35.7943,140.9996,18.2,3.7,0.4137087995432758,0.952941265365634
2012-07-11T16:37:29.07,37.1251,142.3227,6.1,3.8,2012-10-30T13:06:00.51,37.259,142.1936,5.4,4.0,-2.3030675843098694,0.9369855899163196
2012-07-11T16:37:29.07,37.1251,142.3227,6.1,3.8,2017-11-06T17:45:04.32,37.2341,142.4676,23.3,4.6,-4.057347106631207,0.9375109405318708
2012-07-12T04:54:46.77,36.1081,139.8818,47.9,4.2,2015-08-10T09:44:34.45,36.0433,139.9127,52.7,4.1,0.0258246885309294,0.975154904188424
2012-07-12T04:54:46.77,36.1081,139.8818,47.9,4.2,2020-01-13T19:53:47.98,36.0711,139.9232,46.8,4.7,1.127752946614932,0.942554398033988
2012-07-15T19:31:30.35,36.0895,139.8382,60.2,4.8,2019-12-03T01:18:03.05,36.1378,139.9061,54.3,4.7,0.6165589109111678,0.974830646819024
2012-07-22T02:22:42.6,39.8923,143.7417,6.0,4.0,2015-03-18T21:08:43.73,39.811,143.8364,10.0,3.9,0.44380441122837,0.9132462907836512
2012-07-22T08:20:33.05,38.5804,142.0914,46.6,4.3,2012-12-03T04:14:06.64,38.5814,141.8972,48.8,4.0,-1.339564444714895,0.9330590424871974
2012-07-22T08:20:33.05,38.5804,142.0914,46.6,4.3,2013-06-03T20:01:23.61,38.6419,141.9306,47.0,4.2,-0.8161056456097868,0.9696739598554353
2012-07-22T08:20:33.05,38.5804,142.0914,46.6,4.3,2013-12-03T19:55:50.02,38.5841,142.025,46.5,4.2,-0.2717775296848656,0.9822692721876228
2012-07-22T08:20:33.05,38.5804,142.0914,46.6,4.3,2015-02-05T20:28:42.76,38.6077,141.9812,55.6,4.1,-1.0422147390851717,0.9715963857828942
2012-07-22T08:20:33.05,38.5804,142.0914,46.6,4.3,2015-11-18T13:42:32.37,38.5565,142.1536,44.0,4.1,0.6766465376114128,0.9644973240229608
2012-07-22T08:20:33.05,38.5804,142.0914,46.6,4.3,2016-06-13T18:17:25.85,38.5899,141.961,51.8,3.9,-1.1591827139115578,0.9764148822669084
2012-07-22T08:20:33.05,38.5804,142.0914,46.6,4.3,2016-12-08T04:25:10.3,38.5752,142.022,40.6,4.1,0.6523781468495339,0.9455406772069398
2012-07-22T08:20:33.05,38.5804,142.0914,46.6,4.3,2017-07-01T18:53:11.37,38.6039,141.9678,49.1,4.1,-0.5441796828507095,0.9848195516958896
2012-07-22T08:20:33.05,38.5804,142.0914,46.6,4.3,2018-08-16T10:44:09.3,38.5708,141.9456,49.2,3.9,-1.0101033556863832,0.9826663605244744
2012-07-22T08:20:33.05,38.5804,142.0914,46.6,4.3,2019-04-01T12:17:32.96,38.5938,141.9946,50.0,4.0,-1.1580493206699276,0.9608626040934496
2012-07-22T08:20:33.05,38.5804,142.0914,46.6,4.3,2019-10-20T22:53:33.32,38.5649,142.08,43.8,3.9,0.2522385240643171,0.9413665951048203
2012-07-22T08:20:33.05,38.5804,142.0914,46.6,4.3,2020-05-28T17:46:07.96,38.6033,142.2343,43.3,3.8,1.8013448729874706,0.955803726458441
2012-07-22T10:12:53.17,36.182,140.0204,55.1,3.7,2015-12-22T12:18:53.06,36.1671,140.1105,59.5,3.7,0.9269578742963218,0.9870219743950808
2012-07-22T10:12:53.17,36.182,140.0204,55.1,3.7,2019-10-01T09:07:04.57,36.2037,139.9829,55.0,3.6,-0.199012204337367,0.98269613118078
2012-07-22T20:51:14.96,38.298,141.9875,46.9,3.8,2012-07-22T21:57:53.06,38.2972,142.026,51.0,4.0,0.5900221877335139,0.9067621728476742
2012-07-24T17:28:07.2,36.6507,142.2213,24.9,4.2,2014-08-03T18:08:26.82,36.6828,142.0384,19.0,4.0,0.4932535606515966,0.9920310692771592
2012-07-24T17:28:07.2,36.6507,142.2213,24.9,4.2,2017-06-28T15:44:33.11,36.7433,141.9148,35.0,4.0,-2.5741163313077693,0.992803302760932
2012-07-25T12:22:28.23,36.6985,141.8009,19.0,3.9,2012-12-13T23:14:16.73,36.7492,141.6704,26.0,3.9,-2.612712364184817,0.9507889195501988
2012-07-25T12:22:28.23,36.6985,141.8009,19.0,3.9,2014-02-05T00:41:08.41,36.6921,141.9058,19.0,3.9,-0.8208978463432812,0.9641368874080726
2012-07-25T12:22:28.23,36.6985,141.8009,19.0,3.9,2014-11-25T19:38:16.79,36.6906,141.9877,35.0,3.7,-2.4376146055838266,0.9373327476516125
2012-07-25T12:22:28.23,36.6985,141.8009,19.0,3.9,2016-06-20T00:27:13.8,36.7368,141.7951,19.0,3.7,-1.8337589547655675,0.9360532924436082
2012-07-25T12:22:28.23,36.6985,141.8009,19.0,3.9,2018-08-01T00:17:39.3,36.8221,141.8667,6.6,3.9,0.904452720092364,0.912023662655334
2012-07-25T20:00:15.47,36.4392,142.5273,30.8,4.6,2014-03-22T13:38:43.77,36.3972,142.5673,15.0,3.9,2.1475116238515524,0.9422343932803908
2012-07-25T20:00:15.47,36.4392,142.5273,30.8,4.6,2019-11-03T01:37:55.92,36.4661,142.6718,14.2,3.9,2.7948590624253296,0.9415645916181522
2012-08-01T04:03:57.63,36.4291,140.767,51.3,3.5,2014-07-20T01:01:26.3,36.43,140.66,53.0,3.5,-0.1499947324545951,0.9428179978784266
2012-08-01T04:03:57.63,36.4291,140.767,51.3,3.5,2020-09-14T09:10:25.86,36.4367,140.6618,52.7,3.5,-0.2970547420795281,0.9400151755746792
2012-08-01T14:37:43.47,38.8769,142.0131,60.5,4.0,2013-04-17T14:13:35.49,38.8608,142.0534,46.4,4.1,1.4788324492026503,0.9366270415909996
2012-08-01T14:37:43.47,38.8769,142.0131,60.5,4.0,2014-02-27T14:04:58.75,38.8498,142.0177,49.9,4.0,1.234177868710112,0.9159984448883308
2012-08-03T10:00:43.54,39.4117,143.627,28.4,5.0,2017-02-27T02:17:34.25,39.3516,143.6568,10.1,4.5,3.224669119111903,0.9120455687454432
2012-08-04T20:05:30.19,38.6274,141.9972,42.4,3.8,2013-04-20T19:41:48.92,38.6129,142.1998,30.5,3.7,3.4345820490741543,0.9001803078669605
2012-08-07T07:43:33.97,36.3995,142.6014,15.0,3.8,2014-10-10T20:16:53.3,36.3737,142.3912,15.0,3.8,0.5894289534730004,0.9603609074896114
2012-08-14T13:02:20.69,36.7289,142.2714,19.0,4.4,2014-04-01T13:38:33.64,36.7094,142.1799,35.8,4.2,-2.5694716010900933,0.9111677150764196
2012-08-14T13:02:20.69,36.7289,142.2714,19.0,4.4,2016-05-22T06:11:34.86,36.6508,142.052,19.0,4.1,-0.1621546872483339,0.9877537615416138
2012-08-19T11:40:41.76,38.1975,141.7548,56.1,3.7,2015-03-26T17:28:26.71,38.1334,141.7882,44.5,3.9,1.6211736341509888,0.9320353199411922
2012-08-19T11:40:41.76,38.1975,141.7548,56.1,3.7,2016-03-13T08:44:10.19,38.1587,141.7287,47.7,3.8,1.1092516446938054,0.9478480839746392
2012-08-19T11:40:41.76,38.1975,141.7548,56.1,3.7,2017-07-28T22:25:11.01,38.1491,141.7745,45.4,4.2,2.153782602780918,0.920899265107832
2012-08-19T11:40:41.76,38.1975,141.7548,56.1,3.7,2019-04-07T18:00:03.03,38.1289,141.7481,47.7,4.0,2.118946431673299,0.9337238416818004
2012-08-20T11:42:45.7,35.8808,140.4699,53.9,5.2,2019-01-18T12:46:24.61,35.8768,140.479,57.5,5.2,-0.1777069813321401,0.988749375155536
2012-08-27T23:05:27.36,36.4865,142.9198,23.3,3.9,2019-03-17T14:27:22.68,36.5935,142.8062,23.7,3.8,-0.185213536058883,0.9305521966194424
2012-08-28T13:55:05.2,36.3925,141.8573,25.2,5.0,2016-08-30T20:04:48.01,36.383,141.8288,28.9,4.8,-0.6935534810424541,0.971216010375026
2012-08-29T19:17:40.07,36.0828,139.8302,57.2,4.1,2017-11-05T07:30:08.96,36.1155,139.8696,54.8,4.2,-0.0694332640170286,0.921084267921771
2012-09-02T04:33:45.76,36.5156,140.7908,53.8,3.9,2014-12-02T11:52:51.68,36.5268,140.7595,52.1,4.0,-0.4031195258729887,0.9969321169999226
2012-09-02T04:33:45.76,36.5156,140.7908,53.8,3.9,2017-11-21T00:25:13.19,36.5159,140.8053,52.6,4.0,0.1502070148074263,0.9944055749916588
2012-09-02T22:17:26.4,36.608,141.0574,16.9,3.8,2013-08-12T10:57:20.4,36.64,140.93,50.0,3.6,-4.059149962003132,0.9568536373136364
2012-09-02T22:17:26.4,36.608,141.0574,16.9,3.8,2014-06-30T19:43:55.9,36.64,140.93,49.0,3.5,-4.16282580243645,0.9537565352240184
2012-09-02T22:17:26.4,36.608,141.0574,16.9,3.8,2015-07-05T00:20:08.33,36.6283,141.0588,29.3,3.5,-2.644206277377385,0.9580495831591982
2012-09-02T22:17:26.4,36.608,141.0574,16.9,3.8,2016-07-03T16:27:41.43,36.5494,141.2128,31.6,3.5,-1.0138212162331637,0.9656147122732214
2012-09-02T22:17:26.4,36.608,141.0574,16.9,3.8,2017-10-27T11:51:43.13,36.6301,141.0355,39.8,3.5,-3.717215326849408,0.9534495684273716
2012-09-02T22:17:26.4,36.608,141.0574,16.9,3.8,2019-07-08T08:20:50.02,36.6312,141.1031,31.7,3.5,-2.828825688839981,0.9357660567833168
2012-09-02T22:17:26.4,36.608,141.0574,16.9,3.8,2020-11-02T19:38:37.36,36.6184,141.1041,43.9,3.5,-2.912778213208612,0.9456008026294216
2012-09-04T14:56:15.27,38.2864,141.9515,50.8,4.2,2015-02-10T19:23:46.57,38.2724,141.9928,42.9,4.2,0.330968563955735,0.9565911833818156
2012-09-04T14:56:15.27,38.2864,141.9515,50.8,4.2,2018-10-14T00:30:27.73,38.2648,141.8811,47.9,4.2,-0.4275284297048146,0.9756059569369104
2012-09-08T11:05:58.97,36.7438,142.8553,15.2,3.8,2014-07-17T10:46:50.56,36.684,142.9806,12.3,3.7,1.1875067390589855,0.9653912405080832
2012-09-08T12:17:08.23,36.7455,142.8858,25.0,4.0,2016-10-13T18:07:27.8,36.7259,142.8859,11.7,3.9,2.282981464872877,0.9285188626713042
2012-09-10T12:21:09.68,38.3382,141.8895,50.1,3.9,2014-05-11T17:20:33.42,38.349,141.7922,51.3,3.8,-0.6265195256384788,0.9128489634614398
2012-09-17T08:22:30.64,39.0532,142.3556,18.0,3.9,2017-07-16T10:23:01.17,39.0864,142.2035,45.3,3.9,-3.229847247938806,0.9232994438089188
2012-09-24T16:12:47.5,36.1397,139.8485,53.3,3.5,2018-07-29T06:21:20.79,36.0904,139.9046,57.5,3.6,0.7477982174281035,0.9891451747083964
2012-09-29T07:34:43.18,35.517,141.1276,33.0,3.6,2015-04-12T10:28:46.25,35.5075,141.0847,33.0,3.7,0.3901110778856775,0.9435578252092433
2012-10-05T19:28:16.65,35.58,140.0807,72.4,3.5,2014-03-27T22:47:36.72,35.5903,140.0468,74.0,3.5,0.1636981568378346,0.932534666589716
2012-10-05T19:28:16.65,35.58,140.0807,72.4,3.5,2014-05-26T02:45:11.16,35.552,140.0958,75.0,3.5,0.6696002540246297,0.9762694165336372
2012-10-06T23:43:06.2,36.7478,140.8809,14.9,4.1,2012-10-14T04:37:11.35,36.7596,140.8384,15.0,3.9,-0.6401810436662796,0.9107721899310264
2012-10-08T10:49:05.62,38.8824,142.0049,51.3,3.9,2014-02-27T14:04:58.75,38.8498,142.0177,49.9,4.0,0.0191421516396707,0.9081814352654872
2012-10-08T10:49:05.62,38.8824,142.0049,51.3,3.9,2015-05-19T17:17:39.52,38.8762,142.0788,50.5,4.0,0.4109343746257362,0.9565428173541975
2012-10-08T10:49:05.62,38.8824,142.0049,51.3,3.9,2015-12-12T21:05:51.61,38.8977,142.0347,48.3,4.0,0.2634752233265237,0.960621079305134
2012-10-08T10:49:05.62,38.8824,142.0049,51.3,3.9,2016-08-13T08:49:41.24,38.8588,142.1239,49.1,4.2,0.5511607573561281,0.9542878998451656
2012-10-08T10:49:05.62,38.8824,142.0049,51.3,3.9,2016-12-30T08:33:10.0,38.8661,141.9908,45.5,4.0,0.1999793925358385,0.922484073677481
2012-10-08T10:49:05.62,38.8824,142.0049,51.3,3.9,2017-08-07T22:35:14.81,38.8689,141.9697,51.6,4.1,0.0681659654039668,0.9211948179310238
2012-10-08T10:49:05.62,38.8824,142.0049,51.3,3.9,2018-07-14T09:13:51.33,38.8582,142.0765,48.0,4.2,0.5017609453592341,0.933977764930018
2012-10-08T10:49:05.62,38.8824,142.0049,51.3,3.9,2019-08-23T16:39:30.56,38.8799,142.2948,28.1,3.9,4.100593420679258,0.9323721261382156
2012-10-08T10:49:05.62,38.8824,142.0049,51.3,3.9,2020-01-28T14:59:45.66,38.9449,141.9893,55.6,3.9,-0.7555983238869304,0.9157094296501792
2012-10-11T07:06:14.19,36.1197,140.0505,73.5,3.9,2017-01-12T00:36:29.1,36.0917,140.1301,70.2,3.9,1.0041871250733136,0.9866346953652962
2012-10-11T07:06:14.19,36.1197,140.0505,73.5,3.9,2020-03-15T10:09:11.16,36.0966,140.1699,72.4,3.8,1.1864694906167823,0.9005765957133558
2012-10-19T01:50:05.31,39.6276,143.3638,11.0,4.7,2015-06-11T05:29:58.81,39.5199,143.5825,12.9,4.8,1.1377076814463665,0.960670755599326
2012-10-19T04:10:48.31,36.4886,140.6278,55.1,3.6,2013-08-21T16:14:19.88,36.4871,140.5758,57.4,3.6,0.3464877449058844,0.993025521930677
2012-10-19T04:10:48.31,36.4886,140.6278,55.1,3.6,2016-01-30T03:34:27.0,36.46,140.6,55.0,3.9,-0.0081951860083875,0.9351130013247624
2012-10-19T04:10:48.31,36.4886,140.6278,55.1,3.6,2017-08-04T22:55:18.61,36.4892,140.5693,57.1,4.1,-0.1448793839740059,0.9039131316142784
2012-10-19T04:10:48.31,36.4886,140.6278,55.1,3.6,2018-03-31T08:05:29.23,36.5042,140.5759,55.1,3.8,-0.2226106578343225,0.99245325998861
2012-10-19T04:10:48.31,36.4886,140.6278,55.1,3.6,2019-11-17T23:00:00.46,36.4686,140.6998,57.0,4.1,0.1662097203293853,0.9892032763496268
2012-10-19T09:12:57.04,39.3477,142.0536,47.2,4.4,2019-09-25T08:28:48.06,39.3102,142.1012,52.0,4.7,-0.5788245005520714,0.9505619452723196
2012-10-19T09:12:57.04,39.3477,142.0536,47.2,4.4,2020-10-05T14:01:14.4,39.3374,142.0913,50.5,4.1,-0.6175728551125415,0.9527382457762328
2012-10-23T00:37:07.98,39.6469,143.2839,25.9,4.8,2015-02-17T02:29:50.89,39.6468,143.304,26.9,4.7,0.0010889396136195,0.902419915525584
2012-10-26T06:34:34.19,35.5147,141.0737,33.0,3.7,2015-08-06T05:26:58.44,35.5431,141.0946,33.0,3.7,0.0731228817520199,0.9919182086219188
2012-10-26T06:34:34.19,35.5147,141.0737,33.0,3.7,2019-02-05T16:52:45.43,35.5294,141.2926,35.0,3.7,0.8794473059568966,0.9924965345488178
2012-10-26T10:36:30.26,38.7216,142.2571,46.8,4.7,2015-08-24T18:24:37.6,38.7426,142.1893,47.0,4.6,-0.0909647582403646,0.920694748517168
2012-10-26T10:36:30.26,38.7216,142.2571,46.8,4.7,2017-06-25T20:16:39.45,38.7067,142.1487,51.0,4.3,-0.5374222833432372,0.9117582571829602
2012-10-27T04:12:45.71,37.0053,141.2177,47.7,4.1,2014-02-09T03:50:18.6,37.0017,141.2254,43.9,4.1,0.1478252970368235,0.9907106114477444
2012-10-27T04:12:45.71,37.0053,141.2177,47.7,4.1,2015-11-20T06:44:32.13,36.9897,141.2073,44.8,4.1,0.1402019716677455,0.9859808478027288
2012-10-27T04:12:45.71,37.0053,141.2177,47.7,4.1,2019-02-03T01:01:13.55,37.0023,141.2676,41.8,4.2,0.6259339317980275,0.9857382252237008
2012-10-30T13:06:00.51,37.259,142.1936,5.4,4.0,2017-11-06T17:45:04.32,37.2341,142.4676,23.3,4.6,-1.7557012130595484,0.92818049370002
2012-11-07T15:17:13.16,36.6753,142.041,36.1,4.2,2013-10-19T05:44:49.87,36.671,141.9703,19.0,4.2,2.3077374752331656,0.9884115305112052
2012-11-07T15:17:13.16,36.6753,142.041,36.1,4.2,2015-10-05T00:26:19.15,36.6471,142.0795,15.2,4.3,3.0029489347835385,0.9913121848323868
2012-11-07T15:17:13.16,36.6753,142.041,36.1,4.2,2017-07-24T17:53:44.73,36.7343,142.2315,19.0,4.0,3.4240630711240256,0.9897562901316014
2012-11-07T15:17:13.16,36.6753,142.041,36.1,4.2,2020-04-27T13:23:57.13,36.6595,142.0661,19.0,4.3,2.6785474506835016,0.9957270957337788
2012-11-08T05:38:22.14,36.2959,142.1185,19.0,4.1,2016-10-05T11:56:54.81,36.2394,141.9417,27.2,3.9,-2.247662355357697,0.9763751973524984
2012-11-08T05:38:22.14,36.2959,142.1185,19.0,4.1,2020-07-16T20:22:09.79,36.25,141.9352,23.0,3.8,-1.7213508708039225,0.9747901242787452
2012-11-12T20:00:02.71,36.1495,142.5702,12.5,3.6,2017-08-02T15:11:50.66,36.2543,142.7858,35.0,3.7,-2.1542863265789665,0.9842535746333586
2012-11-13T14:46:09.57,36.848,141.3144,0.8,3.8,2012-11-13T19:34:36.48,36.9185,141.3566,8.1,3.8,0.4607527160716572,0.9436091882640144
2012-11-17T05:40:54.17,36.4459,140.7314,50.9,3.7,2013-09-19T01:21:41.6,36.43,140.66,52.0,3.6,-0.1868975099882598,0.9504428458103268
2012-11-17T05:40:54.17,36.4459,140.7314,50.9,3.7,2014-10-17T03:34:18.5,36.43,140.66,53.0,3.5,-0.0807322426496441,0.9511871797016678
2012-11-17T05:40:54.17,36.4459,140.7314,50.9,3.7,2015-08-12T19:29:05.42,36.449,140.7754,53.3,3.6,0.5391824420189083,0.9767649962827016
2012-11-17T05:40:54.17,36.4459,140.7314,50.9,3.7,2016-08-10T05:50:56.0,36.4293,140.6567,53.1,3.7,-0.1702426680653033,0.9457881867718256
2012-11-17T05:40:54.17,36.4459,140.7314,50.9,3.7,2017-06-29T22:41:15.2,36.43,140.6557,53.1,3.7,-0.1880393545805858,0.9579347015510272
2012-11-17T05:40:54.17,36.4459,140.7314,50.9,3.7,2018-03-16T04:09:23.39,36.4317,140.6542,52.9,3.5,-0.2228489535832412,0.922045211492061
2012-11-17T05:40:54.17,36.4459,140.7314,50.9,3.7,2019-01-15T07:38:43.19,36.4295,140.656,52.9,3.6,-0.1943997623793549,0.937722014043538
2012-11-17T05:40:54.17,36.4459,140.7314,50.9,3.7,2019-10-28T13:28:56.63,36.4615,140.6892,45.4,3.5,-1.0427570140217244,0.9757422081914368
2012-11-17T05:40:54.17,36.4459,140.7314,50.9,3.7,2020-08-12T22:40:23.03,36.4292,140.6567,52.9,3.6,-0.1937633815868311,0.9659087985391982
2012-11-17T23:25:46.14,36.2784,142.0202,19.0,3.5,2016-10-06T22:20:01.32,36.291,141.8107,35.0,3.7,-3.73812212860509,0.9453163576281536
2012-11-21T00:02:19.28,39.6163,142.102,50.4,4.1,2013-05-18T15:51:01.28,39.6298,142.1197,53.3,4.0,-0.0160684160721422,0.9355213009578311
2012-11-21T00:02:19.28,39.6163,142.102,50.4,4.1,2013-11-21T08:59:23.22,39.5994,142.2982,43.2,4.1,1.3978400912292064,0.9164802603595792
2012-11-21T00:02:19.28,39.6163,142.102,50.4,4.1,2015-03-23T13:56:48.72,39.6415,142.0922,47.4,4.2,0.6006692683662709,0.902853836967344
2012-11-21T00:02:19.28,39.6163,142.102,50.4,4.1,2016-07-03T09:06:01.44,39.6391,142.159,50.0,4.1,0.2224465161906658,0.9266346721525626
2012-11-21T00:02:19.28,39.6163,142.102,50.4,4.1,2019-09-04T10:54:41.84,39.605,142.1095,53.7,3.9,-0.3057176794049848,0.9042898383620624
2012-11-21T17:42:36.97,38.4942,141.8832,41.8,5.0,2013-11-25T15:43:02.38,38.5255,141.8496,52.9,4.9,-1.1428072399228892,0.9048383178548368
2012-11-23T15:51:47.28,36.0619,139.9117,54.3,4.4,2014-06-25T15:41:47.23,36.0472,139.8911,52.1,3.5,-0.2042274327516766,0.9493186365193806
2012-11-23T15:51:47.28,36.0619,139.9117,54.3,4.4,2015-08-21T22:57:54.36,36.0387,139.8901,55.5,3.5,0.3940445408428784,0.9275839632664152
2012-11-23T15:51:47.28,36.0619,139.9117,54.3,4.4,2017-08-03T04:45:05.03,36.0668,139.9285,54.8,4.6,-0.8275841807969266,0.9356537113001266
2012-11-24T17:40:22.71,35.5294,141.0855,33.0,3.8,2016-02-16T04:30:32.31,35.5291,141.1871,28.5,3.9,0.3197399062950916,0.992530680230469
2012-12-03T04:14:06.64,38.5814,141.8972,48.8,4.0,2013-06-03T20:01:23.61,38.6419,141.9306,47.0,4.2,0.5234015465015962,0.9564467808185628
2012-12-03T04:14:06.64,38.5814,141.8972,48.8,4.0,2015-02-05T20:28:42.76,38.6077,141.9812,55.6,4.1,0.2982054940746683,0.9264183143706144
2012-12-03T04:14:06.64,38.5814,141.8972,48.8,4.0,2015-11-18T13:42:32.37,38.5565,142.1536,44.0,4.1,2.0144978886946303,0.9486078208362696
2012-12-03T04:14:06.64,38.5814,141.8972,48.8,4.0,2016-06-13T18:17:25.85,38.5899,141.961,51.8,3.9,0.1798332196201067,0.921814306593924
2012-12-03T04:14:06.64,38.5814,141.8972,48.8,4.0,2016-12-08T04:25:10.3,38.5752,142.022,40.6,4.1,1.990811725818137,0.9016932931419817
2012-12-03T04:14:06.64,38.5814,141.8972,48.8,4.0,2017-07-01T18:53:11.37,38.6039,141.9678,49.1,4.1,0.7955337801326579,0.94564795472459
2012-12-03T04:14:06.64,38.5814,141.8972,48.8,4.0,2018-08-16T10:44:09.3,38.5708,141.9456,49.2,3.9,0.3288252104363263,0.9288495450916392
2012-12-03T04:14:06.64,38.5814,141.8972,48.8,4.0,2019-04-01T12:17:32.96,38.5938,141.9946,50.0,4.0,0.1817480453842351,0.9374692578604312
2012-12-03T04:14:06.64,38.5814,141.8972,48.8,4.0,2020-05-28T17:46:07.96,38.6033,142.2343,43.3,3.8,3.142096039260328,0.9189548962327582
2012-12-13T23:14:16.73,36.7492,141.6704,26.0,3.9,2014-02-05T00:41:08.41,36.6921,141.9058,19.0,3.9,1.7927042482565023,0.9192707154212536
2012-12-13T23:14:16.73,36.7492,141.6704,26.0,3.9,2014-11-25T19:38:16.79,36.6906,141.9877,35.0,3.7,0.175832431232493,0.987891805606556
2012-12-13T23:14:16.73,36.7492,141.6704,26.0,3.9,2016-06-30T05:55:50.03,36.8974,141.5661,33.0,3.6,-2.452533303736458,0.9269075007563312
2012-12-13T23:14:16.73,36.7492,141.6704,26.0,3.9,2017-04-08T18:55:35.79,36.7682,141.8151,50.0,3.5,-1.1952467649781628,0.9454129831659992
2012-12-13T23:14:16.73,36.7492,141.6704,26.0,3.9,2018-08-01T00:17:39.3,36.8221,141.8667,6.6,3.9,3.516552261246209,0.9677089952449104
2012-12-13T23:14:16.73,36.7492,141.6704,26.0,3.9,2020-11-29T04:55:02.19,36.7212,141.8765,35.0,3.6,-0.2274419506794369,0.9469544022728266
2012-12-18T10:25:48.67,38.3666,141.7965,46.3,4.5,2016-02-24T16:10:50.33,38.2889,141.9109,44.0,4.6,0.7582156534228506,0.9718143287049824
2012-12-18T20:31:38.94,35.6723,140.6842,51.7,3.6,2017-03-22T13:50:14.65,35.6903,140.6523,51.4,3.6,0.1835250482761025,0.9962988186694386
2012-12-20T15:31:14.79,37.0845,141.21,54.0,4.1,2013-10-17T04:31:57.6,37.0942,141.211,47.7,4.0,0.2122376316862641,0.9820251463437936
2012-12-20T15:31:14.79,37.0845,141.21,54.0,4.1,2014-07-30T14:57:06.66,37.0936,141.2082,48.8,3.9,0.0653410010252241,0.9916762251009458
2012-12-20T15:31:14.79,37.0845,141.21,54.0,4.1,2015-11-19T03:39:22.78,37.0822,141.174,52.6,4.0,0.3406334735154744,0.9920387853174136
2012-12-20T15:31:14.79,37.0845,141.21,54.0,4.1,2017-10-06T15:00:41.81,37.0909,141.1982,49.0,4.3,0.3026723649580339,0.928558792240598
2012-12-20T15:31:14.79,37.0845,141.21,54.0,4.1,2018-09-27T19:32:24.08,37.0924,141.2521,48.6,4.2,0.6614577873030174,0.991296094489682
2012-12-20T15:31:14.79,37.0845,141.21,54.0,4.1,2020-04-23T01:22:17.95,37.0256,141.2978,46.1,4.0,1.618427751821883,0.9508612307048973
2012-12-22T06:20:23.03,41.3395,142.651,40.7,4.4,2020-08-12T23:31:56.53,41.3175,142.7078,48.1,4.3,-0.6612690945733044,0.910384612160088
2012-12-26T07:20:52.7,35.79,140.93,14.0,3.6,2014-03-15T22:23:48.4,35.79,140.92,14.0,3.6,-0.0375407210951404,0.9000236920310898
2012-12-28T07:30:01.07,36.4739,140.6,55.8,4.0,2014-01-23T16:10:52.95,36.4686,140.6923,56.4,3.9,0.7967340328971035,0.9647910649798264
2012-12-28T21:31:53.18,36.0776,142.1022,23.0,3.6,2016-11-24T19:22:14.56,36.0766,141.9454,23.0,3.5,-0.1828381975136412,0.931452265557816
2013-01-05T16:47:09.8,38.9155,142.038,60.9,3.9,2013-04-01T19:09:37.88,38.8929,142.0591,49.1,4.2,1.019506298838882,0.9334188144812838
2013-01-05T16:47:09.8,38.9155,142.038,60.9,3.9,2014-01-11T15:46:13.72,38.9308,142.0529,48.9,4.0,1.2606356480542047,0.9078045589235364
2013-01-05T16:47:09.8,38.9155,142.038,60.9,3.9,2014-05-04T07:10:54.85,38.8913,141.9651,52.5,3.9,0.6582523102149266,0.90664185229449
2013-01-05T16:47:09.8,38.9155,142.038,60.9,3.9,2015-08-14T12:13:16.53,38.9145,142.0782,46.6,3.8,1.4200581453898244,0.9085542977330822
2013-01-05T16:47:09.8,38.9155,142.038,60.9,3.9,2016-07-31T16:35:03.05,38.8875,141.9726,51.6,3.8,0.6019711540654173,0.9074855932091948
2013-01-05T16:47:09.8,38.9155,142.038,60.9,3.9,2017-08-06T17:55:48.2,38.8687,141.9708,53.1,3.9,1.2018191390287432,0.9015503196692222
2013-01-05T16:47:09.8,38.9155,142.038,60.9,3.9,2019-09-27T11:11:01.95,38.8949,141.9515,48.9,4.0,0.6710510472509047,0.9066318188635956
2013-01-10T12:48:20.2,37.5342,141.4335,50.7,5.0,2014-02-07T17:18:33.51,37.5468,141.438,57.2,5.0,-0.4901862018634265,0.9662410480937886
2013-01-16T15:52:52.47,36.2776,142.6554,15.0,3.8,2014-04-16T11:23:10.56,36.2696,142.7817,35.0,3.7,-1.0791248621544545,0.9788253209356446
2013-01-16T15:52:52.47,36.2776,142.6554,15.0,3.8,2015-12-14T20:32:56.65,36.3929,142.5603,15.0,3.6,-0.2107292389782795,0.974506276504722
2013-01-16T15:52:52.47,36.2776,142.6554,15.0,3.8,2018-02-26T08:44:37.0,36.3658,142.6509,35.0,3.8,-3.1085234756862485,0.9575208246308606
2013-01-23T21:31:07.73,37.8123,141.6655,50.3,4.8,2014-02-04T00:35:31.06,37.8098,141.6766,45.6,4.7,0.5145353349386101,0.97682442781112
2013-02-02T03:42:31.24,36.0196,140.1433,68.1,3.7,2014-07-19T01:42:53.5,36.0316,140.1636,67.9,4.2,0.554692596894881,0.9315472346032382
2013-02-02T03:42:31.24,36.0196,140.1433,68.1,3.7,2017-10-08T14:54:25.55,36.0471,140.164,73.1,3.6,0.3512417477074522,0.9168763636570968
2013-02-02T03:42:31.24,36.0196,140.1433,68.1,3.7,2018-08-29T18:51:10.11,35.9773,140.1263,69.4,3.5,0.0809319307031203,0.907973516240222
2013-02-03T20:27:36.18,36.0649,141.946,23.0,3.9,2019-06-21T03:53:43.21,36.1504,142.0023,23.0,3.6,0.5498964295317997,0.907474980217417
2013-02-04T02:40:32.04,36.1252,142.0746,23.0,4.4,2016-09-23T02:26:01.64,36.203,142.0618,23.0,4.1,-0.4243132373057752,0.947555150251082
2013-02-04T02:40:32.04,36.1252,142.0746,23.0,4.4,2019-10-16T01:07:08.01,36.0603,142.1043,23.0,3.8,0.586193025794266,0.9744776092963692
2013-02-05T13:31:03.18,38.6625,142.1138,47.3,4.6,2018-11-08T21:51:39.18,38.648,142.2043,43.3,4.6,0.4872284411884873,0.9889743403119828
2013-02-06T16:53:32.42,36.9829,142.5941,9.0,3.5,2014-01-17T08:14:08.12,36.9977,142.6022,9.0,3.8,-0.8497798308707486,0.9328409610271392
2013-02-08T00:54:16.46,39.1328,142.9347,41.7,4.5,2014-12-18T15:16:56.83,39.1586,142.8582,42.1,4.1,-0.5050394864942086,0.9345210268314214
2013-02-08T00:54:16.46,39.1328,142.9347,41.7,4.5,2016-09-24T03:19:30.53,39.1909,142.7439,29.0,4.0,0.1870972621584665,0.9157054367399804
2013-02-08T00:54:16.46,39.1328,142.9347,41.7,4.5,2020-12-01T17:11:55.05,39.1489,142.9864,27.7,4.0,2.252056009019347,0.9609761680143516
2013-02-16T04:51:50.14,37.0456,141.2902,45.0,3.9,2016-04-17T23:24:17.69,37.0494,141.3229,39.8,4.2,-0.0926807560257655,0.9788096666277664
2013-02-16T04:51:50.14,37.0456,141.2902,45.0,3.9,2020-12-28T16:15:22.46,37.0947,141.2846,44.5,4.2,-0.4531395940839711,0.9809366148700384
2013-02-18T11:06:42.93,38.8421,142.1455,43.7,4.2,2014-01-08T12:28:20.03,38.8485,142.1928,46.3,4.0,-0.6170821567436284,0.9733663390705756
2013-02-18T11:06:42.93,38.8421,142.1455,43.7,4.2,2014-11-08T12:09:27.04,38.8164,142.2867,40.8,4.0,0.654934064421081,0.9720533431202252
2013-02-18T11:06:42.93,38.8421,142.1455,43.7,4.2,2018-06-17T15:43:42.62,38.8022,142.1996,46.5,4.1,-0.0464215024421932,0.9699355941451197
2013-02-18T11:06:42.93,38.8421,142.1455,43.7,4.2,2020-04-20T01:49:36.53,38.8126,142.2245,41.7,4.3,0.4706528649419623,0.9447149971481846
2013-02-18T11:06:42.93,38.8421,142.1455,43.7,4.2,2020-08-27T00:48:42.33,38.8381,142.1809,42.6,4.2,0.43258834604229,0.9179019589841362
2013-02-21T15:34:09.22,38.3192,141.9679,58.5,4.7,2019-11-16T09:16:58.08,38.2775,141.9381,62.6,4.5,-0.3488915838224808,0.9588568937319176
2013-02-25T03:45:07.67,35.5566,141.0362,36.3,3.8,2018-08-03T12:30:45.23,35.4989,141.112,33.0,3.7,0.4363996760221078,0.9592431524265956
2013-02-27T10:24:11.95,41.4759,142.0645,73.3,4.1,2019-08-24T18:51:01.96,41.4625,142.1309,57.0,4.4,2.2631786708348685,0.9427220855075432
2013-03-01T03:08:48.07,36.744,141.8133,8.4,3.5,2020-11-29T04:55:02.19,36.7212,141.8765,35.0,3.6,-2.630797552400691,0.9011975894774916
2013-03-17T21:53:38.82,36.4516,140.546,55.9,4.4,2016-01-14T19:28:53.52,36.4695,140.7515,57.0,4.3,0.8010833271567355,0.999785762439792
2013-03-17T21:53:38.82,36.4516,140.546,55.9,4.4,2018-12-12T08:49:55.75,36.4997,140.6295,55.7,4.7,0.1074059788671267,0.998431772467747
2013-03-21T08:18:53.13,37.1156,141.4709,48.6,3.9,2013-09-28T02:11:45.23,37.1203,141.4866,29.8,3.5,2.0478973958836884,0.9415423699763336
2013-03-21T08:18:53.13,37.1156,141.4709,48.6,3.9,2014-02-26T10:57:03.59,37.1615,141.4438,39.3,3.9,0.4391561738452956,0.98656273014079
2013-03-21T08:18:53.13,37.1156,141.4709,48.6,3.9,2015-02-09T11:09:54.33,37.1252,141.5734,20.3,3.9,3.2509964971169474,0.9847210383547736
2013-03-21T08:18:53.13,37.1156,141.4709,48.6,3.9,2016-01-03T02:59:43.08,37.151,141.4015,46.6,4.0,-0.0075619407192201,0.9916362438999636
2013-03-21T08:18:53.13,37.1156,141.4709,48.6,3.9,2017-07-03T02:27:25.18,37.1267,141.4957,31.7,4.2,1.4962581186933264,0.9845860226561312
2013-03-21T08:18:53.13,37.1156,141.4709,48.6,3.9,2019-04-27T00:57:29.03,37.1869,141.3486,45.0,4.3,-0.4509879310907156,0.9885578815336068
2013-03-31T07:46:18.61,38.9148,142.0274,44.4,5.3,2018-03-22T21:32:20.04,38.8734,142.1172,43.0,5.0,0.4265268127825703,0.9259594047685932
2013-04-01T19:09:37.88,38.8929,142.0591,49.1,4.2,2013-08-26T05:24:27.41,38.9137,141.9411,53.2,3.9,-0.6168268852573787,0.929455268843831
2013-04-01T19:09:37.88,38.8929,142.0591,49.1,4.2,2014-01-11T15:46:13.72,38.9308,142.0529,48.9,4.0,0.2473873892904888,0.93963372942825
2013-04-01T19:09:37.88,38.8929,142.0591,49.1,4.2,2014-05-04T07:10:54.85,38.8913,141.9651,52.5,3.9,-0.3559238625130876,0.9269051543884868
2013-04-01T19:09:37.88,38.8929,142.0591,49.1,4.2,2015-08-14T12:13:16.53,38.9145,142.0782,46.6,3.8,0.404731178057437,0.929452174220875
2013-04-01T19:09:37.88,38.8929,142.0591,49.1,4.2,2016-07-31T16:35:03.05,38.8875,141.9726,51.6,3.8,-0.4142311354247028,0.9339606221822468
2013-04-01T19:09:37.88,38.8929,142.0591,49.1,4.2,2017-08-06T17:55:48.2,38.8687,141.9708,53.1,3.9,0.1863714804266204,0.9304270560125076
2013-04-01T19:09:37.88,38.8929,142.0591,49.1,4.2,2019-09-27T11:11:01.95,38.8949,141.9515,48.9,4.0,-0.3521106190512598,0.9030652893178958
2013-04-01T19:09:37.88,38.8929,142.0591,49.1,4.2,2020-07-28T10:46:30.15,38.8999,141.9835,52.8,3.9,-0.2694024706316386,0.9030834347095388
2013-04-02T13:06:00.02,39.5637,143.3699,17.3,4.5,2016-03-16T04:09:24.53,39.5449,143.2551,33.2,4.5,-2.934861111971812,0.9344548778165248
2013-04-02T13:41:08.53,39.4799,143.4975,32.5,4.5,2020-02-25T06:39:43.66,39.3795,143.5306,11.0,4.8,3.275839718521871,0.9197840136338592
2013-04-05T14:42:23.36,36.7711,142.2527,10.0,4.4,2015-06-21T01:57:49.4,36.7053,142.359,10.0,4.4,1.5559204003368383,0.9928003562279688
2013-04-05T14:42:23.36,36.7711,142.2527,10.0,4.4,2019-03-13T04:45:05.98,36.7824,142.2695,35.0,4.2,-3.336757683570318,0.991381186552832
2013-04-17T14:13:35.49,38.8608,142.0534,46.4,4.1,2014-02-27T14:04:58.75,38.8498,142.0177,49.9,4.0,-0.245229886913711,0.9262344154967408
2013-04-17T14:13:35.49,38.8608,142.0534,46.4,4.1,2015-05-19T17:17:39.52,38.8762,142.0788,50.5,4.0,0.1466469680433563,0.9294175804046724
2013-04-17T14:13:35.49,38.8608,142.0534,46.4,4.1,2015-12-12T21:05:51.61,38.8977,142.0347,48.3,4.0,-0.0021406841438211,0.9124954079273252
2013-04-17T14:13:35.49,38.8608,142.0534,46.4,4.1,2018-07-14T09:13:51.33,38.8582,142.0765,48.0,4.2,0.2360524245787214,0.9055187059534476
2013-04-27T23:54:22.51,36.7985,142.1611,29.0,4.7,2014-12-11T09:46:03.45,36.695,142.3895,10.0,4.1,3.931508446981822,0.9003772839903753
2013-04-27T23:54:22.51,36.7985,142.1611,29.0,4.7,2017-02-28T08:08:27.75,36.7804,142.19,35.0,4.6,-0.639956971232432,0.9420091366526422
2013-04-30T00:49:12.37,37.4884,141.4578,48.5,4.0,2014-10-05T15:09:15.48,37.4779,141.4748,43.5,4.1,0.5838527401460754,0.967848110135905
2013-05-01T20:43:39.38,36.4787,140.606,57.4,3.7,2016-10-09T07:13:39.5,36.4508,140.5617,56.2,3.7,0.1506078833299213,0.98623466299494
2013-05-05T06:54:11.1,36.3217,140.0468,78.0,3.5,2017-08-08T10:25:19.14,36.2993,140.0856,81.3,3.5,0.1793847308017789,0.9937391087534784
2013-05-16T07:39:53.03,37.0428,141.3346,49.5,4.1,2014-06-06T23:58:55.4,37.004,141.35,48.4,4.0,2.170609713151208,0.9774077160541133
2013-05-16T07:39:53.03,37.0428,141.3346,49.5,4.1,2015-01-21T23:05:26.5,37.0085,141.3157,41.6,4.0,1.0681813282381238,0.9796047365588058
2013-05-16T07:39:53.03,37.0428,141.3346,49.5,4.1,2016-06-10T04:16:33.66,37.051,141.1959,46.9,4.4,0.0541345624586011,0.9775079664904902
2013-05-16T07:39:53.03,37.0428,141.3346,49.5,4.1,2017-10-19T12:50:27.83,37.0376,141.2357,38.5,4.6,0.8355172429261879,0.9900841096012368
2013-05-16T07:39:53.03,37.0428,141.3346,49.5,4.1,2018-12-21T04:13:30.99,37.0541,141.2699,44.9,4.4,0.3761987270801759,0.976823669285234
2013-05-18T13:49:45.68,39.738,141.8557,60.2,3.8,2013-10-08T13:50:00.88,39.7772,141.8957,59.3,3.7,0.1182574159227429,0.904149656083532
2013-05-18T13:49:45.68,39.738,141.8557,60.2,3.8,2014-03-19T15:48:37.7,39.7373,141.7907,61.5,3.9,-0.0962962518066814,0.9135343841217716
2013-05-18T13:49:45.68,39.738,141.8557,60.2,3.8,2016-04-15T18:01:04.21,39.7262,141.8222,59.6,4.1,0.1423377193099618,0.9157068938477418
2013-05-18T13:49:45.68,39.738,141.8557,60.2,3.8,2017-05-06T08:18:54.37,39.7415,141.9147,59.4,4.1,0.0840777871621327,0.9397005416228958
2013-05-18T13:49:45.68,39.738,141.8557,60.2,3.8,2020-11-26T20:54:28.28,39.7188,142.1233,66.1,3.9,2.241608780101079,0.94258302566329
2013-05-18T15:51:01.28,39.6298,142.1197,53.3,4.0,2013-11-21T08:59:23.22,39.5994,142.2982,43.2,4.1,1.4141112317500366,0.9663005391919496
2013-05-18T15:51:01.28,39.6298,142.1197,53.3,4.0,2014-07-27T09:24:15.45,39.6279,142.1824,48.6,4.1,0.4714514982230197,0.9563829022536184
2013-05-18T15:51:01.28,39.6298,142.1197,53.3,4.0,2015-03-23T13:56:48.72,39.6415,142.0922,47.4,4.2,0.6169103243539117,0.9592003021879536
2013-05-18T15:51:01.28,39.6298,142.1197,53.3,4.0,2015-09-28T16:33:55.17,39.5984,142.1289,50.4,3.9,0.4845416973025898,0.9212663954589552
2013-05-18T15:51:01.28,39.6298,142.1197,53.3,4.0,2015-12-31T18:53:18.29,39.629,142.2132,51.4,3.9,0.432154493539317,0.9452455203566842
2013-05-18T15:51:01.28,39.6298,142.1197,53.3,4.0,2016-07-03T09:06:01.44,39.6391,142.159,50.0,4.1,0.2392367694783979,0.9793150052702592
2013-05-18T15:51:01.28,39.6298,142.1197,53.3,4.0,2017-04-05T20:00:13.64,39.611,142.0494,51.1,4.2,0.0089542992967549,0.930123144755997
2013-05-18T15:51:01.28,39.6298,142.1197,53.3,4.0,2018-11-16T02:49:11.8,39.6082,142.1445,51.3,4.2,0.4094974048563128,0.914743409122032
2013-05-18T15:51:01.28,39.6298,142.1197,53.3,4.0,2019-09-04T10:54:41.84,39.605,142.1095,53.7,3.9,-0.2861881210100291,0.9198516207857604
2013-05-22T10:51:25.58,36.9916,141.8006,19.0,4.0,2014-10-23T12:59:27.23,36.8417,142.0315,10.0,3.5,4.038863365267632,0.9642963993459216
2013-05-22T10:51:25.58,36.9916,141.8006,19.0,4.0,2020-06-22T22:00:38.24,36.6727,142.0449,19.0,3.5,3.637193572328827,0.9428107969673212
2013-05-29T16:07:36.98,36.4884,140.6651,48.9,3.6,2014-04-24T23:43:21.98,36.4641,140.8529,47.1,4.1,1.3316233038031955,0.9839454926029992
2013-05-29T16:07:36.98,36.4884,140.6651,48.9,3.6,2016-12-19T07:21:35.7,36.4938,140.6406,49.0,4.0,0.0509827235407278,0.9815476785292324
2013-05-29T16:07:36.98,36.4884,140.6651,48.9,3.6,2018-07-16T19:42:52.17,36.4576,140.773,52.3,4.1,0.4121623107852586,0.9908203725598238
2013-05-29T16:07:36.98,36.4884,140.6651,48.9,3.6,2019-06-22T11:45:37.3,36.4769,140.7611,53.1,3.6,0.7227706889041097,0.9938660463637816
2013-06-03T20:01:23.61,38.6419,141.9306,47.0,4.2,2013-12-03T19:55:50.02,38.5841,142.025,46.5,4.2,0.545012154918251,0.9336542456883188
2013-06-03T20:01:23.61,38.6419,141.9306,47.0,4.2,2015-02-05T20:28:42.76,38.6077,141.9812,55.6,4.1,-0.2245169681143144,0.965345167847966
2013-06-03T20:01:23.61,38.6419,141.9306,47.0,4.2,2015-11-18T13:42:32.37,38.5565,142.1536,44.0,4.1,1.4916212986763682,0.9712870470795152
2013-06-03T20:01:23.61,38.6419,141.9306,47.0,4.2,2016-06-13T18:17:25.85,38.5899,141.961,51.8,3.9,-0.3437278343152107,0.9509389813790716
2013-06-03T20:01:23.61,38.6419,141.9306,47.0,4.2,2016-12-08T04:25:10.3,38.5752,142.022,40.6,4.1,1.4679542997756945,0.929893908039772
2013-06-03T20:01:23.61,38.6419,141.9306,47.0,4.2,2017-07-01T18:53:11.37,38.6039,141.9678,49.1,4.1,0.2723977036738976,0.9796040720422264
2013-06-03T20:01:23.61,38.6419,141.9306,47.0,4.2,2018-08-16T10:44:09.3,38.5708,141.9456,49.2,3.9,-0.193727536734329,0.9610273484830596
2013-06-03T20:01:23.61,38.6419,141.9306,47.0,4.2,2019-04-01T12:17:32.96,38.5938,141.9946,50.0,4.0,-0.3416322741274512,0.9663683202827804
2013-06-03T20:01:23.61,38.6419,141.9306,47.0,4.2,2019-10-20T22:53:33.32,38.5649,142.08,43.8,3.9,1.068203090819818,0.9293411913706568
2013-06-03T20:01:23.61,38.6419,141.9306,47.0,4.2,2020-05-28T17:46:07.96,38.6033,142.2343,43.3,3.8,2.618440594845496,0.940215823481141
2013-06-04T08:33:21.41,37.1984,141.4259,44.9,4.7,2017-11-17T01:02:47.64,37.1791,141.4406,47.2,4.7,-0.051756187315022,0.9920060255885712
2013-06-20T13:57:33.04,36.2282,141.6766,26.0,3.6,2019-02-12T20:40:52.79,36.2172,141.6137,35.7,3.7,-1.693274060056584,0.9879808621718764
2013-06-23T10:20:22.02,39.4318,143.568,22.8,4.6,2017-02-27T17:52:13.57,39.4096,143.6387,11.0,4.8,2.086602496243013,0.9861215411900152
2013-07-11T15:12:21.08,36.1556,140.1151,55.2,3.6,2019-01-02T09:44:25.94,36.1989,140.1101,55.3,3.9,-0.2518452927252284,0.9615637867363094
2013-07-17T13:56:25.07,35.7038,140.2035,65.8,3.8,2017-03-19T11:35:43.53,35.6662,140.238,69.1,3.5,0.4975871412278177,0.9590407120086551
2013-07-17T13:56:25.07,35.7038,140.2035,65.8,3.8,2019-01-01T22:05:38.69,35.6963,140.1832,66.2,3.6,0.0924560810385434,0.9364208191707312
2013-07-18T17:05:03.6,38.39,141.8889,44.6,4.3,2015-11-29T07:38:31.91,38.284,141.9378,48.6,4.1,1.033919405885042e-05,0.9811051758820214
2013-07-18T17:05:03.6,38.39,141.8889,44.6,4.3,2018-05-28T15:47:04.05,38.2713,141.9966,44.6,4.5,0.6966880313975471,0.99552630344775
2013-08-04T05:51:11.83,36.4359,140.7102,56.8,3.9,2014-06-03T17:22:22.46,36.4596,140.7331,51.0,4.3,0.7387533967990856,0.9791182308405192
2013-08-04T05:51:11.83,36.4359,140.7102,56.8,3.9,2019-09-29T16:02:30.99,36.4912,140.7045,55.1,4.4,0.0966296275951472,0.969490769777936
2013-08-12T10:57:20.4,36.64,140.93,50.0,3.6,2014-06-30T19:43:55.9,36.64,140.93,49.0,3.5,-0.1036579643480477,0.9704534965274708
2013-08-12T10:57:20.4,36.64,140.93,50.0,3.6,2015-07-05T00:20:08.33,36.6283,141.0588,29.3,3.5,1.415801396249347,0.9756674349947756
2013-08-12T10:57:20.4,36.64,140.93,50.0,3.6,2016-07-03T16:27:41.43,36.5494,141.2128,31.6,3.5,3.046431211009184,0.976011706847896
2013-08-12T10:57:20.4,36.64,140.93,50.0,3.6,2017-10-27T11:51:43.13,36.6301,141.0355,39.8,3.5,0.3436866351533506,0.9599080651858072
2013-08-12T10:57:20.4,36.64,140.93,50.0,3.6,2019-07-08T08:20:50.02,36.6312,141.1031,31.7,3.5,1.2309000719502536,0.9523950494208052
2013-08-12T10:57:20.4,36.64,140.93,50.0,3.6,2020-11-02T19:38:37.36,36.6184,141.1041,43.9,3.5,1.1478860049645812,0.957611489525082
2013-08-21T16:14:19.88,36.4871,140.5758,57.4,3.6,2016-01-30T03:34:27.0,36.46,140.6,55.0,3.9,-0.354980379054751,0.9307949371385094
2013-08-21T16:14:19.88,36.4871,140.5758,57.4,3.6,2017-08-04T22:55:18.61,36.4892,140.5693,57.1,4.1,-0.4914098673504206,0.9081166799430784
2013-08-21T16:14:19.88,36.4871,140.5758,57.4,3.6,2018-03-31T08:05:29.23,36.5042,140.5759,55.1,3.8,-0.5691028864185914,0.993005670968909
2013-08-21T16:14:19.88,36.4871,140.5758,57.4,3.6,2019-11-17T23:00:00.46,36.4686,140.6998,57.0,4.1,-0.1801648632615762,0.9960140840612702
2013-08-26T05:24:27.41,38.9137,141.9411,53.2,3.9,2014-01-11T15:46:13.72,38.9308,142.0529,48.9,4.0,0.8657400085998324,0.9001140962054583
2013-08-26T05:24:27.41,38.9137,141.9411,53.2,3.9,2015-08-14T12:13:16.53,38.9145,142.0782,46.6,3.8,1.024648580566104,0.9042302875915622
2013-08-30T07:36:48.4,37.6745,139.9271,6.7,3.9,2013-09-14T22:43:05.19,37.6806,139.9453,12.4,3.5,0.2610733202744286,0.9437792221408962
2013-09-14T02:36:36.9,38.2728,142.0198,40.5,3.8,2015-10-16T07:34:04.06,38.306,141.9373,45.6,3.8,-1.0469991982484286,0.9221517422097344
2013-09-14T02:36:36.9,38.2728,142.0198,40.5,3.8,2020-07-27T07:56:01.29,38.2805,142.0135,42.2,4.3,-0.2913408521230058,0.9148576400225223
2013-09-14T08:44:32.59,35.4814,140.8958,30.9,4.5,2018-10-18T05:18:22.07,35.4631,140.9005,32.9,4.8,0.2572035960739339,0.9854506560781092
2013-09-16T10:24:24.63,36.1382,139.7818,53.5,3.7,2020-01-07T19:21:58.98,36.1468,139.9032,59.5,3.9,1.1069618539182602,0.9887376585674756
2013-09-19T01:21:41.6,36.43,140.66,52.0,3.6,2014-10-17T03:34:18.5,36.43,140.66,53.0,3.5,0.1054156956042841,0.9339303237096892
2013-09-19T01:21:41.6,36.43,140.66,52.0,3.6,2015-08-12T19:29:05.42,36.449,140.7754,53.3,3.6,0.7257606350101868,0.956427021507718
2013-09-19T01:21:41.6,36.43,140.66,52.0,3.6,2016-08-10T05:50:56.0,36.4293,140.6567,53.1,3.7,0.0165468918127345,0.9047897087845632
2013-09-19T01:21:41.6,36.43,140.66,52.0,3.6,2017-06-29T22:41:15.2,36.43,140.6557,53.1,3.7,-0.0019729707724311,0.922204202461075
2013-09-19T01:21:41.6,36.43,140.66,52.0,3.6,2019-01-15T07:38:43.19,36.4295,140.656,52.9,3.6,-0.005539139760804,0.9039171031267612
2013-09-19T01:21:41.6,36.43,140.66,52.0,3.6,2019-10-28T13:28:56.63,36.4615,140.6892,45.4,3.5,-0.855196248252822,0.9428207758347028
2013-09-19T01:21:41.6,36.43,140.66,52.0,3.6,2020-08-12T22:40:23.03,36.4292,140.6567,52.9,3.6,-0.0067451500074193,0.9325754225054904
2013-09-28T02:11:45.23,37.1203,141.4866,29.8,3.5,2014-02-26T10:57:03.59,37.1615,141.4438,39.3,3.9,-1.6083850325994036,0.9430008157354453
2013-09-28T02:11:45.23,37.1203,141.4866,29.8,3.5,2015-02-09T11:09:54.33,37.1252,141.5734,20.3,3.9,1.203193953869547,0.9345554881430445
2013-09-28T02:11:45.23,37.1203,141.4866,29.8,3.5,2016-01-03T02:59:43.08,37.151,141.4015,46.6,4.0,-2.0564049059486997,0.9433556033154707
2013-09-28T02:11:45.23,37.1203,141.4866,29.8,3.5,2017-07-03T02:27:25.18,37.1267,141.4957,31.7,4.2,-0.5521661037027992,0.9433835269344224
2013-09-28T02:11:45.23,37.1203,141.4866,29.8,3.5,2019-04-27T00:57:29.03,37.1869,141.3486,45.0,4.3,-2.5001204558496086,0.946808319401986
2013-10-02T10:35:36.38,35.5856,140.144,73.2,3.8,2015-09-28T00:48:30.25,35.5999,140.1422,70.4,3.6,-0.4959833393565144,0.9772732820800364
2013-10-02T10:35:36.38,35.5856,140.144,73.2,3.8,2018-06-13T22:14:31.79,35.5978,140.1232,68.4,3.9,0.4576700156452585,0.9821467352895362
2013-10-04T19:34:18.17,36.3591,141.1845,31.1,4.0,2018-10-29T12:25:22.03,36.4187,141.1,39.1,4.3,-1.7328882230808564,0.9492645265421062
2013-10-08T13:50:00.88,39.7772,141.8957,59.3,3.7,2014-03-19T15:48:37.7,39.7373,141.7907,61.5,3.9,-0.2131168701441633,0.916415535157361
2013-10-08T13:50:00.88,39.7772,141.8957,59.3,3.7,2016-04-15T18:01:04.21,39.7262,141.8222,59.6,4.1,0.0244874488084203,0.904859613047702
2013-10-08T13:50:00.88,39.7772,141.8957,59.3,3.7,2019-10-23T03:43:19.5,39.7583,141.8449,57.7,4.3,-0.1230209128175681,0.9028741782747144
2013-10-08T13:50:00.88,39.7772,141.8957,59.3,3.7,2020-11-26T20:54:28.28,39.7188,142.1233,66.1,3.9,2.121132580224632,0.904257540684192
2013-10-09T22:46:38.45,40.0482,142.1702,59.5,4.4,2016-05-24T09:48:03.35,40.0766,142.0986,48.7,4.8,1.0036276755345517,0.9698467151729152
2013-10-09T22:46:38.45,40.0482,142.1702,59.5,4.4,2019-05-08T00:20:00.47,40.0415,142.1341,50.4,4.8,0.4746738515696322,0.95713377147009
2013-10-11T17:43:11.71,36.4299,140.7484,50.8,4.8,2018-07-16T19:34:11.64,36.4571,140.8248,51.4,4.7,0.0273620755351065,0.9475202022492932
2013-10-11T17:43:11.71,36.4299,140.7484,50.8,4.8,2020-06-03T20:31:19.68,36.4862,140.7345,59.1,4.7,-1.178184238842857,0.9063540143451874
2013-10-16T16:14:32.81,39.0632,142.2663,41.5,4.0,2017-07-16T10:23:01.17,39.0864,142.2035,45.3,3.9,-0.6299949448731021,0.9191972698454116
2013-10-17T04:31:57.6,37.0942,141.211,47.7,4.0,2014-07-30T14:57:06.66,37.0936,141.2082,48.8,3.9,-0.1479936789699862,0.9767652664715808
2013-10-17T04:31:57.6,37.0942,141.211,47.7,4.0,2015-11-19T03:39:22.78,37.0822,141.174,52.6,4.0,0.126994035777594,0.9825828354355954
2013-10-17T04:31:57.6,37.0942,141.211,47.7,4.0,2017-10-06T15:00:41.81,37.0909,141.1982,49.0,4.3,0.0903232318376251,0.917191090197716
2013-10-17T04:31:57.6,37.0942,141.211,47.7,4.0,2018-09-27T19:32:24.08,37.0924,141.2521,48.6,4.2,0.4491369034180302,0.9797650880953204
2013-10-17T04:31:57.6,37.0942,141.211,47.7,4.0,2020-04-23T01:22:17.95,37.0256,141.2978,46.1,4.0,1.4050575957201858,0.9524498434098448
2013-10-18T09:40:46.03,37.4776,141.7177,43.1,4.4,2015-08-15T23:44:19.58,37.4799,141.6645,47.1,4.4,-0.2893652962520912,0.9953257451310676
2013-10-18T09:40:46.03,37.4776,141.7177,43.1,4.4,2017-08-24T17:18:53.27,37.492,141.6957,45.1,4.5,0.0336796758485436,0.993891018631707
2013-10-18T09:40:46.03,37.4776,141.7177,43.1,4.4,2020-05-06T01:16:10.99,37.4183,141.6973,36.6,4.6,1.0004114293221331,0.9946622955091934
2013-10-19T05:44:49.87,36.671,141.9703,19.0,4.2,2015-10-05T00:26:19.15,36.6471,142.0795,15.2,4.3,0.6943611173744137,0.9855459490803156
2013-10-19T05:44:49.87,36.671,141.9703,19.0,4.2,2017-07-24T17:53:44.73,36.7343,142.2315,19.0,4.0,1.115896289825807,0.9906498193095228
2013-10-19T05:44:49.87,36.671,141.9703,19.0,4.2,2020-04-27T13:23:57.13,36.6595,142.0661,19.0,4.3,0.3708785242406198,0.9879661982026328
2013-10-20T01:07:29.81,36.411,140.7788,58.5,4.3,2017-01-18T08:19:25.82,36.4248,140.7243,57.3,4.3,-0.1841377170672542,0.996297148645114
2013-10-20T01:07:29.81,36.411,140.7788,58.5,4.3,2020-01-21T10:17:54.71,36.4743,140.6827,53.8,4.4,-0.2507567915971866,0.9979892885306056
2013-11-14T12:39:07.45,39.8808,143.1429,30.5,4.7,2017-03-07T19:51:53.98,39.8433,143.1754,27.5,4.7,0.8832708590031324,0.981219580028722
2013-11-21T08:59:23.22,39.5994,142.2982,43.2,4.1,2014-07-27T09:24:15.45,39.6279,142.1824,48.6,4.1,-0.9416944844404492,0.9185638881516502
2013-11-21T08:59:23.22,39.5994,142.2982,43.2,4.1,2015-03-23T13:56:48.72,39.6415,142.0922,47.4,4.2,-0.7969422302715811,0.9277996456585832
2013-11-21T08:59:23.22,39.5994,142.2982,43.2,4.1,2015-12-31T18:53:18.29,39.629,142.2132,51.4,3.9,-0.980347326754881,0.9302690143163808
2013-11-21T08:59:23.22,39.5994,142.2982,43.2,4.1,2016-07-03T09:06:01.44,39.6391,142.159,50.0,4.1,-1.1747759464741507,0.9474785912451216
2013-11-21T08:59:23.22,39.5994,142.2982,43.2,4.1,2019-09-04T10:54:41.84,39.605,142.1095,53.7,3.9,-1.7005955168515623,0.906660014430226
2013-12-03T19:55:50.02,38.5841,142.025,46.5,4.2,2015-02-05T20:28:42.76,38.6077,141.9812,55.6,4.1,-0.7707429417167457,0.9473912819009472
2013-12-03T19:55:50.02,38.5841,142.025,46.5,4.2,2015-11-18T13:42:32.37,38.5565,142.1536,44.0,4.1,0.9478244453510484,0.9249092062003548
2013-12-03T19:55:50.02,38.5841,142.025,46.5,4.2,2016-06-13T18:17:25.85,38.5899,141.961,51.8,3.9,-0.8869574765105384,0.9559601560556952
2013-12-03T19:55:50.02,38.5841,142.025,46.5,4.2,2016-12-08T04:25:10.3,38.5752,142.022,40.6,4.1,0.9242051980307688,0.9167001284949357
2013-12-03T19:55:50.02,38.5841,142.025,46.5,4.2,2017-07-01T18:53:11.37,38.6039,141.9678,49.1,4.1,-0.2726899229434303,0.9589941606966323
2013-12-03T19:55:50.02,38.5841,142.025,46.5,4.2,2018-08-16T10:44:09.3,38.5708,141.9456,49.2,3.9,-0.7379767084618039,0.9654666656872972
2013-12-03T19:55:50.02,38.5841,142.025,46.5,4.2,2019-04-01T12:17:32.96,38.5938,141.9946,50.0,4.0,-0.8868303135673554,0.9219197009873352
2013-12-03T19:55:50.02,38.5841,142.025,46.5,4.2,2019-10-20T22:53:33.32,38.5649,142.08,43.8,3.9,0.5231580935684467,0.9196879455440532
2013-12-03T19:55:50.02,38.5841,142.025,46.5,4.2,2020-05-28T17:46:07.96,38.6033,142.2343,43.3,3.8,2.0729400052732423,0.9379682939676052
2013-12-04T18:43:27.83,37.1967,141.4917,46.9,4.2,2014-11-23T11:02:31.08,37.1454,141.549,24.0,3.9,2.101803446875665,0.9689447250916896
2013-12-04T18:43:27.83,37.1967,141.4917,46.9,4.2,2016-07-09T00:54:36.25,37.1216,141.5202,44.2,4.7,0.5144574286834797,0.994535190416182
2013-12-04T18:43:27.83,37.1967,141.4917,46.9,4.2,2019-07-16T15:25:43.74,37.181,141.4745,48.1,4.7,0.3980572648156888,0.98878827908141
2013-12-09T04:20:21.32,35.9094,140.165,71.8,3.6,2020-12-06T16:06:47.86,35.8552,140.1374,66.5,3.5,-0.5621114052324042,0.99409218766192
2013-12-25T02:56:24.36,35.4619,141.8491,22.0,3.7,2015-06-23T16:32:14.58,35.4256,141.9292,22.0,3.7,-0.3569316428204384,0.9876545188548552
2013-12-25T02:56:24.36,35.4619,141.8491,22.0,3.7,2017-12-21T01:23:07.92,35.4923,141.8043,16.7,3.9,-0.4567211879732312,0.9793460101474718
2013-12-25T02:56:24.36,35.4619,141.8491,22.0,3.7,2019-09-14T18:47:39.15,35.5306,142.0155,22.0,3.7,0.0270997764208686,0.9859366755539328
2014-01-01T14:39:25.33,36.6279,141.0019,52.5,4.2,2016-07-19T07:27:57.09,36.635,140.9634,50.7,4.3,-0.5194671420167447,0.9953241760926383
2014-01-01T14:39:25.33,36.6279,141.0019,52.5,4.2,2017-03-22T14:47:21.37,36.6385,141.0008,46.9,3.8,0.6140292791878865,0.9892724359918884
2014-01-01T14:39:25.33,36.6279,141.0019,52.5,4.2,2018-09-19T00:01:36.3,36.6467,140.9839,46.6,4.4,0.3325841538586944,0.9977215037852288
2014-01-03T01:50:22.05,36.0036,140.1149,66.7,3.8,2015-09-21T20:55:14.03,36.0231,140.1118,60.0,3.8,0.5755357026661975,0.9962387806394604
2014-01-03T01:50:22.05,36.0036,140.1149,66.7,3.8,2020-12-07T10:27:43.67,36.0376,140.0823,66.0,3.8,-0.0738196457714267,0.9971366562123336
2014-01-08T12:28:20.03,38.8485,142.1928,46.3,4.0,2014-11-08T12:09:27.04,38.8164,142.2867,40.8,4.0,1.2725176842047687,0.973243775436028
2014-01-08T12:28:20.03,38.8485,142.1928,46.3,4.0,2018-06-17T15:43:42.62,38.8022,142.1996,46.5,4.1,0.5708905324717268,0.964125765348874
2014-01-08T12:28:20.03,38.8485,142.1928,46.3,4.0,2020-04-20T01:49:36.53,38.8126,142.2245,41.7,4.3,1.0888883247390704,0.957571286581514
2014-01-08T12:28:20.03,38.8485,142.1928,46.3,4.0,2020-08-27T00:48:42.33,38.8381,142.1809,42.6,4.2,1.0504690779395571,0.9104953016029462
2014-01-11T15:46:13.72,38.9308,142.0529,48.9,4.0,2014-05-04T07:10:54.85,38.8913,141.9651,52.5,3.9,-0.6020768580115601,0.9621820109478544
2014-01-11T15:46:13.72,38.9308,142.0529,48.9,4.0,2015-08-14T12:13:16.53,38.9145,142.0782,46.6,3.8,0.1579513106900258,0.965278025416754
2014-01-11T15:46:13.72,38.9308,142.0529,48.9,4.0,2016-07-31T16:35:03.05,38.8875,141.9726,51.6,3.8,-0.6608718459050607,0.950282409122558
2014-01-11T15:46:13.72,38.9308,142.0529,48.9,4.0,2017-08-06T17:55:48.2,38.8687,141.9708,53.1,3.9,-0.0597223851268566,0.9474420544753804
2014-01-11T15:46:13.72,38.9308,142.0529,48.9,4.0,2020-07-28T10:46:30.15,38.8999,141.9835,52.8,3.9,-0.5167039105925906,0.9176203002146626
2014-01-15T12:04:39.55,35.9442,140.9239,41.2,3.7,2016-11-19T23:09:27.44,35.8538,140.9332,41.9,3.6,0.9007796354012162,0.9925407087478888
2014-01-16T19:32:43.81,38.2263,141.7933,45.2,3.8,2016-12-06T23:17:17.86,38.2292,141.7358,48.5,4.2,0.1816828899308934,0.929624419997719
2014-01-16T19:32:43.81,38.2263,141.7933,45.2,3.8,2018-12-18T15:18:45.72,38.2199,141.8106,49.9,3.9,0.2756085694220529,0.937409165012688
2014-01-23T16:10:52.95,36.4686,140.6923,56.4,3.9,2015-03-31T03:59:58.2,36.4828,140.5857,56.6,3.9,-0.68972075686122,0.9079187045780196
2014-01-23T16:10:52.95,36.4686,140.6923,56.4,3.9,2017-08-04T22:55:18.61,36.4892,140.5693,57.1,4.1,-0.6482030366261083,0.9135490716851962
2014-01-23T16:10:52.95,36.4686,140.6923,56.4,3.9,2020-09-17T05:00:36.68,36.5084,140.5078,55.4,4.4,-0.984883390533339,0.933204097127503
2014-01-27T20:25:27.01,36.2591,141.2728,28.1,4.3,2016-11-08T12:43:18.41,36.3354,141.1599,32.8,4.0,-1.2184418306484712,0.9898559483183764
2014-01-27T20:25:27.01,36.2591,141.2728,28.1,4.3,2020-07-19T12:01:29.9,36.3232,141.1821,35.0,4.1,-2.261582134096954,0.9903328792724092
2014-02-05T00:41:08.41,36.6921,141.9058,19.0,3.9,2014-11-25T19:38:16.79,36.6906,141.9877,35.0,3.7,-1.6169275115297803,0.9154265335056831
2014-02-05T00:41:08.41,36.6921,141.9058,19.0,3.9,2016-06-20T00:27:13.8,36.7368,141.7951,19.0,3.7,-1.0133023922143405,0.914098462095817
2014-02-09T03:50:18.6,37.0017,141.2254,43.9,4.1,2015-11-20T06:44:32.13,36.9897,141.2073,44.8,4.1,-0.0072933539750303,0.9844473732617168
2014-02-09T03:50:18.6,37.0017,141.2254,43.9,4.1,2019-02-03T01:01:13.55,37.0023,141.2676,41.8,4.2,0.4788281097936892,0.99309638603424
2014-02-18T12:03:30.68,36.015,139.9686,50.1,3.7,2016-06-16T09:35:46.12,36.0543,139.9107,43.6,3.6,-0.6696094398439756,0.9878082709528648
2014-02-19T15:42:12.97,35.7235,140.7271,50.6,3.6,2017-03-15T07:30:31.82,35.7468,140.7388,52.0,3.7,-0.7854066124962191,0.9949575637606846
2014-02-19T15:42:12.97,35.7235,140.7271,50.6,3.6,2018-11-20T22:28:54.78,35.7385,140.7249,50.5,3.7,-0.4464239649626564,0.99536180788397
2014-02-21T06:33:36.0,36.6,141.0,46.0,3.7,2020-12-24T19:40:06.92,36.5962,141.0809,50.3,3.9,-0.4270824619843009,0.9403806051526152
2014-02-21T22:31:10.86,35.9472,140.5135,54.3,3.9,2017-03-17T13:00:25.14,35.9241,140.5762,56.1,3.6,0.0436232469104829,0.9071918928566596
2014-02-21T23:44:53.57,40.1418,142.5498,34.4,4.2,2020-11-20T18:01:24.11,40.1604,142.5275,42.3,4.7,-0.4597404089320168,0.9290653362024772
2014-02-26T10:57:03.59,37.1615,141.4438,39.3,3.9,2015-02-09T11:09:54.33,37.1252,141.5734,20.3,3.9,2.811789065760732,0.9853827706852218
2014-02-26T10:57:03.59,37.1615,141.4438,39.3,3.9,2016-01-03T02:59:43.08,37.151,141.4015,46.6,4.0,-0.4469178191964433,0.9905430607322392
2014-02-26T10:57:03.59,37.1615,141.4438,39.3,3.9,2017-07-03T02:27:25.18,37.1267,141.4957,31.7,4.2,1.057168743340669,0.9814823470619756
2014-02-26T10:57:03.59,37.1615,141.4438,39.3,3.9,2019-04-27T00:57:29.03,37.1869,141.3486,45.0,4.3,-0.8905178765196352,0.9883010337471458
2014-02-27T14:04:58.75,38.8498,142.0177,49.9,4.0,2015-05-19T17:17:39.52,38.8762,142.0788,50.5,4.0,0.3914024409467576,0.9471013034964187
2014-02-27T14:04:58.75,38.8498,142.0177,49.9,4.0,2015-12-12T21:05:51.61,38.8977,142.0347,48.3,4.0,0.2439453567794395,0.9496004925254484
2014-02-27T14:04:58.75,38.8498,142.0177,49.9,4.0,2016-08-13T08:49:41.24,38.8588,142.1239,49.1,4.2,0.5323970610306443,0.929864305025131
2014-02-27T14:04:58.75,38.8498,142.0177,49.9,4.0,2016-12-30T08:33:10.0,38.8661,141.9908,45.5,4.0,0.1815882823516865,0.9062843385162328
2014-02-27T14:04:58.75,38.8498,142.0177,49.9,4.0,2018-07-14T09:13:51.33,38.8582,142.0765,48.0,4.2,0.4828337342506465,0.9151378819557668
2014-02-27T14:04:58.75,38.8498,142.0177,49.9,4.0,2019-08-23T16:39:30.56,38.8799,142.2948,28.1,3.9,4.081020308876674,0.9119952080968156
2014-03-12T09:35:08.88,36.1765,141.5763,24.7,3.7,2020-06-30T13:32:09.36,36.2392,141.5349,26.0,3.5,-0.1571524592706453,0.959555822188474
2014-03-19T15:48:37.7,39.7373,141.7907,61.5,3.9,2016-04-15T18:01:04.21,39.7262,141.8222,59.6,4.1,0.2366383429697843,0.9508324251477578
2014-03-19T15:48:37.7,39.7373,141.7907,61.5,3.9,2017-05-06T08:18:54.37,39.7415,141.9147,59.4,4.1,0.1838711563012601,0.9371773848213428
2014-03-19T15:48:37.7,39.7373,141.7907,61.5,3.9,2019-10-23T03:43:19.5,39.7583,141.8449,57.7,4.3,0.0873779459012836,0.9412099683353594
2014-03-19T15:48:37.7,39.7373,141.7907,61.5,3.9,2020-11-26T20:54:28.28,39.7188,142.1233,66.1,3.9,2.3346516631142262,0.9327044330247364
2014-03-19T21:05:33.3,36.47,140.53,58.0,3.5,2016-02-14T14:28:01.0,36.47,140.53,58.0,3.6,0.0080090251163748,0.9475266095214876
2014-03-22T13:38:43.77,36.3972,142.5673,15.0,3.9,2019-11-03T01:37:55.92,36.4661,142.6718,14.2,3.9,0.6533796239402794,0.9323527721537288
2014-03-25T07:09:47.25,35.7791,140.8674,11.3,3.6,2015-02-09T10:48:53.2,35.7927,140.9074,13.1,3.8,0.6541577433789466,0.9419472178548544
2014-03-25T17:21:28.74,36.4181,141.1676,28.3,3.6,2016-07-16T08:39:51.46,36.4078,141.0521,24.6,3.7,0.3536411174760696,0.9410822148421382
2014-03-25T17:21:28.74,36.4181,141.1676,28.3,3.6,2018-04-03T00:10:56.4,36.409,141.1046,30.0,3.7,0.2029239982959245,0.9102616037170173
2014-03-25T17:21:28.74,36.4181,141.1676,28.3,3.6,2020-04-09T03:12:29.9,36.3577,141.1968,31.7,3.8,0.8344346126369195,0.924309321016706
2014-03-29T19:28:27.76,36.6456,141.001,43.1,3.7,2019-03-10T01:46:49.59,36.6109,141.1244,31.2,3.5,1.3251783219420834,0.9694239801813854
2014-03-30T03:23:35.46,35.8047,140.1902,60.3,3.9,2017-06-12T19:04:22.72,35.7329,140.1591,71.4,3.8,-0.5238371870444749,0.9949079428789568
2014-04-01T13:38:33.64,36.7094,142.1799,35.8,4.2,2016-05-22T06:11:34.86,36.6508,142.052,19.0,4.1,2.4079196544734645,0.9562413671136644
2014-04-08T12:49:37.18,35.3647,140.3758,59.2,3.5,2017-02-02T17:38:32.02,35.3479,140.432,58.2,3.5,0.2963683303793278,0.9937073981939112
2014-04-10T04:17:14.66,35.654,140.1393,72.0,3.8,2019-10-31T02:06:33.83,35.7015,140.129,71.5,3.8,-0.2256967143037527,0.900389263567883
2014-04-10T04:19:03.11,35.7116,140.1385,71.7,3.9,2019-10-08T19:58:29.64,35.7186,140.1799,69.1,4.0,0.1164037593108647,0.9005922428670649
2014-04-16T11:23:10.56,36.2696,142.7817,35.0,3.7,2015-12-14T20:32:56.65,36.3929,142.5603,15.0,3.6,0.8673476793153652,0.97784460445692
2014-04-16T11:23:10.56,36.2696,142.7817,35.0,3.7,2018-02-26T08:44:37.0,36.3658,142.6509,35.0,3.8,-2.030075029499261,0.9624123127146564
2014-04-21T19:36:15.65,38.6462,142.1155,43.6,4.0,2017-01-16T22:35:22.69,38.6447,142.1329,42.6,4.1,-0.1834022826868594,0.9659905235205488
2014-04-21T19:36:15.65,38.6462,142.1155,43.6,4.0,2018-06-13T18:34:41.2,38.6328,142.1468,43.4,3.9,-0.123531929569183,0.9503548158585676
2014-04-24T23:43:21.98,36.4641,140.8529,47.1,4.1,2016-12-19T07:21:35.7,36.4938,140.6406,49.0,4.0,-1.279070539220655,0.993500853698344
2014-04-24T23:43:21.98,36.4641,140.8529,47.1,4.1,2018-07-16T19:42:52.17,36.4576,140.773,52.3,4.1,-0.9192408347820586,0.9957808056167956
2014-04-24T23:43:21.98,36.4641,140.8529,47.1,4.1,2019-06-22T11:45:37.3,36.4769,140.7611,53.1,3.6,-0.609079726612068,0.9890473899754624
2014-04-24T23:43:21.98,36.4641,140.8529,47.1,4.1,2020-01-14T23:18:56.4,36.4696,140.744,50.0,3.9,-0.7112586543450015,0.9239021977670344
2014-04-27T06:32:15.0,35.8,140.9,12.0,3.6,2016-10-02T12:23:06.33,35.7953,140.8933,12.4,3.5,-0.0582902822593927,0.9290375475268504
2014-05-04T07:10:54.85,38.8913,141.9651,52.5,3.9,2015-08-14T12:13:16.53,38.9145,142.0782,46.6,3.8,0.7599362067713062,0.948685215799592
2014-05-04T07:10:54.85,38.8913,141.9651,52.5,3.9,2016-07-31T16:35:03.05,38.8875,141.9726,51.6,3.8,-0.0582998999262649,0.95501773902372
2014-05-04T07:10:54.85,38.8913,141.9651,52.5,3.9,2017-08-06T17:55:48.2,38.8687,141.9708,53.1,3.9,0.5437743799294852,0.948936594153108
2014-05-04T07:10:54.85,38.8913,141.9651,52.5,3.9,2020-07-28T10:46:30.15,38.8999,141.9835,52.8,3.9,0.086549054686277,0.9134170419571112
2014-06-03T17:22:22.46,36.4596,140.7331,51.0,4.3,2017-08-04T22:55:18.61,36.4892,140.5693,57.1,4.1,-1.3476307423082463,0.9077729382205264
2014-06-03T17:22:22.46,36.4596,140.7331,51.0,4.3,2019-09-29T16:02:30.99,36.4912,140.7045,55.1,4.4,-0.6384830887223623,0.9680031830618466
2014-06-06T23:58:55.4,37.004,141.35,48.4,4.0,2015-01-21T23:05:26.5,37.0085,141.3157,41.6,4.0,-1.1022862630509225,0.9846897069237472
2014-06-06T23:58:55.4,37.004,141.35,48.4,4.0,2016-06-10T04:16:33.66,37.051,141.1959,46.9,4.4,-2.116185397367515,0.9860679389567176
2014-06-06T23:58:55.4,37.004,141.35,48.4,4.0,2017-10-19T12:50:27.83,37.0376,141.2357,38.5,4.6,-1.3348390461296935,0.9906267239019912
2014-06-06T23:58:55.4,37.004,141.35,48.4,4.0,2018-12-21T04:13:30.99,37.0541,141.2699,44.9,4.4,-1.794517284798263,0.980842405597226
2014-06-19T09:50:14.45,38.159,141.8289,43.1,3.8,2015-06-21T04:16:19.81,38.1912,141.7778,48.6,4.0,-0.1656986572661395,0.9254343496604476
2014-06-19T09:50:14.45,38.159,141.8289,43.1,3.8,2016-06-29T05:01:36.37,38.1588,141.7405,45.6,4.3,-0.6191532295531055,0.9324589937203271
2014-06-19T09:50:14.45,38.159,141.8289,43.1,3.8,2019-03-29T18:00:33.94,38.1405,141.8238,47.0,4.3,0.126982655636246,0.9451807498455084
2014-06-20T15:08:52.17,36.481,140.8626,49.8,3.8,2016-04-28T13:57:39.16,36.4588,140.8597,48.6,3.8,-0.179462157480908,0.9886020385294398
2014-06-25T15:41:47.23,36.0472,139.8911,52.1,3.5,2015-08-21T22:57:54.36,36.0387,139.8901,55.5,3.5,0.6010866380070966,0.9771409939329664
2014-06-30T19:43:55.9,36.64,140.93,49.0,3.5,2015-07-05T00:20:08.33,36.6283,141.0588,29.3,3.5,1.5185616407377818,0.9681729008413522
2014-06-30T19:43:55.9,36.64,140.93,49.0,3.5,2016-07-03T16:27:41.43,36.5494,141.2128,31.6,3.5,3.149949205821785,0.9733720192027708
2014-06-30T19:43:55.9,36.64,140.93,49.0,3.5,2017-10-27T11:51:43.13,36.6301,141.0355,39.8,3.5,0.44575135210907,0.9520455578986776
2014-06-30T19:43:55.9,36.64,140.93,49.0,3.5,2019-07-08T08:20:50.02,36.6312,141.1031,31.7,3.5,1.3340024617488575,0.9382848908547334
2014-06-30T19:43:55.9,36.64,140.93,49.0,3.5,2020-11-02T19:38:37.36,36.6184,141.1041,43.9,3.5,1.2513501511395042,0.9614909068127944
2014-07-06T17:48:07.28,35.7548,140.8178,17.8,4.0,2014-11-30T19:04:52.03,35.7915,140.7582,11.9,3.8,-0.7355707623065548,0.9110674494570266
2014-07-08T12:52:47.73,39.2105,142.8305,6.5,4.1,2016-04-19T17:37:44.85,39.11,142.9654,16.0,4.0,0.2338372589629491,0.9158176947241382
2014-07-08T12:52:47.73,39.2105,142.8305,6.5,4.1,2020-02-08T03:13:56.5,39.1433,142.8776,21.0,4.1,-1.070520242084826,0.9046796889623558
2014-07-19T01:42:53.5,36.0316,140.1636,67.9,4.2,2017-10-08T14:54:25.55,36.0471,140.164,73.1,3.6,-0.2040078659670386,0.9787305611386744
2014-07-19T01:42:53.5,36.0316,140.1636,67.9,4.2,2018-08-29T18:51:10.11,35.9773,140.1263,69.4,3.5,-0.473653817480515,0.975870681398589
2014-07-19T01:42:53.5,36.0316,140.1636,67.9,4.2,2019-11-15T00:39:33.78,36.0029,140.1558,71.1,3.7,-0.5204245117043189,0.9707316531837464
2014-07-20T01:01:26.3,36.43,140.66,53.0,3.5,2020-09-14T09:10:25.86,36.4367,140.6618,52.7,3.5,-0.1484682351946956,0.9603407645196108
2014-07-27T09:24:15.45,39.6279,142.1824,48.6,4.1,2015-03-23T13:56:48.72,39.6415,142.0922,47.4,4.2,0.1448942991542791,0.9760365744420978
2014-07-27T09:24:15.45,39.6279,142.1824,48.6,4.1,2015-09-28T16:33:55.17,39.5984,142.1289,50.4,3.9,0.0160932049971276,0.9137953661086032
2014-07-27T09:24:15.45,39.6279,142.1824,48.6,4.1,2015-12-31T18:53:18.29,39.629,142.2132,51.4,3.9,-0.0428558271541737,0.9484230487813048
2014-07-27T09:24:15.45,39.6279,142.1824,48.6,4.1,2016-07-03T09:06:01.44,39.6391,142.159,50.0,4.1,-0.2310980819074434,0.9509684621601158
2014-07-27T09:24:15.45,39.6279,142.1824,48.6,4.1,2017-04-05T20:00:13.64,39.611,142.0494,51.1,4.2,-0.4614536056794633,0.959119440513922
2014-07-29T20:05:15.74,35.6064,140.2046,66.4,3.6,2016-11-16T16:01:55.46,35.5811,140.2553,56.3,4.3,0.8273567077112551,0.964830944144792
2014-07-30T14:57:06.66,37.0936,141.2082,48.8,3.9,2015-11-19T03:39:22.78,37.0822,141.174,52.6,4.0,0.2752989094896989,0.9921573077946828
2014-07-30T14:57:06.66,37.0936,141.2082,48.8,3.9,2017-10-06T15:00:41.81,37.0909,141.1982,49.0,4.3,0.2379202379334076,0.9307164345244048
2014-07-30T14:57:06.66,37.0936,141.2082,48.8,3.9,2018-09-27T19:32:24.08,37.0924,141.2521,48.6,4.2,0.5961907080305582,0.9882051280964114
2014-07-30T14:57:06.66,37.0936,141.2082,48.8,3.9,2020-04-23T01:22:17.95,37.0256,141.2978,46.1,4.0,1.5538236882726542,0.951085639047844
2014-08-03T18:08:26.82,36.6828,142.0384,19.0,4.0,2017-06-28T15:44:33.11,36.7433,141.9148,35.0,4.0,-3.0678463908454288,0.984776115413892
2014-08-06T15:12:03.52,38.8881,142.1217,46.4,4.2,2019-07-10T20:19:14.9,38.8501,142.1909,43.9,4.1,0.8435235814590973,0.9016757430463171
2014-08-09T05:49:36.94,38.8642,141.9685,49.9,3.9,2015-05-19T17:17:39.52,38.8762,142.0788,50.5,4.0,0.97826386963084,0.9060039760467168
2014-08-09T05:49:36.94,38.8642,141.9685,49.9,3.9,2015-12-12T21:05:51.61,38.8977,142.0347,48.3,4.0,0.8291104929408589,0.9185850191941324
2014-09-30T10:23:59.1,36.44,140.61,55.0,3.8,2016-08-16T19:13:40.01,36.3982,140.7238,56.1,3.7,0.9398643487395064,0.9893657671844316
2014-10-05T15:09:15.48,37.4779,141.4748,43.5,4.1,2015-06-23T08:57:56.58,37.4841,141.5053,43.8,3.5,-0.5760874831391769,0.928766212785223
2014-10-06T04:20:09.85,36.0753,139.9078,50.6,3.5,2016-08-27T13:46:28.11,36.0663,139.8847,51.9,4.1,-0.2721899734380626,0.9616826352559342
2014-10-10T20:16:53.3,36.3737,142.3912,15.0,3.8,2019-11-06T22:07:57.05,36.3867,142.6918,10.0,3.6,1.547783249578372,0.9007221112670268
2014-10-17T03:34:18.5,36.43,140.66,53.0,3.5,2015-08-12T19:29:05.42,36.449,140.7754,53.3,3.6,0.6208122821298194,0.9697993185528356
2014-10-17T03:34:18.5,36.43,140.66,53.0,3.5,2016-08-10T05:50:56.0,36.4293,140.6567,53.1,3.7,-0.0891280371668418,0.933043947883914
2014-10-17T03:34:18.5,36.43,140.66,53.0,3.5,2017-06-29T22:41:15.2,36.43,140.6557,53.1,3.7,-0.1079447019101017,0.9450504327342304
2014-10-17T03:34:18.5,36.43,140.66,53.0,3.5,2018-03-16T04:09:23.39,36.4317,140.6542,52.9,3.5,-0.1405917500029196,0.9096639954607432
2014-10-17T03:34:18.5,36.43,140.66,53.0,3.5,2019-01-15T07:38:43.19,36.4295,140.656,52.9,3.6,-0.1123698984587872,0.924445057036332
2014-10-17T03:34:18.5,36.43,140.66,53.0,3.5,2019-10-28T13:28:56.63,36.4615,140.6892,45.4,3.5,-0.9613144070453926,0.9679285129727676
2014-10-17T03:34:18.5,36.43,140.66,53.0,3.5,2020-08-12T22:40:23.03,36.4292,140.6567,52.9,3.6,-0.1127043341884743,0.9633609583875944
2014-10-17T09:58:28.6,35.9671,141.0489,16.6,4.1,2015-05-20T10:06:22.5,35.94,141.05,19.0,3.7,-0.2928833294602418,0.9130820186951172
2014-10-17T09:58:28.6,35.9671,141.0489,16.6,4.1,2017-10-16T11:07:05.58,36.0153,140.9001,32.4,3.7,-2.3930969624178315,0.9214894899394604
2014-10-23T12:59:27.23,36.8417,142.0315,10.0,3.5,2020-06-22T22:00:38.24,36.6727,142.0449,19.0,3.5,-0.4007180690304259,0.9111144446713876
2014-10-31T06:33:31.4,40.1287,142.4835,33.0,4.8,2018-10-27T11:39:12.5,40.185,142.4262,49.8,4.8,-2.22612625964782,0.9174278375916448
2014-11-08T12:09:27.04,38.8164,142.2867,40.8,4.0,2018-06-17T15:43:42.62,38.8022,142.1996,46.5,4.1,-0.7006796260518693,0.9668345358252008
2014-11-08T12:09:27.04,38.8164,142.2867,40.8,4.0,2020-04-20T01:49:36.53,38.8126,142.2245,41.7,4.3,-0.1830051404339456,0.959875034233862
2014-11-08T12:09:27.04,38.8164,142.2867,40.8,4.0,2020-08-27T00:48:42.33,38.8381,142.1809,42.6,4.2,-0.2227408121952477,0.9148396835994272
2014-11-14T11:57:49.0,36.03,139.91,44.0,3.7,2018-05-22T02:35:00.1,36.027,139.9489,51.2,3.5,0.6883662686049495,0.963757902087272
2014-11-23T11:02:31.08,37.1454,141.549,24.0,3.9,2016-07-09T00:54:36.25,37.1216,141.5202,44.2,4.7,-1.5878272562936286,0.971635332350588
2014-11-23T11:02:31.08,37.1454,141.549,24.0,3.9,2019-07-16T15:25:43.74,37.181,141.4745,48.1,4.7,-1.703332299946697,0.9887901330203138
2014-11-25T19:38:16.79,36.6906,141.9877,35.0,3.7,2016-06-30T05:55:50.03,36.8974,141.5661,33.0,3.6,-2.6270968100830565,0.9202616546367516
2014-11-25T19:38:16.79,36.6906,141.9877,35.0,3.7,2017-04-08T18:55:35.79,36.7682,141.8151,50.0,3.5,-1.369135961310655,0.950423102486364
2014-11-25T19:38:16.79,36.6906,141.9877,35.0,3.7,2018-08-01T00:17:39.3,36.8221,141.8667,6.6,3.9,3.340946806727,0.9700796072291292
2014-11-25T19:38:16.79,36.6906,141.9877,35.0,3.7,2020-11-29T04:55:02.19,36.7212,141.8765,35.0,3.6,-0.4021937731242307,0.9545180525413396
2014-11-26T19:18:31.53,39.638,143.5445,11.0,4.3,2020-03-02T00:47:41.1,39.6066,143.6204,11.0,4.8,-0.1214149264840472,0.9066549992249014
2014-12-02T11:52:51.68,36.5268,140.7595,52.1,4.0,2017-11-21T00:25:13.19,36.5159,140.8053,52.6,4.0,0.5526046073493226,0.9961373406106512
2014-12-18T15:16:56.83,39.1586,142.8582,42.1,4.1,2020-12-01T17:11:55.05,39.1489,142.9864,27.7,4.0,2.757544977225014,0.9312286094545226
2015-01-02T19:55:24.61,36.5471,140.5811,59.3,3.7,2016-06-29T02:35:29.45,36.4171,140.7617,60.7,4.0,1.0233060003586738,0.9942290217631736
2015-01-02T19:55:24.61,36.5471,140.5811,59.3,3.7,2017-10-15T10:43:08.1,36.505,140.7148,60.1,4.0,0.7087936062976605,0.998853378139068
2015-01-02T19:55:24.61,36.5471,140.5811,59.3,3.7,2019-01-19T05:22:00.7,36.5001,140.7482,63.4,3.9,1.788892652293951,0.99285983859385
2015-01-02T19:55:24.61,36.5471,140.5811,59.3,3.7,2020-04-13T21:35:50.01,36.5124,140.7868,65.9,3.9,1.1163711807727985,0.9941548842094434
2015-01-21T23:05:26.5,37.0085,141.3157,41.6,4.0,2016-06-10T04:16:33.66,37.051,141.1959,46.9,4.4,-1.0140089256279845,0.9855157810978862
2015-01-21T23:05:26.5,37.0085,141.3157,41.6,4.0,2017-10-19T12:50:27.83,37.0376,141.2357,38.5,4.6,-0.232498290391797,0.9900358269615608
2015-01-21T23:05:26.5,37.0085,141.3157,41.6,4.0,2018-12-21T04:13:30.99,37.0541,141.2699,44.9,4.4,-0.6916788026117153,0.9830576546617964
2015-02-05T20:28:42.76,38.6077,141.9812,55.6,4.1,2015-11-18T13:42:32.37,38.5565,142.1536,44.0,4.1,1.7179977484437194,0.9382913223180702
2015-02-05T20:28:42.76,38.6077,141.9812,55.6,4.1,2016-06-13T18:17:25.85,38.5899,141.961,51.8,3.9,-0.1177551276794602,0.9509721426302602
2015-02-05T20:28:42.76,38.6077,141.9812,55.6,4.1,2016-12-08T04:25:10.3,38.5752,142.022,40.6,4.1,1.694927650895261,0.92925847795984
2015-02-05T20:28:42.76,38.6077,141.9812,55.6,4.1,2017-07-01T18:53:11.37,38.6039,141.9678,49.1,4.1,0.4973422899034159,0.9681211352447314
2015-02-05T20:28:42.76,38.6077,141.9812,55.6,4.1,2018-08-16T10:44:09.3,38.5708,141.9456,49.2,3.9,0.0320479105342519,0.9587843208402724
2015-02-05T20:28:42.76,38.6077,141.9812,55.6,4.1,2019-04-01T12:17:32.96,38.5938,141.9946,50.0,4.0,-0.1154185915920393,0.9599488497356146
2015-02-05T20:28:42.76,38.6077,141.9812,55.6,4.1,2019-10-20T22:53:33.32,38.5649,142.08,43.8,3.9,1.2939411413358457,0.9238151844971478
2015-02-05T20:28:42.76,38.6077,141.9812,55.6,4.1,2020-05-28T17:46:07.96,38.6033,142.2343,43.3,3.8,2.8437263588352613,0.94687273187702
2015-02-09T10:48:53.2,35.7927,140.9074,13.1,3.8,2015-03-25T21:28:32.64,35.7692,140.899,11.4,4.2,-0.328651274052042,0.919765133728049
2015-02-09T11:09:54.33,37.1252,141.5734,20.3,3.9,2016-01-03T02:59:43.08,37.151,141.4015,46.6,4.0,-3.258692530989858,0.987052342236424
2015-02-09T11:09:54.33,37.1252,141.5734,20.3,3.9,2017-07-03T02:27:25.18,37.1267,141.4957,31.7,4.2,-1.754579078887275,0.9819096141126564
2015-02-09T11:09:54.33,37.1252,141.5734,20.3,3.9,2019-04-27T00:57:29.03,37.1869,141.3486,45.0,4.3,-3.7021995392035754,0.9853010309082628
2015-02-10T19:23:46.57,38.2724,141.9928,42.9,4.2,2018-10-14T00:30:27.73,38.2648,141.8811,47.9,4.2,-0.7559901885863795,0.953815982043917
2015-03-08T10:35:24.31,39.9054,143.5959,16.4,4.5,2019-10-03T03:55:43.34,39.8503,143.6217,20.4,4.2,-0.6365728005729474,0.9450423120684238
2015-03-19T01:33:54.21,38.4888,141.9534,56.2,4.8,2016-05-04T16:10:19.95,38.5338,141.8718,47.1,4.7,0.4645040605323845,0.9967804234180478
2015-03-19T01:33:54.21,38.4888,141.9534,56.2,4.8,2019-12-26T09:26:39.15,38.5526,141.7915,60.0,4.7,-1.153939062757673,0.987157812888415
2015-03-23T13:56:48.72,39.6415,142.0922,47.4,4.2,2015-09-28T16:33:55.17,39.5984,142.1289,50.4,3.9,-0.1303016041858785,0.9115657965137473
2015-03-23T13:56:48.72,39.6415,142.0922,47.4,4.2,2015-12-31T18:53:18.29,39.629,142.2132,51.4,3.9,-0.187640137719964,0.9470875841955676
2015-03-23T13:56:48.72,39.6415,142.0922,47.4,4.2,2016-07-03T09:06:01.44,39.6391,142.159,50.0,4.1,-0.3769094164979231,0.9433784806598324
2015-03-23T13:56:48.72,39.6415,142.0922,47.4,4.2,2017-04-05T20:00:13.64,39.611,142.0494,51.1,4.2,-0.6064994948326683,0.953642647119176
2015-03-26T17:28:26.71,38.1334,141.7882,44.5,3.9,2016-03-13T08:44:10.19,38.1587,141.7287,47.7,3.8,-0.5116745510267842,0.9434198208337624
2015-03-26T17:28:26.71,38.1334,141.7882,44.5,3.9,2017-07-28T22:25:11.01,38.1491,141.7745,45.4,4.2,0.5338135197123388,0.9274691108867352
2015-03-26T17:28:26.71,38.1334,141.7882,44.5,3.9,2019-04-07T18:00:03.03,38.1289,141.7481,47.7,4.0,0.4989647052295785,0.933320169135412
2015-03-27T03:21:31.6,39.9554,143.6185,23.8,4.3,2017-05-21T05:05:33.09,39.9074,143.7425,17.1,4.3,1.5184812831278105,0.9022687616600508
2015-03-31T03:59:58.2,36.4828,140.5857,56.6,3.9,2017-08-04T22:55:18.61,36.4892,140.5693,57.1,4.1,0.0406540638847408,0.9600717462631893
2015-03-31T03:59:58.2,36.4828,140.5857,56.6,3.9,2020-09-17T05:00:36.68,36.5084,140.5078,55.4,4.4,-0.2931081320695991,0.9598866676232723
2015-05-19T17:17:39.52,38.8762,142.0788,50.5,4.0,2015-12-12T21:05:51.61,38.8977,142.0347,48.3,4.0,-0.1480019229862721,0.974825897451116
2015-05-19T17:17:39.52,38.8762,142.0788,50.5,4.0,2016-08-13T08:49:41.24,38.8588,142.1239,49.1,4.2,0.1394434737217175,0.961154183899502
2015-05-19T17:17:39.52,38.8762,142.0788,50.5,4.0,2016-12-30T08:33:10.0,38.8661,141.9908,45.5,4.0,-0.2105545106199876,0.9247264815735864
2015-05-19T17:17:39.52,38.8762,142.0788,50.5,4.0,2017-08-07T22:35:14.81,38.8689,141.9697,51.6,4.1,-0.3402173882856382,0.9195088822852155
2015-05-19T17:17:39.52,38.8762,142.0788,50.5,4.0,2018-07-14T09:13:51.33,38.8582,142.0765,48.0,4.2,0.090631637733138,0.9530367190086436
2015-05-19T17:17:39.52,38.8762,142.0788,50.5,4.0,2019-08-23T16:39:30.56,38.8799,142.2948,28.1,3.9,3.690114969153892,0.9327479315961238
2015-05-19T17:17:39.52,38.8762,142.0788,50.5,4.0,2020-01-28T14:59:45.66,38.9449,141.9893,55.6,3.9,-1.1664009614602175,0.912428756123034
2015-05-20T10:06:22.5,35.94,141.05,19.0,3.7,2017-10-16T11:07:05.58,36.0153,140.9001,32.4,3.7,-2.1016723803420474,0.90082933110721
2015-05-31T11:17:46.07,37.2274,142.2053,5.7,3.9,2019-10-06T06:03:13.83,37.2749,142.0437,30.9,4.6,-4.91995837401836,0.9040573874028204
2015-06-21T01:57:49.4,36.7053,142.359,10.0,4.4,2019-03-13T04:45:05.98,36.7824,142.2695,35.0,4.2,-4.892244199025548,0.9861494293394176
2015-06-21T04:16:19.81,38.1912,141.7778,48.6,4.0,2016-06-29T05:01:36.37,38.1588,141.7405,45.6,4.3,-0.4542855797479155,0.9165703610490996
2015-06-21T04:16:19.81,38.1912,141.7778,48.6,4.0,2019-03-29T18:00:33.94,38.1405,141.8238,47.0,4.3,0.2932864913246246,0.9659301604979204
2015-06-21T14:18:10.47,36.7009,142.4759,15.0,3.7,2018-04-21T15:06:37.08,36.6731,142.3717,15.0,3.9,-0.7275443737845474,0.9787870690170146
2015-06-22T02:17:54.33,38.726,142.3436,39.7,5.0,2019-05-04T19:51:43.66,38.7034,142.4585,40.7,4.7,0.2013036968530008,0.947429298043628
2015-06-23T16:32:14.58,35.4256,141.9292,22.0,3.7,2017-12-21T01:23:07.92,35.4923,141.8043,16.7,3.9,-0.100147358494588,0.9890150288663646
2015-06-23T16:32:14.58,35.4256,141.9292,22.0,3.7,2019-09-14T18:47:39.15,35.5306,142.0155,22.0,3.7,0.3836766856894602,0.993875850912833
2015-07-05T00:20:08.33,36.6283,141.0588,29.3,3.5,2016-07-03T16:27:41.43,36.5494,141.2128,31.6,3.5,1.6315097407055563,0.9779812433347232
2015-07-05T00:20:08.33,36.6283,141.0588,29.3,3.5,2017-10-27T11:51:43.13,36.6301,141.0355,39.8,3.5,-1.0725604484010005,0.9548235797401824
2015-07-05T00:20:08.33,36.6283,141.0588,29.3,3.5,2019-07-08T08:20:50.02,36.6312,141.1031,31.7,3.5,-0.1853203602449728,0.956452742397552
2015-07-05T00:20:08.33,36.6283,141.0588,29.3,3.5,2020-11-02T19:38:37.36,36.6184,141.1041,43.9,3.5,-0.268049238918731,0.9654328603333804
2015-07-05T10:41:54.23,38.7518,142.2411,41.0,4.5,2020-09-30T13:58:44.86,38.757,142.2535,52.4,4.8,-1.5778082786918326,0.9966442063066376
2015-07-06T08:20:52.47,36.5802,141.1269,30.0,3.5,2017-08-18T11:38:26.33,36.545,141.2758,30.8,3.9,1.3346871859262075,0.9568348213533896
2015-07-06T08:20:52.47,36.5802,141.1269,30.0,3.5,2020-05-28T12:29:40.65,36.6064,141.2349,29.3,4.0,0.4810681643419401,0.95556651619929
2015-07-10T00:39:58.48,36.084,139.877,50.0,3.8,2019-02-20T11:24:55.56,36.0691,139.8635,35.0,3.7,0.2054384035366259,0.99280696036364
2015-07-23T09:43:21.13,41.9333,142.4947,61.0,4.5,2017-10-17T23:48:53.45,41.9672,142.5349,67.0,4.5,-0.7138528582790041,0.9283935140786088
2015-07-24T19:30:56.36,35.5221,141.1396,33.0,4.7,2019-02-02T19:10:13.14,35.5363,141.0489,38.7,4.8,-1.0923773554771423,0.9534244116693052
2015-07-29T12:34:53.23,36.0325,139.864,47.2,4.0,2017-07-11T17:36:39.77,36.0753,139.9491,59.6,3.5,0.6668977629744935,0.956589688575196
2015-07-29T12:34:53.23,36.0325,139.864,47.2,4.0,2018-11-26T23:33:50.47,36.044,139.8727,55.9,4.9,-0.2399139397313328,0.9748437441735692
2015-08-05T11:56:09.56,37.4757,141.5204,52.5,5.0,2018-10-22T10:47:18.2,37.5313,141.4648,50.0,4.9,0.0560066047595143,0.9471555726376124
2015-08-06T05:26:58.44,35.5431,141.0946,33.0,3.7,2019-02-05T16:52:45.43,35.5294,141.2926,35.0,3.7,0.8065048087280429,0.9937641109234258
2015-08-10T09:44:34.45,36.0433,139.9127,52.7,4.1,2020-01-13T19:53:47.98,36.0711,139.9232,46.8,4.7,1.1044654642896834,0.9523807301065952
2015-08-12T19:29:05.42,36.449,140.7754,53.3,3.6,2016-08-10T05:50:56.0,36.4293,140.6567,53.1,3.7,-0.7100961607548275,0.948314420362263
2015-08-12T19:29:05.42,36.449,140.7754,53.3,3.6,2017-06-29T22:41:15.2,36.43,140.6557,53.1,3.7,-0.7276145435439328,0.9629461057990808
2015-08-12T19:29:05.42,36.449,140.7754,53.3,3.6,2018-03-16T04:09:23.39,36.4317,140.6542,52.9,3.5,-0.762261047519988,0.9346149760728848
2015-08-12T19:29:05.42,36.449,140.7754,53.3,3.6,2019-01-15T07:38:43.19,36.4295,140.656,52.9,3.6,-0.7325394888135703,0.9489600118800788
2015-08-12T19:29:05.42,36.449,140.7754,53.3,3.6,2019-10-28T13:28:56.63,36.4615,140.6892,45.4,3.5,-1.580993241597181,0.978540017012535
2015-08-12T19:29:05.42,36.449,140.7754,53.3,3.6,2020-08-12T22:40:23.03,36.4292,140.6567,52.9,3.6,-0.7323272203556584,0.9741822374233724
2015-08-14T12:13:16.53,38.9145,142.0782,46.6,3.8,2016-07-31T16:35:03.05,38.8875,141.9726,51.6,3.8,-0.8186582027625926,0.946648470643327
2015-08-14T12:13:16.53,38.9145,142.0782,46.6,3.8,2017-08-06T17:55:48.2,38.8687,141.9708,53.1,3.9,-0.2169830205036611,0.9277891786937378
2015-08-15T23:44:19.58,37.4799,141.6645,47.1,4.4,2017-08-24T17:18:53.27,37.492,141.6957,45.1,4.5,0.322560216080583,0.995765398316629
2015-08-15T23:44:19.58,37.4799,141.6645,47.1,4.4,2020-05-06T01:16:10.99,37.4183,141.6973,36.6,4.6,1.2895632767612446,0.9981816242077666
2015-08-24T18:24:37.6,38.7426,142.1893,47.0,4.6,2017-06-25T20:16:39.45,38.7067,142.1487,51.0,4.3,-0.4506246009964741,0.9507634835361388
2015-08-31T13:55:48.52,39.7741,143.5541,35.0,4.4,2020-07-09T02:54:57.83,39.8551,143.3318,6.0,4.5,2.541922096560606,0.9073799644968976
2015-09-02T07:16:53.37,36.2041,139.9697,54.1,3.8,2019-06-08T03:45:57.99,36.1584,140.001,55.9,4.0,0.4513813396161027,0.9852014723650452
2015-09-02T07:16:53.37,36.2041,139.9697,54.1,3.8,2020-05-18T02:13:02.17,36.2197,139.983,57.3,3.7,0.4894170957378447,0.9032522883258216
2015-09-21T20:55:14.03,36.0231,140.1118,60.0,3.8,2020-12-07T10:27:43.67,36.0376,140.0823,66.0,3.8,-0.6493736200470784,0.9962155734746267
2015-09-28T00:48:30.25,35.5999,140.1422,70.4,3.6,2018-06-13T22:14:31.79,35.5978,140.1232,68.4,3.9,0.9538710243306774,0.947669036517495
2015-09-28T16:33:55.17,39.5984,142.1289,50.4,3.9,2016-07-03T09:06:01.44,39.6391,142.159,50.0,4.1,-0.2456922726669165,0.9046362880913568
2015-10-05T00:26:19.15,36.6471,142.0795,15.2,4.3,2017-07-24T17:53:44.73,36.7343,142.2315,19.0,4.0,0.4212081434367689,0.9878367190813876
2015-10-05T00:26:19.15,36.6471,142.0795,15.2,4.3,2020-04-27T13:23:57.13,36.6595,142.0661,19.0,4.3,-0.3242095862625702,0.991648495918373
2015-10-05T10:24:49.72,35.6445,141.2557,10.0,3.5,2016-04-27T14:30:53.63,35.5369,141.048,10.2,3.9,-1.7893659130417514,0.9129788564573044
2015-10-16T07:34:04.06,38.306,141.9373,45.6,3.8,2020-07-27T07:56:01.29,38.2805,142.0135,42.2,4.3,0.7542335127623483,0.9205190522380268
2015-10-18T00:47:39.44,41.4685,142.0357,59.9,4.4,2018-08-05T08:44:17.03,41.4745,142.0808,65.1,4.4,-0.47631862304164,0.9631806758156852
2015-11-18T13:42:32.37,38.5565,142.1536,44.0,4.1,2016-06-13T18:17:25.85,38.5899,141.961,51.8,3.9,-1.8362667183177008,0.9579248485842432
2015-11-18T13:42:32.37,38.5565,142.1536,44.0,4.1,2016-12-08T04:25:10.3,38.5752,142.022,40.6,4.1,-0.0254650697742363,0.9280803711667373
2015-11-18T13:42:32.37,38.5565,142.1536,44.0,4.1,2017-07-01T18:53:11.37,38.6039,141.9678,49.1,4.1,-1.2200904273511688,0.977761141907688
2015-11-18T13:42:32.37,38.5565,142.1536,44.0,4.1,2018-08-16T10:44:09.3,38.5708,141.9456,49.2,3.9,-1.6870809756142384,0.9568293864926328
2015-11-18T13:42:32.37,38.5565,142.1536,44.0,4.1,2019-04-01T12:17:32.96,38.5938,141.9946,50.0,4.0,-1.834859794411014,0.9533326054014716
2015-11-18T13:42:32.37,38.5565,142.1536,44.0,4.1,2019-10-20T22:53:33.32,38.5649,142.08,43.8,3.9,-0.4242377361268306,0.9237890153662096
2015-11-18T13:42:32.37,38.5565,142.1536,44.0,4.1,2020-05-28T17:46:07.96,38.6033,142.2343,43.3,3.8,1.126677480726825,0.917864977136842
2015-11-19T03:39:22.78,37.0822,141.174,52.6,4.0,2017-10-06T15:00:41.81,37.0909,141.1982,49.0,4.3,-0.0378294937735613,0.9288491309132
2015-11-19T03:39:22.78,37.0822,141.174,52.6,4.0,2018-09-27T19:32:24.08,37.0924,141.2521,48.6,4.2,0.3211234025757168,0.9854759902455243
2015-11-19T03:39:22.78,37.0822,141.174,52.6,4.0,2020-04-23T01:22:17.95,37.0256,141.2978,46.1,4.0,1.2788546405508316,0.9463501930222588
2015-11-20T06:44:32.13,36.9897,141.2073,44.8,4.1,2019-02-03T01:01:13.55,37.0023,141.2676,41.8,4.2,0.4857661049551491,0.984915733118425
2015-11-21T23:20:26.32,36.4285,140.7227,47.9,4.8,2018-07-16T19:34:11.64,36.4571,140.8248,51.4,4.7,-0.1639250223618109,0.9639575229150922
2015-11-21T23:20:26.32,36.4285,140.7227,47.9,4.8,2020-06-03T20:31:19.68,36.4862,140.7345,59.1,4.7,-1.3716500053494922,0.994189685727858
2015-11-27T12:51:03.44,40.2014,142.4506,40.2,4.4,2017-10-01T14:20:26.07,40.1519,142.5437,45.0,4.4,0.4353195427302568,0.9610032011747328
2015-11-29T07:38:31.91,38.284,141.9378,48.6,4.1,2018-05-28T15:47:04.05,38.2713,141.9966,44.6,4.5,0.6965727785324483,0.9773503166843944
2015-12-12T21:05:51.61,38.8977,142.0347,48.3,4.0,2016-08-13T08:49:41.24,38.8588,142.1239,49.1,4.2,0.2873181619755437,0.9711246255480612
2015-12-12T21:05:51.61,38.8977,142.0347,48.3,4.0,2016-12-30T08:33:10.0,38.8661,141.9908,45.5,4.0,-0.0630460989689966,0.9301801828144944
2015-12-12T21:05:51.61,38.8977,142.0347,48.3,4.0,2017-08-07T22:35:14.81,38.8689,141.9697,51.6,4.1,-0.19411086910032,0.927644865259737
2015-12-12T21:05:51.61,38.8977,142.0347,48.3,4.0,2018-07-14T09:13:51.33,38.8582,142.0765,48.0,4.2,0.2383067832061231,0.9613101132504372
2015-12-12T21:05:51.61,38.8977,142.0347,48.3,4.0,2019-08-23T16:39:30.56,38.8799,142.2948,28.1,3.9,3.836919577915911,0.9349274075120032
2015-12-12T21:05:51.61,38.8977,142.0347,48.3,4.0,2020-01-28T14:59:45.66,38.9449,141.9893,55.6,3.9,-1.0181200746844994,0.9155834297851988
2015-12-14T20:32:56.65,36.3929,142.5603,15.0,3.6,2018-02-26T08:44:37.0,36.3658,142.6509,35.0,3.8,-2.897709045982251,0.9695324610079308
2015-12-22T12:18:53.06,36.1671,140.1105,59.5,3.7,2019-10-01T09:07:04.57,36.2037,139.9829,55.0,3.6,-1.1259287693262194,0.9777493241782867
2015-12-31T18:53:18.29,39.629,142.2132,51.4,3.9,2016-07-03T09:06:01.44,39.6391,142.159,50.0,4.1,-0.1919852861618637,0.9284702474433948
2015-12-31T18:53:18.29,39.629,142.2132,51.4,3.9,2017-04-05T20:00:13.64,39.611,142.0494,51.1,4.2,-0.417573854926764,0.9167730343102712
2016-01-03T02:59:43.08,37.151,141.4015,46.6,4.0,2017-07-03T02:27:25.18,37.1267,141.4957,31.7,4.2,1.5040179662711384,0.9865649281067962
2016-01-03T02:59:43.08,37.151,141.4015,46.6,4.0,2019-04-27T00:57:29.03,37.1869,141.3486,45.0,4.3,-0.4435447684713394,0.9933795476217928
2016-01-14T19:28:53.52,36.4695,140.7515,57.0,4.3,2018-12-12T08:49:55.75,36.4997,140.6295,55.7,4.7,-0.6937039890450523,0.9983574774639472
2016-01-30T03:34:27.0,36.46,140.6,55.0,3.9,2018-03-31T08:05:29.23,36.5042,140.5759,55.1,3.8,-0.2146945371890679,0.9313245955547604
2016-01-30T03:34:27.0,36.46,140.6,55.0,3.9,2019-11-17T23:00:00.46,36.4686,140.6998,57.0,4.1,0.1745350755211003,0.9390820437635682
2016-02-02T18:12:40.29,38.2861,141.9576,42.0,3.9,2019-10-06T18:00:45.77,38.35,141.7271,49.9,4.0,-1.6732296768206187,0.9039522765644886
2016-03-13T08:44:10.19,38.1587,141.7287,47.7,3.8,2017-07-28T22:25:11.01,38.1491,141.7745,45.4,4.2,1.0443533266803016,0.9233715957850688
2016-03-13T08:44:10.19,38.1587,141.7287,47.7,3.8,2019-04-07T18:00:03.03,38.1289,141.7481,47.7,4.0,1.0087543929842926,0.9490869221361516
2016-03-26T13:33:28.36,36.0431,139.9373,60.0,3.7,2018-08-20T17:47:07.08,36.0377,139.9135,51.8,3.8,-0.1067248955082825,0.9878570912363336
2016-04-10T14:32:42.31,35.9715,139.9289,43.6,3.5,2019-02-06T08:26:17.01,36.0178,139.9252,48.5,3.6,0.0477541729033174,0.9948823097583924
2016-04-15T18:01:04.21,39.7262,141.8222,59.6,4.1,2017-05-06T08:18:54.37,39.7415,141.9147,59.4,4.1,-0.0529665326162395,0.924349924816434
2016-04-15T18:01:04.21,39.7262,141.8222,59.6,4.1,2018-07-27T06:24:50.23,39.7356,141.8829,65.5,4.2,-1.0695034465279774,0.9160260184260384
2016-04-15T18:01:04.21,39.7262,141.8222,59.6,4.1,2019-10-23T03:43:19.5,39.7583,141.8449,57.7,4.3,-0.1494232558235987,0.952689673058428
2016-04-15T18:01:04.21,39.7262,141.8222,59.6,4.1,2020-11-26T20:54:28.28,39.7188,142.1233,66.1,3.9,2.0965527139746736,0.9284494053926404
2016-04-17T23:24:17.69,37.0494,141.3229,39.8,4.2,2020-12-28T16:15:22.46,37.0947,141.2846,44.5,4.2,-0.3608187355449725,0.9923385378276748
2016-04-19T17:37:44.85,39.11,142.9654,16.0,4.0,2020-02-08T03:13:56.5,39.1433,142.8776,21.0,4.1,-1.3035361993516887,0.9005227153599265
2016-05-04T16:10:19.95,38.5338,141.8718,47.1,4.7,2019-12-26T09:26:39.15,38.5526,141.7915,60.0,4.7,-1.6181086126736113,0.9912734345259144
2016-05-04T23:51:51.56,35.9807,139.9806,49.8,3.5,2019-11-03T14:55:45.48,36.0123,139.8949,49.5,3.8,-0.647377085010288,0.9945937959632156
2016-05-16T21:55:04.81,36.0032,139.9535,49.7,3.9,2016-05-16T21:57:32.63,35.9834,139.9751,47.2,4.1,0.9533560111282524,0.9444054518887413
2016-05-16T21:57:32.63,35.9834,139.9751,47.2,4.1,2016-07-12T22:46:09.11,36.023,139.897,49.1,3.5,-0.6239448544769679,0.9354798085763804
2016-05-24T09:48:03.35,40.0766,142.0986,48.7,4.8,2019-05-08T00:20:00.47,40.0415,142.1341,50.4,4.8,-0.528963662546542,0.9698579479911784
2016-06-10T04:16:33.66,37.051,141.1959,46.9,4.4,2017-10-19T12:50:27.83,37.0376,141.2357,38.5,4.6,0.7815788003657314,0.9901534632794672
2016-06-10T04:16:33.66,37.051,141.1959,46.9,4.4,2018-12-21T04:13:30.99,37.0541,141.2699,44.9,4.4,0.322150435191802,0.9853222960741064
2016-06-13T18:17:25.85,38.5899,141.961,51.8,3.9,2016-12-08T04:25:10.3,38.5752,142.022,40.6,4.1,1.8114998849276704,0.92642635965977
2016-06-13T18:17:25.85,38.5899,141.961,51.8,3.9,2017-07-01T18:53:11.37,38.6039,141.9678,49.1,4.1,0.615875545749426,0.96717068239724
2016-06-13T18:17:25.85,38.5899,141.961,51.8,3.9,2018-08-16T10:44:09.3,38.5708,141.9456,49.2,3.9,0.1491674224658862,0.9683582920380776
2016-06-13T18:17:25.85,38.5899,141.961,51.8,3.9,2019-04-01T12:17:32.96,38.5938,141.9946,50.0,4.0,0.0022316366385,0.94483561959121
2016-06-13T18:17:25.85,38.5899,141.961,51.8,3.9,2019-10-20T22:53:33.32,38.5649,142.08,43.8,3.9,1.4128487773192333,0.9203446188464496
2016-06-13T18:17:25.85,38.5899,141.961,51.8,3.9,2020-05-28T17:46:07.96,38.6033,142.2343,43.3,3.8,2.961375987862807,0.9374962759693256
2016-06-29T02:35:29.45,36.4171,140.7617,60.7,4.0,2017-10-15T10:43:08.1,36.505,140.7148,60.1,4.0,-0.3144915518065987,0.993430646320698
2016-06-29T02:35:29.45,36.4171,140.7617,60.7,4.0,2019-01-19T05:22:00.7,36.5001,140.7482,63.4,3.9,0.7647812076546754,0.989391402353598
2016-06-29T02:35:29.45,36.4171,140.7617,60.7,4.0,2020-04-13T21:35:50.01,36.5124,140.7868,65.9,3.9,0.092995503881168,0.9919272151706848
2016-06-29T05:01:36.37,38.1588,141.7405,45.6,4.3,2019-03-29T18:00:33.94,38.1405,141.8238,47.0,4.3,0.7466983145703788,0.9349016282350922
2016-06-30T05:55:50.03,36.8974,141.5661,33.0,3.6,2017-04-08T18:55:35.79,36.7682,141.8151,50.0,3.5,1.2567203903726654,0.9315966898767776
2016-06-30T05:55:50.03,36.8974,141.5661,33.0,3.6,2018-08-01T00:17:39.3,36.8221,141.8667,6.6,3.9,5.967960204166754,0.907686891448345
2016-06-30T05:55:50.03,36.8974,141.5661,33.0,3.6,2020-11-29T04:55:02.19,36.7212,141.8765,35.0,3.6,2.2260025704895017,0.9319538129111158
2016-07-03T09:06:01.44,39.6391,142.159,50.0,4.1,2017-04-05T20:00:13.64,39.611,142.0494,51.1,4.2,-0.2311289971848822,0.9267450955350398
2016-07-03T09:06:01.44,39.6391,142.159,50.0,4.1,2018-11-16T02:49:11.8,39.6082,142.1445,51.3,4.2,0.1688262096198879,0.9088843260189408
2016-07-03T09:06:01.44,39.6391,142.159,50.0,4.1,2019-09-04T10:54:41.84,39.605,142.1095,53.7,3.9,-0.5251458614890838,0.9130864983744504
2016-07-03T16:27:41.43,36.5494,141.2128,31.6,3.5,2017-10-27T11:51:43.13,36.6301,141.0355,39.8,3.5,-2.7033734102921976,0.9626915334682936
2016-07-03T16:27:41.43,36.5494,141.2128,31.6,3.5,2019-07-08T08:20:50.02,36.6312,141.1031,31.7,3.5,-1.816291769927598,0.9537226130847282
2016-07-03T16:27:41.43,36.5494,141.2128,31.6,3.5,2020-11-02T19:38:37.36,36.6184,141.1041,43.9,3.5,-1.8992954480885016,0.96863252675424
2016-07-09T00:54:36.25,37.1216,141.5202,44.2,4.7,2019-07-16T15:25:43.74,37.181,141.4745,48.1,4.7,-0.1155301563586861,0.985757983916725
2016-07-12T17:46:31.08,36.6475,142.2437,10.0,3.7,2020-05-30T16:53:28.26,36.7546,142.0788,10.7,3.7,-1.4174833431076137,0.9743569174016332
2016-07-16T08:39:51.46,36.4078,141.0521,24.6,3.7,2018-04-03T00:10:56.4,36.409,141.1046,30.0,3.7,-0.1523641402960353,0.919156593658609
2016-07-16T08:39:51.46,36.4078,141.0521,24.6,3.7,2020-04-09T03:12:29.9,36.3577,141.1968,31.7,3.8,0.4808946161564766,0.9470439697977312
2016-07-19T07:27:57.09,36.635,140.9634,50.7,4.3,2017-03-22T14:47:21.37,36.6385,141.0008,46.9,3.8,1.1336939148735978,0.987589425249949
2016-07-19T07:27:57.09,36.635,140.9634,50.7,4.3,2018-09-19T00:01:36.3,36.6467,140.9839,46.6,4.4,0.8521569493091958,0.9931156296860868
2016-07-31T16:35:03.05,38.8875,141.9726,51.6,3.8,2017-08-06T17:55:48.2,38.8687,141.9708,53.1,3.9,0.600180437300259,0.934365511285542
2016-07-31T16:35:03.05,38.8875,141.9726,51.6,3.8,2020-07-28T10:46:30.15,38.8999,141.9835,52.8,3.9,0.1463609291841637,0.9187523722409876
2016-08-04T12:01:16.08,39.0857,142.2882,42.3,3.9,2017-07-16T10:23:01.17,39.0864,142.2035,45.3,3.9,-0.543517567805992,0.9250265870387876
2016-08-04T12:01:16.08,39.0857,142.2882,42.3,3.9,2018-05-27T03:22:15.63,39.0906,142.2065,51.0,3.8,-1.1580409531781928,0.9096505930696674
2016-08-10T05:50:56.0,36.4293,140.6567,53.1,3.7,2017-06-29T22:41:15.2,36.43,140.6557,53.1,3.7,-0.0168235897980317,0.9350676666225038
2016-08-10T05:50:56.0,36.4293,140.6567,53.1,3.7,2019-01-15T07:38:43.19,36.4295,140.656,52.9,3.6,-0.0251261441539601,0.9242098753021698
2016-08-10T05:50:56.0,36.4293,140.6567,53.1,3.7,2019-10-28T13:28:56.63,36.4615,140.6892,45.4,3.5,-0.8725906418929781,0.9487268569895588
2016-08-10T05:50:56.0,36.4293,140.6567,53.1,3.7,2020-08-12T22:40:23.03,36.4292,140.6567,52.9,3.6,-0.0232786861941472,0.9334181793819027
2016-08-13T08:49:41.24,38.8588,142.1239,49.1,4.2,2016-12-30T08:33:10.0,38.8661,141.9908,45.5,4.0,-0.3514356096625491,0.9257708008561524
2016-08-13T08:49:41.24,38.8588,142.1239,49.1,4.2,2017-08-07T22:35:14.81,38.8689,141.9697,51.6,4.1,-0.4815818280308267,0.9212309484787816
2016-08-13T08:49:41.24,38.8588,142.1239,49.1,4.2,2018-07-14T09:13:51.33,38.8582,142.0765,48.0,4.2,-0.0481037877245432,0.9458063194906244
2016-08-13T08:49:41.24,38.8588,142.1239,49.1,4.2,2019-08-23T16:39:30.56,38.8799,142.2948,28.1,3.9,3.5467474428882078,0.934451964972741
2016-08-13T08:49:41.24,38.8588,142.1239,49.1,4.2,2020-01-28T14:59:45.66,38.9449,141.9893,55.6,3.9,-1.3075390729032743,0.9167837049590148
2016-09-23T02:26:01.64,36.203,142.0618,23.0,4.1,2019-10-16T01:07:08.01,36.0603,142.1043,23.0,3.8,1.0135201105061156,0.9420534975217256
2016-09-24T03:19:30.53,39.1909,142.7439,29.0,4.0,2020-12-01T17:11:55.05,39.1489,142.9864,27.7,4.0,2.065934074835097,0.911557552812372
2016-10-05T11:56:54.81,36.2394,141.9417,27.2,3.9,2020-07-16T20:22:09.79,36.25,141.9352,23.0,3.8,0.5256399079930568,0.9841714481862476
2016-10-05T11:56:54.81,36.2394,141.9417,27.2,3.9,2020-07-16T20:26:18.19,36.1986,142.1537,23.0,4.1,1.709140266106468,0.9064952662761336
2016-11-08T12:43:18.41,36.3354,141.1599,32.8,4.0,2020-07-19T12:01:29.9,36.3232,141.1821,35.0,4.1,-1.0419791740828952,0.9854007256264172
2016-11-22T15:29:51.32,37.1718,141.5475,4.0,3.7,2016-11-24T14:49:45.37,37.1919,141.4998,10.7,3.9,-0.9434764372900186,0.9008028278700424
2016-12-08T04:25:10.3,38.5752,142.022,40.6,4.1,2017-07-01T18:53:11.37,38.6039,141.9678,49.1,4.1,-1.1954417301318927,0.936522515355882
2016-12-08T04:25:10.3,38.5752,142.022,40.6,4.1,2018-08-16T10:44:09.3,38.5708,141.9456,49.2,3.9,-1.6610871692675468,0.9413136832882054
2016-12-08T04:25:10.3,38.5752,142.022,40.6,4.1,2019-04-01T12:17:32.96,38.5938,141.9946,50.0,4.0,-1.8097096731933848,0.920027195726812
2016-12-08T04:25:10.3,38.5752,142.022,40.6,4.1,2020-05-28T17:46:07.96,38.6033,142.2343,43.3,3.8,1.1483405162972278,0.9059834877880014
2016-12-19T07:21:35.7,36.4938,140.6406,49.0,4.0,2018-07-16T19:42:52.17,36.4576,140.773,52.3,4.1,0.360683408283917,0.9924621774254256
2016-12-19T07:21:35.7,36.4938,140.6406,49.0,4.0,2019-06-22T11:45:37.3,36.4769,140.7611,53.1,3.6,0.671057686283914,0.9843220354178835
2016-12-19T07:21:35.7,36.4938,140.6406,49.0,4.0,2020-01-14T23:18:56.4,36.4696,140.744,50.0,3.9,0.5650773789251045,0.9114504703335476
2016-12-30T08:33:10.0,38.8661,141.9908,45.5,4.0,2018-07-14T09:13:51.33,38.8582,142.0765,48.0,4.2,0.3015449997085775,0.9058499271373106
2016-12-30T08:33:10.0,38.8661,141.9908,45.5,4.0,2019-08-23T16:39:30.56,38.8799,142.2948,28.1,3.9,3.898667255753189,0.9154152047647232
2017-01-16T22:35:22.69,38.6447,142.1329,42.6,4.1,2018-06-13T18:34:41.2,38.6328,142.1468,43.4,3.9,0.0594579213593878,0.9282322499755458
2017-01-18T08:19:25.82,36.4248,140.7243,57.3,4.3,2020-01-21T10:17:54.71,36.4743,140.6827,53.8,4.4,-0.066688675483209,0.9938601391069616
2017-02-25T01:18:54.97,36.0859,139.9136,50.5,3.6,2020-01-13T19:53:47.98,36.0711,139.9232,46.8,4.7,0.8762080425963147,0.9447339816658056
2017-02-26T15:03:33.71,37.1163,141.1537,53.3,4.8,2018-11-23T14:30:14.57,37.1016,141.1838,52.4,4.8,-0.1545265272227441,0.9942563725097086
2017-03-15T07:30:31.82,35.7468,140.7388,52.0,3.7,2018-11-20T22:28:54.78,35.7385,140.7249,50.5,3.7,0.3389296504708581,0.9942247563990948
2017-03-22T14:47:21.37,36.6385,141.0008,46.9,3.8,2018-09-19T00:01:36.3,36.6467,140.9839,46.6,4.4,-0.2812324180355771,0.9876818369374912
2017-04-08T18:55:35.79,36.7682,141.8151,50.0,3.5,2018-08-01T00:17:39.3,36.8221,141.8667,6.6,3.9,4.708748029653304,0.9213247398685596
2017-04-08T18:55:35.79,36.7682,141.8151,50.0,3.5,2020-11-29T04:55:02.19,36.7212,141.8765,35.0,3.6,0.9678734132483434,0.9746227782027732
2017-04-08T22:20:14.1,37.505,141.5407,51.8,4.9,2020-07-03T05:12:55.61,37.4843,141.5827,48.6,4.7,0.2398454575172164,0.9832574104046042
2017-05-06T08:18:54.37,39.7415,141.9147,59.4,4.1,2019-10-23T03:43:19.5,39.7583,141.8449,57.7,4.3,-0.0970460287212268,0.90423489402843
2017-05-06T08:18:54.37,39.7415,141.9147,59.4,4.1,2020-11-26T20:54:28.28,39.7188,142.1233,66.1,3.9,2.1548055231623167,0.9275300890154122
2017-06-09T19:34:14.35,40.1336,142.5867,39.2,4.6,2020-11-20T18:01:24.11,40.1604,142.5275,42.3,4.7,-1.103598499471341,0.9648235500313812
2017-06-29T22:41:15.2,36.43,140.6557,53.1,3.7,2018-03-16T04:09:23.39,36.4317,140.6542,52.9,3.5,-0.0338631246418742,0.9033486296015024
2017-06-29T22:41:15.2,36.43,140.6557,53.1,3.7,2019-01-15T07:38:43.19,36.4295,140.656,52.9,3.6,-0.0056254724083705,0.9314570738897314
2017-06-29T22:41:15.2,36.43,140.6557,53.1,3.7,2019-10-28T13:28:56.63,36.4615,140.6892,45.4,3.5,-0.853328811108804,0.9611146985733114
2017-06-29T22:41:15.2,36.43,140.6557,53.1,3.7,2020-08-12T22:40:23.03,36.4292,140.6567,52.9,3.6,-0.0046611275358064,0.9529517406136871
2017-07-01T18:53:11.37,38.6039,141.9678,49.1,4.1,2018-08-16T10:44:09.3,38.5708,141.9456,49.2,3.9,-0.4668234009075769,0.9790665149918218
2017-07-01T18:53:11.37,38.6039,141.9678,49.1,4.1,2019-04-01T12:17:32.96,38.5938,141.9946,50.0,4.0,-0.6141353635740532,0.9675226779805188
2017-07-01T18:53:11.37,38.6039,141.9678,49.1,4.1,2019-10-20T22:53:33.32,38.5649,142.08,43.8,3.9,0.7965933564317665,0.9472735635138269
2017-07-01T18:53:11.37,38.6039,141.9678,49.1,4.1,2020-05-28T17:46:07.96,38.6033,142.2343,43.3,3.8,2.346694000763529,0.951573554820914
2017-07-03T02:27:25.18,37.1267,141.4957,31.7,4.2,2019-04-27T00:57:29.03,37.1869,141.3486,45.0,4.3,-1.947375654271856,0.9853152820468912
2017-07-11T17:36:39.77,36.0753,139.9491,59.6,3.5,2018-11-26T23:33:50.47,36.044,139.8727,55.9,4.9,-0.907992246701124,0.9277206550236968
2017-07-16T10:23:01.17,39.0864,142.2035,45.3,3.9,2018-05-27T03:22:15.63,39.0906,142.2065,51.0,3.8,-0.6155870766159431,0.927031108744104
2017-07-24T17:53:44.73,36.7343,142.2315,19.0,4.0,2020-04-27T13:23:57.13,36.6595,142.0661,19.0,4.3,-0.745327947601927,0.9920857245167326
2017-07-28T22:25:11.01,38.1491,141.7745,45.4,4.2,2019-04-07T18:00:03.03,38.1289,141.7481,47.7,4.0,-0.0337356378246899,0.92281219179874
2017-08-04T22:55:18.61,36.4892,140.5693,57.1,4.1,2018-03-31T08:05:29.23,36.5042,140.5759,55.1,3.8,-0.0773586912849872,0.9079151848960152
2017-08-04T22:55:18.61,36.4892,140.5693,57.1,4.1,2019-09-29T16:02:30.99,36.4912,140.7045,55.1,4.4,0.7092024923945577,0.9226139224095876
2017-08-04T22:55:18.61,36.4892,140.5693,57.1,4.1,2019-11-17T23:00:00.46,36.4686,140.6998,57.0,4.1,0.3115572372299278,0.9033330287212316
2017-08-04T22:55:18.61,36.4892,140.5693,57.1,4.1,2020-09-17T05:00:36.68,36.5084,140.5078,55.4,4.4,-0.3312567156780613,0.980119921138122
2017-08-06T17:55:48.2,38.8687,141.9708,53.1,3.9,2020-07-28T10:46:30.15,38.8999,141.9835,52.8,3.9,-0.4567070489716304,0.9024128664051728
2017-08-07T22:35:14.81,38.8689,141.9697,51.6,4.1,2018-07-14T09:13:51.33,38.8582,142.0765,48.0,4.2,0.4309047054460067,0.9018865127408614
2017-08-14T11:01:31.55,40.1051,142.3077,47.0,4.0,2019-06-27T19:29:43.28,40.1277,142.4937,44.1,4.0,0.8624468870710345,0.9378343194548416
2017-08-18T11:38:26.33,36.545,141.2758,30.8,3.9,2020-05-28T12:29:40.65,36.6064,141.2349,29.3,4.0,-0.8528717989857556,0.9841536286842172
2017-08-24T17:18:53.27,37.492,141.6957,45.1,4.5,2020-05-06T01:16:10.99,37.4183,141.6973,36.6,4.6,0.9670370642998762,0.9957764905254864
2017-10-06T15:00:41.81,37.0909,141.1982,49.0,4.3,2018-09-27T19:32:24.08,37.0924,141.2521,48.6,4.2,0.359274212564723,0.930287973415527
2017-10-08T14:54:25.55,36.0471,140.164,73.1,3.6,2018-08-29T18:51:10.11,35.9773,140.1263,69.4,3.5,-0.2693136452727181,0.9957583233520908
2017-10-08T14:54:25.55,36.0471,140.164,73.1,3.6,2019-11-15T00:39:33.78,36.0029,140.1558,71.1,3.7,-0.3147285393539576,0.9738066273646624
2017-10-15T10:43:08.1,36.505,140.7148,60.1,4.0,2019-01-19T05:22:00.7,36.5001,140.7482,63.4,3.9,1.0802037769299282,0.9932735261082284
2017-10-15T10:43:08.1,36.505,140.7148,60.1,4.0,2020-04-13T21:35:50.01,36.5124,140.7868,65.9,3.9,0.4075894726023824,0.9938999591767782
2017-10-16T11:07:05.58,36.0153,140.9001,32.4,3.7,2017-10-16T11:47:01.11,35.969,141.0762,17.1,3.9,2.209908619461445,0.9315854356947018
2017-10-19T12:50:27.83,37.0376,141.2357,38.5,4.6,2018-12-21T04:13:30.99,37.0541,141.2699,44.9,4.4,-0.4594699276843727,0.9898234641968482
2017-10-27T11:51:43.13,36.6301,141.0355,39.8,3.5,2019-07-08T08:20:50.02,36.6312,141.1031,31.7,3.5,0.8875055703711768,0.9451608713670692
2017-10-27T11:51:43.13,36.6301,141.0355,39.8,3.5,2020-11-02T19:38:37.36,36.6184,141.1041,43.9,3.5,0.8047534899184849,0.9427208391501511
2017-12-21T01:23:07.92,35.4923,141.8043,16.7,3.9,2019-09-14T18:47:39.15,35.5306,142.0155,22.0,3.7,0.4838589409877709,0.9875286213137222
2018-03-16T04:09:23.39,36.4317,140.6542,52.9,3.5,2019-10-28T13:28:56.63,36.4615,140.6892,45.4,3.5,-0.8190259150270984,0.9143161039898235
2018-03-31T08:05:29.23,36.5042,140.5759,55.1,3.8,2019-11-17T23:00:00.46,36.4686,140.6998,57.0,4.1,0.3889227308128633,0.9917045190104116
2018-04-11T19:09:13.98,38.3374,141.7749,46.2,4.0,2019-10-06T18:00:45.77,38.35,141.7271,49.9,4.0,-0.4544073500858064,0.9010805402094632
2018-05-22T12:55:39.54,35.689,140.6556,48.7,3.5,2020-11-01T10:40:35.06,35.7158,140.6272,51.1,3.5,-0.7585908029192842,0.9962522786554292
2018-06-17T15:43:42.62,38.8022,142.1996,46.5,4.1,2020-04-20T01:49:36.53,38.8126,142.2245,41.7,4.3,0.5174774408186789,0.952289495985724
2018-06-17T15:43:42.62,38.8022,142.1996,46.5,4.1,2020-08-27T00:48:42.33,38.8381,142.1809,42.6,4.2,0.4789514155930712,0.914648441045892
2018-06-26T19:02:23.76,37.3654,141.7321,38.0,4.0,2018-11-23T10:47:51.64,37.3556,141.745,26.8,3.9,1.870905714048931,0.963173428258116
2018-07-14T09:13:51.33,38.8582,142.0765,48.0,4.2,2019-08-23T16:39:30.56,38.8799,142.2948,28.1,3.9,3.600276464422248,0.9092367466171674
2018-07-16T19:34:11.64,36.4571,140.8248,51.4,4.7,2020-06-03T20:31:19.68,36.4862,140.7345,59.1,4.7,-1.2076243883109972,0.9766818888266898
2018-07-16T19:42:52.17,36.4576,140.773,52.3,4.1,2019-06-22T11:45:37.3,36.4769,140.7611,53.1,3.6,0.3106234878904761,0.9933006670103572
2018-07-16T19:42:52.17,36.4576,140.773,52.3,4.1,2020-01-14T23:18:56.4,36.4696,140.744,50.0,3.9,0.2085385176715857,0.9141976094468844
2018-07-27T06:24:50.23,39.7356,141.8829,65.5,4.2,2019-10-23T03:43:19.5,39.7583,141.8449,57.7,4.3,0.9212745119297936,0.9152948080970928
2018-08-01T00:17:39.3,36.8221,141.8667,6.6,3.9,2020-11-29T04:55:02.19,36.7212,141.8765,35.0,3.6,-3.74183309494285,0.928062992266729
2018-08-03T20:05:56.38,36.8355,141.123,14.5,3.7,2018-10-20T01:51:13.18,36.9123,141.1383,28.2,4.0,-2.7618024157050582,0.9111583854719616
2018-08-16T10:44:09.3,38.5708,141.9456,49.2,3.9,2019-04-01T12:17:32.96,38.5938,141.9946,50.0,4.0,-0.1479075264775291,0.9518612707725224
2018-08-16T10:44:09.3,38.5708,141.9456,49.2,3.9,2019-10-20T22:53:33.32,38.5649,142.08,43.8,3.9,1.2626478573184512,0.9316438890189984
2018-08-16T10:44:09.3,38.5708,141.9456,49.2,3.9,2020-05-28T17:46:07.96,38.6033,142.2343,43.3,3.8,2.811738851604604,0.9428422487358964
2018-08-29T18:51:10.11,35.9773,140.1263,69.4,3.5,2019-11-15T00:39:33.78,36.0029,140.1558,71.1,3.7,-0.0443181434576743,0.981263819843802
2018-09-27T19:32:24.08,37.0924,141.2521,48.6,4.2,2020-04-23T01:22:17.95,37.0256,141.2978,46.1,4.0,0.9570403343146976,0.9536957704825908
2019-01-15T07:38:43.19,36.4295,140.656,52.9,3.6,2019-10-28T13:28:56.63,36.4615,140.6892,45.4,3.5,-0.8480779950770477,0.9499043680469872
2019-01-15T07:38:43.19,36.4295,140.656,52.9,3.6,2020-08-12T22:40:23.03,36.4292,140.6567,52.9,3.6,0.0006192358400341,0.9326516056606716
2019-01-19T05:22:00.7,36.5001,140.7482,63.4,3.9,2020-04-13T21:35:50.01,36.5124,140.7868,65.9,3.9,-0.6717044763042199,0.9925163774793664
2019-03-10T17:39:41.46,36.7577,142.4373,9.0,4.2,2019-03-11T08:31:41.57,36.7388,142.3517,8.8,3.9,-0.2186060208984255,0.927263657259272
2019-04-01T12:17:32.96,38.5938,141.9946,50.0,4.0,2019-10-20T22:53:33.32,38.5649,142.08,43.8,3.9,1.4104248588142865,0.9279318751850866
2019-04-01T12:17:32.96,38.5938,141.9946,50.0,4.0,2020-05-28T17:46:07.96,38.6033,142.2343,43.3,3.8,2.9598859614768585,0.9348737410751252
2019-06-08T03:45:57.99,36.1584,140.001,55.9,4.0,2020-05-18T02:13:02.17,36.2197,139.983,57.3,3.7,0.0336349746869826,0.9001880948499599
2019-07-08T08:20:50.02,36.6312,141.1031,31.7,3.5,2020-11-02T19:38:37.36,36.6184,141.1041,43.9,3.5,-0.0829928995337667,0.9448532160963284
2019-08-23T16:39:30.56,38.8799,142.2948,28.1,3.9,2020-01-28T14:59:45.66,38.9449,141.9893,55.6,3.9,-4.855798818787838,0.9010568510069812
2019-09-15T03:02:39.78,39.3066,142.1863,49.2,4.3,2020-09-17T00:18:00.83,39.3665,141.9841,64.6,4.6,-1.7657632259107936,0.9590718045402078
2019-09-25T08:28:48.06,39.3102,142.1012,52.0,4.7,2020-10-05T14:01:14.4,39.3374,142.0913,50.5,4.1,-0.0376945769433074,0.97408444245299
2019-09-29T16:02:30.99,36.4912,140.7045,55.1,4.4,2020-09-17T05:00:36.68,36.5084,140.5078,55.4,4.4,-1.0377305264786072,0.914550502094318
2019-10-19T12:10:32.54,36.2256,139.9451,55.0,3.7,2020-06-07T15:17:46.02,36.2384,139.9043,56.5,3.5,-0.2540285292274244,0.9915406173103568
2019-10-23T03:43:19.5,39.7583,141.8449,57.7,4.3,2020-11-26T20:54:28.28,39.7188,142.1233,66.1,3.9,2.245736916427856,0.908081010377219
2019-10-28T13:28:56.63,36.4615,140.6892,45.4,3.5,2020-08-12T22:40:23.03,36.4292,140.6567,52.9,3.6,0.8488612885035479,0.9775151839121624
2019-12-30T10:27:08.94,36.8083,141.2677,13.6,3.5,2019-12-30T13:10:34.37,36.7973,141.3343,33.0,3.5,1.1309743257202414,0.9188003785328712
2020-04-04T20:04:36.25,37.097,142.0264,19.0,3.5,2020-04-29T15:46:17.76,37.1005,142.2218,19.0,4.0,-0.5593359085711647,0.9063739310354394
2020-04-20T01:49:36.53,38.8126,142.2245,41.7,4.3,2020-08-27T00:48:42.33,38.8381,142.1809,42.6,4.2,-0.0375409170370416,0.91010463641047
2020-06-13T10:36:16.57,36.2157,141.7296,35.0,3.6,2020-06-13T10:47:01.98,36.1866,141.8262,23.0,3.6,1.1410596219486244,0.9451601999617188
2008-02-10T18:46:09.68,35.9425,139.6174,60.5,3.7,2021-02-27T01:37:18.79,35.934,139.7288,59.2,3.5,1.0037951472630398,0.9746541357667282
2008-05-13T18:00:13.67,41.4718,142.0892,73.6,4.2,2021-04-14T03:27:44.57,41.5492,141.9384,57.0,4.5,0.3530332973598225,0.9482380676143971
2008-05-31T07:55:49.81,36.3895,141.7622,34.6,4.7,2021-05-29T00:04:50.02,36.3453,141.9087,10.0,4.8,3.7105122214013266,0.9603865969348346
2008-07-01T05:39:28.9,36.44,141.11,46.0,3.7,2021-05-24T14:16:35.84,36.5918,141.2042,0.0,3.7,4.132318728349895,0.9047921920775044
2008-08-19T09:38:00.01,36.776,141.9531,5.5,3.9,2021-01-08T16:07:56.27,36.7578,141.9661,19.0,3.5,-2.4172747825307086,0.9082643259154659
2008-09-27T23:42:32.43,36.3951,141.1662,38.6,3.7,2021-01-08T12:36:53.62,36.4203,141.0815,40.1,3.7,-0.25221592134431947,0.9611924078971574
2009-03-18T00:30:29.9,36.6825,142.1003,2.5,4.0,2021-01-17T01:11:53.41,36.6432,142.1719,19.0,4.1,-1.6213736137063282,0.975090596184423
2009-08-30T15:45:53.62,37.0801,141.5796,33.0,4.8,2021-01-23T13:12:09.02,37.0734,141.6318,41.2,4.7,-0.6682821176557887,0.9933910296463564
2010-04-22T12:45:20.53,35.5423,140.1153,73.9,3.6,2021-03-21T15:30:52.06,35.6477,140.151,71.5,3.7,-0.16549856810839242,0.9916178528450806
2010-08-01T11:52:21.33,36.2024,142.017,23.0,4.5,2021-05-29T00:04:50.02,36.3453,141.9087,10.0,4.8,0.5112757686606055,0.9041267816090272
2010-08-15T15:04:28.91,36.2888,141.0741,28.4,3.9,2021-03-07T03:42:14.5,36.2729,140.9659,28.5,3.9,-0.024582440248248627,0.9947335752747681
2010-10-16T12:38:34.69,36.373,141.1936,24.0,3.8,2021-01-08T12:36:53.62,36.4203,141.0815,40.1,3.7,-2.2288296626548743,0.9615889154479411
2011-02-10T03:10:58.41,37.0185,141.3164,42.9,4.1,2021-01-28T18:24:09.1,37.0227,141.4463,38.2,4.4,1.5183314837313215,0.9888989816579971
2011-02-24T05:36:44.49,36.2849,140.0487,79.9,3.6,2021-03-28T09:27:22.99,36.2769,140.0846,77.4,3.5,-0.25203060582737863,0.9915817402282135
2011-03-17T18:13:57.26,36.7648,141.9552,19.0,4.1,2021-01-08T16:07:56.27,36.7578,141.9661,19.0,3.5,0.26499791333440414,0.9129580738568323
2011-03-21T00:00:25.51,36.5931,141.9927,28.3,4.2,2021-01-17T01:11:53.41,36.6432,142.1719,19.0,4.1,2.1375914892247874,0.9496041883758634
2011-03-31T03:25:37.51,36.7626,141.7241,30.1,4.6,2021-01-08T16:07:56.27,36.7578,141.9661,19.0,3.5,3.0248548846132004,0.9409188059904414
2011-04-04T21:52:56.25,38.2675,141.9058,50.7,4.1,2021-02-16T22:07:22.84,38.3272,141.8469,50.7,4.6,0.15306583699467058,0.973582335621492
2011-04-19T19:29:22.85,37.0774,141.2301,50.9,4.4,2021-01-28T18:24:09.1,37.0227,141.4463,38.2,4.4,2.7016523360858993,0.979187216346382
2011-04-23T11:38:09.2,36.6499,142.1873,1.6,4.4,2021-01-17T01:11:53.41,36.6432,142.1719,19.0,4.1,-2.656488363266496,0.9568109327243608
2011-05-03T23:58:07.59,36.9095,141.5524,33.0,4.1,2021-01-08T16:07:56.27,36.7578,141.9661,19.0,3.5,5.192674830187866,0.956057801156345
2011-05-29T18:54:58.03,37.058,142.5165,9.0,3.6,2021-02-20T11:23:03.85,36.9645,142.6503,9.0,3.6,1.0577638176352915,0.945775572037977
2011-06-06T12:36:10.4,36.1245,140.0059,76.4,3.5,2021-04-11T18:59:31.0,36.1348,140.0519,75.9,3.6,0.21635084253109416,0.9907546753778836
2011-07-03T16:17:54.73,36.6755,142.2543,15.0,4.2,2021-01-17T01:11:53.41,36.6432,142.1719,19.0,4.1,-0.5547377857635001,0.9728735898947357
2011-07-09T13:41:42.84,38.8748,142.0058,50.5,3.9,2021-01-23T11:19:03.92,38.8925,142.069,50.2,4.0,0.33115597049147644,0.92714672500059
2011-08-06T14:45:36.32,37.0478,141.2794,53.9,4.3,2021-01-28T18:24:09.1,37.0227,141.4463,38.2,4.4,2.9188991609877073,0.9702700700798402
2011-08-06T23:40:45.47,37.0441,142.5111,9.0,3.8,2021-02-20T11:23:03.85,36.9645,142.6503,9.0,3.6,0.5131371043320647,0.9575431018190964
2011-08-09T18:29:47.62,38.858,141.9606,56.4,3.8,2021-01-23T11:19:03.92,38.8925,142.069,50.2,4.0,1.306981210892082,0.9197219903978701
2011-08-12T17:56:32.96,36.7205,142.3465,15.0,3.9,2021-02-12T06:48:54.78,36.6092,142.3753,15.0,3.6,0.39271699388460785,0.9105329281094288
2011-08-16T05:48:12.61,36.2366,141.038,42.7,3.9,2021-03-07T03:42:14.5,36.2729,140.9659,28.5,3.9,1.1633851224106162,0.9908558071116039
2011-09-12T05:17:01.53,36.7224,141.6241,26.0,3.9,2021-01-08T16:07:56.27,36.7578,141.9661,19.0,3.5,1.7503202146117376,0.9238123465078426
2011-10-16T17:13:14.88,37.0801,141.6725,23.1,3.9,2021-01-23T13:12:09.02,37.0734,141.6318,41.2,4.7,-2.242647822972165,0.9225049834625437
2011-10-25T10:44:29.51,37.0576,142.732,9.0,3.6,2021-02-20T11:23:03.85,36.9645,142.6503,9.0,3.6,-0.8535615167041553,0.9252090502211185
2011-11-02T10:05:00.96,36.6322,142.1434,19.0,4.2,2021-01-17T01:11:53.41,36.6432,142.1719,19.0,4.1,1.0565047968832155,0.9796487496266268
2011-11-05T23:43:44.12,38.3183,141.9138,50.9,4.1,2021-02-16T22:07:22.84,38.3272,141.8469,50.7,4.6,0.6674598793728159,0.9742676041616732
2011-12-03T04:16:37.87,38.887,142.0837,47.9,4.4,2021-01-23T11:19:03.92,38.8925,142.069,50.2,4.0,-0.4044612643208866,0.9337791736805903
2011-12-22T08:41:31.22,35.6628,140.3158,48.5,3.7,2021-03-21T15:30:52.06,35.6477,140.151,71.5,3.7,-2.337736968757433,0.9740521328004612
2012-01-26T12:22:13.38,36.9898,141.4008,29.7,4.2,2021-01-28T18:24:09.1,37.0227,141.4463,38.2,4.4,-0.08542152546252146,0.971573039358297
2012-02-12T02:34:42.91,36.5916,141.4581,26.0,3.9,2021-01-08T16:07:56.27,36.7578,141.9661,19.0,3.5,3.259350831815552,0.9323747120895554
2012-03-21T18:25:03.96,38.5578,142.061,46.7,4.0,2021-02-03T06:47:02.8,38.5824,141.8999,47.2,3.9,-1.0817679941431895,0.9018452085535342
2012-03-31T22:30:16.3,39.7366,141.8262,61.8,4.2,2021-04-09T08:54:07.05,39.7254,141.7739,82.2,4.0,-1.5038493381113045,0.9046412195977769
2012-04-02T17:48:14.12,38.8335,142.1244,48.6,4.1,2021-01-23T11:19:03.92,38.8925,142.069,50.2,4.0,-0.6563830171891463,0.9566213634430364
2012-04-28T04:11:15.73,37.0257,142.6561,9.0,3.6,2021-02-20T11:23:03.85,36.9645,142.6503,9.0,3.6,-0.7725958116966865,0.9367660566850416
2012-05-19T22:15:48.93,39.5063,143.5751,23.5,4.2,2021-03-20T19:33:38.23,39.4698,143.6339,11.0,4.0,3.0471392356566556,0.9583410360581838
2012-06-26T13:42:50.85,38.8973,142.048,51.9,3.9,2021-01-18T20:47:31.96,38.9319,141.9537,55.3,4.0,-0.7410639306891016,0.9006643280749039
2012-07-24T17:28:07.2,36.6507,142.2213,24.9,4.2,2021-01-17T01:11:53.41,36.6432,142.1719,19.0,4.1,0.9856115691585946,0.9937702078537368
2012-07-25T12:22:28.23,36.6985,141.8009,19.0,3.9,2021-01-08T16:07:56.27,36.7578,141.9661,19.0,3.5,-0.32785685326190706,0.9842263594281659
2012-08-28T13:55:05.2,36.3925,141.8573,25.2,5.0,2021-05-29T00:04:50.02,36.3453,141.9087,10.0,4.8,1.6946679328387995,0.926877144047452
2012-10-08T10:49:05.62,38.8824,142.0049,51.3,3.9,2021-01-23T11:19:03.92,38.8925,142.069,50.2,4.0,0.27822255327947526,0.9545018925729332
2012-12-13T23:14:16.73,36.7492,141.6704,26.0,3.9,2021-01-08T16:07:56.27,36.7578,141.9661,19.0,3.5,2.2846999938259573,0.9367940251870406
2013-02-06T16:53:32.42,36.9829,142.5941,9.0,3.5,2021-02-20T11:23:03.85,36.9645,142.6503,9.0,3.6,-1.2074221556697575,0.9513662021902919
2013-04-17T14:13:35.49,38.8608,142.0534,46.4,4.1,2021-01-23T11:19:03.92,38.8925,142.069,50.2,4.0,0.01187509159233785,0.9106123988043922
2013-05-05T06:54:11.1,36.3217,140.0468,78.0,3.5,2021-03-28T09:27:22.99,36.2769,140.0846,77.4,3.5,-0.2757121596005382,0.9961406974572398
2013-05-16T07:39:53.03,37.0428,141.3346,49.5,4.1,2021-01-28T18:24:09.1,37.0227,141.4463,38.2,4.4,2.5404625145934996,0.9713909660916878
2013-07-18T17:05:03.6,38.39,141.8889,44.6,4.3,2021-02-16T22:07:22.84,38.3272,141.8469,50.7,4.6,0.017976373547409552,0.9877310714700889
2013-07-22T23:24:45.45,36.2224,141.8386,24.7,4.5,2021-03-30T11:11:09.05,36.2535,141.9252,27.7,4.5,-0.06485361909787746,0.9818333151408499
2013-08-09T03:04:06.8,36.102,140.0371,76.2,3.6,2021-04-11T18:59:31.0,36.1348,140.0519,75.9,3.6,-0.26565809917553856,0.9898902765944771
2013-10-02T10:35:36.38,35.5856,140.144,73.2,3.8,2021-03-21T15:30:52.06,35.6477,140.151,71.5,3.7,-0.1281363878742093,0.9967602202675722
2013-10-17T04:31:57.6,37.0942,141.211,47.7,4.0,2021-04-23T05:12:15.13,37.5368,141.1429,0.0,4.3,4.831728648001779,0.9677914554194239
2014-01-16T19:32:43.81,38.2263,141.7933,45.2,3.8,2021-03-20T16:41:17.47,38.2134,141.7491,56.5,4.2,-1.0117136406050653,0.9748983636213804
2014-01-17T08:14:08.12,36.9977,142.6022,9.0,3.8,2021-02-20T11:23:03.85,36.9645,142.6503,9.0,3.6,-0.35690138664166704,0.9302190985436495
2014-02-05T00:41:08.41,36.6921,141.9058,19.0,3.9,2021-01-08T16:07:56.27,36.7578,141.9661,19.0,3.5,0.4923927102011554,0.9574356274912786
2014-02-27T14:04:58.75,38.8498,142.0177,49.9,4.0,2021-01-23T11:19:03.92,38.8925,142.069,50.2,4.0,0.2593239108578065,0.9294476275866279
2014-03-25T17:21:28.74,36.4181,141.1676,28.3,3.6,2021-01-08T12:36:53.62,36.4203,141.0815,40.1,3.7,-0.6363047525790915,0.9513605935586265
2014-06-06T23:58:55.4,37.004,141.35,48.4,4.0,2021-01-28T18:24:09.1,37.0227,141.4463,38.2,4.4,0.3703122252747939,0.9666093538325526
2014-07-30T14:57:06.66,37.0936,141.2082,48.8,3.9,2021-04-23T05:12:15.13,37.5368,141.1429,0.0,4.3,4.979629135164797,0.9826458400155176
2014-08-03T18:08:26.82,36.6828,142.0384,19.0,4.0,2021-01-17T01:11:53.41,36.6432,142.1719,19.0,4.1,0.4924974886242278,0.9842422681958587
2014-08-09T05:49:36.94,38.8642,141.9685,49.9,3.9,2021-01-23T11:19:03.92,38.8925,142.069,50.2,4.0,0.8446226318381697,0.9147434075998502
2014-11-25T19:38:16.79,36.6906,141.9877,35.0,3.7,2021-01-08T16:07:56.27,36.7578,141.9661,19.0,3.5,2.1092949593580146,0.927923301533681
2015-01-21T23:05:26.5,37.0085,141.3157,41.6,4.0,2021-01-28T18:24:09.1,37.0227,141.4463,38.2,4.4,1.4728132477310294,0.9664674755068055
2015-02-03T10:42:01.99,36.1744,141.8095,50.0,3.5,2021-01-14T18:26:36.37,36.1249,141.973,23.0,3.7,2.1244609213466346,0.9519451929102822
2015-02-05T20:28:42.76,38.6077,141.9812,55.6,4.1,2021-02-03T06:47:02.8,38.5824,141.8999,47.2,3.9,-0.23941595920286252,0.9046456629687436
2015-05-19T17:17:39.52,38.8762,142.0788,50.5,4.0,2021-01-23T11:19:03.92,38.8925,142.069,50.2,4.0,-0.13407225506424691,0.9607722314432594
2015-06-21T14:18:10.47,36.7009,142.4759,15.0,3.7,2021-02-12T06:48:54.78,36.6092,142.3753,15.0,3.6,-1.0045991008960893,0.9246848106591486
2015-07-23T09:43:21.13,41.9333,142.4947,61.0,4.5,2021-03-05T06:14:07.24,41.9608,142.5594,69.2,4.3,-0.96249380266843,0.95028343005142
2015-09-06T08:29:43.9,39.4988,143.5962,25.2,4.3,2021-03-20T19:33:38.23,39.4698,143.6339,11.0,4.0,2.8541762110290962,0.9443813557549814
2015-09-28T00:48:30.25,35.5999,140.1422,70.4,3.6,2021-03-21T15:30:52.06,35.6477,140.151,71.5,3.7,0.36786914327468173,0.9709221051998147
2015-10-18T00:47:39.44,41.4685,142.0357,59.9,4.4,2021-04-14T03:27:44.57,41.5492,141.9384,57.0,4.5,-0.7276388319099065,0.9620537298106506
2015-11-29T07:38:31.91,38.284,141.9378,48.6,4.1,2021-02-16T22:07:22.84,38.3272,141.8469,50.7,4.6,0.017756582018942424,0.9626037743062149
2015-12-12T21:05:51.61,38.8977,142.0347,48.3,4.0,2021-01-23T11:19:03.92,38.8925,142.069,50.2,4.0,0.015453512846240247,0.9641286930329921
2016-06-10T04:16:33.66,37.051,141.1959,46.9,4.4,2021-01-28T18:24:09.1,37.0227,141.4463,38.2,4.4,2.4869838573329215,0.9668372647501478
2016-06-20T00:27:13.8,36.7368,141.7951,19.0,3.7,2021-01-08T16:07:56.27,36.7578,141.9661,19.0,3.5,1.5061013674855221,0.9287257542945041
2016-07-16T08:39:51.46,36.4078,141.0521,24.6,3.7,2021-01-08T12:36:53.62,36.4203,141.0815,40.1,3.7,-0.9914742497103874,0.9557293577425214
2016-08-13T08:49:41.24,38.8588,142.1239,49.1,4.2,2021-01-23T11:19:03.92,38.8925,142.069,50.2,4.0,-0.27244294930848223,0.958085571104879
2016-08-30T20:04:48.01,36.383,141.8288,28.9,4.8,2021-05-29T00:04:50.02,36.3453,141.9087,10.0,4.8,2.393661904617158,0.9470468344428354
2016-12-06T23:17:17.86,38.2292,141.7358,48.5,4.2,2021-03-20T16:41:17.47,38.2134,141.7491,56.5,4.2,-1.1946947691984509,0.9561359301607766
2016-12-30T08:33:10.0,38.8661,141.9908,45.5,4.0,2021-01-23T11:19:03.92,38.8925,142.069,50.2,4.0,0.07902668314805028,0.9200430485503028
2017-04-10T01:32:35.22,37.4845,141.6849,27.0,3.8,2021-02-16T13:59:26.2,37.5157,141.5757,46.0,4.1,-2.25438149550828,0.9197738763894933
2017-06-28T15:44:33.11,36.7433,141.9148,35.0,4.0,2021-01-17T01:11:53.41,36.6432,142.1719,19.0,4.1,3.559584113627619,0.9952864051285156
2017-08-07T22:35:14.81,38.8689,141.9697,51.6,4.1,2021-01-23T11:19:03.92,38.8925,142.069,50.2,4.0,0.20897975739488817,0.9122479232000005
2017-08-08T10:25:19.14,36.2993,140.0856,81.3,3.5,2021-03-28T09:27:22.99,36.2769,140.0846,77.4,3.5,-0.45481119841777634,0.9949522446855927
2017-10-06T15:00:41.81,37.0909,141.1982,49.0,4.3,2021-04-23T05:12:15.13,37.5368,141.1429,0.0,4.3,4.741893811016814,0.9146292012949094
2017-10-19T12:50:27.83,37.0376,141.2357,38.5,4.6,2021-01-28T18:24:09.1,37.0227,141.4463,38.2,4.4,1.7054912618764537,0.9759166500840564
2018-04-03T00:10:56.4,36.409,141.1046,30.0,3.7,2021-01-08T12:36:53.62,36.4203,141.0815,40.1,3.7,-0.8385317613504832,0.9237017461872359
2018-04-21T15:06:37.08,36.6731,142.3717,15.0,3.9,2021-02-12T06:48:54.78,36.6092,142.3753,15.0,3.6,-0.2776401949868694,0.9157645875520187
2018-05-28T15:47:04.05,38.2713,141.9966,44.6,4.5,2021-02-16T22:07:22.84,38.3272,141.8469,50.7,4.6,-0.6786053584079426,0.9898254238241747
2018-06-13T22:14:31.79,35.5978,140.1232,68.4,3.9,2021-03-21T15:30:52.06,35.6477,140.151,71.5,3.7,-0.5852697140667247,0.989165487694454
2018-07-14T09:13:51.33,38.8582,142.0765,48.0,4.2,2021-01-23T11:19:03.92,38.8925,142.069,50.2,4.0,-0.22367354369661563,0.9449561928832341
2018-08-01T00:17:39.3,36.8221,141.8667,6.6,3.9,2021-01-08T16:07:56.27,36.7578,141.9661,19.0,3.5,-1.2338840054547466,0.9018345568207962
2018-08-05T08:44:17.03,41.4745,142.0808,65.1,4.4,2021-04-14T03:27:44.57,41.5492,141.9384,57.0,4.5,-0.2522969655996119,0.9653889290066024
2018-08-24T21:30:28.05,40.4004,142.2845,51.9,4.5,2021-05-19T20:27:26.88,40.3555,142.2023,62.2,4.4,-1.3559653730936332,0.911199611437289
2018-10-22T10:47:18.2,37.5313,141.4648,50.0,4.9,2021-02-14T07:31:49.58,37.567,141.4562,45.9,5.2,0.32139524212359977,0.9154815618438477
2018-12-18T15:18:45.72,38.2199,141.8106,49.9,3.9,2021-03-20T16:41:17.47,38.2134,141.7491,56.5,4.2,-1.28847439964037,0.9268187682235431
2018-12-21T04:13:30.99,37.0541,141.2699,44.9,4.4,2021-01-28T18:24:09.1,37.0227,141.4463,38.2,4.4,2.1646698177751755,0.9675419072803517
2019-08-23T16:39:30.56,38.8799,142.2948,28.1,3.9,2021-01-23T11:19:03.92,38.8925,142.069,50.2,4.0,-3.822467110687552,0.9208573967433732
2019-10-06T18:00:45.77,38.35,141.7271,49.9,4.0,2021-04-16T11:51:39.79,38.329,141.7072,62.8,4.3,-1.164675326100565,0.9643389545798159
2020-01-28T14:59:45.66,38.9449,141.9893,55.6,3.9,2021-01-23T11:19:03.92,38.8925,142.069,50.2,4.0,1.0329654379346276,0.9005455154444441
2020-04-09T03:12:29.9,36.3577,141.1968,31.7,3.8,2021-01-08T12:36:53.62,36.4203,141.0815,40.1,3.7,-1.4715472479439158,0.9432807776145155
2021-02-14T14:19:47.89,37.6015,141.8659,31.1,4.0,2021-03-07T12:44:26.74,37.6246,141.6853,56.0,4.3,-3.8868297155057876,0.9243862216281372
2021-02-22T16:33:55.03,37.6925,141.8447,45.6,3.9,2021-04-11T16:59:52.86,37.7539,142.0591,65.7,4.0,0.2658174496562129,0.9011681596748888
2021-03-03T11:29:01.56,35.7912,140.7974,10.0,3.8,2021-03-04T02:22:48.91,35.7152,140.9159,1.7,4.2,3.4640909120936865,0.9536434426725909
2008-03-23T03:13:24.4,36.43,140.66,53.0,3.6,2021-07-22T18:14:57.6,36.4373,140.6605,53.1,3.6,-0.09106244552899503,0.9714375953780727
2008-06-22T01:28:37.49,36.6037,141.1003,41.1,4.2,2021-07-04T06:35:21.69,36.6335,140.9932,47.7,4.6,-0.9561749351305464,0.9957876171365079
2008-12-17T13:10:41.24,40.1089,142.5101,39.4,4.1,2021-07-30T04:05:11.73,40.0677,142.5735,44.5,4.5,-0.16242078203311291,0.9092431630994374
2009-09-01T06:49:44.68,37.1462,141.4037,46.1,3.9,2021-06-30T03:53:19.05,37.1066,141.5703,45.1,4.2,1.4357868726829135,0.9736932833611049
2010-01-05T05:26:02.01,36.2829,140.0383,77.5,3.6,2021-07-27T16:52:30.17,36.3292,140.0714,77.6,3.5,-0.09179352489856818,0.9763747837291046
2010-11-14T10:08:09.6,36.43,140.66,54.0,3.6,2021-07-22T18:14:57.6,36.4373,140.6605,53.1,3.6,-0.11277036064115295,0.9697582866624104
2010-11-18T19:08:09.33,39.6772,142.1149,59.1,4.0,2021-07-03T16:24:00.51,39.6578,142.1142,53.6,4.2,0.6440042691509166,0.9487363777508211
2011-02-19T23:17:33.89,37.1418,141.4232,39.8,3.8,2021-06-30T03:53:19.05,37.1066,141.5703,45.1,4.2,0.21254332626712769,0.988087915150189
2011-03-15T13:10:48.23,36.6541,140.8976,53.2,4.2,2021-07-04T06:35:21.69,36.6335,140.9932,47.7,4.6,0.7535424136688291,0.996056013068334
2011-04-10T07:56:00.58,36.3047,142.6163,15.0,3.8,2021-06-05T23:23:32.28,36.3175,142.6437,15.0,3.8,0.13257466485035574,0.9566410148143706
2011-04-16T13:36:37.69,39.5805,142.0666,50.5,3.8,2021-07-03T16:24:00.51,39.6578,142.1142,53.6,4.2,-0.5281308005051295,0.9168831459790645
2011-05-24T18:33:38.42,36.338,142.6923,15.0,3.7,2021-06-05T23:23:32.28,36.3175,142.6437,15.0,3.8,-0.054365303411515464,0.9812629323748002
2011-05-26T06:57:34.44,39.6139,142.1138,49.3,4.1,2021-07-03T16:24:00.51,39.6578,142.1142,53.6,4.2,-0.23919471874677106,0.9073430992803054
2011-06-18T10:41:48.38,36.1571,142.0977,23.0,3.9,2021-06-02T09:14:53.15,36.1651,141.8872,10.0,3.9,0.658015611736503,0.9868791378747998
2011-10-23T18:58:35.13,39.6388,142.2386,53.5,4.2,2021-07-03T16:24:00.51,39.6578,142.1142,53.6,4.2,-0.4599584425737326,0.9753165952570538
2011-12-09T15:23:10.27,36.6276,141.0392,43.9,4.1,2021-07-04T06:35:21.69,36.6335,140.9932,47.7,4.6,-0.16269192162949092,0.9950493637285361
2012-01-14T15:45:39.17,36.4847,140.7011,51.2,3.8,2021-07-22T18:14:57.6,36.4373,140.6605,53.1,3.6,-0.204212893599726,0.9829185325573051
2012-02-18T01:59:11.62,41.8744,142.5178,60.8,4.2,2021-07-03T17:19:54.09,41.8889,142.508,62.5,4.2,0.3425871496632258,0.9434504897090615
2012-03-14T17:10:32.5,35.78,140.89,12.0,3.6,2021-07-02T16:45:59.43,35.7773,140.981,10.3,4.0,1.4445769769933583,0.9762595075904412
2012-04-08T17:42:48.15,36.3198,142.6747,15.0,3.9,2021-06-05T23:23:32.28,36.3175,142.6437,15.0,3.8,0.2426169917314382,0.9824826840050297
2012-05-15T00:09:06.0,39.6457,142.1157,47.0,4.0,2021-07-03T16:24:00.51,39.6578,142.1142,53.6,4.2,-0.5065258482300887,0.9122670359661236
2012-06-11T10:33:11.25,40.0786,142.5357,44.5,4.1,2021-07-30T04:05:11.73,40.0677,142.5735,44.5,4.5,0.44509203066694697,0.900184667933709
2012-06-16T02:44:15.41,37.1305,141.4968,36.0,3.6,2021-06-30T03:53:19.05,37.1066,141.5703,45.1,4.2,-0.0403615479499666,0.9181969114175741
2012-07-04T06:03:24.47,36.6516,140.9803,42.3,4.0,2021-07-04T06:35:21.69,36.6335,140.9932,47.7,4.6,-0.29227316536345366,0.9925351708797179
2012-11-17T05:40:54.17,36.4459,140.7314,50.9,3.7,2021-07-22T18:14:57.6,36.4373,140.6605,53.1,3.6,-0.1975603344731468,0.9700355806417158
2012-11-21T00:02:19.28,39.6163,142.102,50.4,4.1,2021-07-03T16:24:00.51,39.6578,142.1142,53.6,4.2,-0.01184089636612673,0.9365041998688092
2013-01-16T15:52:52.47,36.2776,142.6554,15.0,3.8,2021-06-05T23:23:32.28,36.3175,142.6437,15.0,3.8,0.11185331436231233,0.98576742775842
2013-03-21T08:18:53.13,37.1156,141.4709,48.6,3.9,2021-06-30T03:53:19.05,37.1066,141.5703,45.1,4.2,0.9044059385489586,0.9834852087047321
2013-05-18T15:51:01.28,39.6298,142.1197,53.3,4.0,2021-07-03T16:24:00.51,39.6578,142.1142,53.6,4.2,0.005447420220826671,0.9767861985171752
2013-09-19T01:21:41.6,36.43,140.66,52.0,3.6,2021-07-22T18:14:57.6,36.4373,140.6605,53.1,3.6,-0.011778635207977022,0.9528800377122963
2013-09-28T02:11:45.23,37.1203,141.4866,29.8,3.5,2021-06-30T03:53:19.05,37.1066,141.5703,45.1,4.2,-1.1436054725324185,0.9438633502001259
2013-11-21T08:59:23.22,39.5994,142.2982,43.2,4.1,2021-07-03T16:24:00.51,39.6578,142.1142,53.6,4.2,-1.4087236525732638,0.9503213643161157
2014-01-01T14:39:25.33,36.6279,141.0019,52.5,4.2,2021-07-04T06:35:21.69,36.6335,140.9932,47.7,4.6,0.36504604135355456,0.9956305729966233
2014-02-26T10:57:03.59,37.1615,141.4438,39.3,3.9,2021-06-30T03:53:19.05,37.1066,141.5703,45.1,4.2,0.46464186736776697,0.9837246848535728
2014-04-16T11:23:10.56,36.2696,142.7817,35.0,3.7,2021-06-05T23:23:32.28,36.3175,142.6437,15.0,3.8,1.1903448820222344,0.9823872901058985
2014-07-27T09:24:15.45,39.6279,142.1824,48.6,4.1,2021-07-03T16:24:00.51,39.6578,142.1142,53.6,4.2,-0.46496942926076196,0.9593635458273655
2014-10-17T03:34:18.5,36.43,140.66,53.0,3.5,2021-07-22T18:14:57.6,36.4373,140.6605,53.1,3.6,-0.11693331392581914,0.968614060768543
2015-02-09T11:09:54.33,37.1252,141.5734,20.3,3.9,2021-06-30T03:53:19.05,37.1066,141.5703,45.1,4.2,-2.347691108562411,0.9800408615274822
2015-03-23T13:56:48.72,39.6415,142.0922,47.4,4.2,2021-07-03T16:24:00.51,39.6578,142.1142,53.6,4.2,-0.6110625053876608,0.9573282756195061
2015-06-03T18:11:03.16,36.2307,141.9493,16.8,3.8,2021-06-02T09:14:53.15,36.1651,141.8872,10.0,3.9,0.8553464336052528,0.9924708600802079
2015-08-12T19:29:05.42,36.449,140.7754,53.3,3.6,2021-07-22T18:14:57.6,36.4373,140.6605,53.1,3.6,-0.7369009093108675,0.9811595818044347
2015-09-28T16:33:55.17,39.5984,142.1289,50.4,3.9,2021-07-03T16:24:00.51,39.6578,142.1142,53.6,4.2,-0.4797759339813041,0.9222247649782186
2015-12-14T20:32:56.65,36.3929,142.5603,15.0,3.6,2021-06-05T23:23:32.28,36.3175,142.6437,15.0,3.8,0.3224624400057896,0.9827651691471827
2015-12-31T18:53:18.29,39.629,142.2132,51.4,3.9,2021-07-03T16:24:00.51,39.6578,142.1142,53.6,4.2,-0.42559969573331613,0.9443617506956683
2016-01-03T02:59:43.08,37.151,141.4015,46.6,4.0,2021-06-30T03:53:19.05,37.1066,141.5703,45.1,4.2,0.9120855941468021,0.9886877956246799
2016-07-03T09:06:01.44,39.6391,142.159,50.0,4.1,2021-07-03T16:24:00.51,39.6578,142.1142,53.6,4.2,-0.23379603683764255,0.9745213294452312
2016-07-19T07:27:57.09,36.635,140.9634,50.7,4.3,2021-07-04T06:35:21.69,36.6335,140.9932,47.7,4.6,0.8851364302983022,0.9944831651798977
2016-08-10T05:50:56.0,36.4293,140.6567,53.1,3.7,2021-07-22T18:14:57.6,36.4373,140.6605,53.1,3.6,-0.02858750095026534,0.9372413659811146
2017-03-22T14:47:21.37,36.6385,141.0008,46.9,3.8,2021-07-04T06:35:21.69,36.6335,140.9932,47.7,4.6,-0.2493569615129939,0.9868325905250935
2017-04-05T20:00:13.64,39.611,142.0494,51.1,4.2,2021-07-03T16:24:00.51,39.6578,142.1142,53.6,4.2,-0.004097651487076748,0.9361543291154483
2017-06-29T22:41:15.2,36.43,140.6557,53.1,3.7,2021-07-22T18:14:57.6,36.4373,140.6605,53.1,3.6,-0.008453083326771922,0.960177501099615
2017-07-03T02:27:25.18,37.1267,141.4957,31.7,4.2,2021-06-30T03:53:19.05,37.1066,141.5703,45.1,4.2,-0.5919061462652063,0.97974074272584
2017-07-28T13:31:22.05,36.2957,140.0499,77.9,3.5,2021-07-27T16:52:30.17,36.3292,140.0714,77.6,3.5,0.09676397748071547,0.9918854842348951
2017-08-14T11:01:31.55,40.1051,142.3077,47.0,4.0,2021-07-30T04:05:11.73,40.0677,142.5735,44.5,4.5,1.083833493488281,0.9284469923692291
2018-02-26T08:44:37.0,36.3658,142.6509,35.0,3.8,2021-06-05T23:23:32.28,36.3175,142.6437,15.0,3.8,3.220181098789612,0.967718788022417
2018-03-16T04:09:23.39,36.4317,140.6542,52.9,3.5,2021-07-22T18:14:57.6,36.4373,140.6605,53.1,3.6,0.024948680841056503,0.915992732426623
2018-09-19T00:01:36.3,36.6467,140.9839,46.6,4.4,2021-07-04T06:35:21.69,36.6335,140.9932,47.7,4.6,0.03221952695755155,0.9942109067610586
2018-11-16T02:49:11.8,39.6082,142.1445,51.3,4.2,2021-07-03T16:24:00.51,39.6578,142.1142,53.6,4.2,-0.4033184074226538,0.9125291269907037
2019-01-15T07:38:43.19,36.4295,140.656,52.9,3.6,2021-07-22T18:14:57.6,36.4373,140.6605,53.1,3.6,-0.004696025994458786,0.9354025550054051
2019-04-27T00:57:29.03,37.1869,141.3486,45.0,4.3,2021-06-30T03:53:19.05,37.1066,141.5703,45.1,4.2,1.3552688111369349,0.9865345312668202
2019-06-27T19:29:43.28,40.1277,142.4937,44.1,4.0,2021-07-30T04:05:11.73,40.0677,142.5735,44.5,4.5,0.22255427493662913,0.9139908285611575
2019-09-04T10:54:41.84,39.605,142.1095,53.7,3.9,2021-07-03T16:24:00.51,39.6578,142.1142,53.6,4.2,0.2919582048077618,0.9008282585487909
2019-10-28T13:28:56.63,36.4615,140.6892,45.4,3.5,2021-07-22T18:14:57.6,36.4373,140.6605,53.1,3.6,0.8437939252656866,0.9789799273525513
2020-08-12T22:40:23.03,36.4292,140.6567,52.9,3.6,2021-07-22T18:14:57.6,36.4373,140.6605,53.1,3.6,-0.0048698818999912685,0.973086147917457