event1,latitude1,longitude1,depth1,magnitude1,event2,latitude2,longitude2,depth2,magnitude2,Δτ,cc
2007-04-09T23:32:01.7,36.62,141.0,47.0,3.2,2009-08-25T23:54:58.1,36.62,140.99,46.0,3.2,0.0273154583112363,0.9299824226412906
2007-04-15T12:45:03.9,36.22,140.88,45.0,3.1,2011-03-18T10:38:53.5,36.24,140.9,44.0,3.4,0.0264577704188129,0.902086152294258
2007-04-15T12:45:03.9,36.22,140.88,45.0,3.1,2011-08-16T14:25:02.5,36.24,140.9,45.0,3.0,0.0278159009139712,0.909156122015702
2007-04-16T01:17:14.7,35.4,140.98,35.0,3.0,2010-03-06T21:05:59.0,35.39,141.0,36.0,3.1,0.1935375002446479,0.9984441216390272
2007-04-16T01:17:14.7,35.4,140.98,35.0,3.0,2011-04-23T16:42:50.89,35.3923,141.1026,33.0,3.0,1.2946349339855787,0.9876964667557934
2007-04-27T05:02:19.8,36.02,139.95,45.0,3.1,2011-09-01T12:41:35.0,36.02,139.94,42.0,3.3,-0.2253442159158237,0.9077591634889662
2007-04-27T05:02:19.8,36.02,139.95,45.0,3.1,2009-03-25T06:26:16.04,35.9763,139.9557,46.7,4.0,0.1132373046906576,0.966387408966168
2007-04-27T14:04:10.0,37.0,141.51,49.0,3.4,2009-07-14T21:06:31.8,36.98,141.58,38.0,3.4,0.5743901271287324,0.9919268304220852
2007-05-02T04:07:01.0,36.73,141.91,38.0,3.0,2011-06-17T06:32:45.5,36.75,141.79,42.0,3.4,-1.5198815778488814,0.9556365148935806
2007-05-02T04:07:01.0,36.73,141.91,38.0,3.0,2012-05-17T01:06:00.6,36.74,141.92,20.0,3.2,0.7740499886545561,0.964160374460764
2007-05-20T10:23:15.8,36.49,142.53,19.0,3.0,2007-05-20T11:06:19.08,36.468,142.5647,15.0,3.2,-0.3726429572829998,0.9109018975462162
2007-06-01T04:41:29.9,34.73,142.12,54.0,3.1,2011-11-27T08:06:55.4,34.76,142.07,38.0,3.2,-0.5417291493651754,0.9715596953700733
2007-06-16T04:24:53.1,36.12,140.03,49.0,3.0,2011-03-23T14:17:27.3,36.12,140.02,48.0,3.4,-0.0412358478869682,0.9826264448446772
2007-06-16T04:24:53.1,36.12,140.03,49.0,3.0,2011-07-13T00:32:23.4,36.12,140.03,48.0,3.0,-0.0755049977361822,0.9846275598375822
2007-06-17T11:12:02.8,36.7,142.21,27.0,3.0,2011-10-29T14:31:29.7,36.73,142.22,17.0,3.4,0.8061788130892337,0.9592059924596156
2007-06-18T14:08:00.4,36.7,142.31,15.0,3.1,2011-04-06T17:12:48.2,36.69,142.46,41.0,3.4,0.0474078686551709,0.9104864692649304
2007-06-18T14:08:00.4,36.7,142.31,15.0,3.1,2011-05-14T13:40:06.1,36.7,142.44,15.0,3.3,1.1623431705418843,0.9479242631428793
2007-06-18T14:08:00.4,36.7,142.31,15.0,3.1,2011-06-01T21:54:06.1,36.7,142.31,44.0,3.1,-1.6106624760252246,0.9321549245762192
2007-06-18T14:08:00.4,36.7,142.31,15.0,3.1,2011-08-23T15:23:52.3,36.7,142.45,30.0,3.2,0.3150133789602209,0.9289539305517448
2007-06-18T14:08:00.4,36.7,142.31,15.0,3.1,2012-01-03T08:47:23.4,36.73,142.25,30.0,3.0,-1.821590564444232,0.9527116947782068
2007-06-18T14:08:00.4,36.7,142.31,15.0,3.1,2012-04-10T06:06:33.9,36.72,142.27,15.0,3.2,-0.5344216178428629,0.943300088586047
2007-06-18T14:08:00.4,36.7,142.31,15.0,3.1,2009-08-28T03:40:45.53,36.6759,142.3,1.7,3.5,2.1073671329263,0.9835836002779054
2007-06-18T14:08:00.4,36.7,142.31,15.0,3.1,2011-04-24T12:06:05.4,36.71,142.57,47.0,3.6,0.9821766588881284,0.9123118150290116
2007-06-18T14:08:00.4,36.7,142.31,15.0,3.1,2011-06-26T08:41:23.5,36.6431,142.4634,15.0,3.8,0.7174286281031497,0.9501676697815746
2007-06-22T02:37:10.14,36.1568,142.5966,18.0,3.0,2011-06-07T23:19:09.77,36.2775,142.3507,15.0,3.0,-2.6884372302245563,0.926285230902418
2007-06-22T13:24:56.5,36.59,141.23,47.0,3.2,2010-03-13T10:18:18.4,36.59,141.22,45.0,3.1,-0.2327938427533071,0.9933189721382292
2007-07-29T06:28:34.21,35.4784,140.0547,71.6,3.4,2011-05-10T20:08:22.85,35.5544,140.0906,71.4,3.4,-0.0024815110741547,0.9890551478250472
2007-07-29T23:31:42.4,37.75,142.17,34.0,3.2,2007-07-30T02:42:36.3,37.76,142.19,39.0,3.4,0.1270984414582779,0.911838651761246
2007-08-06T13:58:12.0,39.96,142.1,88.0,3.0,2008-07-25T08:59:24.47,39.6067,142.1554,46.0,3.9,2.7592728880434745,0.9093145151831996
2007-08-19T19:32:21.9,39.71,142.63,31.0,3.1,2007-10-19T08:34:28.2,39.78,142.63,39.0,3.0,11.51278840688832,0.9744299275440532
2007-08-27T10:30:25.65,38.8427,141.7674,67.0,3.4,2007-10-27T00:31:13.4,38.91,142.08,52.0,3.2,13.017959897811457,0.9254222593758112
2007-08-27T10:30:25.65,38.8427,141.7674,67.0,3.4,2007-12-05T20:55:43.6,38.88,141.6,74.0,3.0,-10.126188487682972,0.9620614585874884
2007-08-27T10:30:25.65,38.8427,141.7674,67.0,3.4,2008-01-19T12:22:50.7,38.78,141.64,64.0,3.0,9.00063761060937,0.96098335248015
2007-08-27T10:30:25.65,38.8427,141.7674,67.0,3.4,2008-06-09T03:11:51.3,38.6,141.9,50.0,3.4,7.4847148141220705,0.9538185224516338
2007-09-05T09:02:40.3,37.87,142.63,32.0,3.3,2008-02-05T09:51:15.2,37.93,142.48,37.0,3.0,2.949994357907596,0.9996536403941916
2007-09-05T09:02:40.3,37.87,142.63,32.0,3.3,2008-07-22T09:19:56.5,37.71,142.3,30.0,3.3,5.149979502307456,0.9998618239443704
2007-09-05T09:02:40.3,37.87,142.63,32.0,3.3,2008-07-22T09:02:20.6,37.58,142.73,26.0,3.6,10.449997595121737,0.9998009560207886
2007-09-09T22:51:01.9,39.67,142.51,35.0,3.3,2007-12-15T04:18:16.54,39.6236,142.0184,46.8,3.7,2.0857568065629573,0.9318161546837213
2007-09-23T03:36:29.2,39.04,140.93,7.0,3.0,2008-06-13T23:51:21.3,39.04,140.82,2.0,3.3,-11.009536996200898,0.9805683658670008
2007-09-23T03:36:29.2,39.04,140.93,7.0,3.0,2008-06-13T23:52:08.7,38.92,140.8,4.0,3.4,-1.5931369683374386,0.9255757264616378
2007-09-23T03:36:29.2,39.04,140.93,7.0,3.0,2008-06-14T00:19:13.6,38.85,140.84,6.0,3.1,-2.616344641284777,0.9407954745562332
2007-09-23T03:36:29.2,39.04,140.93,7.0,3.0,2008-06-14T00:54:33.8,38.91,140.86,8.0,3.3,-13.291597962560916,0.9431760297305788
2007-09-23T03:36:29.2,39.04,140.93,7.0,3.0,2008-07-06T02:54:07.5,39.04,140.89,10.0,3.1,-12.118838244345294,0.970969244673682
2007-09-23T03:36:29.2,39.04,140.93,7.0,3.0,2008-06-14T00:53:50.5,38.96,140.88,7.0,3.5,10.550018959424598,0.9560516003576978
2007-09-23T03:36:29.2,39.04,140.93,7.0,3.0,2008-06-16T04:56:52.18,38.9973,140.8159,11.5,3.9,-12.116311271765705,0.9840383431518338
2007-09-23T03:36:29.2,39.04,140.93,7.0,3.0,2008-07-26T20:28:43.33,39.1328,140.9391,4.6,3.7,-10.120959313157012,0.9838449017309308
2007-09-23T03:36:29.2,39.04,140.93,7.0,3.0,2008-06-29T06:53:24.49,38.8803,140.7605,7.4,4.3,-8.054771522999614,0.9739320766409492
2007-10-05T03:47:13.4,36.48,142.64,29.0,3.1,2008-09-28T16:36:55.32,36.6795,142.3677,15.0,3.8,-9.52000054225636,0.999999025959925
2007-10-27T00:31:13.4,38.91,142.08,52.0,3.2,2008-02-13T12:08:18.0,39.1,142.49,41.0,3.2,-7.364376716504498,0.988253719128206
2007-10-27T00:31:13.4,38.91,142.08,52.0,3.2,2008-04-08T23:52:07.49,38.8595,141.7687,64.1,3.4,-13.631351375421067,0.982262175894044
2007-10-27T00:31:13.4,38.91,142.08,52.0,3.2,2008-06-09T03:11:51.3,38.6,141.9,50.0,3.4,-6.110889643351512,0.9521497009272428
2007-10-27T00:31:13.4,38.91,142.08,52.0,3.2,2008-11-23T09:12:42.33,38.8062,141.6411,68.8,3.4,-3.701622678055476,0.990607880611617
2007-10-27T00:31:13.4,38.91,142.08,52.0,3.2,2011-03-30T10:53:50.7,39.09,142.37,34.0,3.0,-5.775565344897329,0.9330545287831292
2007-12-18T21:19:30.72,36.2033,142.3588,18.0,3.0,2008-05-08T11:54:46.21,36.0329,141.965,23.0,3.3,4.360031817825571,0.9999771388464536
2008-01-17T23:41:41.8,37.0,140.7,94.0,3.1,2010-11-02T00:52:51.6,37.28,140.96,92.0,3.2,5.621616558971812,0.9049376040163506
2008-01-17T23:41:41.8,37.0,140.7,94.0,3.1,2009-12-17T09:33:50.37,37.2367,141.0456,94.9,3.5,5.887576611454985,0.9213792223673064
2008-01-19T12:22:50.7,38.78,141.64,64.0,3.0,2008-04-08T23:52:07.49,38.8595,141.7687,64.1,3.4,-9.602849936649152,0.9085227700996156
2008-01-25T14:42:50.6,39.13,142.54,23.0,3.1,2008-02-13T12:08:18.0,39.1,142.49,41.0,3.2,-12.746756305282323,0.995982968551692
2008-02-05T09:51:15.2,37.93,142.48,37.0,3.0,2008-07-22T09:19:56.5,37.71,142.3,30.0,3.3,2.199989829556613,0.999855620028019
2008-02-05T09:51:15.2,37.93,142.48,37.0,3.0,2008-10-01T23:12:50.3,37.88,142.45,38.0,3.2,-5.249993248957829,0.9999863379421566
2008-02-05T09:51:15.2,37.93,142.48,37.0,3.0,2008-07-22T09:02:20.6,37.58,142.73,26.0,3.6,7.5000081898744435,0.99976542593962
2008-03-01T06:31:40.1,40.63,142.02,63.0,3.2,2008-10-19T00:07:18.58,40.7968,141.9485,65.6,3.4,8.01982588466174,0.9995715375331912
2008-03-22T09:11:05.8,37.11,142.28,19.0,3.1,2008-04-16T15:47:34.1,37.26,141.88,41.0,3.0,-2.251594069628514,0.9043892458119104
2008-03-24T02:17:57.29,36.7159,141.9714,19.0,3.4,2008-05-26T15:30:17.0,36.69,141.44,48.0,3.0,-13.19636659908579,0.9780861740144382
2008-04-08T23:52:07.49,38.8595,141.7687,64.1,3.4,2008-06-09T03:11:51.3,38.6,141.9,50.0,3.4,9.070003739687913,0.9881131176073992
2008-05-07T10:18:48.77,36.2299,141.9786,19.0,3.2,2008-05-07T17:18:53.34,36.2679,141.9348,11.3,3.4,0.3008566970320744,0.9472037952517434
2008-05-07T10:18:48.77,36.2299,141.9786,19.0,3.2,2008-05-08T11:54:46.21,36.0329,141.965,23.0,3.3,10.110031387084511,0.9999719603803578
2008-05-07T10:18:48.77,36.2299,141.9786,19.0,3.2,2008-07-21T07:26:29.27,36.2354,142.0819,13.8,4.0,1.6500545349217195,0.999872344644078
2008-05-07T10:18:48.77,36.2299,141.9786,19.0,3.2,2008-08-06T22:38:50.07,36.2966,141.9098,19.0,3.8,-1.5111508740300472,0.9293472067419402
2008-05-07T17:18:53.34,36.2679,141.9348,11.3,3.4,2008-05-08T11:54:46.21,36.0329,141.965,23.0,3.3,9.809191659793818,0.9475754182088698
2008-05-07T17:18:53.34,36.2679,141.9348,11.3,3.4,2008-07-21T07:26:29.27,36.2354,142.0819,13.8,4.0,1.349231228596124,0.9473914435862892
2008-05-07T17:18:53.34,36.2679,141.9348,11.3,3.4,2008-08-06T22:38:50.07,36.2966,141.9098,19.0,3.8,-1.8138971552011904,0.9149393512544532
2008-05-07T22:50:12.0,36.124,141.8761,21.7,3.1,2008-05-09T08:18:36.8,36.05,141.76,43.0,3.2,-3.099995973432665,0.9999253748121684
2008-05-08T11:32:25.8,36.17,142.06,68.0,3.0,2008-05-10T05:26:36.4,36.22,141.79,66.0,3.0,-11.249916421896534,0.9999483176297136
2008-05-08T11:54:46.21,36.0329,141.965,23.0,3.3,2008-07-21T07:26:29.27,36.2354,142.0819,13.8,4.0,-8.459975806510329,0.9999097109826685
2008-05-08T11:54:46.21,36.0329,141.965,23.0,3.3,2008-08-06T22:38:50.07,36.2966,141.9098,19.0,3.8,-11.621192521776749,0.930145228743767
2008-05-09T08:18:36.8,36.05,141.76,43.0,3.2,2008-05-09T21:23:26.8,36.14,141.84,80.0,3.2,6.049977221853576,0.9999547649369736
2008-05-28T17:19:11.3,38.99,140.59,0.0,3.0,2008-06-14T00:53:50.5,38.96,140.88,7.0,3.5,11.300087380843694,0.9673828027180484
2008-05-28T17:19:11.3,38.99,140.59,0.0,3.0,2008-07-19T04:09:33.01,39.0949,140.8794,11.8,4.2,-11.459992338596743,0.92150123108715
2008-06-09T03:11:51.3,38.6,141.9,50.0,3.4,2008-11-23T09:12:42.33,38.8062,141.6411,68.8,3.4,2.407915903933256,0.9215847180968788
2008-06-13T23:51:21.3,39.04,140.82,2.0,3.3,2008-06-14T00:19:13.6,38.85,140.84,6.0,3.1,8.381365406763749,0.9922426553549544
2008-06-13T23:51:21.3,39.04,140.82,2.0,3.3,2008-06-14T00:25:56.3,39.15,140.93,9.0,3.0,12.501908144333132,0.9998705667197072
2008-06-13T23:51:21.3,39.04,140.82,2.0,3.3,2008-06-14T01:20:43.6,39.1,140.86,10.0,3.1,11.252683606499334,0.99914899512206
2008-06-13T23:51:21.3,39.04,140.82,2.0,3.3,2008-06-14T01:20:59.5,39.08,140.89,10.0,3.0,11.20345119996968,0.9990864632265238
2008-06-13T23:51:21.3,39.04,140.82,2.0,3.3,2008-06-14T02:39:50.4,39.02,140.88,6.0,3.0,11.093682312569715,0.9997710904832398
2008-06-13T23:51:21.3,39.04,140.82,2.0,3.3,2008-06-14T04:35:54.03,38.9214,140.6864,35.0,3.2,6.966338555310362,0.9987209994174292
2008-06-13T23:51:21.3,39.04,140.82,2.0,3.3,2008-06-14T04:36:28.8,38.89,140.76,8.0,3.0,8.84867525544655,0.9998740449186224
2008-06-13T23:51:21.3,39.04,140.82,2.0,3.3,2008-06-14T09:44:07.2,39.02,140.88,8.0,3.1,10.423051945248597,0.9987342260732868
2008-06-13T23:51:21.3,39.04,140.82,2.0,3.3,2008-06-14T17:54:41.4,39.09,140.98,10.0,3.0,11.797151640746147,0.9998435618277628
2008-06-13T23:51:21.3,39.04,140.82,2.0,3.3,2008-06-15T10:11:01.06,39.0958,140.9077,10.0,3.1,-11.920300386984636,0.9576946638936464
2008-06-13T23:51:21.3,39.04,140.82,2.0,3.3,2008-06-16T06:57:27.8,38.98,140.9,7.0,3.3,7.75796610367433,0.980814693550422
2008-06-13T23:51:21.3,39.04,140.82,2.0,3.3,2008-06-16T08:50:15.9,39.09,140.83,12.0,3.3,9.32103103377857,0.9786947458977676
2008-06-13T23:51:21.3,39.04,140.82,2.0,3.3,2008-06-16T22:11:44.7,38.92,140.58,5.0,3.0,9.212395865267464,1.0013064033370274
2008-06-13T23:51:21.3,39.04,140.82,2.0,3.3,2008-06-17T15:35:32.0,39.11,140.93,12.0,3.4,11.371461860132952,0.9974363623735036
2008-06-13T23:51:21.3,39.04,140.82,2.0,3.3,2008-06-30T05:13:54.1,39.08,140.94,9.0,3.3,11.14586937991827,0.999307293695402
2008-06-13T23:51:21.3,39.04,140.82,2.0,3.3,2008-07-01T10:15:57.1,38.76,140.77,4.0,3.1,-11.76030038698465,0.9576946638936013
2008-06-13T23:51:21.3,39.04,140.82,2.0,3.3,2008-07-18T06:41:14.0,38.9,140.88,5.0,3.0,9.514236626081402,1.000973401160142
2008-06-13T23:51:21.3,39.04,140.82,2.0,3.3,2008-10-27T17:41:28.65,39.0781,140.9775,3.5,3.0,2.8952734706878367,0.9779508886320109
2008-06-13T23:51:21.3,39.04,140.82,2.0,3.3,2008-11-02T07:58:23.0,39.21,140.92,7.0,3.0,7.639699671724843,0.9576961298355576
2008-06-13T23:51:21.3,39.04,140.82,2.0,3.3,2008-11-09T13:49:45.28,38.7392,140.9158,17.0,3.4,5.358378132078071,0.9962860048817352
2008-06-13T23:51:21.3,39.04,140.82,2.0,3.3,2008-06-13T23:54:37.4,39.1,140.84,10.0,3.8,10.96137331138559,1.00069891681295
2008-06-13T23:51:21.3,39.04,140.82,2.0,3.3,2008-06-14T00:01:43.27,38.897,140.882,9.3,4.0,5.746213674988744,0.9249171899545756
2008-06-13T23:51:21.3,39.04,140.82,2.0,3.3,2008-06-14T00:14:33.5,38.77,140.72,4.0,3.6,7.437289787440759,0.9988052728740286
2008-06-13T23:51:21.3,39.04,140.82,2.0,3.3,2008-06-14T01:25:26.9,39.1,140.85,11.0,3.5,11.465875032489595,1.0008820717802134
2008-06-13T23:51:21.3,39.04,140.82,2.0,3.3,2008-06-14T02:30:13.6,39.07,140.96,10.0,3.5,10.943680010126386,0.9993429212727392
2008-06-13T23:51:21.3,39.04,140.82,2.0,3.3,2008-06-14T15:04:43.7,38.9126,140.8875,7.3,3.6,9.15481071794547,0.9988446595845564
2008-06-13T23:51:21.3,39.04,140.82,2.0,3.3,2008-06-16T15:03:21.09,38.91,140.8775,7.5,3.5,9.10370086100992,0.9792849692277332
2008-06-13T23:51:21.3,39.04,140.82,2.0,3.3,2008-06-20T16:55:30.36,39.1706,140.9608,6.5,4.0,13.207417761998716,0.999746331347197
2008-06-13T23:51:21.3,39.04,140.82,2.0,3.3,2008-11-12T04:39:47.78,38.8965,140.8165,10.4,4.0,8.558739215070258,0.9988874204924968
2008-06-13T23:51:21.3,39.04,140.82,2.0,3.3,2008-06-14T02:35:17.27,39.0203,140.8728,8.9,4.5,8.348043614678522,0.9814629954270916
2008-06-13T23:51:21.3,39.04,140.82,2.0,3.3,2008-06-14T14:22:27.44,39.1543,140.9484,11.1,4.2,12.264019678017496,1.000182237417925
2008-06-13T23:51:21.3,39.04,140.82,2.0,3.3,2008-07-19T04:09:33.01,39.0949,140.8794,11.8,4.2,11.178871472171286,0.9989065254744076
2008-06-13T23:51:33.8,38.88,140.83,5.0,3.3,2008-06-15T10:11:01.06,39.0958,140.9077,10.0,3.1,0.5796996128327427,0.9575514762618312
2008-06-13T23:51:33.8,38.88,140.83,5.0,3.3,2008-07-01T10:15:57.1,38.76,140.77,4.0,3.1,0.7396996131857918,0.9576563581768114
2008-06-13T23:51:33.8,38.88,140.83,5.0,3.3,2008-08-06T04:04:53.7,38.92,140.87,7.0,3.0,-7.760300387043784,0.9575493885755594
2008-06-13T23:51:33.8,38.88,140.83,5.0,3.3,2008-10-01T21:05:31.5,39.08,140.9,8.0,3.0,-8.41030139151373,0.9574983748137882
2008-06-13T23:51:33.8,38.88,140.83,5.0,3.3,2008-06-15T16:26:32.3,39.0825,140.9557,1.4,3.7,-6.460300402946725,0.9575514404157404
2008-06-13T23:52:08.7,38.92,140.8,4.0,3.4,2008-06-14T00:19:13.6,38.85,140.84,6.0,3.1,-1.032593504446748,0.9437168177388956
2008-06-13T23:52:08.7,38.92,140.8,4.0,3.4,2008-06-14T00:54:33.8,38.91,140.86,8.0,3.3,-11.663466904838232,0.906978112149978
2008-06-13T23:52:08.7,38.92,140.8,4.0,3.4,2008-07-06T02:54:07.5,39.04,140.89,10.0,3.1,-10.515287732558836,0.9686231254177526
2008-06-13T23:52:08.7,38.92,140.8,4.0,3.4,2008-06-16T04:56:52.18,38.9973,140.8159,11.5,3.9,-10.513698818597357,0.959647629252924
2008-06-13T23:52:08.7,38.92,140.8,4.0,3.4,2008-07-26T20:28:43.33,39.1328,140.9391,4.6,3.7,-8.519225041681231,0.9601090497012716
2008-06-13T23:52:08.7,38.92,140.8,4.0,3.4,2008-11-12T04:39:47.78,38.8965,140.8165,10.4,4.0,-2.830654667197175,0.954093086850088
2008-06-13T23:52:08.7,38.92,140.8,4.0,3.4,2008-06-29T06:53:24.49,38.8803,140.7605,7.4,4.3,-6.45194620849322,0.9502904096937512
2008-06-14T00:03:30.5,38.98,140.85,4.0,3.1,2008-06-14T03:13:42.1,39.07,140.94,11.0,3.2,6.650000168130547,0.999999500035279
2008-06-14T00:03:30.5,38.98,140.85,4.0,3.1,2008-06-14T22:04:58.7,39.03,140.86,8.0,3.1,10.375000802484031,0.9948549228513726
2008-06-14T00:03:30.5,38.98,140.85,4.0,3.1,2008-06-14T02:31:26.9,38.78,140.73,5.0,3.6,-0.4999771632877059,0.9928077506459794
2008-06-14T00:03:30.5,38.98,140.85,4.0,3.1,2008-06-14T03:10:08.09,38.8697,140.8755,16.0,3.9,4.235000548717144,0.9394080392262276
2008-06-14T00:03:30.5,38.98,140.85,4.0,3.1,2008-06-14T01:56:29.46,39.0664,140.9896,10.8,4.3,7.240000161929514,0.9999998155251214
2008-06-14T00:12:00.8,39.06,140.86,10.0,3.1,2008-06-14T00:54:27.7,38.92,140.87,8.0,3.1,-3.6500542500711086,0.9995845785653972
2008-06-14T00:12:00.8,39.06,140.86,10.0,3.1,2008-06-14T00:54:33.8,38.91,140.86,8.0,3.3,-9.750054250071097,0.9995845785653966
2008-06-14T00:12:00.8,39.06,140.86,10.0,3.1,2008-06-16T15:03:21.09,38.91,140.8775,7.5,3.5,9.572157135509116,0.9680490224862718
2008-06-14T00:12:00.8,39.06,140.86,10.0,3.1,2008-06-20T16:55:30.36,39.1706,140.9608,6.5,4.0,13.679531404413394,0.9974695086393324
2008-06-14T00:12:00.8,39.06,140.86,10.0,3.1,2008-06-27T13:57:27.33,38.7508,140.7189,13.8,4.6,-5.573252897283258,0.9668053924140948
2008-06-14T00:15:42.9,38.89,140.87,7.0,3.3,2008-06-14T00:22:07.6,38.99,140.78,4.0,3.4,-10.024364495397906,0.9954055759223948
2008-06-14T00:15:42.9,38.89,140.87,7.0,3.3,2008-06-14T03:13:42.1,39.07,140.94,11.0,3.2,13.585487147140022,1.0008339401165762
2008-06-14T00:15:42.9,38.89,140.87,7.0,3.3,2008-06-16T14:18:05.8,38.99,140.84,6.0,3.1,12.48505562540656,0.9495723675195716
2008-06-14T00:15:42.9,38.89,140.87,7.0,3.3,2008-06-30T05:13:54.1,39.08,140.94,9.0,3.3,8.298099054257223,0.9911117812931338
2008-06-14T00:15:42.9,38.89,140.87,7.0,3.3,2008-06-14T03:10:08.09,38.8697,140.8755,16.0,3.9,10.1872564784979,1.0003543244668385
2008-06-14T00:15:42.9,38.89,140.87,7.0,3.3,2008-06-14T01:56:29.46,39.0664,140.9896,10.8,4.3,14.175487147146953,1.0008339401156163
2008-06-14T00:16:56.0,39.0,140.87,7.0,3.3,2008-06-14T00:53:50.5,38.96,140.88,7.0,3.5,11.250099783919763,0.9561734666642824
2008-06-14T00:16:56.0,39.0,140.87,7.0,3.3,2008-07-19T04:09:33.01,39.0949,140.8794,11.8,4.2,-11.20996404779556,0.9187444562769842
2008-06-14T00:19:13.6,38.85,140.84,6.0,3.1,2008-06-14T00:54:33.8,38.91,140.86,8.0,3.3,-10.6643638882224,0.9376314050567428
2008-06-14T00:19:13.6,38.85,140.84,6.0,3.1,2008-07-06T02:54:07.5,39.04,140.89,10.0,3.1,-9.489159100785816,0.9812050539973494
2008-06-14T00:19:13.6,38.85,140.84,6.0,3.1,2008-06-14T00:53:50.5,38.96,140.88,7.0,3.5,13.350155673101678,0.9617852711093466
2008-06-14T00:19:13.6,38.85,140.84,6.0,3.1,2008-06-16T04:56:52.18,38.9973,140.8159,11.5,3.9,-10.47812704990715,0.9911545975386185
2008-06-14T00:19:13.6,38.85,140.84,6.0,3.1,2008-07-26T20:28:43.33,39.1328,140.9391,4.6,3.7,-7.492653723150285,0.9898272870955224
2008-06-14T00:19:13.6,38.85,140.84,6.0,3.1,2008-06-29T06:53:24.49,38.8803,140.7605,7.4,4.3,-5.426052814822269,0.9856977537192674
2008-06-14T00:22:07.6,38.99,140.78,4.0,3.4,2008-06-14T01:19:39.4,38.77,140.79,3.0,3.0,8.940828942938381,1.0005331766814234
2008-06-14T00:22:07.6,38.99,140.78,4.0,3.4,2008-06-14T01:20:43.6,39.1,140.86,10.0,3.1,9.700503315596528,0.9128190021939498
2008-06-14T00:22:07.6,38.99,140.78,4.0,3.4,2008-06-14T03:13:42.1,39.07,140.94,11.0,3.2,11.722808391479802,0.9895437939242544
2008-06-14T00:22:07.6,38.99,140.78,4.0,3.4,2008-06-14T09:44:07.2,39.02,140.88,8.0,3.1,8.877188917596946,0.9154993502214436
2008-06-14T00:22:07.6,38.99,140.78,4.0,3.4,2008-06-14T23:26:53.4,39.16,140.85,9.0,3.2,13.16196968059301,0.9946611407868936
2008-06-14T00:22:07.6,38.99,140.78,4.0,3.4,2008-06-16T08:50:15.9,39.09,140.83,12.0,3.3,8.736394632012432,0.953886842392681
2008-06-14T00:22:07.6,38.99,140.78,4.0,3.4,2008-06-16T14:18:05.8,38.99,140.84,6.0,3.1,11.630395145998593,0.9938079957117334
2008-06-14T00:22:07.6,38.99,140.78,4.0,3.4,2008-06-17T18:10:11.5,39.12,140.95,11.0,3.0,12.62054995963554,0.9934561386026026
2008-06-14T00:22:07.6,38.99,140.78,4.0,3.4,2008-06-18T08:05:18.6,39.04,140.86,10.0,3.4,11.795303538104411,0.9944647796477732
2008-06-14T00:22:07.6,38.99,140.78,4.0,3.4,2008-06-25T00:47:11.9,39.06,140.82,12.0,3.3,11.635157279688794,0.997229756643094
2008-06-14T00:22:07.6,38.99,140.78,4.0,3.4,2008-06-27T11:41:50.0,38.99,140.86,9.0,3.3,10.521648253606926,0.9676984089175016
2008-06-14T00:22:07.6,38.99,140.78,4.0,3.4,2008-06-14T00:23:05.8,38.98,140.85,5.0,3.6,11.846380517118394,0.9977947670135472
2008-06-14T00:22:07.6,38.99,140.78,4.0,3.4,2008-06-14T00:55:10.4,38.83,140.8,4.0,3.5,9.317285657849029,0.9948209368033312
2008-06-14T00:22:07.6,38.99,140.78,4.0,3.4,2008-06-14T02:31:26.9,38.78,140.73,5.0,3.6,8.536304262007775,0.9978437603898778
2008-06-14T00:22:07.6,38.99,140.78,4.0,3.4,2008-06-14T03:10:08.09,38.8697,140.8755,16.0,3.9,8.321665112426103,0.9870035205466752
2008-06-14T00:22:07.6,38.99,140.78,4.0,3.4,2008-06-14T15:04:43.7,38.9126,140.8875,7.3,3.6,7.603791242058167,0.902741106818554
2008-06-14T00:22:07.6,38.99,140.78,4.0,3.4,2008-06-26T03:20:02.33,39.032,140.9127,7.4,3.5,11.70989818710628,0.9947990298333096
2008-06-14T00:22:07.6,38.99,140.78,4.0,3.4,2008-06-14T01:56:29.46,39.0664,140.9896,10.8,4.3,12.312695690628903,0.9937747509304145
2008-06-14T00:22:07.6,38.99,140.78,4.0,3.4,2008-06-14T02:35:17.27,39.0203,140.8728,8.9,4.5,8.773315550432324,0.9500417821621392
2008-06-14T00:22:07.6,38.99,140.78,4.0,3.4,2008-07-23T03:54:24.67,38.9846,140.888,8.5,4.2,10.734493349045952,0.9923115092419662
2008-06-14T00:23:33.0,38.8,140.74,2.0,3.3,2008-06-14T00:53:50.5,38.96,140.88,7.0,3.5,13.650170457126318,0.9558152280778172
2008-06-14T00:23:33.0,38.8,140.74,2.0,3.3,2008-07-19T04:09:33.01,39.0949,140.8794,11.8,4.2,-8.810159313998174,0.90771312990837
2008-06-14T00:23:51.6,39.1,140.89,12.0,3.2,2008-06-14T00:53:50.5,38.96,140.88,7.0,3.5,10.6501556722782,0.9617852710988636
2008-06-14T00:24:28.2,38.88,140.76,3.0,3.1,2008-06-14T00:53:50.5,38.96,140.88,7.0,3.5,12.750155605616802,0.9579143568741926
2008-06-14T00:24:48.5,38.86,140.85,8.0,3.3,2008-06-14T00:53:50.5,38.96,140.88,7.0,3.5,13.35016491406874,0.9564894707268402
2008-06-14T00:24:48.5,38.86,140.85,8.0,3.3,2008-07-19T04:09:33.01,39.0949,140.8794,11.8,4.2,-9.110159313998151,0.9077131299163034
2008-06-14T00:25:56.3,39.15,140.93,9.0,3.0,2008-06-14T00:54:33.8,38.91,140.86,8.0,3.3,-14.806599214949832,0.9838350168547793
2008-06-14T00:25:56.3,39.15,140.93,9.0,3.0,2008-07-06T02:54:07.5,39.04,140.89,10.0,3.1,-13.60228062653706,0.994533869185593
2008-06-14T00:25:56.3,39.15,140.93,9.0,3.0,2008-06-14T00:53:50.5,38.96,140.88,7.0,3.5,9.450155601112591,0.957914361900985
2008-06-14T00:25:56.3,39.15,140.93,9.0,3.0,2008-06-16T04:56:52.18,38.9973,140.8159,11.5,3.9,-12.625645226025824,0.9953696328082778
2008-06-14T00:25:56.3,39.15,140.93,9.0,3.0,2008-06-23T23:44:11.07,39.038,140.8866,10.2,3.7,-13.039262501350128,1.001307727982227
2008-06-14T00:25:56.3,39.15,140.93,9.0,3.0,2008-07-26T20:28:43.33,39.1328,140.9391,4.6,3.7,-10.626938519094132,0.9985593103572702
2008-06-14T00:25:56.3,39.15,140.93,9.0,3.0,2008-06-29T06:53:24.49,38.8803,140.7605,7.4,4.3,-9.551570696541614,0.991476028540169
2008-06-14T00:54:27.7,38.92,140.87,8.0,3.1,2008-06-14T02:46:32.8,39.1,140.93,10.0,3.1,-8.500000145681565,0.9999977291455256
2008-06-14T00:54:27.7,38.92,140.87,8.0,3.1,2008-06-16T18:11:11.04,38.9082,140.8797,10.6,3.0,-11.415000911496952,0.9947509703147572
2008-06-14T00:54:27.7,38.92,140.87,8.0,3.1,2008-06-16T15:03:21.09,38.91,140.8775,7.5,3.5,11.241954828618685,0.9756545917375506
2008-06-14T00:54:27.7,38.92,140.87,8.0,3.1,2008-06-27T13:57:27.33,38.7508,140.7189,13.8,4.6,-1.9232269893926304,0.966751385075452
2008-06-14T00:54:33.8,38.91,140.86,8.0,3.3,2008-06-14T01:20:43.6,39.1,140.86,10.0,3.1,13.526240590806209,0.9529271034263308
2008-06-14T00:54:33.8,38.91,140.86,8.0,3.3,2008-06-14T01:20:59.5,39.08,140.89,10.0,3.0,13.484906717926863,0.948480598648174
2008-06-14T00:54:33.8,38.91,140.86,8.0,3.3,2008-06-14T02:39:50.4,39.02,140.88,6.0,3.0,13.395159377562422,0.9895018740774116
2008-06-14T00:54:33.8,38.91,140.86,8.0,3.3,2008-06-14T04:35:54.03,38.9214,140.6864,35.0,3.2,9.281213303512228,0.927247004796138
2008-06-14T00:54:33.8,38.91,140.86,8.0,3.3,2008-06-14T04:36:28.8,38.89,140.76,8.0,3.0,11.149350328745324,0.9902266582857762
2008-06-14T00:54:33.8,38.91,140.86,8.0,3.3,2008-06-14T09:44:07.2,39.02,140.88,8.0,3.1,12.701771520869334,0.958947911782834
2008-06-14T00:54:33.8,38.91,140.86,8.0,3.3,2008-06-14T17:54:41.4,39.09,140.98,10.0,3.0,14.098077275033155,0.9900052337157624
2008-06-14T00:54:33.8,38.91,140.86,8.0,3.3,2008-06-16T08:50:15.9,39.09,140.83,12.0,3.3,13.570701120455636,0.9882997379586644
2008-06-14T00:54:33.8,38.91,140.86,8.0,3.3,2008-06-16T22:11:44.7,38.92,140.58,5.0,3.0,11.518114229790768,0.9833303572628872
2008-06-14T00:54:33.8,38.91,140.86,8.0,3.3,2008-06-17T15:35:32.0,39.11,140.93,12.0,3.4,13.653040704773169,0.9524426883882084
2008-06-14T00:54:33.8,38.91,140.86,8.0,3.3,2008-06-30T05:13:54.1,39.08,140.94,9.0,3.3,13.448080793818502,0.9497518296993762
2008-06-14T00:54:33.8,38.91,140.86,8.0,3.3,2008-07-18T06:41:14.0,38.9,140.88,5.0,3.0,11.818428115244592,0.984736190726268
2008-06-14T00:54:33.8,38.91,140.86,8.0,3.3,2008-11-09T13:49:45.28,38.7392,140.9158,17.0,3.4,8.6299629198427,0.9908377906085044
2008-06-14T00:54:33.8,38.91,140.86,8.0,3.3,2008-06-14T01:25:26.9,39.1,140.85,11.0,3.5,13.769775993660383,0.9866315243224136
2008-06-14T00:54:33.8,38.91,140.86,8.0,3.3,2008-06-14T02:30:13.6,39.07,140.96,10.0,3.5,13.247527113114051,0.9491862240855268
2008-06-14T00:54:33.8,38.91,140.86,8.0,3.3,2008-06-14T15:04:43.7,38.9126,140.8875,7.3,3.6,11.43820877037919,0.954575989579024
2008-06-14T00:54:33.8,38.91,140.86,8.0,3.3,2008-06-16T15:03:21.09,38.91,140.8775,7.5,3.5,11.388595901065376,0.929851080146354
2008-06-14T00:54:33.8,38.91,140.86,8.0,3.3,2008-11-12T04:39:47.78,38.8965,140.8165,10.4,4.0,10.84612801003728,0.9519878578491086
2008-06-14T00:54:33.8,38.91,140.86,8.0,3.3,2008-06-14T02:35:17.27,39.0203,140.8728,8.9,4.5,12.58876598898006,1.0010142120746364
2008-06-14T00:54:33.8,38.91,140.86,8.0,3.3,2008-06-14T14:22:27.44,39.1543,140.9484,11.1,4.2,14.56762261746805,0.9810247499764868
2008-06-14T00:54:33.8,38.91,140.86,8.0,3.3,2008-06-27T13:57:27.33,38.7508,140.7189,13.8,4.6,4.1767730106073575,0.9667513850754338
2008-06-14T00:54:33.8,38.91,140.86,8.0,3.3,2008-07-19T04:09:33.01,39.0949,140.8794,11.8,4.2,13.466442454711206,0.9520865545900306
2008-06-14T01:19:39.4,38.77,140.79,3.0,3.0,2008-06-25T00:47:11.9,39.06,140.82,12.0,3.3,2.799834598723055,0.9262681728935755
2008-06-14T01:19:39.4,38.77,140.79,3.0,3.0,2008-06-30T05:13:54.1,39.08,140.94,9.0,3.3,6.457896967922185,0.911846605080455
2008-06-14T01:20:43.6,39.1,140.86,10.0,3.1,2008-07-06T02:54:07.5,39.04,140.89,10.0,3.1,-12.363581743014462,0.98839749629179
2008-06-14T01:20:43.6,39.1,140.86,10.0,3.1,2008-06-16T04:56:52.18,38.9973,140.8159,11.5,3.9,-12.360191104642569,1.0009680969265218
2008-06-14T01:20:43.6,39.1,140.86,10.0,3.1,2008-06-16T15:03:21.09,38.91,140.8775,7.5,3.5,9.735964452680935,0.9957708043413293
2008-06-14T01:20:43.6,39.1,140.86,10.0,3.1,2008-06-20T16:55:30.36,39.1706,140.9608,6.5,4.0,12.852512754012974,0.9965686373494148
2008-06-14T01:20:43.6,39.1,140.86,10.0,3.1,2008-07-26T20:28:43.33,39.1328,140.9391,4.6,3.7,-10.364808783413602,1.00090905101804
2008-06-14T01:20:43.6,39.1,140.86,10.0,3.1,2008-06-29T06:53:24.49,38.8803,140.7605,7.4,4.3,-8.297949936770639,0.9952775485999136
2008-06-14T01:20:59.5,39.08,140.89,10.0,3.0,2008-07-06T02:54:07.5,39.04,140.89,10.0,3.1,-12.308512185739795,0.9847119955235344
2008-06-14T01:20:59.5,39.08,140.89,10.0,3.0,2008-06-16T04:56:52.18,38.9973,140.8159,11.5,3.9,-12.3111396811694,0.999395469020808
2008-06-14T01:20:59.5,39.08,140.89,10.0,3.0,2008-06-16T15:03:21.09,38.91,140.8775,7.5,3.5,9.786639747210277,0.9940952033638708
2008-06-14T01:20:59.5,39.08,140.89,10.0,3.0,2008-06-20T16:55:30.36,39.1706,140.9608,6.5,4.0,12.902898462722444,0.995425967538098
2008-06-14T01:20:59.5,39.08,140.89,10.0,3.0,2008-06-23T23:44:11.07,39.038,140.8866,10.2,3.7,-9.762544903345384,0.9925374393289084
2008-06-14T01:20:59.5,39.08,140.89,10.0,3.0,2008-07-26T20:28:43.33,39.1328,140.9391,4.6,3.7,-10.31611146701639,1.0000301468037849
2008-06-14T01:20:59.5,39.08,140.89,10.0,3.0,2008-06-29T06:53:24.49,38.8803,140.7605,7.4,4.3,-8.249053994642596,0.9908594336041952
2008-06-14T01:28:19.8,39.07,140.95,10.0,3.3,2008-06-16T06:57:27.8,38.98,140.9,7.0,3.3,4.226254176442245,0.9170732798717536
2008-06-14T01:28:19.8,39.07,140.95,10.0,3.3,2008-08-29T18:11:45.7,38.98,140.81,5.0,3.2,9.351628233379529,0.980026578893048
2008-06-14T01:28:19.8,39.07,140.95,10.0,3.3,2008-11-22T20:27:42.1,39.08,140.9,8.0,3.0,6.829585916098289,0.982358970860594
2008-06-14T02:39:50.4,39.02,140.88,6.0,3.0,2008-06-14T10:20:55.1,38.89,140.87,9.0,3.2,9.049879354645762,0.9805400820451248
2008-06-14T02:39:50.4,39.02,140.88,6.0,3.0,2008-06-30T05:13:54.1,39.08,140.94,9.0,3.3,8.972137352301814,0.9626914387456552
2008-06-14T02:39:50.4,39.02,140.88,6.0,3.0,2008-07-06T02:54:07.5,39.04,140.89,10.0,3.1,-12.200462495867358,0.9981008519301784
2008-06-14T02:39:50.4,39.02,140.88,6.0,3.0,2008-06-14T15:04:43.7,38.9126,140.8875,7.3,3.6,6.976626990063126,0.9733831507202338
2008-06-14T02:39:50.4,39.02,140.88,6.0,3.0,2008-06-23T23:44:11.07,39.038,140.8866,10.2,3.7,-11.632251375613372,0.999774258914719
2008-06-14T02:39:50.4,39.02,140.88,6.0,3.0,2008-07-26T20:28:43.33,39.1328,140.9391,4.6,3.7,-9.21922517754917,0.998748468973703
2008-06-14T02:39:50.4,39.02,140.88,6.0,3.0,2008-06-29T06:53:24.49,38.8803,140.7605,7.4,4.3,-7.152159911146521,0.9956334374024544
2008-06-14T03:13:42.1,39.07,140.94,11.0,3.2,2008-06-14T23:26:53.4,39.16,140.85,9.0,3.2,-10.45030494888339,0.9997995495835194
2008-06-14T03:13:42.1,39.07,140.94,11.0,3.2,2008-06-17T00:10:41.0,39.1,140.95,11.0,3.0,-11.070175475430306,0.9207589723905876
2008-06-14T03:13:42.1,39.07,140.94,11.0,3.2,2008-06-17T10:03:54.6,39.15,140.8,8.0,3.0,-10.701135831845283,0.9999347066986268
2008-06-14T03:13:42.1,39.07,140.94,11.0,3.2,2008-06-17T18:10:11.5,39.12,140.95,11.0,3.0,-10.992147090422831,0.9987916546395412
2008-06-14T03:13:42.1,39.07,140.94,11.0,3.2,2008-06-18T08:05:18.6,39.04,140.86,10.0,3.4,-11.817926377611164,1.0002933214547371
2008-06-14T03:13:42.1,39.07,140.94,11.0,3.2,2008-06-27T11:41:50.0,38.99,140.86,9.0,3.3,-12.09395016746331,0.9997713362882688
2008-06-14T03:13:42.1,39.07,140.94,11.0,3.2,2008-08-05T02:07:32.9,38.78,140.8,2.0,3.2,8.3835551076962,0.964234135515132
2008-06-14T03:13:42.1,39.07,140.94,11.0,3.2,2008-09-12T18:18:05.6,39.12,140.86,11.0,3.3,9.74999999999763,0.999999999998134
2008-06-14T03:13:42.1,39.07,140.94,11.0,3.2,2008-10-27T17:41:28.65,39.0781,140.9775,3.5,3.0,-8.816690495523662,0.967894033048448
2008-06-14T03:13:42.1,39.07,140.94,11.0,3.2,2008-06-14T15:04:43.7,38.9126,140.8875,7.3,3.6,-9.899996950684598,1.0000000007376204
2008-06-14T03:13:42.1,39.07,140.94,11.0,3.2,2008-06-16T15:03:21.09,38.91,140.8775,7.5,3.5,-13.38460683153104,1.000347171905275
2008-06-14T03:13:42.1,39.07,140.94,11.0,3.2,2008-06-20T16:55:30.36,39.1706,140.9608,6.5,4.0,-9.438228126344342,0.9995175346513436
2008-06-14T03:13:42.1,39.07,140.94,11.0,3.2,2008-06-26T03:20:02.33,39.032,140.9127,7.4,3.5,-8.93001313542568,1.000000013733224
2008-06-14T03:13:42.1,39.07,140.94,11.0,3.2,2008-08-04T10:08:31.89,38.8657,140.882,5.1,3.5,5.672977113273589,0.9483209742285011
2008-06-14T03:13:42.1,39.07,140.94,11.0,3.2,2008-06-29T06:53:24.49,38.8803,140.7605,7.4,4.3,-13.549738526674773,0.9972333403565664
2008-06-14T04:35:54.03,38.9214,140.6864,35.0,3.2,2008-07-06T02:54:07.5,39.04,140.89,10.0,3.1,-8.074035313743888,0.9803163451775676
2008-06-14T04:35:54.03,38.9214,140.6864,35.0,3.2,2008-06-16T04:56:52.18,38.9973,140.8159,11.5,3.9,-9.065836982865068,1.0011556103545665
2008-06-14T04:35:54.03,38.9214,140.6864,35.0,3.2,2008-06-16T15:03:21.09,38.91,140.8775,7.5,3.5,13.032556653322022,0.968245796847906
2008-06-14T04:35:54.03,38.9214,140.6864,35.0,3.2,2008-07-26T20:28:43.33,39.1328,140.9391,4.6,3.7,-6.0800382013304,0.9989982853101756
2008-06-14T04:35:54.03,38.9214,140.6864,35.0,3.2,2008-06-29T06:53:24.49,38.8803,140.7605,7.4,4.3,-4.017554726406419,0.9966028098285752
2008-06-14T04:36:28.8,38.89,140.76,8.0,3.0,2008-07-06T02:54:07.5,39.04,140.89,10.0,3.1,-9.95560604706617,0.9980668308814432
2008-06-14T04:36:28.8,38.89,140.76,8.0,3.0,2008-06-16T15:03:21.09,38.91,140.8775,7.5,3.5,12.14141252940715,0.9936868934033188
2008-06-14T04:36:28.8,38.89,140.76,8.0,3.0,2008-06-23T23:44:11.07,39.038,140.8866,10.2,3.7,-9.386933452499695,0.9998809229949486
2008-06-14T04:36:28.8,38.89,140.76,8.0,3.0,2008-07-26T20:28:43.33,39.1328,140.9391,4.6,3.7,-6.973999213476214,0.9988736508301544
2008-06-14T04:36:28.8,38.89,140.76,8.0,3.0,2008-06-29T06:53:24.49,38.8803,140.7605,7.4,4.3,-4.906151706240328,0.9960645410234864
2008-06-14T06:31:43.8,39.12,140.93,9.0,3.4,2008-06-17T10:03:54.6,39.15,140.8,8.0,3.0,-12.194265530769096,1.6096620114845228
2008-06-14T06:31:43.8,39.12,140.93,9.0,3.4,2008-08-06T04:04:53.7,38.92,140.87,7.0,3.0,8.100000000000007,0.9999516763401446
2008-06-14T06:31:43.8,39.12,140.93,9.0,3.4,2008-08-29T18:11:45.7,38.98,140.81,5.0,3.2,3.15162721784074,0.978793365997365
2008-06-14T06:31:43.8,39.12,140.93,9.0,3.4,2008-11-22T20:27:42.1,39.08,140.9,8.0,3.0,0.6294010585892316,0.990964771639861
2008-06-14T06:40:20.5,38.78,140.78,2.0,3.0,2008-06-15T05:31:29.4,39.01,140.79,7.0,3.2,14.622527112360611,1.014036459439866
2008-06-14T06:40:20.5,38.78,140.78,2.0,3.0,2008-08-05T02:07:32.9,38.78,140.8,2.0,3.2,8.933554300159376,0.9634803505765496
2008-06-14T06:40:20.5,38.78,140.78,2.0,3.0,2008-09-12T18:18:05.6,39.12,140.86,11.0,3.3,10.300000000144196,0.9999998677739552
2008-06-14T06:40:20.5,38.78,140.78,2.0,3.0,2008-08-04T10:08:31.89,38.8657,140.882,5.1,3.5,6.222977111573365,0.9483128352503768
2008-06-14T07:10:29.8,39.09,140.9,9.0,3.3,2008-07-19T04:09:33.01,39.0949,140.8794,11.8,4.2,-12.259913192943865,0.9219537359696232
2008-06-14T09:44:07.2,39.02,140.88,8.0,3.1,2008-07-06T02:54:07.5,39.04,140.89,10.0,3.1,-11.533943029022794,0.989221281823198
2008-06-14T09:44:07.2,39.02,140.88,8.0,3.1,2008-06-16T04:56:52.18,38.9973,140.8159,11.5,3.9,-11.529248811570636,0.9997408445439302
2008-06-14T09:44:07.2,39.02,140.88,8.0,3.1,2008-07-26T20:28:43.33,39.1328,140.9391,4.6,3.7,-9.534068191674322,0.9997675391144336
2008-06-14T09:44:07.2,39.02,140.88,8.0,3.1,2008-06-29T06:53:24.49,38.8803,140.7605,7.4,4.3,-7.467706748020459,0.9969285409825882
2008-06-14T09:52:32.2,39.04,140.86,7.0,3.2,2008-07-19T04:09:33.01,39.0949,140.8794,11.8,4.2,-11.809989704896555,0.9212822181792646
2008-06-14T10:20:55.1,38.89,140.87,9.0,3.2,2008-06-17T00:10:41.0,39.1,140.95,11.0,3.0,3.450069315745002,0.9881591563892104
2008-06-14T10:20:55.1,38.89,140.87,9.0,3.2,2008-06-17T10:03:54.6,39.15,140.8,8.0,3.0,11.701618252679287,0.9518369387369592
2008-06-14T10:20:55.1,38.89,140.87,9.0,3.2,2008-06-27T14:19:15.61,38.7386,140.7929,9.4,3.5,-2.310584304290165,0.948335889071766
2008-06-14T10:20:55.1,38.89,140.87,9.0,3.2,2008-07-19T04:09:33.01,39.0949,140.8794,11.8,4.2,-9.007657595025927,0.9499242678220492
2008-06-14T16:37:08.1,39.07,140.85,8.0,3.1,2008-06-14T17:43:09.1,38.88,140.86,9.0,3.0,4.750000000197851,0.9999998240954974
2008-06-14T16:37:08.1,39.07,140.85,8.0,3.1,2008-08-05T02:07:32.9,38.78,140.8,2.0,3.2,-6.166445705904522,0.9634691532564345
2008-06-14T16:37:08.1,39.07,140.85,8.0,3.1,2008-09-12T18:18:05.6,39.12,140.86,11.0,3.3,-4.800000000000001,1.0
2008-06-14T16:37:08.1,39.07,140.85,8.0,3.1,2008-08-04T10:08:31.89,38.8657,140.882,5.1,3.5,-8.877023169807257,0.948150755474532
2008-06-14T17:43:09.1,38.88,140.86,9.0,3.0,2008-07-04T10:16:04.6,39.22,140.81,7.0,3.1,-5.38927855926574,0.906302715476212
2008-06-14T17:43:09.1,38.88,140.86,9.0,3.0,2008-08-05T02:07:32.9,38.78,140.8,2.0,3.2,-10.916445866184835,0.9652694534629996
2008-06-14T17:54:41.4,39.09,140.98,10.0,3.0,2008-07-06T02:54:07.5,39.04,140.89,10.0,3.1,-12.90402702587491,0.9980799288810074
2008-06-14T17:54:41.4,39.09,140.98,10.0,3.0,2008-06-16T15:03:21.09,38.91,140.8775,7.5,3.5,9.191830375434968,0.9920149871103048
2008-06-14T17:54:41.4,39.09,140.98,10.0,3.0,2008-06-20T16:55:30.36,39.1706,140.9608,6.5,4.0,13.299523263596772,0.9989212827677992
2008-06-14T17:54:41.4,39.09,140.98,10.0,3.0,2008-06-23T23:44:11.07,39.038,140.8866,10.2,3.7,-12.335504820036148,0.9998523297889288
2008-06-14T17:54:41.4,39.09,140.98,10.0,3.0,2008-07-26T20:28:43.33,39.1328,140.9391,4.6,3.7,-9.922542990228608,0.998834392032671
2008-06-14T17:54:41.4,39.09,140.98,10.0,3.0,2008-06-29T06:53:24.49,38.8803,140.7605,7.4,4.3,-7.854938202890442,0.9959407371837556
2008-06-14T21:52:22.84,39.1095,141.027,16.0,3.4,2008-07-19T04:09:33.01,39.0949,140.8794,11.8,4.2,-12.069992338596554,0.9215012310871508
2008-06-14T21:56:54.5,39.16,140.96,9.0,3.2,2008-07-19T04:09:33.01,39.0949,140.8794,11.8,4.2,-13.2601593142362,0.9077131416669476
2008-06-14T23:26:53.4,39.16,140.85,9.0,3.2,2008-06-16T14:18:05.8,38.99,140.84,6.0,3.1,9.378571373274353,0.9708059775807806
2008-06-14T23:26:53.4,39.16,140.85,9.0,3.2,2008-06-30T05:13:54.1,39.08,140.94,9.0,3.3,5.167641810798567,0.9828608473733286
2008-06-15T03:58:08.2,38.83,140.74,4.0,3.0,2008-07-19T04:09:33.01,39.0949,140.8794,11.8,4.2,-9.009964047795702,0.9187444562549132
2008-06-15T06:25:39.34,39.0929,140.9543,7.3,3.4,2008-07-19T04:09:33.01,39.0949,140.8794,11.8,4.2,-12.569964047795182,0.9187444562742306
2008-06-15T10:11:01.06,39.0958,140.9077,10.0,3.1,2008-06-16T18:02:05.14,39.0585,140.9651,10.0,3.2,-11.879999999999889,0.9999999996027414
2008-06-15T10:11:01.06,39.0958,140.9077,10.0,3.1,2008-07-01T10:15:57.1,38.76,140.77,4.0,3.1,0.1599999999999903,0.9999999999999916
2008-06-15T10:11:01.06,39.0958,140.9077,10.0,3.1,2008-08-06T04:04:53.7,38.92,140.87,7.0,3.0,-8.339999999999318,0.9999978250032456
2008-06-15T10:11:01.06,39.0958,140.9077,10.0,3.1,2008-10-01T21:05:31.5,39.08,140.9,8.0,3.0,-8.990004993300186,0.9925838334965364
2008-06-15T10:11:01.06,39.0958,140.9077,10.0,3.1,2008-06-15T16:26:32.3,39.0825,140.9557,1.4,3.7,-7.0400000280662605,0.9999984760344118
2008-06-15T17:36:04.92,39.1228,140.9549,9.8,3.4,2008-07-19T04:09:33.01,39.0949,140.8794,11.8,4.2,-12.689964047795648,0.918744456254914
2008-06-15T21:06:33.5,39.01,140.85,6.0,3.1,2008-07-19T04:09:33.01,39.0949,140.8794,11.8,4.2,-11.5099923385961,0.921501231081597
2008-06-16T06:57:27.8,38.98,140.9,7.0,3.3,2008-07-06T02:54:07.5,39.04,140.89,10.0,3.1,-10.62031135787789,0.9031999709176584
2008-06-16T06:57:27.8,38.98,140.9,7.0,3.3,2008-10-27T17:41:28.65,39.0781,140.9775,3.5,3.0,-4.860790300388656,0.9276280261265876
2008-06-16T06:57:27.8,38.98,140.9,7.0,3.3,2008-11-02T07:58:23.0,39.21,140.92,7.0,3.0,-0.1234626846728352,0.990516620853254
2008-06-16T06:57:27.8,38.98,140.9,7.0,3.3,2008-06-16T15:03:21.09,38.91,140.8775,7.5,3.5,10.35129397316571,0.9770209881286612
2008-06-16T06:57:27.8,38.98,140.9,7.0,3.3,2008-06-20T16:55:30.36,39.1706,140.9608,6.5,4.0,13.467575401121945,0.9842098332746256
2008-06-16T06:57:27.8,38.98,140.9,7.0,3.3,2008-07-26T20:28:43.33,39.1328,140.9391,4.6,3.7,-6.804495708275391,0.9908488254780244
2008-06-16T08:50:15.9,39.09,140.83,12.0,3.3,2008-07-06T02:54:07.5,39.04,140.89,10.0,3.1,-11.442391549069349,0.9709027531449836
2008-06-16T08:50:15.9,39.09,140.83,12.0,3.3,2008-06-16T15:03:21.09,38.91,140.8775,7.5,3.5,9.72216740793968,0.9861784890807754
2008-06-16T08:50:15.9,39.09,140.83,12.0,3.3,2008-06-20T16:55:30.36,39.1706,140.9608,6.5,4.0,13.830311605276153,0.9984344050393308
2008-06-16T08:50:15.9,39.09,140.83,12.0,3.3,2008-07-26T20:28:43.33,39.1328,140.9391,4.6,3.7,-8.396222741435547,1.0007284163400705
2008-06-16T08:50:15.9,39.09,140.83,12.0,3.3,2008-06-29T06:53:24.49,38.8803,140.7605,7.4,4.3,-7.326865386046494,0.9798642491264552
2008-06-16T11:13:49.7,38.96,140.9,5.0,3.0,2008-07-19T04:09:33.01,39.0949,140.8794,11.8,4.2,-11.05999233859646,0.9215012310899284
2008-06-16T14:18:05.8,38.99,140.84,6.0,3.1,2008-06-17T10:03:54.6,39.15,140.8,8.0,3.0,-9.630321511902682,0.9829117158387116
2008-06-16T14:18:05.8,38.99,140.84,6.0,3.1,2008-06-17T18:10:11.5,39.12,140.95,11.0,3.0,-9.919118887933813,0.9644372478500088
2008-06-16T14:18:05.8,38.99,140.84,6.0,3.1,2008-06-18T08:05:18.6,39.04,140.86,10.0,3.4,-11.729893816668453,0.9975450810988776
2008-06-16T14:18:05.8,38.99,140.84,6.0,3.1,2008-06-27T11:41:50.0,38.99,140.86,9.0,3.3,-12.000584694572558,0.9936370430570504
2008-06-16T14:18:05.8,38.99,140.84,6.0,3.1,2008-10-27T17:41:28.65,39.0781,140.9775,3.5,3.0,-8.709004873325682,1.0064488963152465
2008-06-16T14:18:05.8,38.99,140.84,6.0,3.1,2008-06-16T15:03:21.09,38.91,140.8775,7.5,3.5,-12.293795582268906,0.9507206181463824
2008-06-16T14:18:05.8,38.99,140.84,6.0,3.1,2008-06-20T16:55:30.36,39.1706,140.9608,6.5,4.0,-9.350463618190894,0.9979129898846442
2008-06-16T14:18:05.8,38.99,140.84,6.0,3.1,2008-06-29T06:53:24.49,38.8803,140.7605,7.4,4.3,-13.458419614457249,0.9893185442345864
2008-06-16T17:59:47.3,39.0,140.85,5.0,3.0,2008-07-19T04:09:33.01,39.0949,140.8794,11.8,4.2,-11.459913216715451,0.921953704854774
2008-06-16T18:02:05.14,39.0585,140.9651,10.0,3.2,2008-08-06T04:04:53.7,38.92,140.87,7.0,3.0,3.539999599728094,0.9999312176936328
2008-06-16T21:44:04.46,38.7763,140.8147,5.0,3.1,2008-07-19T04:09:33.01,39.0949,140.8794,11.8,4.2,-8.34996404779757,0.9187444562505908
2008-06-16T22:11:44.7,38.92,140.58,5.0,3.0,2008-07-06T02:54:07.5,39.04,140.89,10.0,3.1,-10.313417113873395,0.996827183319076
2008-06-16T22:11:44.7,38.92,140.58,5.0,3.0,2008-06-23T23:44:11.07,39.038,140.8866,10.2,3.7,-8.761289171829986,0.998851912165538
2008-06-16T22:11:44.7,38.92,140.58,5.0,3.0,2008-07-26T20:28:43.33,39.1328,140.9391,4.6,3.7,-8.327221564496625,0.999547785683711
2008-06-16T22:11:44.7,38.92,140.58,5.0,3.0,2008-06-29T06:53:24.49,38.8803,140.7605,7.4,4.3,-5.277709215882568,0.9895914473639876
2008-06-17T00:10:41.0,39.1,140.95,11.0,3.0,2008-06-30T05:13:54.1,39.08,140.94,9.0,3.3,5.783042927595856,0.9021361101773656
2008-06-17T00:10:41.0,39.1,140.95,11.0,3.0,2008-06-27T14:19:15.61,38.7386,140.7929,9.4,3.5,-5.7600253938297,0.9996518813854698
2008-06-17T00:10:41.0,39.1,140.95,11.0,3.0,2008-07-19T04:09:33.01,39.0949,140.8794,11.8,4.2,-12.160159314161175,0.90771312982679
2008-06-17T10:03:54.6,39.15,140.8,8.0,3.0,2008-06-30T05:13:54.1,39.08,140.94,9.0,3.3,5.417211054503927,0.9836571531801196
2008-06-17T10:03:54.6,39.15,140.8,8.0,3.0,2008-06-27T14:19:15.61,38.7386,140.7929,9.4,3.5,-14.011582876420402,0.9467048031656996
2008-06-17T10:03:54.6,39.15,140.8,8.0,3.0,2008-07-19T04:09:33.01,39.0949,140.8794,11.8,4.2,-12.909961834324864,0.9187354171969448
2008-06-17T13:00:14.8,39.07,140.84,12.0,3.1,2008-07-19T04:09:33.01,39.0949,140.8794,11.8,4.2,-11.459964047795554,0.9187444562549152
2008-06-17T15:35:32.0,39.11,140.93,12.0,3.4,2008-07-06T02:54:07.5,39.04,140.89,10.0,3.1,-12.478275031320456,0.991049978341137
2008-06-17T15:35:32.0,39.11,140.93,12.0,3.4,2008-06-20T16:55:30.36,39.1706,140.9608,6.5,4.0,12.734677092204056,0.9955824487207154
2008-06-17T15:35:32.0,39.11,140.93,12.0,3.4,2008-07-26T20:28:43.33,39.1328,140.9391,4.6,3.7,-10.48137870517273,0.9994936682047824
2008-06-17T15:35:32.0,39.11,140.93,12.0,3.4,2008-06-29T06:53:24.49,38.8803,140.7605,7.4,4.3,-8.416954608182559,0.9964678739041356
2008-06-17T18:10:11.5,39.12,140.95,11.0,3.0,2008-06-30T05:13:54.1,39.08,140.94,9.0,3.3,5.709609199965056,0.9828484076603028
2008-06-18T08:05:18.6,39.04,140.86,10.0,3.4,2008-06-30T05:13:54.1,39.08,140.94,9.0,3.3,6.529041737451475,0.9912218564369656
2008-06-19T04:27:34.8,39.2,140.97,6.0,3.0,2008-08-05T02:07:32.9,38.78,140.8,2.0,3.2,-8.216506914219753,0.96188696382637
2008-06-19T04:27:34.8,39.2,140.97,6.0,3.0,2008-09-12T18:18:05.6,39.12,140.86,11.0,3.3,-6.8500000504154,0.9999922521749104
2008-06-19T04:27:34.8,39.2,140.97,6.0,3.0,2008-08-04T10:08:31.89,38.8657,140.882,5.1,3.5,-10.927023354023795,0.9481527424628804
2008-06-26T22:51:31.4,38.86,140.7,6.0,3.1,2008-07-19T04:09:33.01,39.0949,140.8794,11.8,4.2,-9.060158643635429,0.907726636889377
2008-06-27T11:41:50.0,38.99,140.86,9.0,3.3,2008-06-30T05:13:54.1,39.08,140.94,9.0,3.3,6.816679284271732,0.9852212540192578
2008-06-27T11:41:50.0,38.99,140.86,9.0,3.3,2008-06-29T06:53:24.49,38.8803,140.7605,7.4,4.3,-11.360953172998208,0.995527789531956
2008-06-30T05:13:54.1,39.08,140.94,9.0,3.3,2008-07-06T02:54:07.5,39.04,140.89,10.0,3.1,-12.256493970285144,0.9896945210316496
2008-06-30T05:13:54.1,39.08,140.94,9.0,3.3,2008-07-18T06:41:14.0,38.9,140.88,5.0,3.0,-11.537961680743134,0.9987979024932784
2008-06-30T05:13:54.1,39.08,140.94,9.0,3.3,2008-07-26T20:28:43.33,39.1328,140.9391,4.6,3.7,-10.259113614827394,0.9996967497259888
2008-06-30T05:13:54.1,39.08,140.94,9.0,3.3,2008-07-19T04:09:33.01,39.0949,140.8794,11.8,4.2,-9.87431706823384,0.9938100385663436
2008-07-01T10:15:57.1,38.76,140.77,4.0,3.1,2008-08-06T04:04:53.7,38.92,140.87,7.0,3.0,-8.499999999999998,0.9999978253106504
2008-07-01T11:50:34.99,36.6001,141.3054,31.5,3.3,2008-08-18T06:19:56.1,36.7,141.4,38.0,3.0,-6.222988684072443,0.9285892540548818
2008-07-06T02:54:07.5,39.04,140.89,10.0,3.1,2008-07-18T06:41:14.0,38.9,140.88,5.0,3.0,10.61606334302787,0.9968659753465288
2008-07-06T02:54:07.5,39.04,140.89,10.0,3.1,2008-11-09T13:49:45.28,38.7392,140.9158,17.0,3.4,6.472773316086389,0.9241225798606876
2008-07-06T02:54:07.5,39.04,140.89,10.0,3.1,2008-11-12T04:39:47.78,38.8965,140.8165,10.4,4.0,9.662528288886,0.990055984731571
2008-07-06T02:54:07.5,39.04,140.89,10.0,3.1,2008-07-19T04:09:33.01,39.0949,140.8794,11.8,4.2,12.282646064372086,0.9900291850841098
2008-07-18T06:41:14.0,38.9,140.88,5.0,3.0,2008-07-26T20:28:43.33,39.1328,140.9391,4.6,3.7,-8.629213008764566,0.999616528178324
2008-07-19T18:39:04.3,37.51,142.7,29.0,3.1,2008-07-22T14:33:05.6,37.58,143.09,38.0,3.1,-1.9084178056972456,0.9633473231413878
2008-07-22T09:19:56.5,37.71,142.3,30.0,3.3,2008-10-01T23:12:50.3,37.88,142.45,38.0,3.2,-7.449982080274808,0.9998618887627964
2008-07-22T14:33:05.6,37.58,143.09,38.0,3.1,2008-07-25T11:07:37.3,37.54,142.99,37.0,3.3,4.985171539423916,0.941853088481954
2008-07-22T14:33:05.6,37.58,143.09,38.0,3.1,2008-08-20T04:55:04.2,37.81,143.31,23.0,3.2,2.865162865396348,0.9319461626615744
2008-07-25T11:07:37.3,37.54,142.99,37.0,3.3,2008-08-20T04:55:04.2,37.81,143.31,23.0,3.2,-2.2197194628207617,0.9759548760519892
2008-08-05T02:07:32.9,38.78,140.8,2.0,3.2,2008-09-12T18:18:05.6,39.12,140.86,11.0,3.3,1.3664457054666477,0.963479964320555
2008-08-06T04:04:53.7,38.92,140.87,7.0,3.0,2008-08-29T18:11:45.7,38.98,140.81,5.0,3.2,-4.948368924132012,0.9783848569614476
2008-08-06T04:04:53.7,38.92,140.87,7.0,3.0,2008-11-22T20:27:42.1,39.08,140.9,8.0,3.0,-7.470598941410776,0.990916884595313
2008-08-29T18:11:45.7,38.98,140.81,5.0,3.2,2008-11-22T20:27:42.1,39.08,140.9,8.0,3.0,-2.5222491792465296,0.9727086090817754
2008-08-30T11:50:20.1,37.22,142.9,21.0,3.1,2012-01-23T11:44:43.3,37.51,142.82,43.0,3.0,-3.748671982396608,0.9499937147919064
2008-11-25T15:44:47.66,35.9391,140.125,67.5,3.0,2011-09-06T10:06:50.76,35.916,140.1276,63.6,3.2,0.1657254942191245,0.9706409253281566
2008-11-25T15:44:47.66,35.9391,140.125,67.5,3.0,2012-02-24T04:10:33.52,35.9108,140.1265,67.7,4.2,0.6010366426914431,0.9713796207834072
2008-12-06T07:46:59.8,36.98,141.73,47.0,3.3,2009-09-13T02:16:58.0,36.97,141.76,37.0,3.2,0.4955220360591634,0.9479756324218996
2008-12-06T07:46:59.8,36.98,141.73,47.0,3.3,2010-02-04T02:26:14.82,36.986,141.8051,11.1,3.1,2.4680839385612985,0.9254916228656744
2008-12-06T13:49:24.7,38.55,143.24,17.0,3.4,2008-12-08T07:43:41.96,38.6074,143.1654,23.0,4.3,-2.144407646033606,0.9135289711786284
2008-12-14T15:36:24.6,37.2,142.14,30.0,3.3,2008-12-14T17:51:43.04,37.2538,142.0831,24.0,3.4,-1.1489409532192214,0.9142898261879115
2008-12-18T06:43:18.56,38.4389,143.221,23.0,3.4,2011-03-09T03:33:05.36,38.4593,143.1855,23.0,3.7,-0.3764498055878006,0.901370906848736
2008-12-20T16:56:30.22,36.6885,142.0893,19.0,3.4,2008-12-20T17:17:58.9,36.66,142.24,60.0,3.1,0.6482198415372125,0.9402337033782032
2008-12-20T22:05:23.7,36.41,141.66,64.0,3.0,2010-07-22T14:32:57.6,36.41,141.67,62.0,3.0,0.2516365727535157,0.9959323103223476
2008-12-24T14:05:59.3,36.29,142.56,58.0,3.0,2010-10-26T16:26:43.7,36.31,142.48,70.0,3.0,-0.5510101212638965,0.9776124248791876
2008-12-24T14:05:59.3,36.29,142.56,58.0,3.0,2011-04-21T18:02:02.43,36.369,142.4139,15.0,3.1,-1.4073230483173198,0.9531489380894416
2008-12-24T14:05:59.3,36.29,142.56,58.0,3.0,2011-06-21T23:22:34.7,36.32,142.52,31.0,3.2,0.2006598792919659,0.9673266499016484
2008-12-24T14:05:59.3,36.29,142.56,58.0,3.0,2011-08-07T10:09:22.2,36.31,142.56,33.0,3.1,0.4770768129101351,0.9689896042856704
2008-12-24T14:05:59.3,36.29,142.56,58.0,3.0,2011-10-09T18:25:42.28,36.347,142.1922,9.0,3.1,-2.61320843555006,0.9777582351247248
2008-12-24T14:05:59.3,36.29,142.56,58.0,3.0,2011-12-14T11:15:50.01,36.316,142.1757,15.0,3.1,-2.948650789667603,0.9755084550469152
2009-01-05T12:57:14.3,38.51,143.22,26.0,3.1,2011-03-11T04:11:30.84,38.5138,143.2679,15.0,3.7,0.9225434338150776,0.9097097521684956
2009-01-13T14:11:47.21,35.9344,141.012,31.0,3.2,2011-03-19T23:43:18.37,35.9675,141.2957,31.0,3.3,2.0922414553093707,0.9760037058788312
2009-01-13T14:11:47.21,35.9344,141.012,31.0,3.2,2011-04-12T01:48:16.77,35.9267,140.8899,35.0,3.1,-1.880854078119795,0.9527991569271388
2009-01-13T14:11:47.21,35.9344,141.012,31.0,3.2,2011-05-04T13:17:05.12,35.9067,141.0818,31.0,3.1,0.7423228245831942,0.9911808487153196
2009-01-13T14:11:47.21,35.9344,141.012,31.0,3.2,2011-09-02T15:26:22.2,35.89,140.81,40.0,3.3,-1.9816309120221167,0.9907480192288232
2009-01-14T19:09:23.34,39.6378,142.1534,43.6,3.4,2010-08-09T10:09:16.73,39.6253,142.2577,48.0,3.9,0.2671835565766369,0.9168502082085848
2009-01-14T19:09:23.34,39.6378,142.1534,43.6,3.4,2011-04-16T13:36:37.69,39.5805,142.0666,50.5,3.8,0.3691594124048953,0.932542679713854
2009-01-14T19:09:23.34,39.6378,142.1534,43.6,3.4,2011-08-19T09:58:15.18,39.6245,142.2472,42.8,3.8,0.7045737554441576,0.9324939916828976
2009-01-14T19:09:23.34,39.6378,142.1534,43.6,3.4,2011-10-26T16:44:02.45,39.6233,142.1234,47.4,3.9,-0.1178493828457678,0.917899427942286
2009-01-17T15:28:14.5,36.23,140.91,46.0,3.1,2011-12-12T13:09:59.7,36.23,140.91,47.0,3.0,0.0087744999551061,0.973534906700511
2009-01-21T22:01:56.2,37.0,141.73,37.0,3.2,2009-01-21T22:09:48.5,36.95,141.92,44.0,3.4,2.0075436901475667,0.9644893152186672
2009-01-23T10:38:43.45,36.3348,142.1874,14.7,3.2,2011-08-01T08:57:12.21,36.3043,142.1801,19.0,3.1,-0.724747442638346,0.96772842113479
2009-01-23T10:38:43.45,36.3348,142.1874,14.7,3.2,2012-03-01T01:39:02.95,36.3448,142.256,22.9,3.2,-1.1384675646683415,0.9702256484872844
2009-01-30T21:03:58.93,35.6996,140.2217,63.9,3.3,2011-02-17T05:21:03.66,35.639,140.2105,71.7,3.4,-0.0021875330524996,0.9300767334274692
2009-03-04T10:10:44.91,35.9203,140.9768,31.4,3.2,2012-01-05T20:57:31.8,35.89,140.85,39.0,3.1,-1.1985519076604414,0.951631795724288
2009-03-14T02:11:22.9,38.24,141.69,50.0,3.2,2010-10-02T22:55:08.0,38.24,141.7,51.0,3.0,0.0037307906827396,0.96813498336109
2009-03-14T02:11:22.9,38.24,141.69,50.0,3.2,2012-04-06T16:38:11.08,38.1905,141.865,27.5,3.5,2.978795821716853,0.9683001896898896
2009-03-21T05:45:36.8,35.72,142.94,92.0,3.2,2009-11-25T03:32:22.2,35.77,142.85,93.0,3.1,-1.2073167646712704,0.9644306766931842
2009-03-23T16:28:19.04,35.7544,143.0957,35.0,3.0,2009-04-09T21:26:29.83,35.6734,142.9338,59.0,3.5,-2.627429906297299,0.9836186075600925
2009-03-25T00:22:25.8,36.14,142.04,59.0,3.0,2011-08-22T13:12:11.32,36.1358,141.9999,23.0,3.2,0.4405471465702285,0.9309393924838032
2009-03-27T10:40:30.1,35.7,142.98,77.0,3.0,2009-03-27T11:57:13.9,35.69,142.95,86.0,3.1,-0.0281248108939449,0.918360511370111
2009-04-08T11:19:19.8,35.7,142.97,78.0,3.1,2009-04-09T21:26:29.83,35.6734,142.9338,59.0,3.5,-3.3549021715475136,0.910485075009911
2009-04-11T08:25:16.1,35.99,140.28,41.0,3.0,2011-03-13T12:59:06.2,35.99,140.26,40.0,3.4,-0.1025543034886921,0.9245291071682692
2009-04-11T08:25:16.1,35.99,140.28,41.0,3.0,2011-03-20T17:51:19.8,35.99,140.27,40.0,3.1,-0.055910838608618,0.955364373381952
2009-04-11T08:25:16.1,35.99,140.28,41.0,3.0,2011-05-12T21:30:48.4,35.99,140.27,40.0,3.1,6.289624980740371e-05,0.9470317707402662
2009-04-24T21:44:10.96,34.6938,141.5529,7.8,3.2,2011-08-23T10:56:27.3,34.63,141.58,40.0,3.1,-1.2219100240697298,0.9856245822657268
2009-05-01T21:40:41.9,38.64,141.91,47.0,3.0,2011-04-07T22:33:06.77,38.6288,142.0215,41.0,3.7,0.832476663070248,0.9153477658985526
2009-05-01T21:40:41.9,38.64,141.91,47.0,3.0,2011-05-12T20:24:34.86,38.5966,142.0721,44.7,3.8,1.7770168008155611,0.917281061800633
2009-05-01T21:40:41.9,38.64,141.91,47.0,3.0,2011-07-10T02:21:58.75,38.6517,142.0206,44.6,3.7,0.7061257228529682,0.9033452689945186
2009-05-01T21:40:41.9,38.64,141.91,47.0,3.0,2011-09-23T13:08:58.84,38.6058,142.0237,44.2,3.8,0.540736710584419,0.921067258630654
2009-05-01T21:40:41.9,38.64,141.91,47.0,3.0,2011-11-27T22:25:37.34,38.6361,141.9849,47.3,3.8,0.3652433049271629,0.9251699871601728
2009-05-01T21:40:41.9,38.64,141.91,47.0,3.0,2011-12-31T10:29:00.61,38.6187,142.1108,42.2,3.8,1.4865039136629463,0.9304393429459624
2009-05-01T21:40:41.9,38.64,141.91,47.0,3.0,2012-02-05T12:44:57.46,38.603,142.0346,45.6,3.9,0.9818267119682852,0.9377936254778584
2009-05-01T21:40:41.9,38.64,141.91,47.0,3.0,2012-03-14T13:28:08.53,38.6288,141.9903,46.5,3.9,0.8834624444746544,0.9263660133159056
2009-05-01T21:40:41.9,38.64,141.91,47.0,3.0,2012-05-01T22:07:48.82,38.6343,142.0099,45.2,3.6,0.6595788645005272,0.929319947939852
2009-05-05T13:14:16.1,36.43,140.66,54.0,3.4,2010-11-14T10:08:09.6,36.43,140.66,54.0,3.6,-0.069087007399314,0.9806693302909316
2009-05-05T13:14:16.1,36.43,140.66,54.0,3.4,2012-01-14T15:45:39.17,36.4847,140.7011,51.2,3.8,0.0297438451244401,0.9869848077391998
2009-05-09T05:12:47.21,35.9838,140.1111,74.0,3.2,2010-12-08T07:43:22.19,35.9859,140.1067,68.9,3.4,0.233067386329772,0.968685285168682
2009-05-09T05:12:47.21,35.9838,140.1111,74.0,3.2,2011-09-02T10:47:49.7,36.02,140.09,62.0,3.4,-0.7412158125327309,0.9819494217430752
2009-05-09T05:12:47.21,35.9838,140.1111,74.0,3.2,2012-04-26T20:03:28.33,35.9686,140.1492,67.3,3.2,0.3194680210179106,0.9898556763673824
2009-06-05T20:28:25.2,38.17,141.67,51.0,3.2,2011-04-23T02:13:29.81,38.1695,141.7681,47.2,3.5,0.7354038910291667,0.9339733917357536
2009-06-05T20:28:25.2,38.17,141.67,51.0,3.2,2011-07-09T13:35:25.8,38.1543,141.7318,46.8,3.7,0.479627192274079,0.9447566357515814
2009-06-05T20:28:25.2,38.17,141.67,51.0,3.2,2011-11-07T22:13:18.32,38.1489,141.7726,46.1,3.7,0.8488023908310486,0.9385030950439862
2009-06-06T02:35:34.74,35.5182,141.3184,29.4,3.4,2009-06-06T03:49:23.37,35.5836,141.1854,31.1,4.0,-1.1937630591396493,0.9499337140436456
2009-06-06T17:22:48.48,36.3521,142.0359,19.0,3.1,2011-05-24T11:06:49.91,36.2957,142.3915,35.8,3.2,2.0460385216423917,0.9377730304333424
2009-06-06T17:22:48.48,36.3521,142.0359,19.0,3.1,2011-06-22T13:42:37.08,36.2888,142.0137,23.0,3.1,0.8951157793999062,0.9568232787287204
2009-06-06T17:22:48.48,36.3521,142.0359,19.0,3.1,2011-10-28T14:43:58.53,36.2915,142.3203,15.0,3.1,3.0202628714380526,0.9562664618282358
2009-06-06T17:22:48.48,36.3521,142.0359,19.0,3.1,2012-02-29T09:11:17.43,36.3376,142.1458,15.0,3.0,1.189241145995508,0.9497647091563484
2009-06-13T05:06:16.2,35.5649,143.0377,10.0,3.3,2009-08-16T04:53:18.85,35.7351,142.9796,50.0,3.2,-6.132289478830232,0.9430864311137596
2009-06-13T13:35:21.5,37.17,141.46,47.0,3.3,2010-11-19T00:18:15.7,37.16,141.46,47.0,3.2,0.0058183517265307,0.9861084871521284
2009-06-13T13:35:21.5,37.17,141.46,47.0,3.3,2011-02-26T07:34:49.3,37.1302,141.6183,40.2,3.9,0.5143082399772566,0.918996666420573
2009-06-17T14:35:01.1,36.7,142.14,24.0,3.4,2011-05-07T03:37:48.3,36.71,142.11,12.0,3.1,0.3472016010169183,0.9521397967458078
2009-06-17T14:35:01.1,36.7,142.14,24.0,3.4,2011-07-05T09:29:50.07,36.6926,142.0534,19.0,3.4,-0.4678606358738438,0.9407086436105684
2009-06-17T14:35:01.1,36.7,142.14,24.0,3.4,2011-07-08T23:31:26.9,36.71,142.14,30.0,3.3,-0.7880965616492703,0.968929482557816
2009-06-17T14:35:01.1,36.7,142.14,24.0,3.4,2011-12-17T09:46:54.5,36.72,142.03,17.0,3.1,-0.8105132348218138,0.969944151383448
2009-06-17T14:35:01.1,36.7,142.14,24.0,3.4,2011-04-28T10:45:43.4,36.71,142.12,27.0,3.5,-0.9262844390437506,0.9152494808867498
2009-06-17T14:35:01.1,36.7,142.14,24.0,3.4,2012-02-23T12:26:29.66,36.681,142.0847,19.0,3.7,-0.6714859325053799,0.901558459612129
2009-06-23T20:08:42.57,36.2919,140.029,77.6,3.1,2012-02-25T08:14:54.57,36.3299,140.0525,79.7,3.2,0.297049447126797,0.9919312202042684
2009-06-23T20:08:42.57,36.2919,140.029,77.6,3.1,2011-02-24T05:36:44.49,36.2849,140.0487,79.9,3.6,0.2941264606009424,0.9953300985016692
2009-08-18T00:51:14.4,34.64,142.14,36.0,3.0,2011-12-10T17:38:45.18,34.7081,141.8529,13.7,3.1,-2.5330112598776786,0.9200625111415244
2009-08-18T05:30:48.73,35.5508,140.2112,70.0,3.1,2011-07-14T20:47:57.49,35.5917,139.9877,77.5,3.1,-1.3188283712879572,0.9678630729761056
2009-08-22T08:28:16.48,35.9184,140.9124,31.0,3.2,2012-04-04T09:00:46.89,35.9824,140.9982,35.0,3.0,0.2127759789629257,0.9186568629205732
2009-08-29T06:30:41.3,35.9,140.36,37.0,3.1,2011-05-10T04:02:21.35,35.9514,140.4183,35.0,3.3,-0.4862623849089839,0.9815699465253076
2009-08-29T06:30:41.3,35.9,140.36,37.0,3.1,2012-03-05T14:15:48.0,35.9,140.36,38.0,3.3,-0.0053652021867189,0.9876268789578614
2009-09-13T11:20:02.7,37.46,141.57,45.0,3.3,2010-12-19T01:17:00.5,37.46,141.57,45.0,3.3,0.0299154761894018,0.9874633984379017
2009-09-13T11:20:02.7,37.46,141.57,45.0,3.3,2011-08-30T23:12:29.9,37.45,141.56,43.0,3.2,-0.1009186901280613,0.9778209844005376
2009-09-13T11:20:02.7,37.46,141.57,45.0,3.3,2011-11-19T06:21:18.4,37.45,141.57,44.0,3.4,0.0157235579005241,0.976241506179764
2009-09-13T11:20:02.7,37.46,141.57,45.0,3.3,2012-03-20T07:40:10.6,37.4402,141.6937,39.8,3.6,0.9724860425724472,0.957798462325061
2009-09-16T08:19:52.7,37.35,141.35,49.0,3.2,2011-07-03T11:23:35.1,37.35,141.36,48.0,3.4,-0.0170536062000266,0.9539975514488712
2009-09-16T08:19:52.7,37.35,141.35,49.0,3.2,2011-10-01T07:45:51.3,37.35,141.36,47.0,3.3,-0.0084336629172319,0.964382474074998
2009-09-16T08:19:52.7,37.35,141.35,49.0,3.2,2011-04-13T04:03:11.7,37.34,141.36,46.0,3.5,-0.0591433393651556,0.952129331803924
2009-09-22T16:36:38.46,35.0538,141.3053,34.4,3.1,2011-04-06T06:45:21.5,35.0129,141.2257,35.0,3.2,-1.3034336171822205,0.9842424851391578
2009-09-30T15:18:59.8,36.31,140.01,73.0,3.1,2011-07-17T14:40:06.8,36.31,140.01,73.0,3.1,-0.0597087455887389,0.9862161501708708
2009-09-30T15:18:59.8,36.31,140.01,73.0,3.1,2012-04-09T19:12:43.89,36.2977,140.018,78.5,3.1,0.6484916679820766,0.9841481659121364
2009-10-09T06:11:17.88,35.724,140.824,49.5,3.3,2011-03-16T03:09:05.76,35.6851,140.8312,46.6,3.3,0.3025589443889459,0.9874979669190792
2009-10-09T06:11:17.88,35.724,140.824,49.5,3.3,2012-05-05T14:44:01.98,35.7107,140.8812,47.0,3.4,0.4629385340132252,0.9884907598083742
2009-10-09T06:11:17.88,35.724,140.824,49.5,3.3,2011-04-27T08:35:36.34,35.6774,140.8725,43.6,3.6,0.6854864259089656,0.9912189914654934
2009-10-09T06:11:17.88,35.724,140.824,49.5,3.3,2011-08-22T21:09:00.47,35.6766,140.8147,46.4,3.5,-0.2537184850471174,0.9909503581872862
2009-11-07T20:31:26.4,35.4,140.45,54.0,3.0,2009-11-07T20:32:48.37,35.319,140.5316,56.5,3.3,0.2608770841265195,0.9215754199813584
2009-11-09T15:57:15.3,36.31,141.86,69.0,3.4,2011-07-15T11:55:23.92,36.2481,142.0633,23.0,3.6,0.9508830237538408,0.9299766053133098
2009-12-08T00:45:03.0,36.4044,141.5215,14.2,3.4,2011-02-01T08:56:04.5,36.38,141.41,52.0,3.2,-1.80621839710441,0.9186869146442131
2009-12-17T11:45:39.7,34.97,139.14,5.0,3.3,2009-12-17T13:22:04.8,34.97,139.13,6.0,3.3,0.0697179871858682,0.9306811483334496
2009-12-17T11:45:39.7,34.97,139.14,5.0,3.3,2009-12-17T14:24:17.5,34.96,139.13,6.0,3.1,0.1873045667865442,0.917121446883952
2009-12-17T11:45:39.7,34.97,139.14,5.0,3.3,2009-12-17T22:38:51.8,34.97,139.13,6.0,3.1,0.0364290916652831,0.9608847656767932
2009-12-17T11:45:39.7,34.97,139.14,5.0,3.3,2009-12-18T00:28:52.4,34.97,139.13,6.0,3.2,-0.0554467074974862,0.9286900441523896
2009-12-17T11:45:39.7,34.97,139.14,5.0,3.3,2009-12-17T20:25:28.33,34.9561,139.1003,7.5,4.0,0.1594465405061057,0.941281316357132
2009-12-17T13:22:04.8,34.97,139.13,6.0,3.3,2009-12-18T00:28:52.4,34.97,139.13,6.0,3.2,-0.1258669388797566,0.9732888599279316
2009-12-17T14:24:17.5,34.96,139.13,6.0,3.1,2009-12-17T19:46:02.9,34.96,139.13,5.0,3.1,0.0372578411284193,0.972966181668309
2009-12-17T14:24:17.5,34.96,139.13,6.0,3.1,2009-12-17T20:03:14.6,34.97,139.13,5.0,3.0,-0.1032209184403309,0.962187284014052
2009-12-17T14:24:17.5,34.96,139.13,6.0,3.1,2009-12-17T22:38:51.8,34.97,139.13,6.0,3.1,-0.150261849645632,0.9635745276874113
2009-12-17T14:32:53.1,34.96,139.13,5.0,3.3,2009-12-17T17:29:52.9,34.9045,139.1367,4.8,4.2,1.071354799859805,0.9304065439809276
2009-12-17T19:46:02.9,34.96,139.13,5.0,3.1,2009-12-17T20:03:14.6,34.97,139.13,5.0,3.0,-0.1411340690399208,0.9758075612844682
2009-12-17T19:46:02.9,34.96,139.13,5.0,3.1,2009-12-17T22:38:51.8,34.97,139.13,6.0,3.1,-0.1902885387751745,0.9502302878763906
2009-12-17T19:46:02.9,34.96,139.13,5.0,3.1,2009-12-17T20:25:28.33,34.9561,139.1003,7.5,4.0,-0.07442549772977,0.9015782921908286
2009-12-17T20:03:14.6,34.97,139.13,5.0,3.0,2009-12-17T22:38:51.8,34.97,139.13,6.0,3.1,-0.0491351930702362,0.9449294562290824
2009-12-21T20:49:41.24,35.3765,140.3559,60.0,3.4,2011-07-07T10:05:58.1,35.3536,140.3912,61.0,3.4,0.5459217102421056,0.9429046608918742
2009-12-22T07:28:50.2,36.01,139.89,41.0,3.1,2010-10-14T04:10:45.9,36.01,139.9,41.0,3.5,-0.0761155907925643,0.9767163980640022
2009-12-26T11:01:08.5,36.48,140.52,57.0,3.3,2012-04-30T22:16:31.2,36.47,140.54,58.0,3.6,0.0904628653387637,0.9949859044221172
2010-01-12T11:11:48.14,35.7538,140.1039,71.7,3.2,2012-05-28T17:19:27.73,35.77,140.2047,67.7,3.5,0.8480912555679156,0.9785041315275338
2010-01-12T17:14:50.64,36.621,141.2555,5.1,3.3,2010-01-23T11:14:00.75,36.741,141.2884,8.1,3.5,-2.094430244413191,0.9095192735410078
2010-01-17T09:32:55.8,38.23,142.54,35.0,3.4,2010-01-17T14:39:49.3,38.26,142.52,32.0,3.1,-0.282033958330122,0.9034970032954176
2010-01-22T20:22:52.3,36.19,139.97,53.0,3.0,2011-05-16T19:14:13.1,36.19,139.98,52.0,3.4,-0.0648696842288058,0.9195403769104648
2010-01-22T20:22:52.3,36.19,139.97,53.0,3.0,2011-11-15T19:56:27.55,36.2022,139.9634,54.4,3.4,0.2564356414789781,0.9869004252816936
2010-01-22T20:22:52.3,36.19,139.97,53.0,3.0,2011-04-03T02:49:29.17,36.2055,139.9347,54.4,4.2,0.5188900756684943,0.9329828112942532
2010-02-05T17:32:53.84,35.3639,141.2515,19.3,3.2,2011-09-30T17:01:09.5,35.36,141.24,27.0,3.1,-0.0818017199371524,0.9779369216022628
2010-03-06T21:05:59.0,35.39,141.0,36.0,3.1,2011-04-23T16:42:50.89,35.3923,141.1026,33.0,3.0,1.1012294449843982,0.9893297220371764
2010-03-19T05:18:17.8,37.26,142.19,31.0,3.4,2010-03-19T13:44:42.7,37.25,142.18,29.0,3.1,0.0953423101969459,0.9372557412478624
2010-03-25T03:26:57.9,37.7,141.77,40.0,3.2,2010-05-04T11:01:52.8,37.7,141.77,40.0,3.0,0.0855970244043194,0.919313685684966
2010-03-25T18:04:28.92,36.0547,139.9271,52.3,3.2,2010-10-14T05:29:52.88,36.0909,139.8666,53.8,3.9,-1.2254833037340516,0.9406170984241384
2010-03-27T19:23:47.03,35.4343,141.9559,22.0,3.2,2011-03-14T17:47:59.45,35.3856,142.2051,21.8,3.1,3.230890652596779,0.9224271218698354
2010-03-27T19:23:47.03,35.4343,141.9559,22.0,3.2,2011-05-01T01:33:44.7,35.47,142.36,59.0,3.1,5.052265504694981,0.9640929138369282
2010-03-27T19:23:47.03,35.4343,141.9559,22.0,3.2,2011-05-30T04:08:43.1,35.47,142.32,58.0,3.1,4.528602072078778,0.96838691509397
2010-03-27T19:23:47.03,35.4343,141.9559,22.0,3.2,2011-07-26T17:17:04.55,35.3782,141.8537,22.0,3.0,0.067538310405823,0.9779618760790244
2010-03-27T19:23:47.03,35.4343,141.9559,22.0,3.2,2011-10-31T15:34:18.04,35.4257,142.1742,17.0,3.1,4.240568372816858,0.9817551899508596
2010-03-27T19:23:47.03,35.4343,141.9559,22.0,3.2,2012-04-13T03:22:22.8,35.46,142.35,55.0,3.1,4.894427870780449,0.976763701584492
2010-04-16T21:12:39.73,35.6228,140.1602,69.2,3.4,2012-05-04T02:54:10.48,35.5718,140.1833,69.8,4.3,-0.1787072865817615,0.911534995166882
2010-04-23T21:52:05.5,37.0174,141.9033,12.4,3.3,2011-07-20T18:30:50.94,37.0368,142.0783,19.0,3.7,-1.4443395202153029,0.9313107573349654
2010-05-25T11:23:46.1,35.7,140.12,65.0,3.3,2011-12-15T05:08:32.56,35.6061,140.2183,63.6,3.1,0.6206132124462411,0.9864973963385472
2010-06-07T19:21:09.77,36.0793,139.651,94.7,3.2,2011-12-30T21:14:09.08,36.1056,139.6525,90.7,3.2,-0.2469994672228723,0.9865150614844056
2010-06-23T06:12:52.9,38.64,141.91,47.0,3.2,2011-12-31T10:29:00.61,38.6187,142.1108,42.2,3.8,1.5528089722094318,0.9036571742636844
2010-06-23T06:12:52.9,38.64,141.91,47.0,3.2,2012-02-05T12:44:57.46,38.603,142.0346,45.6,3.9,1.0485119962265714,0.9069982955082356
2010-06-23T06:12:52.9,38.64,141.91,47.0,3.2,2012-05-01T22:07:48.82,38.6343,142.0099,45.2,3.6,0.7272848488715818,0.9071553962484192
2010-06-27T23:08:50.76,36.3151,141.9163,19.0,3.3,2011-05-15T18:49:08.91,36.3441,142.0268,19.0,3.4,0.7376176305628793,0.92051025499047
2010-06-27T23:08:50.76,36.3151,141.9163,19.0,3.3,2012-02-16T09:36:08.32,36.4271,141.3826,26.0,3.0,-3.048824657681585,0.9106964678625036
2010-07-04T13:33:39.3,36.27,141.89,71.0,3.0,2011-04-28T08:44:27.4,36.33,141.98,67.0,3.2,0.8533354467665974,0.9032395284750842
2010-07-09T13:47:51.44,38.6072,141.9196,44.6,3.2,2011-07-08T04:51:33.9,38.62,141.91,48.0,3.7,0.0145231978330629,0.9013218900476172
2010-07-09T13:47:51.44,38.6072,141.9196,44.6,3.2,2011-12-02T08:58:45.26,38.5951,141.9711,41.4,3.8,0.3176518126322334,0.902912734101274
2010-07-09T13:47:51.44,38.6072,141.9196,44.6,3.2,2012-03-21T18:25:03.96,38.5578,142.061,46.7,4.0,0.963570311728193,0.9495260618155356
2010-07-09T13:47:51.44,38.6072,141.9196,44.6,3.2,2011-10-18T09:06:01.09,38.6007,142.0317,47.6,4.1,0.8493763506182088,0.9350074178686654
2010-07-09T13:47:51.44,38.6072,141.9196,44.6,3.2,2012-01-18T08:55:38.94,38.6071,142.0718,43.8,4.3,1.2119970170512284,0.9504384591376612
2010-07-23T10:19:19.51,35.912,140.8892,41.2,3.1,2011-03-22T13:17:35.48,35.8582,140.8237,31.0,3.6,0.4644307307689149,0.9573252444218936
2010-07-23T10:19:19.51,35.912,140.8892,41.2,3.1,2011-05-05T04:28:54.41,35.8783,140.9333,46.3,3.6,-0.0723613851882735,0.947468015910421
2010-07-23T10:19:19.51,35.912,140.8892,41.2,3.1,2012-01-09T09:23:29.94,35.8873,140.9177,30.9,3.6,0.6701550437150758,0.9771122494665626
2010-08-17T08:29:33.5,36.04,139.87,43.0,3.0,2011-05-12T07:54:14.8,36.05,139.88,43.0,3.1,-0.119850049368857,0.9561204829299575
2010-08-18T09:31:24.0,36.78,141.6,49.0,3.2,2011-03-26T05:54:52.3,36.74,141.86,44.0,3.1,2.571026316641051,0.9192971028682928
2010-08-18T09:31:24.0,36.78,141.6,49.0,3.2,2011-07-05T20:14:22.3,36.71,141.89,32.0,3.0,3.3540977385716397,0.9345229295687022
2010-08-18T09:31:24.0,36.78,141.6,49.0,3.2,2011-09-26T07:29:27.9,36.71,141.89,20.0,3.1,3.818135385384727,0.9564538860087738
2010-08-18T09:31:24.0,36.78,141.6,49.0,3.2,2011-03-23T09:22:56.45,36.8998,141.8176,19.0,3.9,2.835657032245736,0.9266259675254208
2010-08-18T09:31:24.0,36.78,141.6,49.0,3.2,2011-04-03T00:09:53.99,36.7086,141.8829,19.0,3.6,2.5752587075329307,0.965598921316454
2010-08-18T09:31:24.0,36.78,141.6,49.0,3.2,2011-05-28T08:36:11.07,36.7555,141.792,19.0,3.7,2.867427965093775,0.9698857196566736
2010-08-18T09:31:24.0,36.78,141.6,49.0,3.2,2011-07-27T19:10:30.7,36.74,141.81,45.0,3.5,2.076582517083293,0.9556296921539356
2010-08-18T09:31:24.0,36.78,141.6,49.0,3.2,2011-09-12T05:17:01.53,36.7224,141.6241,26.0,3.9,2.015965209025784,0.9091075888500232
2010-08-18T09:31:24.0,36.78,141.6,49.0,3.2,2011-11-02T19:50:18.2,36.7892,141.8547,19.0,3.6,2.477923081426838,0.9704485961682036
2010-08-30T07:41:15.9,35.4799,140.0855,73.0,3.0,2010-08-30T07:45:01.1,35.58,140.12,68.0,3.0,1.222587443720968,0.904377526656078
2010-09-02T22:09:17.12,35.9822,140.1683,65.6,3.1,2011-12-30T08:32:52.5,36.02,140.08,61.0,3.0,-0.7398177904549884,0.9884135618777824
2010-09-02T22:09:17.12,35.9822,140.1683,65.6,3.1,2011-01-19T19:27:34.92,35.984,140.1375,66.1,3.5,0.0010186557964589,0.9578349797062996
2010-09-02T22:09:17.12,35.9822,140.1683,65.6,3.1,2011-06-25T09:59:31.25,36.0562,140.2305,64.3,3.7,0.4594959881858825,0.934925223966138
2010-09-06T10:58:51.4,36.87,141.9,45.0,3.2,2011-06-24T05:24:07.1,36.89,141.81,58.0,3.0,-0.7461536635731983,0.964486229780687
2010-09-09T23:04:16.6,36.69,141.23,46.0,3.2,2010-09-10T07:02:06.38,36.6544,141.3938,23.8,4.0,1.4386034661449645,0.930103466098623
2010-10-02T22:55:08.0,38.24,141.7,51.0,3.0,2012-04-06T16:38:11.08,38.1905,141.865,27.5,3.5,2.974662238847274,0.9727911901352236
2010-10-26T16:26:43.7,36.31,142.48,70.0,3.0,2011-06-21T23:22:34.7,36.32,142.52,31.0,3.2,0.7515525101400189,0.9596143967088192
2010-10-26T16:26:43.7,36.31,142.48,70.0,3.0,2011-08-07T10:09:22.2,36.31,142.56,33.0,3.1,1.0280923775491149,0.957820643987181
2010-10-29T11:08:24.2,37.79,141.56,48.0,3.1,2011-12-26T14:31:05.6,37.78,141.57,48.0,3.0,0.0919181563653333,0.9354108137470714
2010-10-29T11:08:24.2,37.79,141.56,48.0,3.1,2011-06-09T21:44:21.38,37.7704,141.7225,42.4,3.7,1.2956721350068685,0.941718620596271
2010-11-02T00:52:51.6,37.28,140.96,92.0,3.2,2010-12-20T15:41:29.4,37.34,140.98,91.0,3.1,0.9968511602329424,0.9026766257292416
2010-11-19T00:18:15.7,37.16,141.46,47.0,3.2,2011-02-26T07:34:49.3,37.1302,141.6183,40.2,3.9,0.5088418839796549,0.912718981106907
2010-11-22T14:14:13.3,36.2,142.58,25.0,3.3,2011-04-09T23:02:19.55,36.124,142.41,19.1,3.1,-1.981433261786496,0.9515486927646524
2010-11-22T14:14:13.3,36.2,142.58,25.0,3.3,2011-06-16T16:47:02.18,36.2004,142.5221,0.9,3.0,1.817284180372131,0.9629758011966696
2010-11-22T14:14:13.3,36.2,142.58,25.0,3.3,2011-08-11T13:51:12.4,36.18,142.55,59.0,3.1,-1.212549686224688,0.9553837125214508
2010-11-22T14:14:13.3,36.2,142.58,25.0,3.3,2011-10-27T20:50:31.27,36.2688,142.1485,19.0,3.1,-5.820603534048396,0.9602285790365778
2010-12-08T07:43:22.19,35.9859,140.1067,68.9,3.4,2011-09-02T10:47:49.7,36.02,140.09,62.0,3.4,-0.9738758791203466,0.965418295395932
2010-12-08T07:43:22.19,35.9859,140.1067,68.9,3.4,2012-04-26T20:03:28.33,35.9686,140.1492,67.3,3.2,0.0851398478671523,0.9694028729121694
2010-12-18T18:21:51.3,36.27,140.05,57.0,3.0,2012-02-05T00:11:11.9,36.27,140.05,57.0,3.3,0.0387874333397034,0.9913664505901384
2010-12-19T01:17:00.5,37.46,141.57,45.0,3.3,2011-08-30T23:12:29.9,37.45,141.56,43.0,3.2,-0.1308289014567334,0.9695212192532112
2010-12-19T01:17:00.5,37.46,141.57,45.0,3.3,2011-11-19T06:21:18.4,37.45,141.57,44.0,3.4,-0.0126420575674971,0.977609854013054
2010-12-19T01:17:00.5,37.46,141.57,45.0,3.3,2012-03-20T07:40:10.6,37.4402,141.6937,39.8,3.6,0.943606679093385,0.9640141123328824
2010-12-19T05:16:30.7,36.07,139.89,46.0,3.0,2011-09-28T11:25:56.31,36.0553,139.8949,51.4,3.5,0.7409381767542386,0.953599236650101
2010-12-22T16:19:31.7,35.69,140.12,65.0,3.1,2012-02-09T15:22:38.55,35.6653,140.2371,67.2,3.3,0.4826998882581965,0.9915238385889598
2011-01-11T20:20:49.29,37.0271,141.4688,31.1,3.4,2011-09-01T23:37:59.0,37.05,141.19,50.0,3.1,-3.158557874489768,0.9730031444494668
2011-01-11T20:20:49.29,37.0271,141.4688,31.1,3.4,2012-02-16T17:42:14.98,37.0181,141.3564,40.8,3.6,-1.5283850043581952,0.9790784382918696
2011-01-12T23:26:28.1,37.17,141.4,48.0,3.4,2011-01-14T04:37:44.0,37.17,141.4,48.0,3.1,0.0244552229085324,0.9438734631168618
2011-01-29T09:31:30.67,35.1901,141.3426,16.6,3.2,2011-05-10T07:31:56.68,35.182,141.3701,27.0,3.7,-1.626953349601592,0.9333379828608764
2011-03-03T21:59:54.57,35.7501,141.2661,25.0,3.1,2011-03-20T18:52:00.24,35.7975,141.1364,29.6,3.0,-1.6798024757098595,0.9857267581796422
2011-03-03T21:59:54.57,35.7501,141.2661,25.0,3.1,2011-04-04T07:17:17.17,35.8058,141.1936,26.0,3.1,-1.000017835052706,0.9901584046470348
2011-03-03T21:59:54.57,35.7501,141.2661,25.0,3.1,2011-05-03T22:54:00.1,35.73,140.96,34.0,3.0,-2.871520601820089,0.9907011262511872
2011-03-03T21:59:54.57,35.7501,141.2661,25.0,3.1,2011-07-07T15:45:34.06,35.7655,141.1509,26.0,3.1,-1.2973995381677543,0.989746518036652
2011-03-03T21:59:54.57,35.7501,141.2661,25.0,3.1,2012-02-02T10:34:02.8,35.7317,141.1013,31.0,3.1,-2.0648243073005186,0.9928061250045712
2011-03-09T11:58:05.5,38.52,143.06,12.0,3.2,2011-03-09T14:03:30.71,38.5226,143.0322,23.0,4.0,-2.2084987067182555,0.9044943238730304
2011-03-10T06:02:42.92,36.2936,142.2834,15.0,3.0,2011-04-16T22:41:27.97,36.2606,142.1462,19.0,3.1,-2.389489071081538,0.9374288648960456
2011-03-10T06:02:42.92,36.2936,142.2834,15.0,3.0,2012-02-27T22:15:18.6,36.5018,141.8776,19.0,3.3,-5.902692433674381,0.9385537667613782
2011-03-13T07:32:56.2,36.41,141.88,19.0,3.0,2011-04-17T00:24:43.3,36.39,141.98,21.0,3.1,0.9286613748837298,0.9259935219325532
2011-03-13T07:32:56.2,36.41,141.88,19.0,3.0,2011-05-31T00:49:57.8,36.39,141.98,20.0,3.0,0.9741450002296852,0.92009689218716
2011-03-13T12:59:06.2,35.99,140.26,40.0,3.4,2011-03-20T17:51:19.8,35.99,140.27,40.0,3.1,0.0469307718191866,0.9830325790842666
2011-03-13T12:59:06.2,35.99,140.26,40.0,3.4,2011-05-12T21:30:48.4,35.99,140.27,40.0,3.1,0.1031598766956618,0.905115268797834
2011-03-13T18:27:13.23,35.5331,141.0789,33.0,3.2,2011-04-07T23:07:49.2,35.5076,141.0101,33.0,3.9,-0.1850521865309485,0.9195617935722288
2011-03-14T02:23:41.1,36.59,141.81,40.0,3.2,2011-04-05T21:16:12.5,36.5943,141.9408,19.0,3.4,1.0356586993077948,0.9590550861473964
2011-03-14T02:23:41.1,36.59,141.81,40.0,3.2,2011-04-29T01:54:27.8,36.48,142.02,35.0,3.1,2.9057469571415404,0.9570142434744096
2011-03-14T02:23:41.1,36.59,141.81,40.0,3.2,2011-05-13T07:34:52.0,36.54,141.96,11.0,3.2,3.1353177371270515,0.9502898503800272
2011-03-14T02:24:47.9,36.24,141.02,48.0,3.2,2011-06-02T15:13:17.8,36.24,141.03,45.0,3.0,-0.2379855278937188,0.9437045765072524
2011-03-14T17:47:59.45,35.3856,142.2051,21.8,3.1,2011-05-01T01:33:44.7,35.47,142.36,59.0,3.1,1.8208929164082088,0.9421890214569334
2011-03-14T17:47:59.45,35.3856,142.2051,21.8,3.1,2011-05-30T04:08:43.1,35.47,142.32,58.0,3.1,1.2972211744661992,0.9482114158054332
2011-03-14T17:47:59.45,35.3856,142.2051,21.8,3.1,2011-07-26T17:17:04.55,35.3782,141.8537,22.0,3.0,-3.163763520402336,0.9473992802014022
2011-03-14T17:47:59.45,35.3856,142.2051,21.8,3.1,2011-10-31T15:34:18.04,35.4257,142.1742,17.0,3.1,1.0096324104869798,0.9470848635970572
2011-03-14T17:47:59.45,35.3856,142.2051,21.8,3.1,2012-04-13T03:22:22.8,35.46,142.35,55.0,3.1,1.663165610384388,0.9439000742052562
2011-03-15T07:20:49.72,36.2658,140.9673,15.7,3.4,2012-05-08T09:06:47.6,36.29,141.02,45.0,3.3,-2.1836391476537687,0.9038032703300816
2011-03-15T12:25:36.56,35.9803,141.9317,23.0,3.3,2011-03-20T17:46:14.38,36.0627,141.8978,23.0,3.0,-1.4455314812000153,0.9599097525644064
2011-03-15T20:56:31.5,36.71,141.88,41.0,3.4,2011-03-19T01:49:48.2,36.76,141.86,50.0,3.4,-0.1129660270484468,0.948946689437678
2011-03-15T20:56:31.5,36.71,141.88,41.0,3.4,2011-03-25T21:58:26.07,36.9375,141.6724,33.0,3.3,-3.813003514641093,0.9228429901760776
2011-03-15T20:56:31.5,36.71,141.88,41.0,3.4,2011-03-31T15:55:21.7,36.72,141.93,37.0,3.4,0.2492673889494294,0.9069613272944184
2011-03-15T20:56:31.5,36.71,141.88,41.0,3.4,2011-05-09T04:39:41.4,36.73,141.86,34.0,3.2,-0.171753112965487,0.9465560929757316
2011-03-15T20:56:31.5,36.71,141.88,41.0,3.4,2011-05-29T23:03:53.8,36.74,141.84,18.0,3.3,0.2586568205366796,0.954750720343813
2011-03-15T20:56:31.5,36.71,141.88,41.0,3.4,2011-06-18T10:34:10.0,36.75,141.81,43.0,3.0,-0.8688318137321469,0.9251313693770928
2011-03-15T20:56:31.5,36.71,141.88,41.0,3.4,2011-07-07T23:34:53.9,36.71,141.87,15.0,3.1,0.8218654328136104,0.9423841619915556
2011-03-15T20:56:31.5,36.71,141.88,41.0,3.4,2011-08-22T01:56:47.4,36.74,141.92,23.0,3.0,0.7820838557254167,0.946336656272367
2011-03-15T20:56:31.5,36.71,141.88,41.0,3.4,2012-04-12T04:12:27.5,36.72,141.89,38.0,3.2,0.3000396997218951,0.946434793094332
2011-03-15T20:56:31.5,36.71,141.88,41.0,3.4,2011-04-27T14:42:05.4,36.74,141.86,41.0,3.5,-0.2591936194836808,0.9575885588554576
2011-03-16T00:50:29.3,37.52,141.43,45.0,3.3,2011-05-05T06:43:40.5,37.52,141.46,46.0,3.1,0.4158879509912572,0.9293777994592414
2011-03-16T00:50:29.3,37.52,141.43,45.0,3.3,2011-10-12T19:31:22.9,37.53,141.47,47.0,3.2,0.5127175432734205,0.9485899628330946
2011-03-16T03:09:05.76,35.6851,140.8312,46.6,3.3,2012-05-05T14:44:01.98,35.7107,140.8812,47.0,3.4,0.1614161601144152,0.9918625100507452
2011-03-16T03:09:05.76,35.6851,140.8312,46.6,3.3,2011-04-27T08:35:36.34,35.6774,140.8725,43.6,3.6,0.3825632024049753,0.9933828441547712
2011-03-16T03:09:05.76,35.6851,140.8312,46.6,3.3,2011-08-22T21:09:00.47,35.6766,140.8147,46.4,3.5,-0.5566251410600633,0.993335390991152
2011-03-16T07:52:59.4,36.25,140.11,54.0,3.3,2012-03-06T07:05:19.5,36.24,140.11,54.0,3.7,0.0717385960388165,0.9891383599848684
2011-03-16T13:53:10.4,35.83,140.9,11.0,3.1,2011-03-24T19:05:51.3,35.83,140.91,10.0,3.2,0.0706818696623671,0.9709566077519116
2011-03-16T15:37:03.9,35.81,140.89,9.0,3.2,2011-03-21T18:29:38.4,35.82,140.9,10.0,3.0,0.1427888241331135,0.9009179129875772
2011-03-16T18:31:37.71,36.1408,142.0824,23.0,3.1,2011-05-10T21:31:27.8,36.3124,141.9856,19.0,3.1,0.2539848806287157,0.9271564515505863
2011-03-17T13:27:18.8,36.11,141.94,66.0,3.1,2012-01-15T21:16:25.21,36.0499,142.1389,23.0,3.5,0.6768553256588934,0.9021434788027056
2011-03-17T18:22:13.33,34.9631,141.4671,27.0,3.1,2011-04-24T21:55:19.3,34.9757,141.4189,27.0,3.0,-0.4037053063566119,0.9763796380395008
2011-03-17T23:55:02.2,36.29,141.83,68.0,3.0,2011-06-21T21:22:25.46,36.2382,141.9388,27.4,3.9,0.0194896132254074,0.9200613853499766
2011-03-18T04:11:43.4,37.08,142.41,26.0,3.2,2011-04-22T10:17:54.6,37.07,142.52,24.0,3.5,1.9543615310395264,0.9467228859054458
2011-03-18T06:07:33.1,35.7331,141.0684,31.2,3.4,2011-03-20T18:52:00.24,35.7975,141.1364,29.6,3.0,0.2994911618940395,0.918150590265544
2011-03-18T06:07:33.1,35.7331,141.0684,31.2,3.4,2011-04-04T07:17:17.17,35.8058,141.1936,26.0,3.1,0.9790228162203856,0.9163255037959286
2011-03-18T06:07:33.1,35.7331,141.0684,31.2,3.4,2011-05-03T22:54:00.1,35.73,140.96,34.0,3.0,-0.8926459476567004,0.9157124275809068
2011-03-18T06:07:33.1,35.7331,141.0684,31.2,3.4,2011-07-07T15:45:34.06,35.7655,141.1509,26.0,3.1,0.681149068169304,0.9034755980216568
2011-03-18T06:07:33.1,35.7331,141.0684,31.2,3.4,2011-09-20T07:42:10.66,35.7549,141.0091,34.0,3.3,-0.6266945238554343,0.975266316462252
2011-03-18T06:07:33.1,35.7331,141.0684,31.2,3.4,2012-02-02T10:34:02.8,35.7317,141.1013,31.0,3.1,-0.0859080553472675,0.9112688292022104
2011-03-18T06:07:33.1,35.7331,141.0684,31.2,3.4,2011-04-03T06:27:44.67,35.6994,141.1404,33.0,3.5,-0.0401311228501193,0.9917051692876052
2011-03-18T06:07:33.1,35.7331,141.0684,31.2,3.4,2011-07-07T01:47:53.88,35.6639,141.093,31.5,3.5,-0.2326843225046595,0.9733664581041636
2011-03-18T09:27:18.9,35.82,140.9,10.0,3.2,2011-03-21T18:29:38.4,35.82,140.9,10.0,3.0,-0.1501196337394334,0.919936532100741
2011-03-18T09:35:00.1,35.8597,140.8454,42.2,3.4,2011-08-14T02:47:54.99,35.8932,140.925,40.2,3.4,0.1406823599246778,0.9798005935277
2011-03-18T09:35:00.1,35.8597,140.8454,42.2,3.4,2012-03-24T16:31:57.26,35.7963,140.8954,40.4,3.5,0.8978858092854407,0.9930694937456608
2011-03-18T10:38:53.5,36.24,140.9,44.0,3.4,2011-08-13T00:25:45.9,36.23,140.92,45.0,3.4,0.3418701262345352,0.938859098629595
2011-03-18T10:38:53.5,36.24,140.9,44.0,3.4,2011-08-16T14:25:02.5,36.24,140.9,45.0,3.0,0.0013501626550819,0.9742933526548752
2011-03-18T23:40:28.1,35.83,141.02,34.0,3.1,2012-01-20T19:54:40.92,35.8515,141.2195,25.0,3.1,2.190601199131237,0.9875250765489244
2011-03-19T01:49:48.2,36.76,141.86,50.0,3.4,2011-03-25T21:58:26.07,36.9375,141.6724,33.0,3.3,-3.699234721235984,0.9422471073135038
2011-03-19T01:49:48.2,36.76,141.86,50.0,3.4,2011-03-31T15:55:21.7,36.72,141.93,37.0,3.4,0.3627132962176648,0.91586414946095
2011-03-19T01:49:48.2,36.76,141.86,50.0,3.4,2011-05-09T04:39:41.4,36.73,141.86,34.0,3.2,-0.0579798977963763,0.9617177555846332
2011-03-19T01:49:48.2,36.76,141.86,50.0,3.4,2011-05-29T23:03:53.8,36.74,141.84,18.0,3.3,0.3725769999557659,0.9612024867350724
2011-03-19T01:49:48.2,36.76,141.86,50.0,3.4,2011-06-18T10:34:10.0,36.75,141.81,43.0,3.0,-0.7553176352827166,0.9432857803121132
2011-03-19T01:49:48.2,36.76,141.86,50.0,3.4,2011-07-07T23:34:53.9,36.71,141.87,15.0,3.1,0.936253630238465,0.9587923678731852
2011-03-19T01:49:48.2,36.76,141.86,50.0,3.4,2011-08-22T01:56:47.4,36.74,141.92,23.0,3.0,0.8955580275137712,0.9599654741431464
2011-03-19T01:49:48.2,36.76,141.86,50.0,3.4,2012-04-12T04:12:27.5,36.72,141.89,38.0,3.2,0.4130939343121895,0.9594161337121352
2011-03-19T01:49:48.2,36.76,141.86,50.0,3.4,2011-04-27T14:42:05.4,36.74,141.86,41.0,3.5,-0.1461610435619054,0.9721292358044612
2011-03-19T15:14:10.5,36.76,140.59,6.0,3.2,2011-03-20T14:16:08.8,36.76,140.6,6.0,3.2,-0.0074758064803323,0.965092452035547
2011-03-19T16:23:35.4,36.2137,140.569,51.3,3.3,2011-05-20T00:02:13.26,36.2257,140.5408,53.1,3.1,-0.6270650571376324,0.9069936249615816
2011-03-19T16:23:35.4,36.2137,140.569,51.3,3.3,2012-04-01T04:47:58.45,36.3133,140.5818,55.0,3.4,-0.33202434262032,0.9010612516679136
2011-03-19T16:29:33.8,36.24,140.47,53.0,3.3,2012-01-08T14:14:16.4,36.25,140.47,53.0,3.1,0.0334687382941005,0.9532340324391152
2011-03-19T21:53:08.5,35.82,140.9,11.0,3.3,2011-04-24T07:00:04.72,35.793,140.8961,12.9,3.8,0.1031751657978552,0.9339988287407164
2011-03-19T23:43:18.37,35.9675,141.2957,31.0,3.3,2011-04-12T01:48:16.77,35.9267,140.8899,35.0,3.1,-3.973147148558026,0.9811050447559572
2011-03-19T23:43:18.37,35.9675,141.2957,31.0,3.3,2011-05-04T13:17:05.12,35.9067,141.0818,31.0,3.1,-1.3502958880083706,0.988386307685644
2011-03-19T23:43:18.37,35.9675,141.2957,31.0,3.3,2011-09-02T15:26:22.2,35.89,140.81,40.0,3.3,-4.07409288320294,0.990195010079973
2011-03-20T04:00:46.1,36.17,140.11,51.0,3.2,2011-07-23T14:22:27.43,36.2503,140.1331,51.7,4.0,0.2426286106906703,0.9270774573859568
2011-03-20T04:52:59.7,36.22,141.02,45.0,3.2,2011-03-21T20:15:50.74,36.2797,141.1036,22.7,3.9,1.034597390442834,0.9438389919008296
2011-03-20T15:43:57.7,36.18,140.02,52.0,3.3,2011-03-29T11:14:02.8,36.19,140.01,50.0,3.8,-0.1407139203394066,0.9183929246213126
2011-03-20T15:43:57.7,36.18,140.02,52.0,3.3,2011-04-10T03:21:53.66,36.1839,140.0242,54.2,3.5,0.3545846352822785,0.9629103981657428
2011-03-20T16:47:03.0,36.88,140.64,9.0,3.3,2011-04-09T10:25:36.1,36.88,140.63,9.0,3.4,-0.0639122098251578,0.931329626429282
2011-03-20T17:51:19.8,35.99,140.27,40.0,3.1,2011-05-12T21:30:48.4,35.99,140.27,40.0,3.1,0.0563951777464433,0.9258250946764232
2011-03-20T18:36:30.78,36.858,141.1478,15.9,3.3,2011-07-08T20:55:31.41,36.8207,141.3512,30.4,3.6,0.7695504304012005,0.9367037015055576
2011-03-20T18:52:00.24,35.7975,141.1364,29.6,3.0,2011-04-04T07:17:17.17,35.8058,141.1936,26.0,3.1,0.6797116248722848,0.994959047136084
2011-03-20T18:52:00.24,35.7975,141.1364,29.6,3.0,2011-05-03T22:54:00.1,35.73,140.96,34.0,3.0,-1.1915051972325492,0.9947471541423952
2011-03-20T18:52:00.24,35.7975,141.1364,29.6,3.0,2011-07-07T15:45:34.06,35.7655,141.1509,26.0,3.1,0.3819079002905302,0.9909309549551328
2011-03-20T18:52:00.24,35.7975,141.1364,29.6,3.0,2011-09-20T07:42:10.66,35.7549,141.0091,34.0,3.3,-0.9225929511241524,0.9052511387144352
2011-03-20T18:52:00.24,35.7975,141.1364,29.6,3.0,2012-02-02T10:34:02.8,35.7317,141.1013,31.0,3.1,-0.3844698876698772,0.99101185502891
2011-03-20T18:52:00.24,35.7975,141.1364,29.6,3.0,2011-04-03T06:27:44.67,35.6994,141.1404,33.0,3.5,-0.3394756754833044,0.9180326581322968
2011-03-20T18:52:00.24,35.7975,141.1364,29.6,3.0,2011-07-07T01:47:53.88,35.6639,141.093,31.5,3.5,-0.5287704060809169,0.9013597760349148
2011-03-20T19:00:26.66,35.8196,143.4159,35.0,3.4,2011-03-21T02:22:37.27,35.8024,143.3751,35.0,4.1,-0.7309803332196174,0.9000549571467783
2011-03-21T08:56:33.59,36.1142,142.3464,15.0,3.4,2011-06-05T20:06:43.87,36.2972,142.5319,15.0,3.2,2.0102232001946456,0.9624378468621818
2011-03-21T08:56:33.59,36.1142,142.3464,15.0,3.4,2011-10-23T21:31:49.85,36.2652,142.5122,15.0,3.3,0.210591751482754,0.9627076161049336
2011-03-21T08:56:33.59,36.1142,142.3464,15.0,3.4,2012-05-04T16:30:25.44,36.3447,142.6838,15.0,3.2,2.017423197141324,0.9640669552895068
2011-03-21T09:55:14.6,38.35,141.82,48.0,3.2,2011-05-27T00:09:10.4,37.92,141.86,47.0,3.0,5.4289319369422495,0.9457184256107898
2011-03-21T20:47:05.05,35.7082,140.8012,48.3,3.1,2012-04-29T19:25:56.63,35.6846,140.7999,44.3,3.1,-0.2829014969909281,0.9915167376063304
2011-03-22T02:19:30.2,37.5,141.37,49.0,3.0,2011-04-22T16:22:12.3,37.5,141.36,48.0,3.2,-0.2459680092262418,0.947281736620906
2011-03-22T02:19:30.2,37.5,141.37,49.0,3.0,2012-01-01T11:09:18.21,37.5149,141.5186,45.2,3.4,1.414397780693069,0.9576406635662776
2011-03-22T02:19:30.2,37.5,141.37,49.0,3.0,2011-07-24T09:59:07.37,37.5502,141.5737,32.4,3.6,2.1172977536385087,0.961567719428026
2011-03-22T03:02:07.68,36.057,141.1856,20.7,3.3,2011-07-22T06:37:38.27,36.1138,141.0605,6.8,3.2,0.5404534923060853,0.9154039432465584
2011-03-22T04:00:39.25,35.1715,141.0459,48.0,3.3,2011-07-25T12:06:35.02,35.2719,141.0425,33.0,3.1,2.4874345338862587,0.9563266632515868
2011-03-22T19:45:13.8,35.72,140.88,8.0,3.1,2011-08-18T09:25:15.1,35.73,140.89,8.0,3.2,0.273346779659807,0.9513041236480048
2011-03-22T22:22:55.2,36.75,142.37,33.0,3.3,2011-06-17T14:03:35.2,36.76,142.14,12.0,3.3,-0.4725776643728183,0.947988727460798
2011-03-22T22:22:55.2,36.75,142.37,33.0,3.3,2012-03-23T06:58:44.6,36.76,142.13,30.0,3.3,-1.9141310834192728,0.9419968841581838
2011-03-23T14:17:27.3,36.12,140.02,48.0,3.4,2011-07-13T00:32:23.4,36.12,140.03,48.0,3.0,-0.0353582772468477,0.9898501523059198
2011-03-23T20:05:39.0,36.18,141.97,64.0,3.1,2011-05-10T10:00:19.6,36.22,141.9,64.0,3.0,-0.8972261918019322,0.9159208191205012
2011-03-23T20:05:39.0,36.18,141.97,64.0,3.1,2011-05-10T10:40:56.96,36.1943,141.9417,23.0,3.6,-0.4931685524670901,0.9393826071898158
2011-03-24T02:39:27.9,36.19,140.06,51.0,3.0,2011-04-20T20:32:28.15,36.1535,140.0756,52.6,3.7,0.3798776128394468,0.9815188240166812
2011-03-24T23:47:02.9,35.82,140.91,12.0,3.3,2011-04-24T07:00:04.72,35.793,140.8961,12.9,3.8,-0.1618334829855891,0.9258193556546948
2011-03-25T05:42:44.84,36.2968,142.2524,15.0,3.0,2011-04-19T18:27:43.52,36.3426,142.2047,6.8,3.3,-0.5529432056844261,0.9639368101646884
2011-03-25T05:42:44.84,36.2968,142.2524,15.0,3.0,2011-05-14T13:50:16.07,36.3266,142.1786,15.0,3.1,-0.2798791417353496,0.9725207976581884
2011-03-25T05:42:44.84,36.2968,142.2524,15.0,3.0,2011-06-12T04:00:04.07,36.1711,142.3714,18.0,3.0,-0.0119317260089042,0.9691720634393328
2011-03-25T05:42:44.84,36.2968,142.2524,15.0,3.0,2011-07-31T13:19:01.53,36.2901,142.2314,10.0,3.0,-1.4941626929580862,0.9712570134404074
2011-03-25T15:17:28.1,36.27,141.04,46.0,3.4,2011-05-29T16:08:55.5,36.26,141.04,46.0,3.0,0.0829486151565878,0.9139351489987
2011-03-25T17:33:23.58,37.1048,140.8413,7.8,3.1,2011-03-27T07:08:50.0,37.1,140.81,7.0,3.0,-0.7528231650664357,0.9808985635268674
2011-03-25T17:33:23.58,37.1048,140.8413,7.8,3.1,2011-04-16T20:19:16.9,37.0881,140.8842,12.8,4.5,-0.6649465434178555,0.9051768037326864
2011-03-25T20:38:17.5,36.24,140.89,44.0,3.3,2011-08-16T14:25:02.5,36.24,140.9,45.0,3.0,0.1136691102619618,0.9147457296313732
2011-03-25T21:58:26.07,36.9375,141.6724,33.0,3.3,2011-03-31T15:55:21.7,36.72,141.93,37.0,3.4,4.063060724670406,0.9030496844029768
2011-03-25T21:58:26.07,36.9375,141.6724,33.0,3.3,2011-05-09T04:39:41.4,36.73,141.86,34.0,3.2,3.6402806493146858,0.9356312125027282
2011-03-25T21:58:26.07,36.9375,141.6724,33.0,3.3,2011-05-29T23:03:53.8,36.74,141.84,18.0,3.3,4.0716445887813055,0.9459955658095004
2011-03-25T21:58:26.07,36.9375,141.6724,33.0,3.3,2011-06-18T10:34:10.0,36.75,141.81,43.0,3.0,2.9425594778255184,0.9105383064530091
2011-03-25T21:58:26.07,36.9375,141.6724,33.0,3.3,2011-07-07T23:34:53.9,36.71,141.87,15.0,3.1,4.634126491350229,0.9383263695397898
2011-03-25T21:58:26.07,36.9375,141.6724,33.0,3.3,2011-08-22T01:56:47.4,36.74,141.92,23.0,3.0,4.594281212576574,0.9341540221433812
2011-03-25T21:58:26.07,36.9375,141.6724,33.0,3.3,2012-04-12T04:12:27.5,36.72,141.89,38.0,3.2,4.1130054746398415,0.9355427219185282
2011-03-25T21:58:26.07,36.9375,141.6724,33.0,3.3,2011-04-27T14:42:05.4,36.74,141.86,41.0,3.5,3.553511119101247,0.9485202090825952
2011-03-25T23:45:55.9,37.08,142.47,31.0,3.3,2011-04-02T14:13:28.6,37.13,142.4,0.0,3.3,2.5635169851959287,0.9400391892127344
2011-03-26T03:00:25.42,37.2939,141.3971,44.5,3.3,2011-04-19T18:14:37.4,37.3,141.29,49.0,3.4,-0.9991212399060778,0.9533698686676456
2011-03-26T03:00:25.42,37.2939,141.3971,44.5,3.3,2011-06-02T20:07:34.0,37.32,141.28,50.0,3.3,-1.0525238007633426,0.9487397789215274
2011-03-26T03:00:25.42,37.2939,141.3971,44.5,3.3,2011-07-27T08:48:52.3,37.32,141.27,50.0,3.1,-1.0893312037642966,0.9548291806597434
2011-03-26T03:00:25.42,37.2939,141.3971,44.5,3.3,2011-12-27T22:59:10.7,37.32,141.28,50.0,3.2,-1.0686786674404172,0.941728649085173
2011-03-26T03:00:25.42,37.2939,141.3971,44.5,3.3,2012-04-08T11:59:43.1,37.31,141.28,50.0,3.1,-1.0903019913642282,0.951942944710432
2011-03-26T05:54:52.3,36.74,141.86,44.0,3.1,2011-07-05T20:14:22.3,36.71,141.89,32.0,3.0,0.7835684251047269,0.9628444159301824
2011-03-26T05:54:52.3,36.74,141.86,44.0,3.1,2011-09-26T07:29:27.9,36.71,141.89,20.0,3.1,1.2467991436859125,0.9704788051540012
2011-03-26T05:54:52.3,36.74,141.86,44.0,3.1,2011-04-03T00:09:53.99,36.7086,141.8829,19.0,3.6,0.0049716088753878,0.9578332406589284
2011-03-26T05:54:52.3,36.74,141.86,44.0,3.1,2011-05-28T08:36:11.07,36.7555,141.792,19.0,3.7,0.2959589871606811,0.9348108475139844
2011-03-26T05:54:52.3,36.74,141.86,44.0,3.1,2011-07-27T19:10:30.7,36.74,141.81,45.0,3.5,-0.4957219841036187,0.9179497097923696
2011-03-26T05:54:52.3,36.74,141.86,44.0,3.1,2011-11-02T19:50:18.2,36.7892,141.8547,19.0,3.6,-0.0939146596228614,0.9353324460357056
2011-03-26T14:53:59.9,37.63,141.82,27.0,3.4,2011-08-11T10:08:28.2,37.65,141.8,27.0,3.1,-0.3359599741999174,0.952966449819831
2011-03-26T15:12:47.2,36.74,141.87,43.0,3.3,2011-05-11T07:55:21.3,36.74,141.85,46.0,3.1,-0.0190910663040982,0.933939552507256
2011-03-26T21:34:11.47,36.6944,141.947,19.0,3.3,2011-04-05T16:17:22.6,36.62,142.06,34.0,3.4,0.0632560951597614,0.9832898963146244
2011-03-26T21:34:11.47,36.6944,141.947,19.0,3.3,2011-05-09T02:55:38.54,36.6756,141.8639,19.0,3.4,-1.8795141367132575,0.976607124061408
2011-03-26T21:34:11.47,36.6944,141.947,19.0,3.3,2011-06-22T12:40:56.1,36.63,141.99,21.0,3.2,0.019307211576525,0.9727920167768128
2011-03-26T21:34:11.47,36.6944,141.947,19.0,3.3,2011-08-07T15:35:52.8,36.64,141.99,22.0,3.1,-0.1496829946430921,0.9662498503516728
2011-03-26T21:34:11.47,36.6944,141.947,19.0,3.3,2011-10-02T22:27:26.3,36.65,142.01,18.0,3.1,0.2270939084856378,0.962029432181727
2011-03-26T21:34:11.47,36.6944,141.947,19.0,3.3,2011-04-19T02:12:21.89,36.7853,141.9003,8.6,3.6,-0.9243590380587838,0.9556190706447508
2011-03-27T12:15:08.9,36.31,141.05,45.0,3.1,2012-02-26T22:57:37.03,36.2752,141.0187,13.0,3.7,2.837343218671074,0.9096331133858122
2011-03-27T13:21:49.87,36.0095,140.9099,23.3,3.2,2011-04-10T06:30:23.56,36.009,140.9757,24.1,3.6,0.2757421289519853,0.9876988842564428
2011-03-28T06:58:35.2,39.21,142.36,33.0,3.2,2011-11-10T07:28:39.2,39.13,142.41,29.0,3.1,-2.048423703008765,0.9010956070452478
2011-03-29T00:48:49.3,36.78,140.99,49.0,3.2,2011-05-08T13:36:48.89,36.7476,141.1334,39.7,3.1,1.127102738420957,0.9723146040462518
2011-03-29T14:42:15.8,35.73,140.93,9.0,3.0,2012-03-14T15:40:18.2,35.72,140.95,10.0,3.1,0.3213534143978578,0.9893988475733988
2011-03-29T20:21:01.8,35.82,140.91,11.0,3.4,2011-07-26T13:35:26.88,35.8052,140.8133,11.2,4.2,-0.039084127534974,0.9208313306260408
2011-03-29T22:36:29.1,37.18,141.64,41.0,3.3,2011-09-23T23:07:11.3,37.18,141.67,45.0,3.3,0.755180494053524,0.9333061529873624
2011-03-30T01:07:47.4,36.65,142.13,47.0,3.1,2011-04-21T08:15:41.5,36.68,142.06,47.0,3.1,-0.484564655304417,0.975339041759544
2011-03-30T01:07:47.4,36.65,142.13,47.0,3.1,2011-06-02T08:07:07.0,36.65,142.1,28.0,3.1,0.1851829621493133,0.960797225065223
2011-03-30T01:07:47.4,36.65,142.13,47.0,3.1,2011-06-20T17:09:39.8,36.68,142.08,44.0,3.0,-0.1252150332506947,0.9709982531030652
2011-03-30T01:07:47.4,36.65,142.13,47.0,3.1,2011-08-01T20:28:42.8,36.69,142.03,20.0,3.0,0.2627097637476556,0.9657719169992528
2011-03-30T01:07:47.4,36.65,142.13,47.0,3.1,2011-09-14T01:07:06.6,36.68,142.06,11.0,3.0,1.168516322028301,0.9597401326458764
2011-03-30T01:07:47.4,36.65,142.13,47.0,3.1,2011-11-14T00:28:17.2,36.69,142.05,14.0,3.0,1.054453484573579,0.9533789934092792
2011-03-30T02:10:46.51,36.7114,142.2409,19.0,3.4,2011-04-24T10:33:25.7,36.7,142.35,32.0,3.4,1.968100835775631,0.989644080158488
2011-03-30T02:10:46.51,36.7114,142.2409,19.0,3.4,2011-07-10T15:20:48.02,36.6878,142.3602,4.6,3.3,4.220908675082568,0.9823435011400496
2011-03-30T02:10:46.51,36.7114,142.2409,19.0,3.4,2011-10-07T18:09:19.6,36.72,142.28,44.0,3.0,0.7049105954289632,0.9823536287863528
2011-03-30T02:10:46.51,36.7114,142.2409,19.0,3.4,2011-12-31T20:24:30.28,36.6909,142.4395,15.0,3.4,3.161753668833933,0.9546562321566776
2011-03-30T02:10:46.51,36.7114,142.2409,19.0,3.4,2012-02-14T05:08:42.73,36.6799,142.3191,15.0,3.4,2.1260523051852465,0.9772495290236882
2011-03-30T02:10:46.51,36.7114,142.2409,19.0,3.4,2011-03-31T16:42:56.96,36.6256,142.291,15.0,3.9,2.276130033579915,0.9633881286536394
2011-03-30T02:10:46.51,36.7114,142.2409,19.0,3.4,2011-04-06T20:23:25.2,36.69,142.43,19.0,3.5,3.4601948717842443,0.9921686716574551
2011-03-30T02:10:46.51,36.7114,142.2409,19.0,3.4,2011-04-24T13:48:29.59,36.6587,142.3425,15.0,3.7,2.688558755850888,0.9653768294203076
2011-03-30T02:10:46.51,36.7114,142.2409,19.0,3.4,2011-06-06T23:58:24.67,36.6638,142.3815,15.0,3.6,2.6902515938853124,0.9683070669417322
2011-03-30T02:10:46.51,36.7114,142.2409,19.0,3.4,2011-06-07T00:06:50.92,36.7113,142.3545,10.0,3.6,2.9011163534945927,0.9877146678518252
2011-03-30T02:10:46.51,36.7114,142.2409,19.0,3.4,2011-08-12T23:30:40.3,36.71,142.4,14.0,3.6,3.840594820598023,0.9620604397810544
2011-03-30T02:10:46.51,36.7114,142.2409,19.0,3.4,2011-08-12T23:36:48.6,36.71,142.43,12.0,3.5,4.202642164758805,0.988255182477659
2011-03-30T02:15:32.82,37.1894,141.5597,23.8,3.2,2011-05-15T15:52:26.4,37.2,141.38,48.0,3.1,-2.3933780535663107,0.9045410632895752
2011-03-30T02:25:12.76,36.2907,141.8063,19.0,3.1,2011-06-20T19:20:54.92,36.1966,142.1784,15.1,3.2,6.318935970434631,0.959015362129822
2011-03-30T02:25:12.76,36.2907,141.8063,19.0,3.1,2011-09-22T14:28:42.17,36.2756,142.1452,19.0,3.3,5.077396985115948,0.954093491002078
2011-03-30T02:25:12.76,36.2907,141.8063,19.0,3.1,2011-12-01T03:03:22.06,36.2373,142.0126,23.0,3.2,2.6471520642454904,0.9605089325506748
2011-03-30T06:12:22.8,37.1,140.81,7.0,3.1,2011-04-02T14:06:42.0,37.1,140.81,8.0,3.0,-0.1408188666401546,0.9561303397940336
2011-03-30T06:12:22.8,37.1,140.81,7.0,3.1,2011-04-15T08:29:47.5,37.1,140.83,7.0,3.1,0.1003426652188434,0.9075909044821528
2011-03-30T06:12:22.8,37.1,140.81,7.0,3.1,2011-04-16T20:19:16.9,37.0881,140.8842,12.8,4.5,-0.2328053972916143,0.9117261753632986
2011-03-30T09:38:00.54,36.0965,142.5054,10.0,3.4,2011-06-13T06:36:34.59,36.2098,142.4319,18.0,3.3,-1.8414884542232164,0.9572765914819114
2011-03-30T09:38:00.54,36.0965,142.5054,10.0,3.4,2011-12-11T07:21:21.45,36.3024,142.1311,19.0,3.0,-6.514277469159325,0.9326615214458174
2011-03-30T09:38:00.54,36.0965,142.5054,10.0,3.4,2012-03-19T06:46:37.44,36.2753,142.4216,0.8,3.1,0.6077507845581971,0.9211554303658532
2011-03-30T14:03:47.7,36.48,140.99,47.0,3.2,2012-04-21T10:18:52.67,36.4485,141.1374,24.0,3.2,2.017792968484324,0.9888149504446888
2011-03-30T23:48:38.0,37.09,142.14,9.0,3.1,2011-08-12T19:01:20.3,37.0217,142.2011,37.8,3.9,-2.450754834280224,0.9816400071530378
2011-03-30T23:48:38.0,37.09,142.14,9.0,3.1,2011-05-05T02:09:21.58,36.9824,142.3342,10.5,4.2,2.282256833118145,0.9799088528890848
2011-03-31T06:19:20.2,37.1,140.81,7.0,3.2,2011-04-02T14:06:42.0,37.1,140.81,8.0,3.0,-0.0380197773877268,0.9039806282109778
2011-03-31T15:55:21.7,36.72,141.93,37.0,3.4,2011-05-09T04:39:41.4,36.73,141.86,34.0,3.2,-0.4213284348563958,0.9264366990804394
2011-03-31T15:55:21.7,36.72,141.93,37.0,3.4,2011-05-29T23:03:53.8,36.74,141.84,18.0,3.3,0.0092597889123631,0.9309648373700636
2011-03-31T15:55:21.7,36.72,141.93,37.0,3.4,2011-06-18T10:34:10.0,36.75,141.81,43.0,3.0,-1.1178157339799244,0.9093138329172884
2011-03-31T15:55:21.7,36.72,141.93,37.0,3.4,2011-07-07T23:34:53.9,36.71,141.87,15.0,3.1,0.5720466752059259,0.928255141556504
2011-03-31T15:55:21.7,36.72,141.93,37.0,3.4,2011-08-22T01:56:47.4,36.74,141.92,23.0,3.0,0.5325797338708719,0.9292784157152189
2011-03-31T15:55:21.7,36.72,141.93,37.0,3.4,2012-04-12T04:12:27.5,36.72,141.89,38.0,3.2,0.050133443385232,0.9298797179949004
2011-03-31T15:55:21.7,36.72,141.93,37.0,3.4,2011-04-27T14:42:05.4,36.74,141.86,41.0,3.5,-0.5085951112549183,0.93407853005992
2011-03-31T21:09:24.6,37.74,139.92,9.0,3.0,2011-04-04T07:09:36.5,37.74,139.93,9.0,3.0,-0.1691831377218757,0.9661149284480766
2011-03-31T23:17:15.1,37.0,140.5,6.0,3.4,2011-07-25T20:20:31.7,37.0,140.5,5.0,3.1,-0.0003085351936143,0.9780442512691638
2011-04-01T14:36:46.2,36.1718,142.6394,18.0,3.1,2011-06-08T03:12:55.3,36.2,142.59,62.0,3.1,-0.3038090994300591,0.9329479596734844
2011-04-01T14:36:46.2,36.1718,142.6394,18.0,3.1,2012-01-26T22:49:22.75,36.2138,142.4206,35.0,3.1,-4.995161624596496,0.9595987317276538
2011-04-01T16:11:41.5,36.78,140.53,10.0,3.0,2011-04-29T20:21:13.01,36.7766,140.5171,12.7,3.7,0.3259303368785212,0.9067922377146176
2011-04-02T07:02:00.2,37.33,141.38,48.0,3.3,2011-05-03T04:41:39.7,37.35,141.35,47.0,3.3,-0.4052553212343459,0.9351546757430952
2011-04-02T07:02:00.2,37.33,141.38,48.0,3.3,2011-07-03T06:48:44.0,37.34,141.37,48.0,3.1,-0.1509798482933589,0.9298235278910424
2011-04-02T13:51:05.9,36.34,140.58,50.0,3.3,2011-04-04T10:34:33.6,36.35,140.58,50.0,3.3,-0.0422547023894773,0.9657387383589804
2011-04-02T13:51:05.9,36.34,140.58,50.0,3.3,2011-08-20T05:15:40.6,36.35,140.58,53.0,3.3,0.3777948813219572,0.9243407135099322
2011-04-02T13:51:05.9,36.34,140.58,50.0,3.3,2011-10-16T20:33:38.8,36.34,140.58,51.0,3.0,0.2989923524532263,0.9247743706401657
2011-04-02T13:51:05.9,36.34,140.58,50.0,3.3,2011-12-25T13:25:28.7,36.34,140.57,51.0,3.1,0.0462147999481879,0.9332879295655236
2011-04-02T13:51:05.9,36.34,140.58,50.0,3.3,2012-04-16T16:21:39.86,36.2827,140.6293,56.4,3.6,1.6168357304843703,0.9158801005641136
2011-04-02T14:19:08.4,36.72,140.63,5.0,3.0,2011-04-04T19:50:01.83,36.7071,140.6396,10.7,3.8,0.511424854151163,0.9037847276575558
2011-04-02T14:19:08.4,36.72,140.63,5.0,3.0,2011-05-26T11:12:49.83,36.7544,140.5001,7.4,4.0,0.6404099706625778,0.9236441171447948
2011-04-03T13:24:23.4,36.72,142.23,16.0,3.3,2012-05-02T04:30:24.8,36.74,142.2,8.0,3.0,0.344082276058881,0.9605922662424164
2011-04-03T22:34:41.94,36.7914,140.5705,13.0,3.4,2011-11-11T15:23:49.81,36.8273,140.6163,4.7,3.4,0.6110922149740964,0.9365945973312184
2011-04-04T06:46:45.2,36.26,140.06,55.0,3.4,2012-03-21T15:12:02.31,36.2315,140.1235,58.1,3.4,0.5027523164824682,0.9956259504543692
2011-04-04T07:17:17.17,35.8058,141.1936,26.0,3.1,2011-05-03T22:54:00.1,35.73,140.96,34.0,3.0,-1.8715566753776065,0.99653798420319
2011-04-04T07:17:17.17,35.8058,141.1936,26.0,3.1,2011-07-07T15:45:34.06,35.7655,141.1509,26.0,3.1,-0.2976833840846364,0.9914105333337164
2011-04-04T07:17:17.17,35.8058,141.1936,26.0,3.1,2011-09-20T07:42:10.66,35.7549,141.0091,34.0,3.3,-1.602398051391947,0.9030465032464264
2011-04-04T07:17:17.17,35.8058,141.1936,26.0,3.1,2012-02-02T10:34:02.8,35.7317,141.1013,31.0,3.1,-1.0650068850020955,0.9943088147683938
2011-04-04T07:17:17.17,35.8058,141.1936,26.0,3.1,2011-07-07T01:47:53.88,35.6639,141.093,31.5,3.5,-1.208513569400521,0.9013560864457094
2011-04-04T10:34:33.6,36.35,140.58,50.0,3.3,2011-08-20T05:15:40.6,36.35,140.58,53.0,3.3,0.4195841663510992,0.9357604225889582
2011-04-04T10:34:33.6,36.35,140.58,50.0,3.3,2011-10-16T20:33:38.8,36.34,140.58,51.0,3.0,0.3414690695668946,0.9422866425837416
2011-04-04T10:34:33.6,36.35,140.58,50.0,3.3,2011-12-25T13:25:28.7,36.34,140.57,51.0,3.1,0.0884762870904764,0.9668025523650896
2011-04-04T10:34:33.6,36.35,140.58,50.0,3.3,2012-04-16T16:21:39.86,36.2827,140.6293,56.4,3.6,1.6570386360365714,0.922202862641977
2011-04-04T16:15:19.52,38.1642,141.7941,30.9,3.4,2011-06-23T02:44:00.4,38.18,141.69,51.0,3.0,-1.5244917932907636,0.903680546905522
2011-04-04T16:15:19.52,38.1642,141.7941,30.9,3.4,2011-05-04T21:13:44.3,38.1706,141.7982,44.8,3.9,-0.8818678283366178,0.9783217008178277
2011-04-04T16:15:19.52,38.1642,141.7941,30.9,3.4,2011-08-13T05:15:06.59,38.1686,141.8185,42.7,3.8,-1.0479918872463407,0.9750990903955432
2011-04-04T16:15:19.52,38.1642,141.7941,30.9,3.4,2011-11-16T08:34:00.54,38.1787,141.7783,44.0,3.5,-1.0684295627209086,0.9710550133700931
2011-04-04T19:13:17.9,36.4,142.44,19.0,3.2,2011-04-14T13:14:05.0,36.37,142.53,51.0,3.5,-0.0128790072270497,0.9426047556037548
2011-04-05T01:55:09.85,36.1977,141.9116,10.0,3.3,2012-04-30T00:45:36.64,36.1748,141.9946,23.0,3.5,0.0228546310408258,0.9058069145212974
2011-04-05T07:19:48.23,37.4587,141.6064,11.1,3.4,2011-11-10T20:36:25.56,37.5225,141.5517,25.4,3.2,-1.2394908628936323,0.9874341474090284
2011-04-05T13:50:59.67,36.3081,142.3136,15.0,3.4,2012-04-26T11:12:49.42,36.2263,142.1059,23.0,3.4,-2.154649977913256,0.9368256983755348
2011-04-05T13:50:59.67,36.3081,142.3136,15.0,3.4,2011-04-27T19:27:14.12,36.2921,141.9948,19.0,3.8,-2.723020735316785,0.951355557788064
2011-04-05T13:50:59.67,36.3081,142.3136,15.0,3.4,2011-06-08T10:44:52.72,36.2957,141.9451,19.0,3.5,-3.396295399211457,0.9306322006465112
2011-04-05T16:17:22.6,36.62,142.06,34.0,3.4,2011-05-09T02:55:38.54,36.6756,141.8639,19.0,3.4,-1.942942950674248,0.9909558025035152
2011-04-05T16:17:22.6,36.62,142.06,34.0,3.4,2011-06-22T12:40:56.1,36.63,141.99,21.0,3.2,-0.044224737172021,0.9889357797536512
2011-04-05T16:17:22.6,36.62,142.06,34.0,3.4,2011-08-07T15:35:52.8,36.64,141.99,22.0,3.1,-0.2128253917073275,0.9860598476865836
2011-04-05T16:17:22.6,36.62,142.06,34.0,3.4,2011-10-02T22:27:26.3,36.65,142.01,18.0,3.1,0.1634595382483801,0.9772801148764664
2011-04-05T16:17:22.6,36.62,142.06,34.0,3.4,2011-04-19T02:12:21.89,36.7853,141.9003,8.6,3.6,-0.98785830234247,0.9743120858196958
2011-04-05T19:04:45.9,36.7,140.59,8.0,3.1,2012-03-14T16:57:18.23,36.689,140.6293,9.7,3.7,0.4059786499628922,0.9284353506131864
2011-04-05T21:16:12.5,36.5943,141.9408,19.0,3.4,2011-04-29T01:54:27.8,36.48,142.02,35.0,3.1,1.8694063848095936,0.980550491082608
2011-04-05T21:16:12.5,36.5943,141.9408,19.0,3.4,2011-05-13T07:34:52.0,36.54,141.96,11.0,3.2,2.0982340629361405,0.9777212475794484
2011-04-05T21:50:46.4,36.68,142.34,11.0,3.1,2011-04-18T14:37:58.4,36.69,142.35,8.0,3.1,0.5899458530803461,0.9463391773844798
2011-04-05T21:50:46.4,36.68,142.34,11.0,3.1,2011-05-04T09:51:11.4,36.7,142.31,20.0,3.0,-0.9362055909247822,0.964060102674874
2011-04-06T07:11:26.8,36.7,140.64,5.0,3.2,2011-07-07T06:48:07.16,36.6975,140.6396,7.7,3.5,0.0008964843613916,0.9411418034982976
2011-04-06T17:12:48.2,36.69,142.46,41.0,3.4,2011-05-14T13:40:06.1,36.7,142.44,15.0,3.3,1.1132171987622743,0.955179154796622
2011-04-06T17:12:48.2,36.69,142.46,41.0,3.4,2011-06-01T21:54:06.1,36.7,142.31,44.0,3.1,-1.6599289952260496,0.9457342274766978
2011-04-06T17:12:48.2,36.69,142.46,41.0,3.4,2011-08-23T15:23:52.3,36.7,142.45,30.0,3.2,0.2665004846019366,0.9450994554050318
2011-04-06T17:12:48.2,36.69,142.46,41.0,3.4,2012-01-03T08:47:23.4,36.73,142.25,30.0,3.0,-1.8703967310453944,0.9468471380300458
2011-04-06T17:12:48.2,36.69,142.46,41.0,3.4,2012-04-10T06:06:33.9,36.72,142.27,15.0,3.2,-0.5832383020283997,0.9344665558855532
2011-04-06T17:12:48.2,36.69,142.46,41.0,3.4,2011-04-24T12:06:05.4,36.71,142.57,47.0,3.6,0.93440557787935,0.9426052728125726
2011-04-06T17:12:48.2,36.69,142.46,41.0,3.4,2011-06-26T08:41:23.5,36.6431,142.4634,15.0,3.8,0.6711905274063905,0.9437127939059102
2011-04-06T22:16:45.2,36.45,140.62,56.0,3.1,2012-01-30T20:17:23.9,36.44,140.61,55.0,3.0,-0.2229680868928849,0.9013282411598456
2011-04-07T12:22:24.32,36.3281,141.8311,19.0,3.2,2011-08-03T18:53:30.86,36.3775,141.8117,19.0,3.0,-0.2834805591919209,0.990586950523863
2011-04-07T12:22:24.32,36.3281,141.8311,19.0,3.2,2011-05-15T19:40:21.59,36.3401,142.1664,0.5,3.5,5.470640234978138,0.938972786867496
2011-04-07T18:28:24.4,36.38,141.01,40.0,3.1,2011-04-20T19:25:31.6,36.37,140.99,40.0,3.1,-0.2253319340682239,0.9000058871817943
2011-04-08T01:24:00.57,36.77,140.5636,5.2,3.1,2012-03-09T18:15:45.09,36.7947,140.5517,1.1,3.7,-0.1086167178799161,0.9494535366528412
2011-04-08T05:03:52.0,37.13,140.86,6.0,3.4,2011-06-29T01:51:02.99,37.1196,140.9607,5.3,3.8,0.7881577519709384,0.9506818423962456
2011-04-08T06:12:45.9,38.33,142.22,41.0,3.4,2011-04-14T00:10:06.59,38.3014,142.2776,24.5,4.2,0.3532439861034123,0.925858399099614
2011-04-08T07:04:31.23,36.6859,140.6359,11.7,3.3,2012-03-31T17:13:04.33,36.7149,140.5882,10.0,3.8,-0.4304233176548666,0.9060564875056988
2011-04-08T09:19:00.7,35.92,141.09,19.0,3.1,2011-05-03T07:33:39.9,35.91,141.12,23.0,3.2,0.4602777359393605,0.94418409194127
2011-04-08T15:10:55.7,38.38,141.84,66.0,3.4,2011-04-13T09:27:27.28,38.3572,141.9761,58.6,3.7,1.224687899066499,0.9013771005297034
2011-04-09T18:49:17.43,35.5678,140.0689,72.0,3.2,2012-05-21T22:21:19.49,35.5527,140.1439,65.7,3.4,1.0129690595822023,0.9872662890512304
2011-04-09T23:02:19.55,36.124,142.41,19.1,3.1,2011-06-16T16:47:02.18,36.2004,142.5221,0.9,3.0,3.798303435781699,0.9802984139671548
2011-04-09T23:02:19.55,36.124,142.41,19.1,3.1,2011-08-11T13:51:12.4,36.18,142.55,59.0,3.1,0.7681495780095593,0.9718264719749836
2011-04-09T23:02:19.55,36.124,142.41,19.1,3.1,2011-10-27T20:50:31.27,36.2688,142.1485,19.0,3.1,-3.8390450790496975,0.9631898712203624
2011-04-10T00:19:16.6,37.74,139.93,9.0,3.2,2011-05-12T05:57:15.7,37.74,139.92,9.0,3.2,-0.0558035057510211,0.9083659635602158
2011-04-10T00:19:16.6,37.74,139.93,9.0,3.2,2011-05-07T04:34:55.18,37.7104,139.9164,18.3,4.6,-1.1678686986074431,0.9268706457327685
2011-04-10T00:40:00.86,35.8782,139.7282,83.8,3.2,2012-01-16T04:58:05.1,35.92,139.8,76.0,3.0,-0.3167106820090121,0.9882331524487988
2011-04-10T08:48:18.49,35.5284,142.6763,56.0,3.0,2012-01-14T13:33:28.07,35.5095,142.671,59.0,3.1,0.8845277780964409,0.9016011394759724
2011-04-10T08:48:18.49,35.5284,142.6763,56.0,3.0,2011-09-28T17:26:31.59,35.5662,142.694,59.0,4.0,-0.2916082295100951,0.9016700401486756
2011-04-10T13:44:47.21,36.9296,141.7408,5.0,3.4,2011-04-11T04:27:33.81,37.0523,141.386,12.7,3.6,-4.883334973692607,0.9321314303228052
2011-04-10T20:46:46.41,38.6857,141.8416,51.7,3.2,2011-05-11T13:10:19.7,38.7,141.79,53.0,3.2,-0.4194474315959874,0.9306531108002896
2011-04-10T20:46:46.41,38.6857,141.8416,51.7,3.2,2012-01-13T18:54:04.4,38.7,141.8,53.0,3.4,-0.4866683681127377,0.9342993996071112
2011-04-11T10:22:58.1,37.02,140.62,11.0,3.4,2011-04-15T04:12:56.22,37.0269,140.6888,13.0,3.4,0.4372849510323602,0.922843907159677
2011-04-11T10:53:12.5,36.88,140.67,7.0,3.0,2011-12-16T19:12:39.7,36.88,140.66,7.0,3.0,-0.054752373146951,0.9084288721515316
2011-04-11T10:53:12.5,36.88,140.67,7.0,3.0,2011-08-18T05:36:57.8,36.88,140.66,7.0,3.6,-0.0628701271479698,0.9269567602432536
2011-04-11T13:58:46.87,37.0687,140.7183,12.0,3.2,2011-04-11T20:00:04.23,37.0617,140.6803,9.7,3.8,0.045073605546398,0.9542480068212
2011-04-11T14:12:06.05,36.9933,140.7008,9.5,3.4,2011-04-11T23:29:51.92,37.0328,140.6912,9.8,3.5,-0.5569083803082149,0.9176993137028164
2011-04-11T14:12:06.05,36.9933,140.7008,9.5,3.4,2011-05-28T13:54:11.17,37.0404,140.6825,9.6,3.6,-0.763160865171471,0.9365455018114424
2011-04-11T16:56:58.49,36.8295,140.7259,3.1,3.4,2012-03-31T19:11:30.3,36.88,140.67,8.0,3.1,-1.327074525205432,0.9454075020626316
2011-04-11T18:46:01.09,37.0403,140.591,10.7,3.4,2011-04-15T02:58:51.32,37.01,140.5151,2.2,4.0,1.0781566058481356,0.9251956539654104
2011-04-12T01:48:16.77,35.9267,140.8899,35.0,3.1,2011-05-04T13:17:05.12,35.9067,141.0818,31.0,3.1,2.623122298823501,0.9641985990643004
2011-04-12T01:48:16.77,35.9267,140.8899,35.0,3.1,2011-09-02T15:26:22.2,35.89,140.81,40.0,3.3,-0.1000965666555439,0.972074901224391
2011-04-12T11:53:53.5,35.48,140.95,21.0,3.2,2011-05-06T00:15:04.8,35.49,140.96,24.0,3.5,0.0835440461627361,0.9732105171769468
2011-04-12T12:43:09.9,35.69,140.94,9.0,3.2,2011-04-19T11:52:34.9,35.7,140.93,10.0,3.7,-0.0719660091060729,0.9539815655941508
2011-04-12T13:18:36.7,36.13,140.02,48.0,3.3,2011-05-30T02:35:40.3,36.13,140.02,48.0,3.4,0.182299412491054,0.9351372103369364
2011-04-12T17:56:16.3,37.02,140.68,11.0,3.0,2011-04-12T18:10:51.8,37.03,140.68,12.0,3.1,0.0088840540738147,0.9280713580422236
2011-04-13T15:19:58.39,37.005,140.6412,8.7,3.2,2011-04-26T08:33:29.28,37.0342,140.6811,11.6,3.1,-0.4887860149981784,0.9539630323486844
2011-04-14T13:39:26.2,36.92,141.56,30.0,3.4,2011-05-09T00:41:15.09,36.9717,141.5718,8.9,3.7,0.4420914321978446,0.916687970703448
2011-04-14T13:56:39.2,36.8,140.56,9.0,3.0,2011-05-04T15:09:03.06,36.808,140.434,4.4,4.1,1.1119148398679155,0.9662709142944752
2011-04-15T09:51:52.0,36.98,140.79,12.0,3.0,2011-05-08T15:20:44.4,36.9096,140.7379,13.9,4.1,1.15491805148292,0.9165285027060234
2011-04-15T12:38:59.8,36.68,141.5,31.0,3.1,2011-04-15T23:40:10.86,36.7084,141.7117,15.6,3.6,3.6883835412549257,0.93121620804843
2011-04-15T12:38:59.8,36.68,141.5,31.0,3.1,2011-04-24T06:30:33.6,36.69,141.46,49.0,3.6,-0.2727308227812986,0.9420512267115108
2011-04-15T23:30:39.5,37.53,142.0,20.0,3.3,2011-04-27T23:33:29.7,37.54,142.01,18.0,3.7,0.0664532929914556,0.949901709899458
2011-04-16T22:41:27.97,36.2606,142.1462,19.0,3.1,2012-02-27T22:15:18.6,36.5018,141.8776,19.0,3.3,-3.5167072614224657,0.947370106379972
2011-04-17T00:08:10.1,36.66,141.11,43.0,3.0,2011-08-18T19:18:24.08,36.6208,141.2592,23.3,3.7,2.261241911671884,0.9114169983822564
2011-04-17T00:24:43.3,36.39,141.98,21.0,3.1,2011-05-31T00:49:57.8,36.39,141.98,20.0,3.0,0.0460666597580064,0.9872563770632556
2011-04-18T13:11:12.8,36.09,140.01,65.0,3.0,2011-08-10T06:17:33.35,36.0728,140.0259,72.1,3.7,0.841677049746525,0.9323811219019752
2011-04-18T14:37:58.4,36.69,142.35,8.0,3.1,2011-05-04T09:51:11.4,36.7,142.31,20.0,3.0,-1.525143971550635,0.9607726004682512
2011-04-19T09:54:28.8,37.49,141.37,27.0,3.4,2011-06-19T16:31:20.3,37.49,141.37,28.0,3.5,0.0218798465245554,0.9477299746281124
2011-04-19T12:50:14.47,36.214,141.9602,23.0,3.3,2011-04-19T13:21:11.87,36.1714,141.8115,23.0,3.4,-1.7122882758865965,0.9246507059287788
2011-04-19T18:14:37.4,37.3,141.29,49.0,3.4,2011-06-02T20:07:34.0,37.32,141.28,50.0,3.3,-0.0530896815640377,0.9895106542034406
2011-04-19T18:14:37.4,37.3,141.29,49.0,3.4,2011-07-27T08:48:52.3,37.32,141.27,50.0,3.1,-0.0907017692936668,0.9854940749157948
2011-04-19T18:14:37.4,37.3,141.29,49.0,3.4,2011-12-27T22:59:10.7,37.32,141.28,50.0,3.2,-0.0681622784289372,0.9716346873877294
2011-04-19T18:14:37.4,37.3,141.29,49.0,3.4,2012-04-08T11:59:43.1,37.31,141.28,50.0,3.1,-0.0918073176846635,0.9828053080491984
2011-04-19T18:27:43.52,36.3426,142.2047,6.8,3.3,2011-05-14T13:50:16.07,36.3266,142.1786,15.0,3.1,0.2728101729870342,0.9816615024677242
2011-04-19T18:27:43.52,36.3426,142.2047,6.8,3.3,2011-06-12T04:00:04.07,36.1711,142.3714,18.0,3.0,0.5416017828564375,0.9832425937909168
2011-04-19T18:27:43.52,36.3426,142.2047,6.8,3.3,2011-07-31T13:19:01.53,36.2901,142.2314,10.0,3.0,-0.9418349100662544,0.9809606875410872
2011-04-21T04:44:43.8,36.99,140.6,7.0,3.0,2011-04-30T12:43:31.45,36.9767,140.6388,14.9,3.2,0.1476862551058801,0.9178186582499216
2011-04-21T08:15:41.5,36.68,142.06,47.0,3.1,2011-06-02T08:07:07.0,36.65,142.1,28.0,3.1,0.6685894456192525,0.968525239287214
2011-04-21T08:15:41.5,36.68,142.06,47.0,3.1,2011-06-20T17:09:39.8,36.68,142.08,44.0,3.0,0.3583904894453658,0.9850673905676368
2011-04-21T08:15:41.5,36.68,142.06,47.0,3.1,2011-08-01T20:28:42.8,36.69,142.03,20.0,3.0,0.7475644969078749,0.9759431203579692
2011-04-21T08:15:41.5,36.68,142.06,47.0,3.1,2011-09-14T01:07:06.6,36.68,142.06,11.0,3.0,1.6528421029234277,0.9731877398113554
2011-04-21T08:15:41.5,36.68,142.06,47.0,3.1,2011-11-14T00:28:17.2,36.69,142.05,14.0,3.0,1.539530762357785,0.9624457636430976
2011-04-21T18:02:02.43,36.369,142.4139,15.0,3.1,2011-06-21T23:22:34.7,36.32,142.52,31.0,3.2,1.6082349437699897,0.9747387830748095
2011-04-21T18:02:02.43,36.369,142.4139,15.0,3.1,2011-08-07T10:09:22.2,36.31,142.56,33.0,3.1,1.8830717123117864,0.9761592560271471
2011-04-21T18:02:02.43,36.369,142.4139,15.0,3.1,2011-10-09T18:25:42.28,36.347,142.1922,9.0,3.1,-1.205982563191184,0.9751185163707896
2011-04-21T18:02:02.43,36.369,142.4139,15.0,3.1,2011-12-14T11:15:50.01,36.316,142.1757,15.0,3.1,-1.5411392181114625,0.9742641394946894
2011-04-21T20:40:27.7,36.52,141.09,27.0,3.1,2011-07-17T18:58:05.53,36.551,141.1074,25.4,3.3,0.2557756206647164,0.9567807989847524
2011-04-21T20:46:04.8,37.5,141.47,45.0,3.3,2011-04-21T20:47:16.5,37.5,141.47,43.0,3.3,-0.1168851718500647,0.935616881054031
2011-04-21T22:31:14.56,36.145,142.0678,23.0,3.1,2011-11-09T04:36:35.27,36.2955,141.8998,7.9,3.3,0.1599517406209196,0.981049972279953
2011-04-22T16:22:12.3,37.5,141.36,48.0,3.2,2012-01-01T11:09:18.21,37.5149,141.5186,45.2,3.4,1.6614592714890482,0.971913846157593
2011-04-22T16:22:12.3,37.5,141.36,48.0,3.2,2011-07-24T09:59:07.37,37.5502,141.5737,32.4,3.6,2.364437186264675,0.9761318316398568
2011-04-22T16:22:12.3,37.5,141.36,48.0,3.2,2012-01-01T12:06:40.45,37.5045,141.5147,41.3,3.5,1.3447220329942913,0.9107095890107488
2011-04-23T17:27:15.4,36.78,140.55,9.0,3.1,2011-12-27T18:21:56.5,36.77,140.56,10.0,3.2,0.1664232977133002,0.9109103331355832
2011-04-24T04:53:05.7,37.15,142.36,0.0,3.4,2011-06-20T17:42:04.2,37.2,142.4,0.0,3.4,0.0658527605386452,0.9423293132695753
2011-04-24T04:53:05.7,37.15,142.36,0.0,3.4,2011-10-07T16:00:01.9,37.13,142.45,18.0,3.1,-0.7812393817280865,0.938708724062386
2011-04-24T10:33:25.7,36.7,142.35,32.0,3.4,2011-07-10T15:20:48.02,36.6878,142.3602,4.6,3.3,2.2515137392821205,0.985922904066582
2011-04-24T10:33:25.7,36.7,142.35,32.0,3.4,2011-10-07T18:09:19.6,36.72,142.28,44.0,3.0,-1.263486105079639,0.9847477398351228
2011-04-24T10:33:25.7,36.7,142.35,32.0,3.4,2011-12-31T20:24:30.28,36.6909,142.4395,15.0,3.4,1.1919059567130832,0.9523419807118368
2011-04-24T10:33:25.7,36.7,142.35,32.0,3.4,2012-02-14T05:08:42.73,36.6799,142.3191,15.0,3.4,0.1575467299366077,0.9805399955403132
2011-04-24T10:33:25.7,36.7,142.35,32.0,3.4,2011-04-24T13:48:29.59,36.6587,142.3425,15.0,3.7,0.719657706040341,0.9653607659516245
2011-04-24T10:33:25.7,36.7,142.35,32.0,3.4,2011-06-06T23:58:24.67,36.6638,142.3815,15.0,3.6,0.7218640128887241,0.9675288315669052
2011-04-24T10:33:25.7,36.7,142.35,32.0,3.4,2011-06-07T00:06:50.92,36.7113,142.3545,10.0,3.6,0.932907293833936,0.9936487725192286
2011-04-24T10:33:25.7,36.7,142.35,32.0,3.4,2011-08-12T23:30:40.3,36.71,142.4,14.0,3.6,1.8709321266752093,0.9614625324768648
2011-04-24T10:33:25.7,36.7,142.35,32.0,3.4,2011-08-12T23:36:48.6,36.71,142.43,12.0,3.5,2.234158878606556,0.9899907275531974
2011-04-24T13:06:04.4,36.7,141.92,24.0,3.3,2011-04-26T02:52:46.1,36.71,141.94,39.0,3.3,-0.4548821740244543,0.9040711487486732
2011-04-24T21:37:09.8,35.73,140.93,12.0,3.1,2011-04-30T04:46:14.4,35.74,140.94,12.0,3.2,0.1281217732359464,0.9382000247214888
2011-04-26T08:48:08.3,36.85,140.69,10.0,3.2,2011-04-28T18:46:29.7,36.85,140.69,10.0,3.0,0.0523143983392174,0.964932386140808
2011-04-27T05:20:27.06,36.194,142.6656,8.3,3.4,2012-01-17T01:06:40.3,36.281,142.6232,15.0,3.2,-2.6431887734937782,0.9800882747486503
2011-04-27T17:18:51.2,36.26,141.12,45.0,3.0,2012-01-22T22:15:42.7,36.25,141.11,46.0,3.2,-0.1906655548138894,0.9438648498788909
2011-04-27T20:35:49.0,36.17,140.12,51.0,3.3,2011-05-12T23:35:54.83,36.108,140.0443,51.5,3.9,0.5195388291453064,0.9610236087032014
2011-04-28T04:30:43.8,37.08,142.49,4.0,3.2,2012-01-04T02:13:55.8,37.01,142.64,26.0,3.0,0.4504195358577747,0.9330934281232178
2011-04-28T06:34:52.1,37.05,140.75,10.0,3.1,2012-01-02T01:41:19.3,37.05,140.74,10.0,3.5,-0.0005430230639473,0.9124956496255672
2011-04-28T09:53:53.2,37.43,141.78,42.0,3.4,2011-04-29T21:08:05.1,37.43,141.78,41.0,3.1,-0.0008063477231562,0.9386024627984758
2011-04-28T17:31:20.3,36.86,140.58,8.0,3.0,2011-05-13T20:44:34.3,36.86,140.58,9.0,3.0,0.0145408352141354,0.9226784939221786
2011-04-29T01:54:27.8,36.48,142.02,35.0,3.1,2011-05-13T07:34:52.0,36.54,141.96,11.0,3.2,0.228244517260038,0.9761660615344931
2011-04-29T07:56:34.9,37.42,141.77,43.0,3.3,2011-12-07T14:53:33.4,37.43,141.77,44.0,3.7,0.071902716840342,0.966015029313772
2011-04-29T22:45:52.7,38.28,141.8,56.0,3.4,2012-04-05T15:47:33.8,38.28,141.8,55.0,3.2,-0.0487748379017474,0.9215990630186291
2011-04-30T06:33:23.98,37.2776,141.6149,25.0,3.4,2011-05-18T11:56:18.0,37.29,141.42,47.0,3.1,-2.2419965076814266,0.9754664179784228
2011-04-30T06:33:23.98,37.2776,141.6149,25.0,3.4,2011-06-14T12:01:07.0,37.28,141.44,44.0,3.1,-2.0644999237370287,0.9676781439559596
2011-04-30T06:33:23.98,37.2776,141.6149,25.0,3.4,2011-07-07T06:01:34.9,37.29,141.42,46.0,3.1,-2.188370912530176,0.9677107318305846
2011-04-30T06:33:23.98,37.2776,141.6149,25.0,3.4,2011-09-02T00:07:17.8,37.29,141.41,46.0,3.3,-2.357985415020577,0.972773577307793
2011-04-30T06:33:23.98,37.2776,141.6149,25.0,3.4,2012-02-14T13:56:28.0,37.29,141.42,47.0,3.1,-2.216830253980053,0.973236007839485
2011-04-30T10:28:55.3,38.32,140.69,12.0,3.2,2011-05-18T02:37:12.9,38.32,140.7,13.0,3.1,0.107594228690159,0.9628306660408578
2011-04-30T10:50:18.9,37.01,142.32,23.0,3.1,2011-06-02T20:20:27.3,36.99,142.31,4.0,3.2,1.8889664760902056,0.9146144836372722
2011-04-30T10:50:18.9,37.01,142.32,23.0,3.1,2011-08-09T21:10:38.3,36.99,142.36,25.0,3.0,0.7671741387602459,0.9135699986118654
2011-04-30T10:50:18.9,37.01,142.32,23.0,3.1,2011-10-01T12:22:25.4,36.99,142.34,0.0,3.2,2.6908554941077747,0.9491804851692608
2011-04-30T10:50:18.9,37.01,142.32,23.0,3.1,2012-01-15T16:32:22.1,36.99,142.34,17.0,3.0,1.061659791625179,0.9437106088236388
2011-04-30T10:50:18.9,37.01,142.32,23.0,3.1,2012-04-02T02:10:30.0,37.0,142.31,10.0,3.1,1.4066999282597952,0.917802668206575
2011-05-01T01:33:44.7,35.47,142.36,59.0,3.1,2011-05-30T04:08:43.1,35.47,142.32,58.0,3.1,-0.5240780889216079,0.984689184264102
2011-05-01T01:33:44.7,35.47,142.36,59.0,3.1,2011-07-26T17:17:04.55,35.3782,141.8537,22.0,3.0,-4.985912959152646,0.9891218946808013
2011-05-01T01:33:44.7,35.47,142.36,59.0,3.1,2011-10-31T15:34:18.04,35.4257,142.1742,17.0,3.1,-0.8116370862685668,0.9856381700817604
2011-05-01T01:33:44.7,35.47,142.36,59.0,3.1,2012-04-13T03:22:22.8,35.46,142.35,55.0,3.1,-0.1574837246088471,0.987791679033153
2011-05-01T15:17:51.5,35.95,141.11,19.0,3.1,2011-05-03T10:20:30.34,36.0163,141.1414,31.0,3.4,-0.7954000599143317,0.9770773117528544
2011-05-01T17:38:09.7,36.79,140.56,8.0,3.0,2011-05-24T22:55:30.7,36.79,140.56,9.0,3.0,0.0537787504835568,0.9825256778024836
2011-05-02T04:32:30.6,36.3,141.02,46.0,3.0,2011-06-26T01:58:11.81,36.3292,141.1178,14.3,3.4,4.0389390267736855,0.9024207346885708
2011-05-02T13:57:02.6,36.99,140.53,6.0,3.1,2011-05-02T16:43:56.4,37.0133,140.4879,6.5,3.2,0.2072606621750779,0.9904891325690016
2011-05-03T04:41:39.7,37.35,141.35,47.0,3.3,2011-07-03T06:48:44.0,37.34,141.37,48.0,3.1,0.2548133896881545,0.985867422144094
2011-05-03T07:33:39.9,35.91,141.12,23.0,3.2,2011-08-11T23:56:53.2,35.92,141.1,22.0,3.0,-0.188190022065362,0.9238832181075586
2011-05-03T22:54:00.1,35.73,140.96,34.0,3.0,2011-07-07T15:45:34.06,35.7655,141.1509,26.0,3.1,1.5735913887224662,0.9913646114824284
2011-05-03T22:54:00.1,35.73,140.96,34.0,3.0,2011-09-20T07:42:10.66,35.7549,141.0091,34.0,3.3,0.2688394800632368,0.9020042691407412
2011-05-03T22:54:00.1,35.73,140.96,34.0,3.0,2012-02-02T10:34:02.8,35.7317,141.1013,31.0,3.1,0.8063637662508425,0.997548159646048
2011-05-03T22:54:00.1,35.73,140.96,34.0,3.0,2011-07-07T01:47:53.88,35.6639,141.093,31.5,3.5,0.663125010115911,0.9020531105940724
2011-05-04T01:04:52.0,36.68,140.61,7.0,3.0,2012-03-09T10:48:57.5,36.67,140.62,7.0,3.6,-0.0474914215144609,0.9466848495634776
2011-05-04T13:17:05.12,35.9067,141.0818,31.0,3.1,2011-09-02T15:26:22.2,35.89,140.81,40.0,3.3,-2.723957263825884,0.9975860860537364
2011-05-04T19:26:46.58,36.2005,141.8112,29.0,3.1,2011-05-29T00:49:12.1,36.13,142.08,65.0,3.0,4.285615076957904,0.994953477361006
2011-05-04T22:40:46.61,35.7032,142.7163,59.0,3.1,2011-06-02T21:21:36.53,35.7063,142.8088,59.0,3.2,0.4125567467099182,0.9568631150532714
2011-05-05T06:43:40.5,37.52,141.46,46.0,3.1,2011-10-12T19:31:22.9,37.53,141.47,47.0,3.2,0.0968866821202345,0.9606070860103104
2011-05-05T17:27:51.8,36.15,140.07,49.0,3.2,2011-09-09T01:45:52.1,36.15,140.09,49.0,3.2,-0.0421847099446459,0.9147889566089398
2011-05-05T17:27:51.8,36.15,140.07,49.0,3.2,2011-08-18T15:39:49.22,36.1212,140.1139,53.9,4.0,0.1142873465068077,0.9104207626165453
2011-05-06T03:50:47.65,34.8269,142.766,8.9,3.3,2011-05-22T09:53:04.2,34.9543,142.9599,35.0,3.6,-2.406243452963639,0.926825564370316
2011-05-06T12:06:06.7,37.77,141.97,23.0,3.2,2011-05-14T01:22:32.5,37.75,141.95,16.0,3.8,0.2631400500796769,0.95335321646372
2011-05-07T03:37:48.3,36.71,142.11,12.0,3.1,2011-07-05T09:29:50.07,36.6926,142.0534,19.0,3.4,-0.8156778239300188,0.9257394775256548
2011-05-07T03:37:48.3,36.71,142.11,12.0,3.1,2011-07-08T23:31:26.9,36.71,142.14,30.0,3.3,-1.1360862377958558,0.9830706189227568
2011-05-07T03:37:48.3,36.71,142.11,12.0,3.1,2011-12-17T09:46:54.5,36.72,142.03,17.0,3.1,-1.1583975371983122,0.9855485714452852
2011-05-07T03:37:48.3,36.71,142.11,12.0,3.1,2011-07-09T03:46:28.16,36.7412,142.0387,19.0,3.7,-1.3382807379780466,0.9177547921203943
2011-05-07T03:37:48.3,36.71,142.11,12.0,3.1,2012-02-23T12:26:29.66,36.681,142.0847,19.0,3.7,-1.019440322746352,0.9298281016567452
2011-05-07T14:51:30.6,35.73,140.89,15.0,3.1,2011-05-07T21:22:00.0,35.73,140.87,13.0,3.5,-0.295268064168562,0.9699968178460172
2011-05-08T00:58:10.1,35.78,140.9,13.0,3.2,2012-03-15T00:25:16.5,35.78,140.89,13.0,3.2,0.1176218053677149,0.905006672279203
2011-05-08T00:58:10.1,35.78,140.9,13.0,3.2,2012-03-14T12:27:04.0,35.78,140.91,13.0,3.6,0.1854043742640612,0.9418757271020642
2011-05-08T00:58:10.1,35.78,140.9,13.0,3.2,2012-03-14T13:25:39.4,35.78,140.91,14.0,3.5,0.2432265915262223,0.9433644496613056
2011-05-08T00:58:10.1,35.78,140.9,13.0,3.2,2012-03-14T13:29:53.21,35.7646,140.8834,12.4,4.3,-0.0610362865012589,0.9736802143420727
2011-05-08T18:43:54.0,37.76,141.02,18.0,3.2,2011-05-17T01:03:03.56,37.7636,141.0594,11.9,4.0,0.1427221966232563,0.9837732960528638
2011-05-09T02:55:38.54,36.6756,141.8639,19.0,3.4,2011-06-22T12:40:56.1,36.63,141.99,21.0,3.2,1.8986811022874637,0.9916882622158568
2011-05-09T02:55:38.54,36.6756,141.8639,19.0,3.4,2011-08-07T15:35:52.8,36.64,141.99,22.0,3.1,1.7301483995981817,0.9915325612159523
2011-05-09T02:55:38.54,36.6756,141.8639,19.0,3.4,2011-10-02T22:27:26.3,36.65,142.01,18.0,3.1,2.1064174079693,0.9798129950189276
2011-05-09T04:39:41.4,36.73,141.86,34.0,3.2,2011-05-29T23:03:53.8,36.74,141.84,18.0,3.3,0.4317016345523503,0.9900204524143312
2011-05-09T04:39:41.4,36.73,141.86,34.0,3.2,2011-06-18T10:34:10.0,36.75,141.81,43.0,3.0,-0.6971702145937815,0.9752047346149264
2011-05-09T04:39:41.4,36.73,141.86,34.0,3.2,2011-07-07T23:34:53.9,36.71,141.87,15.0,3.1,0.9944543570648148,0.9912677451793328
2011-05-09T04:39:41.4,36.73,141.86,34.0,3.2,2011-08-22T01:56:47.4,36.74,141.92,23.0,3.0,0.953523555516933,0.9914603613646906
2011-05-09T04:39:41.4,36.73,141.86,34.0,3.2,2012-04-12T04:12:27.5,36.72,141.89,38.0,3.2,0.47136852192921,0.9875423497373296
2011-05-09T10:34:30.52,34.9059,142.8776,35.0,3.4,2011-05-18T11:12:24.53,34.8923,142.7968,7.5,3.4,3.209347083202947,0.9430630353246086
2011-05-09T10:34:30.52,34.9059,142.8776,35.0,3.4,2011-06-03T04:57:11.75,34.8388,142.9384,35.0,4.1,-0.6136666227950336,0.9370457725877872
2011-05-09T19:36:32.5,35.73,140.92,12.0,3.0,2011-06-01T13:58:19.1,35.73,140.91,12.0,3.1,-0.147486525159934,0.9768705265501504
2011-05-10T04:02:21.35,35.9514,140.4183,35.0,3.3,2012-03-05T14:15:48.0,35.9,140.36,38.0,3.3,0.4805541801117177,0.9920946047877336
2011-05-10T10:00:19.6,36.22,141.9,64.0,3.0,2011-05-10T10:40:56.96,36.1943,141.9417,23.0,3.6,0.406343430231824,0.9600730402206882
2011-05-11T07:55:21.3,36.74,141.85,46.0,3.1,2011-05-11T08:38:28.68,36.717,141.9302,11.8,3.7,2.7920344174679963,0.9230969764163144
2011-05-11T13:10:19.7,38.7,141.79,53.0,3.2,2011-06-18T04:51:48.9,38.7,141.79,53.0,3.1,-0.1477908007126208,0.9131439999749414
2011-05-11T13:10:19.7,38.7,141.79,53.0,3.2,2011-07-09T11:25:41.89,38.6816,141.8869,51.9,3.3,0.3109602462123909,0.9048592482518804
2011-05-11T13:10:19.7,38.7,141.79,53.0,3.2,2011-08-29T20:19:51.0,38.7,141.8,53.0,3.1,-0.0074502792647311,0.943449252649014
2011-05-11T13:10:19.7,38.7,141.79,53.0,3.2,2011-11-25T13:16:16.4,38.7,141.79,53.0,3.2,-0.0482445158154501,0.9037288264296538
2011-05-11T13:10:19.7,38.7,141.79,53.0,3.2,2012-01-13T18:54:04.4,38.7,141.8,53.0,3.4,-0.0666219308752184,0.969738414835426
2011-05-11T13:10:19.7,38.7,141.79,53.0,3.2,2012-03-05T19:28:27.6,38.7,141.8,53.0,3.1,-0.048467655889681,0.9081304229742228
2011-05-12T19:33:07.1,35.77,140.97,12.0,3.0,2011-11-12T20:46:20.4,35.76,140.97,13.0,3.0,-0.0207624584466905,0.9001582183310017
2011-05-13T05:57:02.88,34.9763,142.8159,35.0,3.4,2011-05-15T01:26:29.87,34.9942,142.7884,35.0,3.3,-0.3329280282036104,0.9278639777289136
2011-05-13T20:44:34.3,36.86,140.58,9.0,3.0,2011-07-12T17:09:07.9,36.86,140.58,9.0,3.2,0.1518263083022989,0.9350338601355151
2011-05-13T22:23:44.3,36.84,140.64,8.0,3.2,2012-02-20T12:40:06.5,36.84,140.64,8.0,3.5,-0.0563837586987173,0.9246015010777064
2011-05-14T00:06:19.4,37.3,141.57,44.0,3.0,2011-05-14T15:50:34.83,37.2769,141.7633,23.6,4.0,2.5616140154047637,0.936552793322695
2011-05-14T13:40:06.1,36.7,142.44,15.0,3.3,2011-06-01T21:54:06.1,36.7,142.31,44.0,3.1,-2.774202986919677,0.9770006887931892
2011-05-14T13:40:06.1,36.7,142.44,15.0,3.3,2011-08-23T15:23:52.3,36.7,142.45,30.0,3.2,-0.8469936652090516,0.976960622690877
2011-05-14T13:40:06.1,36.7,142.44,15.0,3.3,2012-01-03T08:47:23.4,36.73,142.25,30.0,3.0,-2.9853784043401794,0.9843326436020282
2011-05-14T13:40:06.1,36.7,142.44,15.0,3.3,2012-04-10T06:06:33.9,36.72,142.27,15.0,3.2,-1.696822441358776,0.9757607306582408
2011-05-14T13:40:06.1,36.7,142.44,15.0,3.3,2011-06-26T08:41:23.5,36.6431,142.4634,15.0,3.8,-0.4441165973161144,0.9660063272823952
2011-05-14T13:50:16.07,36.3266,142.1786,15.0,3.1,2011-06-12T04:00:04.07,36.1711,142.3714,18.0,3.0,0.2675560451065255,0.9916630291143418
2011-05-14T13:50:16.07,36.3266,142.1786,15.0,3.1,2011-07-31T13:19:01.53,36.2901,142.2314,10.0,3.0,-1.2144376717857803,0.9926605897635314
2011-05-16T12:46:53.5,35.78,140.96,11.0,3.1,2012-04-05T14:23:02.28,35.7814,141.007,15.0,3.6,1.0104344768207474,0.9378686437712606
2011-05-16T16:25:42.6,37.59,141.58,42.0,3.4,2011-06-26T20:32:07.0,37.6,141.58,41.0,3.1,-0.0995591440005417,0.988593064094076
2011-05-16T16:25:42.6,37.59,141.58,42.0,3.4,2011-08-05T20:41:48.3,37.59,141.56,44.0,3.0,-0.1080412150289934,0.978190524883362
2011-05-16T19:14:13.1,36.19,139.98,52.0,3.4,2011-11-15T19:56:27.55,36.2022,139.9634,54.4,3.4,0.3233804950397853,0.9336924248435112
2011-05-17T00:56:08.64,35.8498,140.9414,28.5,3.3,2011-05-17T07:49:00.09,35.8913,140.9104,25.0,3.5,-0.0383082880592657,0.9010742891415596
2011-05-17T18:10:57.4,38.65,142.17,40.0,3.2,2011-07-10T16:37:07.3,38.65,142.17,40.0,3.1,0.0229558474144318,0.9633060387361888
2011-05-18T05:26:05.15,37.2209,141.19,10.9,3.4,2011-05-19T19:41:59.13,37.2155,141.1928,9.3,3.8,-0.0556863797509064,0.9207607962244342
2011-05-18T09:01:47.14,36.1785,142.0773,23.0,3.2,2012-01-18T13:05:28.25,36.1656,142.1496,23.0,3.0,1.2246860903938064,0.988124387887534
2011-05-18T11:12:24.53,34.8923,142.7968,7.5,3.4,2011-06-03T04:57:11.75,34.8388,142.9384,35.0,4.1,-3.8251480755381855,0.9576955590972992
2011-05-18T11:15:41.6,37.19,140.9,8.0,3.0,2011-05-25T22:36:08.9,37.19,140.9,8.0,3.3,0.0818220760188059,0.9415785354394696
2011-05-18T11:15:41.6,37.19,140.9,8.0,3.0,2011-07-04T00:17:44.74,37.1651,140.9775,8.3,3.0,0.8835756424638537,0.9091785553414008
2011-05-18T11:56:18.0,37.29,141.42,47.0,3.1,2011-06-14T12:01:07.0,37.28,141.44,44.0,3.1,0.1782922596328542,0.9705034448157857
2011-05-18T11:56:18.0,37.29,141.42,47.0,3.1,2011-07-07T06:01:34.9,37.29,141.42,46.0,3.1,0.0531116323418946,0.9827714902148884
2011-05-18T11:56:18.0,37.29,141.42,47.0,3.1,2011-09-02T00:07:17.8,37.29,141.41,46.0,3.3,-0.1147267960189949,0.980376843749404
2011-05-18T11:56:18.0,37.29,141.42,47.0,3.1,2012-02-14T13:56:28.0,37.29,141.42,47.0,3.1,0.0254872652913018,0.9799948626744068
2011-05-19T09:48:24.7,37.24,142.57,0.0,3.3,2011-05-19T11:59:37.32,37.1763,142.9518,14.3,4.0,1.766374715164716,0.9116212340113492
2011-05-19T12:03:49.6,38.47,142.25,27.0,3.3,2011-09-21T23:02:40.2,38.49,142.26,28.0,3.6,-0.0530986264782207,0.9120913282309516
2011-05-19T12:03:49.6,38.47,142.25,27.0,3.3,2012-05-27T10:09:20.86,38.368,142.2455,10.0,4.1,2.0985348657393965,0.9059047521423662
2011-05-19T18:21:45.6,36.23,140.89,46.0,3.0,2011-08-22T18:14:14.27,36.2668,140.9261,26.4,3.6,1.084391323068712,0.905452676330868
2011-05-20T00:02:13.26,36.2257,140.5408,53.1,3.1,2012-04-01T04:47:58.45,36.3133,140.5818,55.0,3.4,0.2941569345548997,0.9712911924778076
2011-05-20T07:36:19.9,37.35,141.35,47.0,3.4,2011-07-10T18:04:15.0,37.328,141.4139,28.4,3.6,1.8383551533875075,0.9907337811063818
2011-05-20T07:36:19.9,37.35,141.35,47.0,3.4,2011-12-17T06:35:54.0,37.35,141.35,48.0,3.5,0.0039745358359398,0.9906185788542592
2011-05-21T03:33:51.5,35.76,141.13,15.0,3.0,2011-07-29T23:26:14.89,35.7252,141.1461,13.8,4.0,0.276880094422763,0.955859408052158
2011-05-21T14:43:53.3,37.23,142.38,8.0,3.3,2011-06-14T08:06:18.5,37.16,142.56,6.0,3.0,2.341208884215833,0.9089813672532256
2011-05-21T16:49:44.6,36.67,142.49,0.0,3.2,2011-12-12T01:49:19.6,36.7,142.42,8.0,3.1,-1.939361251677784,0.949839962609562
2011-05-21T18:28:56.5,35.72,140.94,16.0,3.3,2011-05-21T22:22:28.7,35.73,140.98,17.0,3.1,0.5050107897345231,0.9748723191230132
2011-05-22T06:57:51.42,34.8831,142.7096,42.0,3.3,2011-05-26T06:40:34.63,34.782,142.727,42.0,3.9,0.1465787728954013,0.9253684936151794
2011-05-22T17:22:36.02,36.1696,142.5041,18.0,3.3,2011-06-24T23:28:45.3,36.15,142.55,61.0,3.3,0.3811226042375625,0.963620285632185
2011-05-22T17:22:36.02,36.1696,142.5041,18.0,3.3,2012-01-20T13:13:25.3,36.17,142.51,60.0,3.2,0.0025239807774313,0.9776890249870788
2011-05-23T14:12:05.9,36.34,141.12,26.0,3.0,2011-05-23T23:15:23.3,36.34,141.12,23.0,3.4,-0.0139010592973422,0.9105978279286692
2011-05-24T11:06:49.91,36.2957,142.3915,35.8,3.2,2011-06-22T13:42:37.08,36.2888,142.0137,23.0,3.1,-1.15068493769341,0.9931734424769976
2011-05-24T11:06:49.91,36.2957,142.3915,35.8,3.2,2011-10-28T14:43:58.53,36.2915,142.3203,15.0,3.1,0.973463525743008,0.992749985794699
2011-05-24T11:06:49.91,36.2957,142.3915,35.8,3.2,2012-02-29T09:11:17.43,36.3376,142.1458,15.0,3.0,-0.8586327926155675,0.990192168484313
2011-05-24T21:56:14.2,36.28,140.92,45.0,3.1,2011-08-10T23:26:24.7,36.24,141.0,43.0,3.0,1.4868517748755736,0.910347935719912
2011-05-24T22:24:27.9,35.63,142.81,50.0,3.3,2011-09-28T17:26:31.59,35.5662,142.694,59.0,4.0,-4.202697894228356,0.9230233820116716
2011-05-25T04:07:26.17,35.7386,140.8108,49.6,3.3,2011-09-01T22:39:34.02,35.7223,140.8092,48.8,3.4,0.1050201351663024,0.9601145922188048
2011-05-25T08:48:10.1,37.13,140.84,9.0,3.0,2011-05-29T20:50:17.2,37.13,140.84,9.0,3.3,0.0194482967480004,0.925814531151438
2011-05-25T11:51:20.7,35.75,141.0,12.0,3.1,2011-05-26T08:24:02.72,35.7758,141.0097,11.8,3.8,0.5765010887426254,0.902890314194
2011-05-25T17:41:42.9,36.79,140.54,8.0,3.0,2011-06-17T03:36:27.3,36.79,140.54,8.0,3.1,0.0429931358538641,0.93603846835778
2011-05-25T22:36:08.9,37.19,140.9,8.0,3.3,2011-07-04T00:17:44.74,37.1651,140.9775,8.3,3.0,0.7992873750533777,0.9382386633850992
2011-05-26T12:28:11.1,36.72,140.61,7.0,3.1,2012-04-17T13:15:21.2,36.72,140.61,7.0,3.1,0.0686284906079266,0.9428538047925225
2011-05-26T23:25:08.1,37.12,140.83,7.0,3.3,2011-06-19T21:55:30.59,37.0717,140.9339,7.4,3.3,2.1121517232193,0.9433488862854909
2011-05-28T14:28:57.93,36.222,142.2731,2.3,3.2,2011-11-24T01:39:13.25,36.2303,142.0944,19.0,3.2,-5.176159779592266,0.9928077101579734
2011-05-28T23:50:49.8,35.79,140.97,12.0,3.0,2011-09-28T08:09:17.7,35.79,140.98,14.0,3.1,0.1482981180138111,0.9373465889732412
2011-05-29T09:00:34.0,37.16,142.58,56.0,3.3,2011-07-17T14:50:01.48,37.1756,142.5249,9.0,3.6,1.160957986748744,0.944959493942895
2011-05-29T10:39:56.9,36.32,142.28,80.0,3.2,2011-10-20T21:02:35.1,36.34,142.25,73.0,3.1,-0.486974901997933,0.9125615542172516
2011-05-29T23:03:53.8,36.74,141.84,18.0,3.3,2011-06-18T10:34:10.0,36.75,141.81,43.0,3.0,-1.1285877881670836,0.9705516349387298
2011-05-29T23:03:53.8,36.74,141.84,18.0,3.3,2011-07-07T23:34:53.9,36.71,141.87,15.0,3.1,0.5623138883185916,0.9900992386394456
2011-05-29T23:03:53.8,36.74,141.84,18.0,3.3,2011-08-22T01:56:47.4,36.74,141.92,23.0,3.0,0.5221117904044269,0.985745329767014
2011-05-29T23:03:53.8,36.74,141.84,18.0,3.3,2012-04-12T04:12:27.5,36.72,141.89,38.0,3.2,0.0408202514430895,0.9905839096066976
2011-05-30T04:08:43.1,35.47,142.32,58.0,3.1,2011-07-26T17:17:04.55,35.3782,141.8537,22.0,3.0,-4.461023261458386,0.9920695366068312
2011-05-30T04:08:43.1,35.47,142.32,58.0,3.1,2011-10-31T15:34:18.04,35.4257,142.1742,17.0,3.1,-0.287839992916665,0.9922919936824918
2011-05-30T04:08:43.1,35.47,142.32,58.0,3.1,2012-04-13T03:22:22.8,35.46,142.35,55.0,3.1,0.3658628166513926,0.986570802696416
2011-05-30T07:49:15.1,36.83,140.58,7.0,3.3,2011-10-23T18:25:51.71,36.8083,140.58,11.3,3.6,0.539087275240075,0.9395699802542032
2011-05-30T08:17:12.1,36.64,140.94,48.0,3.2,2012-02-18T13:43:46.26,36.6189,141.1023,31.5,3.2,1.1376535662083311,0.9858964394488652
2011-05-31T21:23:27.09,37.0929,140.8428,5.5,3.4,2011-09-13T22:09:24.4,37.12,140.84,7.0,3.3,-0.0334675131260235,0.9375064482471376
2011-05-31T21:23:27.09,37.0929,140.8428,5.5,3.4,2011-11-10T00:04:01.5,37.12,140.84,7.0,3.3,0.0023443193633981,0.9444222400498736
2011-05-31T21:23:27.09,37.0929,140.8428,5.5,3.4,2011-06-19T21:17:09.07,37.1016,140.9203,4.2,3.7,0.5169341783944549,0.9189757591046608
2011-05-31T21:24:12.3,37.12,140.84,6.0,3.1,2011-09-13T22:09:24.4,37.12,140.84,7.0,3.3,0.2012131520628776,0.9155892180914482
2011-05-31T21:24:12.3,37.12,140.84,6.0,3.1,2011-11-10T00:04:01.5,37.12,140.84,7.0,3.3,0.238305894476056,0.9210782143611772
2011-05-31T21:24:12.3,37.12,140.84,6.0,3.1,2011-06-19T21:17:09.07,37.1016,140.9203,4.2,3.7,0.7474617398879094,0.9450542268045928
2011-06-01T06:12:26.0,36.56,141.03,20.0,3.0,2011-07-14T01:54:23.9,36.57,141.03,18.0,3.0,0.0909681578428775,0.96288317908394
2011-06-01T09:33:45.0,36.62,140.82,53.0,3.4,2012-05-05T13:11:45.5,36.61,140.83,53.0,3.1,0.0557096843137845,0.96591337620508
2011-06-01T21:54:06.1,36.7,142.31,44.0,3.1,2011-08-23T15:23:52.3,36.7,142.45,30.0,3.2,1.928060701560877,0.9607996448796348
2011-06-01T21:54:06.1,36.7,142.31,44.0,3.1,2012-01-03T08:47:23.4,36.73,142.25,30.0,3.0,-0.2101028626987829,0.982319893124692
2011-06-01T21:54:06.1,36.7,142.31,44.0,3.1,2012-04-10T06:06:33.9,36.72,142.27,15.0,3.2,1.0778811162123625,0.9693442985086992
2011-06-01T21:54:06.1,36.7,142.31,44.0,3.1,2011-06-26T08:41:23.5,36.6431,142.4634,15.0,3.8,2.331496352631844,0.9408360562711302
2011-06-02T08:07:07.0,36.65,142.1,28.0,3.1,2011-06-20T17:09:39.8,36.68,142.08,44.0,3.0,-0.3096691218727692,0.9770706716915998
2011-06-02T08:07:07.0,36.65,142.1,28.0,3.1,2011-08-01T20:28:42.8,36.69,142.03,20.0,3.0,0.0787013662489924,0.9651574372979478
2011-06-02T08:07:07.0,36.65,142.1,28.0,3.1,2011-09-14T01:07:06.6,36.68,142.06,11.0,3.0,0.9846163188418784,0.9697413031656962
2011-06-02T08:07:07.0,36.65,142.1,28.0,3.1,2011-11-14T00:28:17.2,36.69,142.05,14.0,3.0,0.8694025279208374,0.959231139380093
2011-06-02T08:49:58.21,35.8472,141.9968,23.0,3.1,2011-06-02T09:25:27.82,35.8259,142.0631,23.0,3.7,-0.0521064271412236,0.938930103976596
2011-06-02T12:17:36.7,38.54,141.72,54.0,3.3,2011-06-19T00:37:09.8,38.54,141.72,54.0,3.2,-0.0304010033747321,0.971570915230935
2011-06-02T12:17:36.7,38.54,141.72,54.0,3.3,2011-07-10T22:18:25.9,38.54,141.72,53.0,3.3,-0.0359948081417547,0.9567522091768552
2011-06-02T12:17:36.7,38.54,141.72,54.0,3.3,2011-07-24T10:03:31.7,38.54,141.72,53.0,3.0,-0.0433590484955529,0.957386801115545
2011-06-02T12:17:36.7,38.54,141.72,54.0,3.3,2011-08-21T08:13:10.6,38.54,141.72,54.0,3.3,-0.0224778266035454,0.9703407545786088
2011-06-02T12:17:36.7,38.54,141.72,54.0,3.3,2011-09-08T17:18:17.0,38.54,141.72,54.0,3.2,-0.044360248625261,0.9677209112870356
2011-06-02T12:17:36.7,38.54,141.72,54.0,3.3,2011-09-29T00:56:55.0,38.54,141.72,54.0,3.3,-0.0309753378997836,0.921781519551788
2011-06-02T12:17:36.7,38.54,141.72,54.0,3.3,2011-10-17T02:17:47.1,38.54,141.72,54.0,3.1,-0.0885852606246392,0.9027018844053712
2011-06-02T12:17:36.7,38.54,141.72,54.0,3.3,2011-11-03T06:25:11.0,38.54,141.73,54.0,3.3,-0.0280523938541823,0.9281023032433852
2011-06-02T12:17:36.7,38.54,141.72,54.0,3.3,2011-11-22T03:04:38.0,38.55,141.72,53.0,3.1,-0.1637715259083567,0.9085414343632738
2011-06-02T12:17:36.7,38.54,141.72,54.0,3.3,2011-12-12T17:19:51.8,38.54,141.72,54.0,3.3,-0.0929261056807833,0.9724837968971524
2011-06-02T12:17:36.7,38.54,141.72,54.0,3.3,2012-01-08T04:15:19.2,38.54,141.72,53.0,3.2,-0.0725508954297804,0.956982670654048
2011-06-02T12:17:36.7,38.54,141.72,54.0,3.3,2012-02-26T11:26:46.5,38.54,141.72,53.0,3.3,-0.1590754257665905,0.9641339301867552
2011-06-02T12:17:36.7,38.54,141.72,54.0,3.3,2012-03-27T07:58:35.4,38.54,141.73,53.0,3.3,-0.1262523160708334,0.92851458791762
2011-06-02T12:17:36.7,38.54,141.72,54.0,3.3,2012-05-15T14:42:46.69,38.5217,141.7613,51.5,3.4,0.399895264726685,0.963034294560456
2011-06-02T20:07:34.0,37.32,141.28,50.0,3.3,2011-07-27T08:48:52.3,37.32,141.27,50.0,3.1,-0.0374322470832181,0.9841572727457673
2011-06-02T20:07:34.0,37.32,141.28,50.0,3.3,2011-12-27T22:59:10.7,37.32,141.28,50.0,3.2,-0.0147905192579315,0.9749520863651748
2011-06-02T20:07:34.0,37.32,141.28,50.0,3.3,2012-04-08T11:59:43.1,37.31,141.28,50.0,3.1,-0.0386892278678286,0.9841605847681356
2011-06-02T20:20:27.3,36.99,142.31,4.0,3.2,2011-10-01T12:22:25.4,36.99,142.34,0.0,3.2,0.8009694443827049,0.9302871209368768
2011-06-02T20:20:27.3,36.99,142.31,4.0,3.2,2012-01-15T16:32:22.1,36.99,142.34,17.0,3.0,-0.8265750495893573,0.916474002812671
2011-06-02T20:20:27.3,36.99,142.31,4.0,3.2,2012-04-02T02:10:30.0,37.0,142.31,10.0,3.1,-0.482603378730191,0.9096829035891646
2011-06-04T11:31:06.36,36.5584,142.4472,15.0,3.1,2011-06-27T22:31:29.55,36.4532,142.5892,24.8,3.9,0.5876373261203357,0.944053865630866
2011-06-04T20:17:53.25,37.0793,142.6964,9.0,3.3,2011-08-30T06:15:14.1,37.03,142.73,20.0,3.3,0.8886931652785521,0.9806032416995462
2011-06-04T20:17:53.25,37.0793,142.6964,9.0,3.3,2011-12-20T10:33:35.99,37.0974,142.5878,35.0,3.3,-4.151735321381994,0.9852317171443736
2011-06-04T20:17:53.25,37.0793,142.6964,9.0,3.3,2012-05-13T11:40:46.76,37.2384,142.4209,14.1,3.2,-1.5724166395561936,0.9900208047549636
2011-06-04T22:14:01.0,35.33,142.29,34.0,3.0,2011-06-11T02:29:55.28,35.2164,142.3314,12.8,3.5,2.022206177409858,0.945153769950004
2011-06-05T15:04:19.04,36.9604,142.5746,9.0,3.3,2011-07-05T08:47:00.3,36.97,142.73,34.0,3.1,0.0331377949460472,0.9656998335099654
2011-06-05T20:06:43.87,36.2972,142.5319,15.0,3.2,2011-10-23T21:31:49.85,36.2652,142.5122,15.0,3.3,-1.7995383984817948,0.9898019800682744
2011-06-05T20:06:43.87,36.2972,142.5319,15.0,3.2,2012-05-04T16:30:25.44,36.3447,142.6838,15.0,3.2,0.0074539398890935,0.989191134687604
2011-06-07T00:14:59.8,36.72,142.18,5.0,3.0,2011-10-09T08:35:58.3,36.71,142.25,26.0,3.0,-0.3735459347806605,0.920480503119304
2011-06-07T04:35:56.5,36.91,140.66,6.0,3.1,2011-06-07T09:22:20.56,36.9099,140.6516,9.6,3.5,0.1584840399516624,0.90291170238548
2011-06-08T03:12:55.3,36.2,142.59,62.0,3.1,2012-01-26T22:49:22.75,36.2138,142.4206,35.0,3.1,-4.692440597963163,0.9411357123697506
2011-06-09T09:31:53.32,36.6258,142.73,15.0,3.3,2012-03-24T13:24:04.41,36.6351,142.8522,29.0,3.6,-1.0975430375287156,0.9852381407465468
2011-06-09T17:29:25.2,36.74,141.85,47.0,3.0,2011-08-11T03:24:17.64,36.7176,141.882,11.1,3.5,1.5573643473278291,0.9176607419661558
2011-06-10T12:13:24.6,37.1,140.6,11.0,3.2,2011-06-10T19:20:21.8,37.1,140.61,11.0,3.1,-0.0111212571126219,0.9551388206533554
2011-06-10T18:10:24.18,37.8506,143.6986,35.0,3.3,2011-06-11T19:47:00.52,37.8303,143.7486,35.0,3.6,0.4036044513518821,0.9361857070653092
2011-06-10T21:32:32.1,37.41,141.58,21.0,3.3,2011-06-15T10:19:02.1,37.41,141.58,21.0,3.3,0.0243106830923196,0.9223038218795304
2011-06-11T06:32:22.3,35.72,141.43,14.0,3.1,2012-03-21T04:10:45.9,35.76,141.42,21.0,3.2,0.1045937468702808,0.9202288215580968
2011-06-11T14:45:58.7,35.42,141.02,25.0,3.1,2011-06-11T14:50:48.5,35.42,141.01,23.0,3.2,-0.0583949800728369,0.9795614887140576
2011-06-11T17:40:00.0,34.83,142.56,13.0,3.1,2011-06-12T17:06:16.5,34.84,142.76,50.0,3.3,0.5048591186539064,0.9341807932796744
2011-06-12T02:56:15.4,37.83,141.74,49.0,3.2,2011-06-15T16:13:38.4,37.83,141.72,49.0,3.2,-0.0128046223059321,0.9288951402675386
2011-06-12T04:00:04.07,36.1711,142.3714,18.0,3.0,2011-07-31T13:19:01.53,36.2901,142.2314,10.0,3.0,-1.4824738856719732,0.99172773042976
2011-06-12T08:26:55.4,36.85,140.53,8.0,3.3,2011-08-14T15:59:40.2,36.85,140.53,8.0,3.1,-0.0055493263022629,0.9875419198510728
2011-06-12T08:26:55.4,36.85,140.53,8.0,3.3,2011-06-12T08:27:46.16,36.8729,140.5625,7.0,3.6,0.8698338788917763,0.902056568214318
2011-06-12T10:42:01.3,34.82,142.58,59.0,3.3,2011-09-07T21:03:34.1,34.88,142.29,43.0,3.3,-3.3899587114157046,0.959759257798797
2011-06-12T15:26:06.91,34.7971,142.6912,35.0,3.4,2011-11-12T01:04:28.68,34.7284,142.6146,35.0,3.6,-0.2876568048729951,0.9650325295943832
2011-06-13T06:36:34.59,36.2098,142.4319,18.0,3.3,2011-12-11T07:21:21.45,36.3024,142.1311,19.0,3.0,-4.675745234974202,0.9525740911649134
2011-06-13T06:36:34.59,36.2098,142.4319,18.0,3.3,2012-03-19T06:46:37.44,36.2753,142.4216,0.8,3.1,2.4459214276968413,0.9355086176941042
2011-06-14T11:02:21.3,35.72,140.96,11.0,3.0,2012-01-01T07:32:39.5,35.7253,141.0406,11.8,3.8,1.331785607719621,0.9042945114319594
2011-06-14T12:01:07.0,37.28,141.44,44.0,3.1,2011-07-07T06:01:34.9,37.29,141.42,46.0,3.1,-0.1245234072972904,0.9633677780021658
2011-06-14T12:01:07.0,37.28,141.44,44.0,3.1,2011-09-02T00:07:17.8,37.29,141.41,46.0,3.3,-0.2935749917232735,0.9735733409654382
2011-06-14T12:01:07.0,37.28,141.44,44.0,3.1,2012-02-14T13:56:28.0,37.29,141.42,47.0,3.1,-0.1524617029829262,0.975975693980034
2011-06-16T14:01:45.78,36.9822,142.7175,35.0,3.2,2011-09-22T12:14:34.38,37.1882,142.2691,10.0,3.0,-2.9361515200681856,0.9629570278261492
2011-06-16T14:01:45.78,36.9822,142.7175,35.0,3.2,2012-04-28T16:26:01.21,37.215,142.5681,9.0,3.0,2.147120183012303,0.9816414923005466
2011-06-16T16:47:02.18,36.2004,142.5221,0.9,3.0,2011-10-27T20:50:31.27,36.2688,142.1485,19.0,3.1,-7.638408458005109,0.9742887960198688
2011-06-17T06:32:45.5,36.75,141.79,42.0,3.4,2012-05-17T01:06:00.6,36.74,141.92,20.0,3.2,2.294388478403293,0.9837490501004446
2011-06-17T14:03:35.2,36.76,142.14,12.0,3.3,2012-03-23T06:58:44.6,36.76,142.13,30.0,3.3,-1.4424165475733757,0.9926393725393506
2011-06-17T16:13:38.4,38.62,144.66,44.0,3.3,2012-05-27T02:45:06.3,38.59,144.72,46.0,3.4,0.7749803475101077,0.9431526990727416
2011-06-18T04:51:48.9,38.7,141.79,53.0,3.1,2012-01-13T18:54:04.4,38.7,141.8,53.0,3.4,0.0807106464724892,0.9042527996305616
2011-06-18T10:34:10.0,36.75,141.81,43.0,3.0,2011-07-07T23:34:53.9,36.71,141.87,15.0,3.1,1.691551489431537,0.9735541351118696
2011-06-18T10:34:10.0,36.75,141.81,43.0,3.0,2011-08-22T01:56:47.4,36.74,141.92,23.0,3.0,1.6504744366070638,0.9727618363474252
2011-06-18T10:34:10.0,36.75,141.81,43.0,3.0,2012-04-12T04:12:27.5,36.72,141.89,38.0,3.2,1.1682295655797943,0.9706159518192428
2011-06-18T15:11:21.9,36.29,141.91,68.0,3.1,2011-07-06T12:22:00.7,36.4085,141.4137,26.0,3.1,-5.364824291168393,0.9776243849167326
2011-06-18T19:01:31.1,36.71,140.6,7.0,3.3,2011-07-20T20:45:46.6,36.71,140.59,7.0,3.4,-0.0110622233390384,0.9024784573611914
2011-06-18T23:56:42.7,38.24,141.87,64.0,3.2,2011-09-11T07:18:48.3,38.24,141.87,63.0,3.5,0.0163611289196024,0.979479329381698
2011-06-19T00:37:09.8,38.54,141.72,54.0,3.2,2011-07-10T22:18:25.9,38.54,141.72,53.0,3.3,-0.0052455108501094,0.962177709510349
2011-06-19T00:37:09.8,38.54,141.72,54.0,3.2,2011-07-24T10:03:31.7,38.54,141.72,53.0,3.0,-0.0126198725822592,0.9633961166097028
2011-06-19T00:37:09.8,38.54,141.72,54.0,3.2,2011-08-21T08:13:10.6,38.54,141.72,54.0,3.3,0.0070580200707455,0.9813348585157504
2011-06-19T00:37:09.8,38.54,141.72,54.0,3.2,2011-09-08T17:18:17.0,38.54,141.72,54.0,3.2,-0.0137803879762103,0.9725844416549332
2011-06-19T00:37:09.8,38.54,141.72,54.0,3.2,2011-09-29T00:56:55.0,38.54,141.72,54.0,3.3,-0.000772631297455,0.929134660354344
2011-06-19T00:37:09.8,38.54,141.72,54.0,3.2,2011-10-17T02:17:47.1,38.54,141.72,54.0,3.1,-0.0580794766630719,0.9094830486118908
2011-06-19T00:37:09.8,38.54,141.72,54.0,3.2,2011-11-03T06:25:11.0,38.54,141.73,54.0,3.3,0.0023386164360262,0.9464626313289036
2011-06-19T00:37:09.8,38.54,141.72,54.0,3.2,2011-11-22T03:04:38.0,38.55,141.72,53.0,3.1,-0.1354034562404585,0.9049017295149272
2011-06-19T00:37:09.8,38.54,141.72,54.0,3.2,2011-12-12T17:19:51.8,38.54,141.72,54.0,3.3,-0.0620042946497132,0.9712148237943504
2011-06-19T00:37:09.8,38.54,141.72,54.0,3.2,2012-01-08T04:15:19.2,38.54,141.72,53.0,3.2,-0.0430047142486499,0.9725848903039914
2011-06-19T00:37:09.8,38.54,141.72,54.0,3.2,2012-02-26T11:26:46.5,38.54,141.72,53.0,3.3,-0.1300071870713423,0.9676621520471892
2011-06-19T00:37:09.8,38.54,141.72,54.0,3.2,2012-03-27T07:58:35.4,38.54,141.73,53.0,3.3,-0.0960840827984139,0.9401983827111442
2011-06-19T00:37:09.8,38.54,141.72,54.0,3.2,2012-05-15T14:42:46.69,38.5217,141.7613,51.5,3.4,0.4288700054605856,0.9621803472908776
2011-06-19T18:43:00.3,37.21,141.44,34.0,3.2,2011-06-19T20:51:16.99,37.1733,141.6138,6.5,3.4,3.505689943839782,0.9149103999490786
2011-06-19T18:54:29.56,35.4982,141.0844,33.0,3.4,2011-09-12T15:25:57.95,35.5466,141.166,33.0,4.3,0.1225971206046079,0.9295103117562278
2011-06-20T12:25:29.9,37.34,141.77,45.0,3.1,2011-06-20T13:12:15.8,37.35,141.77,41.0,3.0,-0.0059053365127477,0.9203377448432484
2011-06-20T17:09:39.8,36.68,142.08,44.0,3.0,2011-08-01T20:28:42.8,36.69,142.03,20.0,3.0,0.3888311028349809,0.982743192204523
2011-06-20T17:09:39.8,36.68,142.08,44.0,3.0,2011-09-14T01:07:06.6,36.68,142.06,11.0,3.0,1.2942971212079235,0.9803997398071868
2011-06-20T17:09:39.8,36.68,142.08,44.0,3.0,2011-11-14T00:28:17.2,36.69,142.05,14.0,3.0,1.180002217749774,0.9704289954639348
2011-06-20T17:42:04.2,37.2,142.4,0.0,3.4,2011-10-07T16:00:01.9,37.13,142.45,18.0,3.1,-0.8470860706770604,0.962136829843761
2011-06-20T19:20:54.92,36.1966,142.1784,15.1,3.2,2011-09-22T14:28:42.17,36.2756,142.1452,19.0,3.3,-1.2429816423447204,0.9935321827103142
2011-06-20T19:20:54.92,36.1966,142.1784,15.1,3.2,2011-12-01T03:03:22.06,36.2373,142.0126,23.0,3.2,-3.672714914598126,0.9654873194680044
2011-06-21T12:19:20.4,38.86,141.64,61.0,3.1,2012-05-09T09:29:09.67,38.8569,141.7117,60.6,3.3,0.5423835216471142,0.9022801488197876
2011-06-21T16:54:23.98,36.6029,141.8068,19.0,3.0,2011-08-10T12:10:43.6,36.64,141.98,19.0,3.3,0.6510458059922213,0.987549742620494
2011-06-21T23:22:34.7,36.32,142.52,31.0,3.2,2011-08-07T10:09:22.2,36.31,142.56,33.0,3.1,0.2754790502211082,0.9836036768904848
2011-06-21T23:22:34.7,36.32,142.52,31.0,3.2,2011-10-09T18:25:42.28,36.347,142.1922,9.0,3.1,-2.814712821845699,0.9849571526567044
2011-06-21T23:22:34.7,36.32,142.52,31.0,3.2,2011-12-14T11:15:50.01,36.316,142.1757,15.0,3.1,-3.1499190868633478,0.9841692049606432
2011-06-22T12:40:56.1,36.63,141.99,21.0,3.2,2011-08-07T15:35:52.8,36.64,141.99,22.0,3.1,-0.1690139394981202,0.9921200625178564
2011-06-22T12:40:56.1,36.63,141.99,21.0,3.2,2011-10-02T22:27:26.3,36.65,142.01,18.0,3.1,0.2073678613042813,0.9899462871070352
2011-06-22T13:42:37.08,36.2888,142.0137,23.0,3.1,2011-10-28T14:43:58.53,36.2915,142.3203,15.0,3.1,2.1239391650508104,0.9913003872153716
2011-06-22T13:42:37.08,36.2888,142.0137,23.0,3.1,2012-02-29T09:11:17.43,36.3376,142.1458,15.0,3.0,0.2926923351132797,0.9928252201566484
2011-06-23T02:44:00.4,38.18,141.69,51.0,3.0,2011-08-13T05:15:06.59,38.1686,141.8185,42.7,3.8,0.474684135909649,0.9013050505919186
2011-06-23T02:44:00.4,38.18,141.69,51.0,3.0,2011-11-16T08:34:00.54,38.1787,141.7783,44.0,3.5,0.4569730144506196,0.9089721855189145
2011-06-24T23:28:45.3,36.15,142.55,61.0,3.3,2011-08-11T18:50:51.7,36.16,142.47,79.0,3.2,-0.4516764638211782,0.9657888423921662
2011-06-24T23:28:45.3,36.15,142.55,61.0,3.3,2011-10-28T03:59:50.8,36.17,142.51,71.0,3.3,-0.2729966460518495,0.960691734201042
2011-06-24T23:28:45.3,36.15,142.55,61.0,3.3,2012-01-20T13:13:25.3,36.17,142.51,60.0,3.2,-0.3800212352027925,0.9556506980060526
2011-06-26T01:16:31.9,38.18,141.71,51.0,3.0,2011-07-09T12:37:25.0,38.18,141.7,50.0,3.2,-0.1471887047545164,0.9071959097276554
2011-06-26T01:16:31.9,38.18,141.71,51.0,3.0,2012-01-29T16:49:48.1,38.18,141.7,50.0,3.1,-0.1792735884371287,0.9575762012134102
2011-06-26T01:16:31.9,38.18,141.71,51.0,3.0,2011-12-17T09:15:19.98,38.1721,141.7673,52.7,3.7,-0.4887672797136232,0.9215893301988596
2011-06-26T01:58:11.81,36.3292,141.1178,14.3,3.4,2012-03-23T02:30:40.5,36.3,141.02,46.0,3.3,-3.949823049351682,0.930741627206098
2011-06-26T20:32:07.0,37.6,141.58,41.0,3.1,2011-08-05T20:41:48.3,37.59,141.56,44.0,3.0,-0.0083048799282951,0.9795217049363464
2011-06-27T05:47:49.4,38.67,142.16,40.0,3.4,2011-08-31T10:20:37.5,38.67,142.17,41.0,3.1,0.1117995481199745,0.9412795125729664
2011-06-27T10:29:15.56,36.9126,140.8207,1.4,3.2,2011-06-27T20:49:24.61,36.9426,141.1852,11.3,3.7,5.174729190313825,0.944095362510981
2011-06-27T14:55:33.5,35.77,140.99,14.0,3.4,2012-03-12T02:25:31.1,35.7908,140.881,9.2,3.3,-1.2109668580804596,0.9202138742688732
2011-06-29T17:43:01.1,38.34,141.66,53.0,3.2,2011-11-03T00:20:36.7,38.34,141.67,54.0,3.1,-0.0219000042425649,0.9196499918124306
2011-06-29T22:10:08.5,36.87,140.6,18.0,3.0,2011-08-14T05:25:38.4,36.87,140.6,18.0,3.2,0.0616300881066203,0.978316868807246
2011-07-01T03:32:52.1,36.79,141.0,48.0,3.1,2011-10-07T16:23:32.59,36.7966,141.1185,40.7,3.8,0.3134415666182391,0.9097045074361862
2011-07-02T04:36:38.4,37.44,141.52,44.0,3.1,2011-11-24T07:59:40.17,37.4348,141.6911,17.2,3.6,3.293128629907543,0.9597972302427046
2011-07-02T20:52:16.0,36.25,141.07,37.0,3.4,2011-07-19T14:54:51.71,36.2223,141.1247,10.8,3.5,2.1055765250965006,0.9730207714101966
2011-07-03T11:23:35.1,37.35,141.36,48.0,3.4,2011-10-01T07:45:51.3,37.35,141.36,47.0,3.3,0.0084724782342576,0.9712603583748942
2011-07-04T08:18:55.73,35.7338,141.8125,22.0,3.4,2011-07-16T08:24:27.12,35.7008,141.84,22.0,3.3,-0.1708974476698719,0.946867013782375
2011-07-04T08:18:55.73,35.7338,141.8125,22.0,3.4,2011-11-17T10:12:59.27,35.7458,141.7838,23.0,3.4,-0.1902639853225094,0.9315834785716528
2011-07-04T13:08:07.9,37.51,141.52,43.0,3.3,2011-11-18T22:48:55.0,37.5,141.5,44.0,3.4,-0.0618114196923312,0.9756713837785588
2011-07-04T13:08:07.9,37.51,141.52,43.0,3.3,2011-09-09T16:01:40.6,37.51,141.5,45.0,3.5,-0.0195347074288438,0.9750641598879342
2011-07-04T13:08:07.9,37.51,141.52,43.0,3.3,2012-03-30T09:36:56.6,37.51,141.51,44.0,3.6,0.0268746264689319,0.9727250695319406
2011-07-05T08:51:25.54,36.9379,142.8586,25.0,3.4,2011-12-02T17:31:18.17,37.0017,142.6922,35.0,3.3,-2.7940928124981923,0.9824960930791922
2011-07-05T08:51:25.54,36.9379,142.8586,25.0,3.4,2012-04-27T14:02:14.37,36.9618,142.7849,25.0,3.4,-0.9841674830101091,0.9843950603904612
2011-07-05T09:29:50.07,36.6926,142.0534,19.0,3.4,2011-07-08T23:31:26.9,36.71,142.14,30.0,3.3,-0.3194353484068327,0.9556666260604904
2011-07-05T09:29:50.07,36.6926,142.0534,19.0,3.4,2011-12-17T09:46:54.5,36.72,142.03,17.0,3.1,-0.3428604830796046,0.932348692701522
2011-07-05T09:29:50.07,36.6926,142.0534,19.0,3.4,2011-07-09T03:46:28.16,36.7412,142.0387,19.0,3.7,-0.5198363051201955,0.923567919187738
2011-07-05T09:29:50.07,36.6926,142.0534,19.0,3.4,2012-02-23T12:26:29.66,36.681,142.0847,19.0,3.7,-0.2037039150964631,0.9263887792045606
2011-07-05T20:14:22.3,36.71,141.89,32.0,3.0,2011-09-26T07:29:27.9,36.71,141.89,20.0,3.1,0.4635338613154825,0.9779275454475428
2011-07-05T20:14:22.3,36.71,141.89,32.0,3.0,2011-07-27T19:10:30.7,36.74,141.81,45.0,3.5,-1.278246940531857,0.9074321200851524
2011-07-05T20:14:22.3,36.71,141.89,32.0,3.0,2011-11-02T19:50:18.2,36.7892,141.8547,19.0,3.6,-0.8766986303138169,0.9237854320105024
2011-07-06T03:48:54.4,37.24,142.26,14.0,3.3,2011-07-06T04:17:15.3,37.18,142.36,15.0,3.5,1.3089626581564953,0.9154497304338772
2011-07-06T05:54:33.3,37.21,142.35,11.0,3.2,2011-09-25T08:48:25.8,37.22,142.36,8.0,3.1,0.3075977861478343,0.977786506881594
2011-07-06T05:54:33.3,37.21,142.35,11.0,3.2,2012-04-08T17:46:37.1,37.19,142.38,12.0,3.3,0.4090616484285675,0.9772131009074312
2011-07-07T06:01:34.9,37.29,141.42,46.0,3.1,2011-09-02T00:07:17.8,37.29,141.41,46.0,3.3,-0.1682953459534693,0.9732697978299012
2011-07-07T06:01:34.9,37.29,141.42,46.0,3.1,2012-02-14T13:56:28.0,37.29,141.42,47.0,3.1,-0.0281958778807025,0.9725914280562564
2011-07-07T15:45:34.06,35.7655,141.1509,26.0,3.1,2012-02-02T10:34:02.8,35.7317,141.1013,31.0,3.1,-0.7666897921447311,0.9900096285461696
2011-07-07T23:34:53.9,36.71,141.87,15.0,3.1,2011-08-22T01:56:47.4,36.74,141.92,23.0,3.0,-0.0409391694337774,0.9905130485991273
2011-07-07T23:34:53.9,36.71,141.87,15.0,3.1,2012-04-12T04:12:27.5,36.72,141.89,38.0,3.2,-0.5222282329794314,0.985331750998752
2011-07-08T20:05:04.7,36.8,140.57,7.0,3.1,2011-11-11T15:23:49.81,36.8273,140.6163,4.7,3.4,1.1200205406149006,0.9612424478514212
2011-07-08T23:31:26.9,36.71,142.14,30.0,3.3,2011-12-17T09:46:54.5,36.72,142.03,17.0,3.1,-0.0231038950544422,0.9853298120072502
2011-07-08T23:31:26.9,36.71,142.14,30.0,3.3,2011-07-09T03:46:28.16,36.7412,142.0387,19.0,3.7,-0.2021345465735792,0.925576188357502
2011-07-08T23:31:26.9,36.71,142.14,30.0,3.3,2012-02-23T12:26:29.66,36.681,142.0847,19.0,3.7,0.1151566555576098,0.9254054499089048
2011-07-09T08:14:28.56,35.922,140.9879,36.0,3.4,2012-01-09T09:23:29.94,35.8873,140.9177,30.9,3.6,0.4606582040509309,0.9154662774567264
2011-07-09T23:06:56.5,36.15,140.98,45.0,3.2,2012-04-05T21:30:06.6,36.15,140.99,44.0,3.0,-0.0139509733542397,0.9219727989761002
2011-07-10T15:20:48.02,36.6878,142.3602,4.6,3.3,2011-10-07T18:09:19.6,36.72,142.28,44.0,3.0,-3.516384861471727,0.9918440068160996
2011-07-10T15:20:48.02,36.6878,142.3602,4.6,3.3,2011-12-31T20:24:30.28,36.6909,142.4395,15.0,3.4,-1.0597888932224124,0.9681672185803216
2011-07-10T15:20:48.02,36.6878,142.3602,4.6,3.3,2012-02-14T05:08:42.73,36.6799,142.3191,15.0,3.4,-2.0954316896545357,0.9867921129026752
2011-07-10T15:20:48.02,36.6878,142.3602,4.6,3.3,2011-08-12T23:30:40.3,36.71,142.4,14.0,3.6,-0.3804997739752904,0.9735703633682772
2011-07-10T15:20:48.02,36.6878,142.3602,4.6,3.3,2011-08-12T23:36:48.6,36.71,142.43,12.0,3.5,-0.0186584328376055,0.9953550664022024
2011-07-10T22:18:25.9,38.54,141.72,53.0,3.3,2011-07-24T10:03:31.7,38.54,141.72,53.0,3.0,-0.0073280271370324,0.9390760091080887
2011-07-10T22:18:25.9,38.54,141.72,53.0,3.3,2011-08-21T08:13:10.6,38.54,141.72,54.0,3.3,0.0122939502171415,0.9593919361018046
2011-07-10T22:18:25.9,38.54,141.72,53.0,3.3,2011-09-08T17:18:17.0,38.54,141.72,54.0,3.2,-0.0081689330058919,0.9574110157510431
2011-07-10T22:18:25.9,38.54,141.72,53.0,3.3,2011-09-29T00:56:55.0,38.54,141.72,54.0,3.3,0.0037707440519615,0.91296254591508
2011-07-10T22:18:25.9,38.54,141.72,53.0,3.3,2011-10-17T02:17:47.1,38.54,141.72,54.0,3.1,-0.0532434169051843,0.9026927604004428
2011-07-10T22:18:25.9,38.54,141.72,53.0,3.3,2011-11-03T06:25:11.0,38.54,141.73,54.0,3.3,0.0079357762463098,0.9248351780768812
2011-07-10T22:18:25.9,38.54,141.72,53.0,3.3,2011-11-22T03:04:38.0,38.55,141.72,53.0,3.1,-0.1284880206752516,0.9032945491525542
2011-07-10T22:18:25.9,38.54,141.72,53.0,3.3,2011-12-12T17:19:51.8,38.54,141.72,54.0,3.3,-0.0565495920905699,0.9579411722306566
2011-07-10T22:18:25.9,38.54,141.72,53.0,3.3,2012-01-08T04:15:19.2,38.54,141.72,53.0,3.2,-0.0380539540736927,0.9531026915615384
2011-07-10T22:18:25.9,38.54,141.72,53.0,3.3,2012-02-26T11:26:46.5,38.54,141.72,53.0,3.3,-0.1240214691487351,0.9421542990478616
2011-07-10T22:18:25.9,38.54,141.72,53.0,3.3,2012-03-27T07:58:35.4,38.54,141.73,53.0,3.3,-0.0910468224368693,0.919824403425902
2011-07-10T22:18:25.9,38.54,141.72,53.0,3.3,2012-05-15T14:42:46.69,38.5217,141.7613,51.5,3.4,0.4349317770335921,0.9428679398201356
2011-07-10T22:55:31.3,38.62,141.91,47.0,3.3,2012-05-09T13:49:11.0,38.62,141.91,47.0,3.3,-0.054994223722008,0.92347532601576
2011-07-10T22:55:31.3,38.62,141.91,47.0,3.3,2012-03-02T21:16:17.5,38.62,141.91,48.0,3.7,0.0140245505691311,0.9545480405177982
2011-07-11T12:05:52.1,37.16,142.4,9.0,3.1,2012-03-17T15:28:32.1,37.12,142.42,11.0,3.1,0.0469064054761239,0.9628107382103755
2011-07-11T12:43:47.6,36.9,141.44,30.0,3.3,2011-07-11T12:46:40.22,36.9396,141.3917,10.5,3.3,0.115754466616339,0.945824024896048
2011-07-11T12:46:40.22,36.9396,141.3917,10.5,3.3,2011-07-12T11:50:03.59,36.9494,141.2542,26.5,3.5,-2.843187441304241,0.9266914214268116
2011-07-12T01:35:04.9,37.12,140.85,7.0,3.2,2011-08-14T12:32:03.6,37.12,140.87,5.0,3.0,0.2257221503485233,0.9004195409356432
2011-07-12T01:35:04.9,37.12,140.85,7.0,3.2,2011-08-14T14:28:52.7,37.12,140.85,6.0,3.1,0.0110786816439011,0.9328229118246448
2011-07-12T01:35:04.9,37.12,140.85,7.0,3.2,2011-08-26T02:39:07.78,37.1067,140.8785,5.9,3.3,0.5523309436839539,0.9565776640104868
2011-07-12T20:36:40.3,36.66,140.59,7.0,3.1,2012-03-20T07:41:51.4,36.66,140.6,7.0,3.3,0.0152968736340044,0.98684693541234
2011-07-16T01:32:25.7,36.83,142.03,31.0,3.2,2011-08-01T15:43:24.64,36.7928,142.1528,10.5,3.4,3.4787898804184247,0.9154901915425244
2011-07-16T05:32:17.0,35.8,141.0,15.0,3.1,2011-07-27T20:23:00.77,35.8388,141.0225,9.9,4.1,0.8018026029239849,0.9836022030820276
2011-07-16T08:24:27.12,35.7008,141.84,22.0,3.3,2011-11-17T10:12:59.27,35.7458,141.7838,23.0,3.4,-0.0198742579444342,0.9719469680590744
2011-07-17T03:34:21.4,36.7,140.6,7.0,3.0,2011-10-07T22:50:25.69,36.7433,140.6284,6.3,3.6,0.8394073389230342,0.9504577865515468
2011-07-17T13:47:35.9,35.82,140.96,14.0,3.3,2012-04-02T06:21:46.27,35.8527,140.9972,14.0,3.4,0.6828760090088102,0.9142053018527408
2011-07-17T14:40:06.8,36.31,140.01,73.0,3.1,2012-04-09T19:12:43.89,36.2977,140.018,78.5,3.1,0.7077353537996639,0.990282604248302
2011-07-17T23:04:58.8,35.81,140.97,13.0,3.0,2011-07-17T23:25:00.27,35.8222,141.0779,10.5,3.5,1.4713285761649315,0.9086170419074738
2011-07-18T06:40:39.2,36.54,140.86,51.0,3.3,2012-01-07T01:12:56.18,36.5752,140.9096,43.7,3.9,-0.2218094310873877,0.9468100598287796
2011-07-20T04:35:44.8,35.36,141.15,29.0,3.0,2012-02-19T06:41:04.77,35.3612,141.2791,25.0,3.0,0.7292172069712457,0.9454955455394122
2011-07-21T09:08:06.1,37.09,140.83,9.0,3.3,2012-04-22T06:46:41.0,37.082,140.9103,8.9,3.2,1.065794555875859,0.993259568949286
2011-07-21T11:53:50.5,36.81,140.55,8.0,3.3,2011-09-29T09:55:04.6,36.81,140.56,9.0,3.1,0.1669098245216898,0.9370829667603346
2011-07-22T13:26:32.25,37.1063,140.9159,3.6,3.3,2011-09-25T01:58:56.2,37.12,140.85,7.0,3.3,-0.429449593175389,0.949162159770494
2011-07-24T10:03:31.7,38.54,141.72,53.0,3.0,2011-08-21T08:13:10.6,38.54,141.72,54.0,3.3,0.0201866350325724,0.958594739911114
2011-07-24T10:03:31.7,38.54,141.72,53.0,3.0,2011-09-08T17:18:17.0,38.54,141.72,54.0,3.2,-0.0010048803774682,0.958043985939987
2011-07-24T10:03:31.7,38.54,141.72,53.0,3.0,2011-09-29T00:56:55.0,38.54,141.72,54.0,3.3,0.0117952674785835,0.9147711161953838
2011-07-24T10:03:31.7,38.54,141.72,53.0,3.0,2011-11-03T06:25:11.0,38.54,141.73,54.0,3.3,0.0158144648165296,0.9235546489795234
2011-07-24T10:03:31.7,38.54,141.72,53.0,3.0,2011-12-12T17:19:51.8,38.54,141.72,54.0,3.3,-0.0489838136922464,0.9595364722788778
2011-07-24T10:03:31.7,38.54,141.72,53.0,3.0,2012-01-08T04:15:19.2,38.54,141.72,53.0,3.2,-0.0297867953595351,0.9510151786671668
2011-07-24T10:03:31.7,38.54,141.72,53.0,3.0,2012-02-26T11:26:46.5,38.54,141.72,53.0,3.3,-0.1159880069935848,0.9452933938944776
2011-07-24T10:03:31.7,38.54,141.72,53.0,3.0,2012-03-27T07:58:35.4,38.54,141.73,53.0,3.3,-0.0825577929689738,0.9173375177592852
2011-07-24T10:03:31.7,38.54,141.72,53.0,3.0,2012-05-15T14:42:46.69,38.5217,141.7613,51.5,3.4,0.4427751276201078,0.943675053304269
2011-07-24T19:45:59.96,36.8298,140.6684,10.2,3.4,2012-03-09T06:54:58.3,36.84,140.63,7.0,3.3,-0.0144380792425428,0.9096134067979488
2011-07-26T17:17:04.55,35.3782,141.8537,22.0,3.0,2011-10-31T15:34:18.04,35.4257,142.1742,17.0,3.1,4.173186003683679,0.9942935190522408
2011-07-26T17:17:04.55,35.3782,141.8537,22.0,3.0,2012-04-13T03:22:22.8,35.46,142.35,55.0,3.1,4.827893156222916,0.9898286410709288
2011-07-27T04:39:24.74,36.1241,141.9442,23.0,3.2,2012-02-25T23:52:29.54,36.1604,141.7777,23.0,3.1,-0.4975783476774373,0.9823457437882857
2011-07-27T08:48:52.3,37.32,141.27,50.0,3.1,2011-12-27T22:59:10.7,37.32,141.28,50.0,3.2,0.0213215693411244,0.9703687344710974
2011-07-27T08:48:52.3,37.32,141.27,50.0,3.1,2012-04-08T11:59:43.1,37.31,141.28,50.0,3.1,-0.0011992981338166,0.9842412566170768
2011-07-28T19:03:59.9,35.63,140.99,15.0,3.2,2011-07-29T17:07:08.15,35.5787,141.1127,5.4,3.9,2.357406382574496,0.906192011372807
2011-07-29T14:42:59.77,35.5898,141.0883,15.0,3.3,2011-07-29T17:07:08.15,35.5787,141.1127,5.4,3.9,0.8652994533271567,0.9333284937373452
2011-07-29T22:04:46.6,37.33,141.49,20.0,3.0,2011-07-29T22:54:53.8,37.33,141.5,23.0,3.0,0.1089399778511933,0.9434604005986894
2011-07-30T09:24:59.0,38.47,142.27,30.0,3.4,2011-08-05T13:45:12.2,38.46,142.27,26.0,3.6,0.1554829696348615,0.9007277189970164
2011-07-30T09:47:10.6,37.0,140.62,10.0,3.2,2011-08-25T09:23:15.13,36.9737,140.6596,10.9,3.5,0.4563729714409673,0.9466043546366903
2011-07-31T08:42:01.8,36.0345,140.0731,67.8,3.3,2012-02-24T02:45:07.08,36.0245,140.1217,67.9,3.5,0.2662028367829242,0.9312164082788508
2011-08-01T08:57:12.21,36.3043,142.1801,19.0,3.1,2012-03-01T01:39:02.95,36.3448,142.256,22.9,3.2,-0.4128559144890812,0.9890825329564272
2011-08-01T20:24:12.05,35.5087,141.1057,33.0,3.0,2012-02-18T00:38:37.35,35.5706,141.0473,33.0,4.2,-0.8607178155346005,0.9107172543493276
2011-08-01T20:28:42.8,36.69,142.03,20.0,3.0,2011-09-14T01:07:06.6,36.68,142.06,11.0,3.0,0.9053112824613244,0.9776663003073516
2011-08-01T20:28:42.8,36.69,142.03,20.0,3.0,2011-11-14T00:28:17.2,36.69,142.05,14.0,3.0,0.7917994585570107,0.9679429637769216
2011-08-02T04:51:57.1,38.66,142.14,41.0,3.4,2011-09-22T23:43:32.9,38.66,142.16,40.0,3.4,0.1370507443904682,0.9764365911723756
2011-08-02T04:51:57.1,38.66,142.14,41.0,3.4,2012-03-10T14:28:02.3,38.65,142.16,40.0,3.3,0.1889294454754076,0.9449135548838612
2011-08-03T06:40:44.77,36.8436,141.2578,22.0,3.2,2011-08-27T07:17:38.95,36.8847,141.3869,1.8,4.1,3.6317298387264128,0.9028909767639484
2011-08-03T12:45:09.7,37.05,141.37,28.0,3.0,2011-10-17T20:18:37.88,37.06,141.3935,6.7,3.1,0.7714881860988136,0.964869748517904
2011-08-03T12:45:09.7,37.05,141.37,28.0,3.0,2011-08-03T13:05:55.72,37.0543,141.3725,7.3,3.7,1.0636923860908074,0.9431272106043712
2011-08-04T17:32:14.3,38.73,142.18,36.0,3.0,2012-02-04T11:32:59.3,38.72,142.19,36.0,3.0,0.0136370884720992,0.9248477101661302
2011-08-05T17:21:15.4,35.83,140.85,13.0,3.3,2011-08-19T01:42:05.9,35.83,140.84,13.0,3.4,-0.2418847416384692,0.9720634328202894
2011-08-07T05:57:34.25,37.2063,141.9388,35.0,3.0,2011-09-22T12:14:34.38,37.1882,142.2691,10.0,3.0,7.042946830778036,0.9603628940681628
2011-08-07T06:47:02.3,38.24,144.09,31.0,3.4,2011-12-10T22:13:56.38,38.1228,144.2134,25.0,4.3,0.3327735611063124,0.9122505629332146
2011-08-07T10:09:22.2,36.31,142.56,33.0,3.1,2011-10-09T18:25:42.28,36.347,142.1922,9.0,3.1,-3.0895933443429304,0.9897581532834324
2011-08-07T10:09:22.2,36.31,142.56,33.0,3.1,2011-12-14T11:15:50.01,36.316,142.1757,15.0,3.1,-3.4246756947510244,0.9862068995704452
2011-08-07T15:35:52.8,36.64,141.99,22.0,3.1,2011-10-02T22:27:26.3,36.65,142.01,18.0,3.1,0.37738194104163,0.9855179654216012
2011-08-07T21:25:43.8,38.32,141.89,47.0,3.4,2012-01-18T14:11:23.96,38.2837,142.0295,35.8,3.7,0.9050093296150228,0.9764545741369736
2011-08-09T03:52:24.3,35.82,140.96,11.0,3.0,2011-08-09T03:55:14.7,35.81,140.97,13.0,3.7,0.2177772496668731,0.9705588541558252
2011-08-09T21:10:38.3,36.99,142.36,25.0,3.0,2011-10-01T12:22:25.4,36.99,142.34,0.0,3.2,1.923226008001789,0.9279228208251386
2011-08-09T21:10:38.3,36.99,142.36,25.0,3.0,2012-01-15T16:32:22.1,36.99,142.34,17.0,3.0,0.2940858838835398,0.9257672367257536
2011-08-09T21:10:38.3,36.99,142.36,25.0,3.0,2012-04-02T02:10:30.0,37.0,142.31,10.0,3.1,0.6407567260804157,0.9121911894905066
2011-08-09T23:03:13.0,36.72,140.59,8.0,3.1,2011-08-15T04:56:42.8,36.72,140.59,7.0,3.1,-0.0176044236077461,0.942226353619268
2011-08-09T23:03:13.0,36.72,140.59,8.0,3.1,2012-02-13T23:21:13.2,36.72,140.61,8.0,3.2,0.3104411907257448,0.9579285544409032
2011-08-10T02:27:25.2,36.85,142.26,0.0,3.2,2011-08-15T15:42:12.0,36.84,142.48,31.0,3.1,-0.3803515262069437,0.952540675967581
2011-08-11T13:51:12.4,36.18,142.55,59.0,3.1,2011-10-27T20:50:31.27,36.2688,142.1485,19.0,3.1,-4.608333177139197,0.9689283409203744
2011-08-11T18:50:51.7,36.16,142.47,79.0,3.2,2011-10-28T03:59:50.8,36.17,142.51,71.0,3.3,0.179276677666852,0.9865829882666952
2011-08-11T18:50:51.7,36.16,142.47,79.0,3.2,2012-01-20T13:13:25.3,36.17,142.51,60.0,3.2,0.0723512375360855,0.9768462032468144
2011-08-12T12:37:21.6,38.89,141.98,49.0,3.3,2011-09-02T12:19:09.9,38.88,141.99,49.0,3.2,0.0605880044649113,0.9292717763288664
2011-08-12T12:37:21.6,38.89,141.98,49.0,3.3,2011-11-20T14:35:49.8,38.88,141.98,49.0,3.3,0.0430873534241419,0.9482049881649056
2011-08-12T12:37:21.6,38.89,141.98,49.0,3.3,2011-12-23T18:15:27.5,38.89,141.98,49.0,3.3,-0.0182021079943297,0.9251020777465596
2011-08-12T12:37:21.6,38.89,141.98,49.0,3.3,2012-03-04T10:25:33.5,38.89,141.98,49.0,3.2,0.0341674868894462,0.9482510865675524
2011-08-12T13:22:44.3,37.08,140.66,12.0,3.0,2012-01-06T20:48:23.1,37.08,140.66,12.0,3.4,0.0074376866234461,0.9424850209894324
2011-08-12T18:50:00.6,36.66,141.81,45.0,3.0,2011-11-02T09:15:39.0,36.65,141.8,56.0,3.4,0.00543612125378,0.9206135928333656
2011-08-13T00:25:45.9,36.23,140.92,45.0,3.4,2011-08-16T14:25:02.5,36.24,140.9,45.0,3.0,-0.3417392105240785,0.9210451758370976
2011-08-14T02:47:54.99,35.8932,140.925,40.2,3.4,2012-03-24T16:31:57.26,35.7963,140.8954,40.4,3.5,0.7581472027170755,0.9895823576335352
2011-08-14T12:32:03.6,37.12,140.87,5.0,3.0,2011-08-14T14:28:52.7,37.12,140.85,6.0,3.1,-0.2128446550049817,0.9846308127059998
2011-08-15T10:59:53.5,35.8,140.98,13.0,3.3,2011-09-01T20:36:34.1,35.8,140.97,13.0,3.6,0.0271962235470891,0.9599537887934818
2011-08-15T23:09:50.61,36.3927,142.6652,29.0,3.4,2012-03-10T19:27:23.3,36.4217,142.6695,15.0,3.5,2.4265931857064285,0.9923436268483397
2011-08-16T10:20:05.0,36.83,140.57,6.0,3.1,2011-09-03T12:51:10.6,36.83,140.57,6.0,3.1,0.0378271835168479,0.939576660011568
2011-08-19T07:47:52.5,37.64,141.75,44.0,3.0,2011-08-20T17:11:10.66,37.6426,141.7745,43.0,4.0,0.7076301733400572,0.90784165750624
2011-08-20T05:15:40.6,36.35,140.58,53.0,3.3,2011-10-16T20:33:38.8,36.34,140.58,51.0,3.0,-0.0792338458746123,0.9832829812650103
2011-08-20T05:15:40.6,36.35,140.58,53.0,3.3,2011-12-25T13:25:28.7,36.34,140.57,51.0,3.1,-0.333572195625007,0.9197128386674204
2011-08-20T05:15:40.6,36.35,140.58,53.0,3.3,2012-04-16T16:21:39.86,36.2827,140.6293,56.4,3.6,1.2380158076138772,0.9432376669131912
2011-08-20T13:59:31.0,35.81,140.91,11.0,3.2,2012-01-10T21:09:21.0,35.8,140.93,15.0,3.3,0.3971830365944685,0.940851292341829
2011-08-20T19:25:22.0,37.63,141.74,46.0,3.4,2011-12-04T17:03:54.94,37.6006,141.8416,25.7,3.8,1.588496286526214,0.9709236958512224
2011-08-21T08:13:10.6,38.54,141.72,54.0,3.3,2011-09-08T17:18:17.0,38.54,141.72,54.0,3.2,-0.0214944659570381,0.967764910324864
2011-08-21T08:13:10.6,38.54,141.72,54.0,3.3,2011-09-29T00:56:55.0,38.54,141.72,54.0,3.3,-0.0072794060912883,0.9271788388440936
2011-08-21T08:13:10.6,38.54,141.72,54.0,3.3,2011-10-17T02:17:47.1,38.54,141.72,54.0,3.1,-0.064863873203461,0.911234182893577
2011-08-21T08:13:10.6,38.54,141.72,54.0,3.3,2011-11-03T06:25:11.0,38.54,141.73,54.0,3.3,-0.0044695119816589,0.9381954447368808
2011-08-21T08:13:10.6,38.54,141.72,54.0,3.3,2011-11-22T03:04:38.0,38.55,141.72,53.0,3.1,-0.1421362006429327,0.9061988755385628
2011-08-21T08:13:10.6,38.54,141.72,54.0,3.3,2011-12-12T17:19:51.8,38.54,141.72,54.0,3.3,-0.0691259228941622,0.9691177911775232
2011-08-21T08:13:10.6,38.54,141.72,54.0,3.3,2012-01-08T04:15:19.2,38.54,141.72,53.0,3.2,-0.05004799140168,0.9722012567988952
2011-08-21T08:13:10.6,38.54,141.72,54.0,3.3,2012-02-26T11:26:46.5,38.54,141.72,53.0,3.3,-0.1373183070940888,0.9677901577207472
2011-08-21T08:13:10.6,38.54,141.72,54.0,3.3,2012-03-27T07:58:35.4,38.54,141.73,53.0,3.3,-0.1027947509597495,0.9393676458043356
2011-08-21T08:13:10.6,38.54,141.72,54.0,3.3,2012-05-15T14:42:46.69,38.5217,141.7613,51.5,3.4,0.4214976813726753,0.9644050859930344
2011-08-22T01:56:47.4,36.74,141.92,23.0,3.0,2012-04-12T04:12:27.5,36.72,141.89,38.0,3.2,-0.4823898203943145,0.987663754332463
2011-08-22T16:27:11.78,36.347,142.1739,19.0,3.1,2011-10-28T10:41:26.73,36.4832,141.7833,19.0,3.3,-4.185330447266298,0.9931059982174384
2011-08-22T16:27:11.78,36.347,142.1739,19.0,3.1,2012-02-28T12:22:30.36,36.3139,142.3129,15.0,3.3,2.6794450572572823,0.9940705194461574
2011-08-22T18:55:46.59,36.7014,141.1739,5.7,3.4,2011-08-22T22:11:01.93,36.6247,141.2738,2.2,3.6,1.0293553616574769,0.9072122387511176
2011-08-23T15:23:52.3,36.7,142.45,30.0,3.2,2012-01-03T08:47:23.4,36.73,142.25,30.0,3.0,-2.138536681133884,0.9700263140945424
2011-08-23T15:23:52.3,36.7,142.45,30.0,3.2,2012-04-10T06:06:33.9,36.72,142.27,15.0,3.2,-0.8496000232805003,0.9656410760999776
2011-08-24T05:25:51.5,37.67,141.79,45.0,3.4,2012-03-31T17:28:13.0,37.67,141.79,46.0,3.1,0.0563661549338202,0.932355689347232
2011-08-25T05:58:36.08,36.1859,142.0433,23.0,3.1,2012-05-28T01:51:14.43,36.1162,142.2265,23.0,3.1,1.0361817567017393,0.9087234010497238
2011-08-25T08:01:09.1,37.62,141.73,44.0,3.4,2011-11-09T13:13:26.64,37.5843,141.8175,24.1,3.5,2.507582583119241,0.9195036424452558
2011-08-25T23:49:22.23,36.9436,142.7005,9.0,3.3,2012-01-15T03:01:49.9,36.8552,142.5001,4.2,3.5,-0.2186187637935297,0.991525824298632
2011-08-26T15:10:52.7,35.8,141.09,16.0,3.2,2012-04-07T08:31:05.62,35.8019,141.0537,14.1,4.3,-0.0737031363088226,0.9526611775974212
2011-08-28T03:51:03.9,37.16,142.4,0.0,3.0,2011-08-28T03:54:23.1,37.14,142.39,8.0,3.2,-1.0725410911696398,0.9399668821250512
2011-08-28T14:51:26.4,37.28,141.62,29.0,3.0,2011-09-02T03:01:03.45,37.2687,141.7166,1.8,3.2,2.6111102129444297,0.933338516789971
2011-08-29T06:48:29.2,37.04,142.24,2.0,3.0,2011-10-01T12:22:25.4,36.99,142.34,0.0,3.2,1.842578908885959,0.9066081374079884
2011-08-29T20:19:51.0,38.7,141.8,53.0,3.1,2012-01-13T18:54:04.4,38.7,141.8,53.0,3.4,-0.0587518926010033,0.9510383835783154
2011-08-30T06:15:14.1,37.03,142.73,20.0,3.3,2011-12-20T10:33:35.99,37.0974,142.5878,35.0,3.3,-5.040413363623225,0.9773090555083088
2011-08-30T06:15:14.1,37.03,142.73,20.0,3.3,2012-05-13T11:40:46.76,37.2384,142.4209,14.1,3.2,-2.4613155614186653,0.9801006234947996
2011-08-30T23:12:29.9,37.45,141.56,43.0,3.2,2011-11-19T06:21:18.4,37.45,141.57,44.0,3.4,0.1169973352765501,0.9754273191548158
2011-08-30T23:12:29.9,37.45,141.56,43.0,3.2,2012-03-20T07:40:10.6,37.4402,141.6937,39.8,3.6,1.0731717212891008,0.958341339511118
2011-08-31T07:40:01.41,39.1059,142.276,24.4,3.4,2012-04-07T21:06:37.32,39.1038,142.1294,44.5,3.4,-1.148572170445373,0.9322436944530677
2011-08-31T07:40:01.41,39.1059,142.276,24.4,3.4,2011-09-30T09:50:37.93,39.1219,142.2211,40.8,3.6,-0.8290996176918539,0.9270119976735456
2011-08-31T07:40:01.41,39.1059,142.276,24.4,3.4,2011-11-19T07:16:59.88,39.1105,142.176,44.5,3.6,-0.7277454439297574,0.9244325443646731
2011-08-31T07:40:01.41,39.1059,142.276,24.4,3.4,2012-02-08T15:27:28.76,39.1074,142.134,40.6,3.7,-1.7255260617530006,0.9337475916407108
2011-08-31T19:31:16.9,38.89,141.98,50.0,3.4,2011-12-10T07:50:30.1,38.88,141.99,49.0,3.3,0.0301926336742581,0.9369055001877884
2011-09-01T12:41:35.0,36.02,139.94,42.0,3.3,2012-05-04T17:04:38.8,36.02,139.93,41.0,3.2,0.0360696033029316,0.9244772584676176
2011-09-01T23:37:59.0,37.05,141.19,50.0,3.1,2012-02-16T17:42:14.98,37.0181,141.3564,40.8,3.6,1.6301439509558582,0.991453912730518
2011-09-02T00:07:17.8,37.29,141.41,46.0,3.3,2012-02-14T13:56:28.0,37.29,141.42,47.0,3.1,0.1410335646692761,0.9812876189966656
2011-09-02T10:47:49.7,36.02,140.09,62.0,3.4,2012-04-26T20:03:28.33,35.9686,140.1492,67.3,3.2,1.0604796762798236,0.989580457274618
2011-09-02T20:08:19.9,36.93,141.07,50.0,3.3,2012-02-24T23:00:25.95,36.9117,141.1666,45.0,3.3,0.8074003318859624,0.9898198083658116
2011-09-03T09:37:24.3,37.24,141.61,20.0,3.0,2011-09-05T11:51:31.4,37.28,141.61,24.0,3.1,-0.0049604608091845,0.9130193786742744
2011-09-04T17:21:14.6,36.69,141.12,27.0,3.2,2012-03-13T19:11:47.4,36.68,141.13,27.0,3.4,0.1649022709132993,0.9114715469433584
2011-09-04T21:17:46.7,37.5,141.44,46.0,3.4,2011-11-16T15:41:56.9,37.5,141.46,45.0,3.0,0.1693438305983308,0.9489909576523584
2011-09-04T21:17:46.7,37.5,141.44,46.0,3.4,2012-01-18T09:12:25.7,37.5,141.47,45.0,3.3,0.3418073727076178,0.9855736812135392
2011-09-04T21:17:46.7,37.5,141.44,46.0,3.4,2012-01-18T10:05:59.4,37.5,141.47,44.0,3.0,0.1362275802918571,0.9618478717132868
2011-09-04T21:17:46.7,37.5,141.44,46.0,3.4,2011-10-16T14:07:14.4,37.5,141.45,46.0,3.5,0.1895087845519848,0.9910930146162262
2011-09-04T21:17:46.7,37.5,141.44,46.0,3.4,2012-03-31T18:50:44.23,37.4999,141.5548,41.5,3.9,1.1125261906814767,0.9905286685823986
2011-09-06T10:06:50.76,35.916,140.1276,63.6,3.2,2012-02-24T04:10:33.52,35.9108,140.1265,67.7,4.2,0.4359473598832274,0.9952290390177664
2011-09-07T23:18:23.0,36.7,141.52,47.0,3.2,2011-09-26T03:59:56.65,36.6806,141.6941,19.0,3.1,3.245093508952737,0.9595109584697392
2011-09-08T07:44:36.1,35.81,140.89,11.0,3.0,2011-09-08T22:14:20.7,35.82,140.9,11.0,3.3,0.1736849052014925,0.924357429947142
2011-09-08T17:18:17.0,38.54,141.72,54.0,3.2,2011-09-29T00:56:55.0,38.54,141.72,54.0,3.3,0.0131379687467637,0.9272439161377706
2011-09-08T17:18:17.0,38.54,141.72,54.0,3.2,2011-10-17T02:17:47.1,38.54,141.72,54.0,3.1,-0.0443907282451327,0.9114339057935578
2011-09-08T17:18:17.0,38.54,141.72,54.0,3.2,2011-11-03T06:25:11.0,38.54,141.73,54.0,3.3,0.0161983331202276,0.9306236668928533
2011-09-08T17:18:17.0,38.54,141.72,54.0,3.2,2011-11-22T03:04:38.0,38.55,141.72,53.0,3.1,-0.1204455761456887,0.9141741601077812
2011-09-08T17:18:17.0,38.54,141.72,54.0,3.2,2011-12-12T17:19:51.8,38.54,141.72,54.0,3.3,-0.048071980155802,0.9702961949234936
2011-09-08T17:18:17.0,38.54,141.72,54.0,3.2,2012-01-08T04:15:19.2,38.54,141.72,53.0,3.2,-0.0288460833022597,0.9620187640375892
2011-09-08T17:18:17.0,38.54,141.72,54.0,3.2,2012-02-26T11:26:46.5,38.54,141.72,53.0,3.3,-0.1149767334372189,0.9647088699076112
2011-09-08T17:18:17.0,38.54,141.72,54.0,3.2,2012-03-27T07:58:35.4,38.54,141.73,53.0,3.3,-0.0823860385147129,0.9306061697139776
2011-09-08T17:18:17.0,38.54,141.72,54.0,3.2,2012-05-15T14:42:46.69,38.5217,141.7613,51.5,3.4,0.4441109435810095,0.9586646982157982
2011-09-09T09:05:37.7,34.74,142.63,66.0,3.3,2011-09-09T09:09:41.3,34.76,142.67,63.0,3.4,0.2513470373028351,0.9329121560725416
2011-09-13T22:09:24.4,37.12,140.84,7.0,3.3,2011-11-10T00:04:01.5,37.12,140.84,7.0,3.3,0.0368679345889552,0.9944290155278744
2011-09-14T01:07:06.6,36.68,142.06,11.0,3.0,2011-11-14T00:28:17.2,36.69,142.05,14.0,3.0,-0.1137855885085398,0.9643746279075706
2011-09-14T11:22:14.5,36.71,141.4,49.0,3.0,2011-09-14T13:13:10.3,36.7,141.48,38.0,3.4,0.6091378241179588,0.923653369864486
2011-09-16T22:03:16.6,35.69,140.92,14.0,3.0,2011-09-22T11:21:32.3,35.7,140.95,15.0,3.1,0.2282750978456132,0.9156321994132592
2011-09-18T09:27:30.9,38.7,141.79,53.0,3.0,2012-01-13T18:54:04.4,38.7,141.8,53.0,3.4,0.0439996214177632,0.903975554150513
2011-09-19T17:16:13.6,35.72,140.97,15.0,3.0,2012-05-25T19:03:27.9,35.72,140.98,15.0,3.1,0.1046159209840469,0.9617386767294056
2011-09-20T07:42:10.66,35.7549,141.0091,34.0,3.3,2012-01-12T09:30:50.97,35.6974,140.9532,33.1,3.3,-0.5755650250704278,0.9264752349618124
2011-09-22T06:35:27.7,36.7,140.61,6.0,3.0,2011-11-09T01:19:19.34,36.6996,140.6508,9.5,3.3,0.7930086185350909,0.939684559004178
2011-09-22T12:14:34.38,37.1882,142.2691,10.0,3.0,2012-04-28T16:26:01.21,37.215,142.5681,9.0,3.0,5.082292334076255,0.9631686588581506
2011-09-22T14:28:42.17,36.2756,142.1452,19.0,3.3,2011-12-01T03:03:22.06,36.2373,142.0126,23.0,3.2,-2.43042901193482,0.9715898454433484
2011-09-22T23:43:32.9,38.66,142.16,40.0,3.4,2012-03-10T14:28:02.3,38.65,142.16,40.0,3.3,0.0519075951971348,0.9458139886734266
2011-09-23T15:01:05.5,35.65,140.93,17.0,3.0,2012-03-14T15:23:10.5,35.65,140.92,18.0,3.7,0.002817533227444,0.9067212275875316
2011-09-24T19:29:50.0,38.87,141.63,61.0,3.2,2012-01-05T15:21:48.6,38.87,141.64,62.0,3.3,-0.0145104769448334,0.9735846035416982
2011-09-24T19:29:50.0,38.87,141.63,61.0,3.2,2012-04-21T11:06:34.4,38.87,141.64,62.0,3.3,0.0760307478989738,0.959743978403524
2011-09-25T08:48:25.8,37.22,142.36,8.0,3.1,2012-04-08T17:46:37.1,37.19,142.38,12.0,3.3,0.101828960109168,0.9894963616127792
2011-09-26T07:29:27.9,36.71,141.89,20.0,3.1,2011-11-02T19:50:18.2,36.7892,141.8547,19.0,3.6,-1.3411196487153323,0.9624155120814472
2011-09-29T00:56:55.0,38.54,141.72,54.0,3.3,2011-12-12T17:19:51.8,38.54,141.72,54.0,3.3,-0.0614878657598448,0.9247547349888824
2011-09-29T00:56:55.0,38.54,141.72,54.0,3.3,2012-01-08T04:15:19.2,38.54,141.72,53.0,3.2,-0.0426085701352936,0.9305969612842828
2011-09-29T00:56:55.0,38.54,141.72,54.0,3.3,2012-02-26T11:26:46.5,38.54,141.72,53.0,3.3,-0.1296443892288122,0.9229290327792092
2011-09-29T00:56:55.0,38.54,141.72,54.0,3.3,2012-05-15T14:42:46.69,38.5217,141.7613,51.5,3.4,0.4294379884998868,0.9226574451102032
2011-10-01T12:22:25.4,36.99,142.34,0.0,3.2,2012-01-15T16:32:22.1,36.99,142.34,17.0,3.0,-1.6286965117940817,0.9475998302087524
2011-10-01T12:22:25.4,36.99,142.34,0.0,3.2,2012-04-02T02:10:30.0,37.0,142.31,10.0,3.1,-1.283609926414924,0.9358313046798798
2011-10-01T21:42:25.78,36.4934,141.3283,15.6,3.2,2011-12-05T00:48:39.5,36.5,141.24,45.0,3.0,-1.2437371360463734,0.903951169844905
2011-10-05T23:35:29.9,36.94,141.09,51.0,3.3,2012-01-07T17:27:24.5,36.94,141.09,50.0,3.2,0.0091918575488799,0.9942469874160036
2011-10-05T23:35:29.9,36.94,141.09,51.0,3.3,2012-04-19T04:31:14.3,36.95,141.1,50.0,3.2,0.0961227160836464,0.9929979568578332
2011-10-07T18:09:19.6,36.72,142.28,44.0,3.0,2011-12-31T20:24:30.28,36.6909,142.4395,15.0,3.4,2.4564535865808104,0.96424982054316
2011-10-07T18:09:19.6,36.72,142.28,44.0,3.0,2012-02-14T05:08:42.73,36.6799,142.3191,15.0,3.4,1.4208290280698788,0.9882400411216428
2011-10-08T18:01:53.7,36.86,142.23,30.0,3.3,2011-10-17T09:10:51.0,36.83,142.19,46.0,3.2,-0.7144105885893759,0.9307599530731708
2011-10-09T18:25:42.28,36.347,142.1922,9.0,3.1,2011-12-14T11:15:50.01,36.316,142.1757,15.0,3.1,-0.33519245232788,0.9897075523265976
2011-10-11T15:28:13.4,37.0006,141.351,14.0,3.2,2011-10-22T07:31:32.7,36.98,141.26,33.0,3.6,-1.55451465847302,0.9307071400542616
2011-10-13T18:41:16.7,37.14,141.43,27.0,3.2,2011-10-13T19:54:30.8,37.15,141.41,29.0,3.5,-0.2527148167608111,0.957876302954334
2011-10-14T12:17:30.8,37.64,142.69,22.0,3.3,2011-10-14T12:19:47.5,37.63,142.74,22.0,3.4,0.4777778331372119,0.9256983277553036
2011-10-15T20:15:38.11,37.1056,140.6679,11.7,3.1,2011-10-15T20:55:54.3,37.0999,140.6757,11.7,3.0,-0.4513509604116376,0.9449469285677524
2011-10-16T20:33:38.8,36.34,140.58,51.0,3.0,2011-12-25T13:25:28.7,36.34,140.57,51.0,3.1,-0.2533109510373734,0.9171564818094968
2011-10-16T20:33:38.8,36.34,140.58,51.0,3.0,2012-04-16T16:21:39.86,36.2827,140.6293,56.4,3.6,1.3165284291556651,0.955239860698443
2011-10-17T02:17:47.1,38.54,141.72,54.0,3.1,2011-12-12T17:19:51.8,38.54,141.72,54.0,3.3,-0.0035727400471005,0.9139078355617324
2011-10-17T02:17:47.1,38.54,141.72,54.0,3.1,2012-01-08T04:15:19.2,38.54,141.72,53.0,3.2,0.0151509089378562,0.901482768893003
2011-10-17T02:17:47.1,38.54,141.72,54.0,3.1,2012-02-26T11:26:46.5,38.54,141.72,53.0,3.3,-0.0712182604712041,0.901179818770714
2011-10-23T21:31:49.85,36.2652,142.5122,15.0,3.3,2012-05-04T16:30:25.44,36.3447,142.6838,15.0,3.2,1.8071721593744905,0.9970902555034772
2011-10-28T03:59:50.8,36.17,142.51,71.0,3.3,2012-01-20T13:13:25.3,36.17,142.51,60.0,3.2,-0.1064939746656439,0.9859768678823478
2011-10-28T10:49:43.32,36.6597,142.337,19.0,3.4,2012-02-12T17:27:01.77,36.6096,142.5378,15.0,3.2,2.1471842559785475,0.9847560817891964
2011-10-28T14:43:58.53,36.2915,142.3203,15.0,3.1,2012-02-29T09:11:17.43,36.3376,142.1458,15.0,3.0,-1.8318616568105788,0.9914609970914828
2011-10-28T18:05:15.07,35.4686,141.7404,22.0,3.3,2012-03-09T05:37:20.9,35.54,141.88,54.0,3.1,0.6159818909944184,0.9538351191098974
2011-10-30T06:36:16.6,34.73,142.61,56.0,3.1,2011-11-13T02:55:35.4,34.71,142.68,27.0,3.1,1.104402360189925,0.940321135961997
2011-10-30T08:36:59.96,34.7407,142.5704,76.0,3.3,2012-01-01T19:41:40.68,34.7144,142.5965,35.0,3.1,1.9649248194101652,0.9186874152062328
2011-10-30T09:03:06.5,36.66,140.52,7.0,3.0,2011-11-28T03:51:54.6,36.66,140.52,7.0,3.1,0.0896476074293997,0.983368867301898
2011-10-30T09:03:06.5,36.66,140.52,7.0,3.0,2012-04-04T15:44:19.2,36.66,140.53,7.0,3.0,0.0578548238087054,0.9114345349661056
2011-10-31T15:34:18.04,35.4257,142.1742,17.0,3.1,2012-04-13T03:22:22.8,35.46,142.35,55.0,3.1,0.653620407197844,0.9919968193623032
2011-11-03T06:25:11.0,38.54,141.73,54.0,3.3,2011-12-12T17:19:51.8,38.54,141.72,54.0,3.3,-0.0643131710780058,0.933087601360108
2011-11-03T06:25:11.0,38.54,141.73,54.0,3.3,2012-01-08T04:15:19.2,38.54,141.72,53.0,3.2,-0.0455131153085158,0.9377507309988504
2011-11-03T06:25:11.0,38.54,141.73,54.0,3.3,2012-02-26T11:26:46.5,38.54,141.72,53.0,3.3,-0.1326431501765357,0.9362109431705896
2011-11-03T06:25:11.0,38.54,141.73,54.0,3.3,2012-05-15T14:42:46.69,38.5217,141.7613,51.5,3.4,0.4260195518250074,0.9236868761573744
2011-11-14T13:23:24.5,37.05,140.75,10.0,3.0,2012-01-02T01:41:19.3,37.05,140.74,10.0,3.5,0.0353088318210968,0.9822305028682696
2011-11-14T20:38:24.4,35.64,140.9,12.0,3.2,2011-11-14T20:47:22.7,35.65,140.91,13.0,3.2,0.0246523167573699,0.972215267730342
2011-11-16T15:41:56.9,37.5,141.46,45.0,3.0,2012-01-18T09:12:25.7,37.5,141.47,45.0,3.3,0.170665254030697,0.9352747790303164
2011-11-16T15:41:56.9,37.5,141.46,45.0,3.0,2012-01-18T10:05:59.4,37.5,141.47,44.0,3.0,-0.0348693669029953,0.9608872098160188
2011-11-16T15:41:56.9,37.5,141.46,45.0,3.0,2012-03-31T18:50:44.23,37.4999,141.5548,41.5,3.9,0.9410628065885664,0.9577398061981636
2011-11-18T22:48:55.0,37.5,141.5,44.0,3.4,2012-03-30T09:36:56.6,37.51,141.51,44.0,3.6,0.0895452876277198,0.988520664253293
2011-11-19T06:21:18.4,37.45,141.57,44.0,3.4,2012-03-20T07:40:10.6,37.4402,141.6937,39.8,3.6,0.956060911542578,0.9658533462824264
2011-11-19T10:45:16.5,37.01,140.54,6.0,3.1,2011-11-28T23:02:36.74,36.9995,140.5616,10.7,3.5,0.6453564990124406,0.985078621352171
2011-11-19T21:00:33.94,37.7507,139.9577,6.0,3.1,2011-11-24T17:39:28.2,37.68,139.92,9.0,3.1,-1.536296330608249,0.9112659403137024
2011-11-20T14:35:49.8,38.88,141.98,49.0,3.3,2011-12-23T18:15:27.5,38.89,141.98,49.0,3.3,-0.061355439383532,0.9110296069838352
2011-11-20T14:35:49.8,38.88,141.98,49.0,3.3,2012-03-04T10:25:33.5,38.89,141.98,49.0,3.2,-0.0091630325894502,0.933940110595496
2011-11-22T02:03:09.1,36.73,141.03,19.0,3.1,2011-11-23T08:55:25.2,36.73,141.02,22.0,3.4,-0.1345983543442637,0.983458235199861
2011-11-22T02:03:09.1,36.73,141.03,19.0,3.1,2011-11-23T16:08:42.8,36.73,141.03,21.0,3.3,-0.0240803141086977,0.9252455056265044
2011-11-22T03:04:38.0,38.55,141.72,53.0,3.1,2011-12-12T17:19:51.8,38.54,141.72,54.0,3.3,0.0718789981423056,0.9073068486124918
2011-11-22T03:04:38.0,38.55,141.72,53.0,3.1,2012-01-08T04:15:19.2,38.54,141.72,53.0,3.2,0.0918201640319021,0.9052320010671114
2011-11-23T08:55:25.2,36.73,141.02,22.0,3.4,2011-11-23T16:08:42.8,36.73,141.03,21.0,3.3,0.1081920305268326,0.9694241984463976
2011-11-28T03:51:54.6,36.66,140.52,7.0,3.1,2012-04-04T15:44:19.2,36.66,140.53,7.0,3.0,-0.0298917242542668,0.951305001614448
2011-12-02T17:31:18.17,37.0017,142.6922,35.0,3.3,2012-04-27T14:02:14.37,36.9618,142.7849,25.0,3.4,1.8095019870330165,0.9925860819369864
2011-12-03T13:30:12.8,37.66,141.91,25.0,3.4,2011-12-03T13:36:20.9,37.65,141.92,24.0,3.2,0.1169245238693868,0.9205548039197604
2011-12-07T16:55:30.48,36.1508,141.8722,23.0,3.2,2011-12-07T16:57:50.21,36.1973,141.966,23.0,3.2,0.4850511566556691,0.9374582254382552
2011-12-11T07:21:21.45,36.3024,142.1311,19.0,3.0,2012-03-19T06:46:37.44,36.2753,142.4216,0.8,3.1,7.1217484466166665,0.974374180676196
2011-12-12T17:19:51.8,38.54,141.72,54.0,3.3,2012-01-08T04:15:19.2,38.54,141.72,53.0,3.2,0.019086765147977,0.9594737223743256
2011-12-12T17:19:51.8,38.54,141.72,54.0,3.3,2012-02-26T11:26:46.5,38.54,141.72,53.0,3.3,-0.0668972821228884,0.9623922903903834
2011-12-12T17:19:51.8,38.54,141.72,54.0,3.3,2012-03-27T07:58:35.4,38.54,141.73,53.0,3.3,-0.03410986380574,0.9270372985463016
2011-12-12T17:19:51.8,38.54,141.72,54.0,3.3,2012-05-15T14:42:46.69,38.5217,141.7613,51.5,3.4,0.491927920071918,0.9534339748950116
2011-12-16T14:20:34.2,35.8,140.97,13.0,3.2,2011-12-26T03:39:27.6,35.8,140.99,14.0,3.0,0.2996205672978259,0.9011905546779384
2011-12-16T14:20:34.2,35.8,140.97,13.0,3.2,2012-01-28T07:52:30.4,35.8,140.96,12.0,3.1,-0.1346456508782571,0.919504941705994
2011-12-17T09:46:54.5,36.72,142.03,17.0,3.1,2012-02-23T12:26:29.66,36.681,142.0847,19.0,3.7,0.1392211158380901,0.9272185086941152
2011-12-18T16:10:47.4,38.29,141.59,22.0,3.1,2012-04-16T03:18:23.1,38.3,141.59,22.0,3.4,-0.0848152735271657,0.9039633856111354
2011-12-20T10:33:35.99,37.0974,142.5878,35.0,3.3,2012-05-13T11:40:46.76,37.2384,142.4209,14.1,3.2,2.5792168643488385,0.9889146738712732
2011-12-23T18:15:27.5,38.89,141.98,49.0,3.3,2012-03-04T10:25:33.5,38.89,141.98,49.0,3.2,0.0525853309899724,0.9066068083895604
2011-12-24T16:13:38.6,38.86,141.64,61.0,3.3,2012-05-09T09:29:09.67,38.8569,141.7117,60.6,3.3,0.5569110700479685,0.9420255097490048
2011-12-26T02:53:12.1,35.79,140.98,12.0,3.4,2011-12-26T03:39:27.6,35.8,140.99,14.0,3.0,0.0340928948439568,0.9427064716420728
2011-12-26T02:53:12.1,35.79,140.98,12.0,3.4,2012-01-05T23:05:51.82,35.833,141.0294,7.9,3.6,0.6989686569806883,0.9189844369551908
2011-12-26T03:39:27.6,35.8,140.99,14.0,3.0,2012-01-05T23:05:51.82,35.833,141.0294,7.9,3.6,0.6673996427810072,0.9301153356175887
2011-12-27T22:59:10.7,37.32,141.28,50.0,3.2,2012-04-08T11:59:43.1,37.31,141.28,50.0,3.1,-0.0226914107021691,0.9706025130946868
2011-12-28T04:00:39.1,39.11,142.12,45.0,3.4,2012-04-07T21:06:37.32,39.1038,142.1294,44.5,3.4,0.3098935754284521,0.910145697480904
2011-12-28T04:00:39.1,39.11,142.12,45.0,3.4,2012-02-08T15:27:28.76,39.1074,142.134,40.6,3.7,-0.2669512298757734,0.924976864720753
2011-12-30T14:25:30.7,35.8,140.94,15.0,3.4,2012-01-06T18:43:43.2,35.8,140.92,15.0,3.0,-0.1479560773249786,0.9231611599527448
2011-12-31T20:24:30.28,36.6909,142.4395,15.0,3.4,2012-02-14T05:08:42.73,36.6799,142.3191,15.0,3.4,-1.0360291871720693,0.9606616541701992
2012-01-01T11:09:18.21,37.5149,141.5186,45.2,3.4,2012-01-01T12:06:40.45,37.5045,141.5147,41.3,3.5,-0.3151939387643713,0.9030012888834564
2012-01-02T23:35:09.5,35.78,140.88,12.0,3.1,2012-03-15T00:25:16.5,35.78,140.89,13.0,3.2,0.268215408941655,0.958861287957582
2012-01-03T08:47:23.4,36.73,142.25,30.0,3.0,2012-04-10T06:06:33.9,36.72,142.27,15.0,3.2,1.2886928526949122,0.9815225023595022
2012-01-05T15:21:48.6,38.87,141.64,62.0,3.3,2012-04-21T11:06:34.4,38.87,141.64,62.0,3.3,0.0913220326623655,0.9611130543871246
2012-01-07T17:27:24.5,36.94,141.09,50.0,3.2,2012-04-19T04:31:14.3,36.95,141.1,50.0,3.2,0.0867982110261662,0.9921865047728862
2012-01-08T04:15:19.2,38.54,141.72,53.0,3.2,2012-02-26T11:26:46.5,38.54,141.72,53.0,3.3,-0.0873262573663547,0.967976618030376
2012-01-08T04:15:19.2,38.54,141.72,53.0,3.2,2012-03-27T07:58:35.4,38.54,141.73,53.0,3.3,-0.0528965184743649,0.9262888140066152
2012-01-08T04:15:19.2,38.54,141.72,53.0,3.2,2012-05-15T14:42:46.69,38.5217,141.7613,51.5,3.4,0.4713146597625137,0.9555133275476004
2012-01-13T18:54:04.4,38.7,141.8,53.0,3.4,2012-03-05T19:28:27.6,38.7,141.8,53.0,3.1,0.0184786595689649,0.906671340498974
2012-01-14T17:11:53.9,36.15,141.19,37.0,3.0,2012-01-22T21:32:19.2,36.1877,141.3162,12.9,3.2,1.4087718449432989,0.9020487100734758
2012-01-15T16:32:22.1,36.99,142.34,17.0,3.0,2012-04-02T02:10:30.0,37.0,142.31,10.0,3.1,0.345308371181063,0.9270356029594174
2012-01-18T09:12:25.7,37.5,141.47,45.0,3.3,2012-01-18T10:05:59.4,37.5,141.47,44.0,3.0,-0.2045049442403161,0.9555819021834894
2012-01-18T09:12:25.7,37.5,141.47,45.0,3.3,2012-03-31T18:50:44.23,37.4999,141.5548,41.5,3.9,0.7710826271431892,0.98531098108292
2012-01-18T10:05:59.4,37.5,141.47,44.0,3.0,2012-03-31T18:50:44.23,37.4999,141.5548,41.5,3.9,0.9755223533008852,0.972099109362122
2012-01-21T05:01:26.5,35.79,140.95,13.0,3.0,2012-01-22T22:14:48.71,35.7513,140.9092,31.0,3.5,-0.8050061637266928,0.9542814820879744
2012-01-25T16:25:45.98,38.8495,142.0415,51.0,3.1,2012-04-20T00:00:36.4,38.84,142.1,44.0,3.1,0.4690156918289356,0.9040027395483132
2012-01-28T07:52:30.4,35.8,140.96,12.0,3.1,2012-02-02T19:11:53.8,35.79,140.96,13.0,3.3,0.001219943742384,0.9706025344248572
2012-01-28T17:58:43.7,38.01,142.23,39.0,3.4,2012-02-26T15:59:15.3,38.01,142.23,38.0,3.1,-0.119668535168023,0.963745425053065
2012-02-06T10:37:21.4,35.98,140.07,64.0,3.0,2012-02-24T04:10:33.52,35.9108,140.1265,67.7,4.2,0.7952421117162627,0.9086963999315756
2012-02-12T09:15:40.2,36.7,140.58,9.0,3.1,2012-04-30T02:33:08.9,36.7,140.58,9.0,3.4,-0.0180402310716942,0.9530444937230924
2012-02-12T09:15:40.2,36.7,140.58,9.0,3.1,2012-04-30T02:40:50.3,36.6262,140.5695,13.7,3.7,1.0389894852632806,0.985340424675382
2012-02-16T12:51:56.65,35.7977,140.915,6.6,3.1,2012-03-04T13:34:48.7,35.75,140.97,13.0,3.3,0.3853969869296795,0.9061216572191182
2012-02-18T12:03:09.54,37.8019,141.8372,26.9,3.2,2012-03-01T02:17:01.8,37.83,141.76,41.0,3.3,-1.5149021510266076,0.9183605584553974
2012-02-20T04:28:08.91,36.6925,140.7477,6.3,3.4,2012-03-04T05:15:02.5,36.69,140.64,7.0,3.2,-1.4573207237197596,0.961903501587714
2012-02-26T11:26:46.5,38.54,141.72,53.0,3.3,2012-03-27T07:58:35.4,38.54,141.73,53.0,3.3,0.0342190260626488,0.9197626229185616
2012-02-26T11:26:46.5,38.54,141.72,53.0,3.3,2012-05-15T14:42:46.69,38.5217,141.7613,51.5,3.4,0.5586030790731201,0.9592198168129888
2012-03-01T02:17:01.8,37.83,141.76,41.0,3.3,2012-03-01T05:00:49.2,37.83,141.76,41.0,3.2,0.1343117321979749,0.9020401834784784
2012-03-09T12:17:32.53,35.9723,141.2453,2.1,3.2,2012-03-10T07:46:15.14,36.0236,141.1577,6.1,3.8,-2.0045530327612857,0.9526285086366112
2012-03-12T02:25:31.1,35.7908,140.881,9.2,3.3,2012-04-16T20:56:27.2,35.76,140.99,14.0,3.3,1.2689887001343172,0.9784756991013166
2012-03-14T07:19:16.2,36.9,141.39,46.0,3.1,2012-03-14T08:06:31.0,36.89,141.45,35.0,3.1,0.3620841494148349,0.9604170903746831
2012-03-14T12:58:36.6,35.8,140.91,13.0,3.3,2012-03-15T02:06:45.4,35.79,140.93,14.0,3.3,0.1876057118468183,0.9797441603237445
2012-03-14T12:58:36.6,35.8,140.91,13.0,3.3,2012-03-25T23:33:42.7,35.8,140.91,14.0,3.4,-0.0718428757799131,0.9376851695983448
2012-03-14T12:58:36.6,35.8,140.91,13.0,3.3,2012-04-02T01:06:11.6,35.79,140.92,15.0,3.1,0.1183383780145511,0.9549156832047646
2012-03-15T02:06:45.4,35.79,140.93,14.0,3.3,2012-03-25T23:33:42.7,35.8,140.91,14.0,3.4,-0.2582700517426304,0.9015583243618708
2012-03-15T02:06:45.4,35.79,140.93,14.0,3.3,2012-04-02T01:06:11.6,35.79,140.92,15.0,3.1,-0.0670899182261938,0.9163839080820484
2012-03-15T15:07:07.2,35.71,140.89,9.0,3.2,2012-03-15T15:37:23.6,35.71,140.88,9.0,3.1,-0.0130228731649451,0.9604254676661494
2012-03-15T15:07:07.2,35.71,140.89,9.0,3.2,2012-03-16T08:39:29.0,35.71,140.88,9.0,3.2,0.0539697186155764,0.9376873646863774
2012-03-15T15:37:23.6,35.71,140.88,9.0,3.1,2012-03-16T08:39:29.0,35.71,140.88,9.0,3.2,0.0691576657513814,0.9664244158659824
2012-03-15T18:31:01.4,35.74,140.92,12.0,3.0,2012-04-18T19:38:31.8,35.74,140.92,12.0,3.0,0.0851229772335564,0.9281498228264218
2012-03-15T18:31:01.4,35.74,140.92,12.0,3.0,2012-05-12T14:59:06.7,35.75,140.93,12.0,3.6,0.2277432149877325,0.9182853563742612
2012-03-23T21:44:06.4,36.85,140.58,8.0,3.0,2012-05-20T07:49:17.1,36.85,140.57,7.0,3.3,0.0163462076142358,0.957557558844608
2012-03-25T23:33:42.7,35.8,140.91,14.0,3.4,2012-04-02T01:06:11.6,35.79,140.92,15.0,3.1,0.1916870164746852,0.9486283663884432
2012-03-27T07:58:35.4,38.54,141.73,53.0,3.3,2012-05-15T14:42:46.69,38.5217,141.7613,51.5,3.4,0.5248804911873596,0.9120820806227036
2012-04-10T04:54:06.5,35.7,140.97,13.0,3.2,2012-04-12T04:49:18.0,35.7,140.97,12.0,3.7,-0.038993964127318,0.9570294443814882
2012-04-13T11:40:26.17,37.0933,141.3938,6.4,3.3,2012-05-25T21:41:17.32,37.0555,141.4316,13.0,3.7,-0.0551453374554019,0.9002797178669376
2012-04-15T20:45:09.3,37.02,141.35,28.0,3.1,2012-04-18T08:39:36.02,37.0112,141.4056,10.0,3.4,0.8775025441431761,0.9109925213054102
2012-04-18T05:30:39.7,36.59,141.08,21.0,3.4,2012-04-24T07:40:33.8,36.58,141.06,24.0,3.4,-0.2868575612539809,0.9277439460095536
2012-04-18T05:30:39.7,36.59,141.08,21.0,3.4,2012-04-23T14:57:57.3,36.59,141.07,23.0,3.8,-0.1769537960262668,0.9762385383088756
2012-04-20T17:33:56.8,37.08,141.38,34.0,3.2,2012-05-02T17:49:26.9,37.09,141.38,25.0,3.0,-0.2453813867519621,0.9139407631352828
2012-04-26T14:06:23.7,36.85,140.57,8.0,3.0,2012-05-11T15:45:30.2,36.85,140.58,7.0,3.2,-0.0832416486959575,0.974658684996748
2012-04-30T02:33:08.9,36.7,140.58,9.0,3.4,2012-04-30T02:40:50.3,36.6262,140.5695,13.7,3.7,1.0565566537303075,0.9400887660081928
2012-05-10T23:20:30.8,36.9,141.39,32.0,3.1,2012-05-12T10:59:30.1,36.9,141.4,27.0,3.1,0.2154537920887868,0.9490909773325458
2012-05-10T23:20:30.8,36.9,141.39,32.0,3.1,2012-05-12T14:39:51.2,36.9,141.37,34.0,3.0,-0.2106670024712149,0.9177253095618756
2012-05-12T10:59:30.1,36.9,141.4,27.0,3.1,2012-05-12T14:39:51.2,36.9,141.37,34.0,3.0,-0.4246546894319136,0.968076434127676
2012-05-16T20:14:27.42,36.4503,142.9962,29.0,3.3,2012-05-17T14:35:08.9,36.5527,142.8988,29.0,3.1,-1.7069826980811564,0.930444298060753
2012-05-26T16:42:38.7,38.58,144.68,34.0,3.1,2012-05-26T16:47:53.85,38.615,144.7614,43.0,3.9,-3.029146252952585,0.9005082514546968
2013-06-30T14:57:58.5,36.95,141.09,51.0,3.1,2014-08-23T18:43:38.4,36.95,141.09,50.0,3.1,-0.0295006315514962,0.9594670129375844
2014-01-30T16:32:51.5,35.2409,141.2283,35.0,3.0,2014-01-30T16:35:37.09,35.2622,141.2985,25.0,3.0,2.441489375470234,0.968584862365984
2007-04-27T22:44:10.43,41.9653,142.3354,65.7,4.1,2010-01-06T20:39:39.71,41.9868,142.32,66.5,4.1,0.0997623511787439,0.9361698268559012
2007-04-28T22:32:53.54,35.5242,140.0786,71.3,4.0,2010-04-22T12:45:20.53,35.5423,140.1153,73.9,3.6,0.3215544623290101,0.9852230894837796
2007-04-28T22:32:53.54,35.5242,140.0786,71.3,4.0,2011-12-22T08:41:31.22,35.6628,140.3158,48.5,3.7,2.482386414090725,0.9785400846137424
2007-04-30T14:17:54.8,39.062,142.3034,51.0,3.8,2009-12-30T22:05:40.33,39.0679,142.1506,51.0,3.8,-1.166644142405253,0.9902836248133756
2007-04-30T14:17:54.8,39.062,142.3034,51.0,3.8,2011-09-24T03:29:33.13,39.0966,142.2335,9.9,3.6,1.111024593583667,0.9451097248586166
2007-04-30T14:17:54.8,39.062,142.3034,51.0,3.8,2011-12-16T09:46:17.56,39.1154,142.1878,43.0,3.7,-1.1250931023041164,0.9618484575835796
2007-04-30T14:17:54.8,39.062,142.3034,51.0,3.8,2012-04-24T12:34:19.45,39.0917,142.2797,50.2,3.9,-1.2508965759379371,0.9686562894339948
2007-05-07T14:09:37.83,41.886,142.5289,63.3,4.3,2012-02-18T01:59:11.62,41.8744,142.5178,60.8,4.2,-0.1574275485537408,0.9464351238336676
2007-05-08T17:08:45.33,36.5181,140.8734,52.8,3.9,2010-09-21T03:42:37.64,36.5275,140.7757,50.8,3.8,-0.5366104893905213,0.982443307287514
2007-05-08T23:52:04.66,35.8115,139.1952,16.5,3.8,2007-06-28T09:26:25.94,35.804,139.1985,15.2,4.1,-0.4428898840234869,0.901287992203494
2007-05-13T05:41:01.98,35.8781,140.9683,40.4,3.6,2011-03-22T13:17:35.48,35.8582,140.8237,31.0,3.6,0.2838310679610176,0.9826391556291146
2007-05-13T05:41:01.98,35.8781,140.9683,40.4,3.6,2011-05-05T04:28:54.41,35.8783,140.9333,46.3,3.6,-0.2516101707396008,0.971479390343383
2007-05-13T05:41:01.98,35.8781,140.9683,40.4,3.6,2012-01-09T09:23:29.94,35.8873,140.9177,30.9,3.6,0.4902194592565909,0.992831617732453
2007-05-13T08:48:42.3,36.0508,142.239,8.8,4.1,2011-04-14T04:13:42.33,36.0878,142.1411,15.9,4.3,-2.0829148146272813,0.9342390763605016
2007-05-13T08:48:42.3,36.0508,142.239,8.8,4.1,2011-06-02T00:05:59.25,36.0901,142.137,2.4,3.8,-0.0155174209360312,0.9406261979857606
2007-05-13T08:48:42.3,36.0508,142.239,8.8,4.1,2012-01-07T21:30:09.91,36.0791,142.0999,23.4,4.2,-3.6112328194436514,0.95924368175665
2007-05-18T08:02:16.17,36.4618,140.7648,49.7,4.0,2010-04-28T22:21:49.16,36.5119,140.6353,51.0,4.2,-0.3728548293149517,0.9039255255504856
2007-05-26T16:51:42.99,39.1277,143.257,17.9,4.2,2011-01-12T03:43:03.53,39.1281,143.1599,16.0,3.8,0.4278883938770699,0.9223551228271418
2007-05-28T22:36:09.43,39.6336,142.1172,50.5,4.0,2009-03-24T06:17:37.3,39.6204,142.1444,46.4,3.8,-0.0475697309446308,0.9748284597270948
2007-05-28T22:36:09.43,39.6336,142.1172,50.5,4.0,2010-11-18T19:08:09.33,39.6772,142.1149,59.1,4.0,-0.8596109079746561,0.9738721044864056
2007-05-28T22:36:09.43,39.6336,142.1172,50.5,4.0,2011-05-26T06:57:34.44,39.6139,142.1138,49.3,4.1,0.0251742850733764,0.9556380128930668
2007-05-28T22:36:09.43,39.6336,142.1172,50.5,4.0,2011-10-23T18:58:35.13,39.6388,142.2386,53.5,4.2,0.2531086700935884,0.9751078517240506
2007-05-28T22:36:09.43,39.6336,142.1172,50.5,4.0,2012-05-15T00:09:06.0,39.6457,142.1157,47.0,4.0,0.296412947215571,0.9586497525712968
2007-06-02T05:43:14.58,36.1538,140.0149,53.6,4.6,2011-04-05T04:32:28.92,36.1297,140.0255,48.8,3.8,-0.1187945513815664,0.9383472968844804
2007-06-20T12:56:00.4,36.6734,142.3424,4.1,4.1,2011-03-08T15:43:40.99,36.6968,142.2269,19.0,3.5,-3.4821607120659355,0.954676065322976
2007-06-20T12:56:00.4,36.6734,142.3424,4.1,4.1,2012-04-30T16:53:14.18,36.7106,142.2001,19.0,4.2,-3.9555364768220658,0.9665505095326794
2007-06-30T13:04:02.5,38.86,142.05,46.0,3.5,2009-10-26T23:10:26.87,38.8622,142.074,44.4,3.5,0.2795729069914279,0.9286874556215076
2007-06-30T13:04:02.5,38.86,142.05,46.0,3.5,2011-03-23T00:21:12.59,38.8725,142.028,51.0,4.0,-0.57544820328744,0.9428165897073564
2007-06-30T13:04:02.5,38.86,142.05,46.0,3.5,2011-04-03T05:40:19.91,38.829,142.0565,49.5,3.9,-0.196489636876861,0.9576514329422354
2007-06-30T13:04:02.5,38.86,142.05,46.0,3.5,2011-04-20T06:05:20.4,38.84,142.03,45.0,4.0,-0.1042484017633381,0.9036759619766244
2007-06-30T13:04:02.5,38.86,142.05,46.0,3.5,2011-05-14T16:45:10.52,38.8205,142.1012,43.7,3.9,0.6473510376180845,0.9177532223126984
2007-06-30T13:04:02.5,38.86,142.05,46.0,3.5,2011-06-15T15:36:32.64,38.8184,142.1405,46.5,3.8,0.2489802977872413,0.962568947321481
2007-06-30T13:04:02.5,38.86,142.05,46.0,3.5,2011-07-22T09:03:08.45,38.8735,142.0398,51.0,3.8,-0.9374443555239556,0.963750594902904
2007-06-30T13:04:02.5,38.86,142.05,46.0,3.5,2011-08-21T19:42:35.24,38.8174,142.1138,48.2,3.9,0.4983465495791794,0.9617166436350072
2007-06-30T13:04:02.5,38.86,142.05,46.0,3.5,2011-11-11T17:24:20.31,38.8512,142.0722,43.8,4.0,0.008953475697394,0.9597084581351144
2007-06-30T13:04:02.5,38.86,142.05,46.0,3.5,2012-01-15T10:36:46.71,38.8009,142.1518,43.2,3.8,0.6055607849904655,0.9645709418030636
2007-06-30T13:04:02.5,38.86,142.05,46.0,3.5,2012-03-30T03:37:07.2,38.8322,142.084,47.3,3.7,0.0023299126438005,0.9642098273725744
2007-06-30T16:33:25.24,36.1299,142.3184,33.0,3.7,2011-01-19T10:26:41.46,36.1499,142.5175,18.0,3.8,2.887463303412116,0.9257587894841324
2007-07-06T15:59:26.5,37.32,141.85,41.0,3.5,2009-11-04T14:19:45.35,37.3035,141.8583,14.6,4.0,1.861422715051721,0.9132242376713824
2007-09-09T05:01:53.8,39.5,142.5289,78.3,3.8,2007-10-29T09:21:30.2,39.53,142.64,34.0,3.5,12.237294428857606,0.989643204245138
2007-09-25T16:17:44.42,36.4632,142.6883,15.0,4.0,2008-03-24T07:46:47.53,36.3668,142.6143,34.4,3.8,-13.314822520484745,0.992821625596774
2007-09-26T03:26:17.8,41.5245,144.4524,44.6,3.9,2008-09-11T04:57:02.73,41.8278,144.1417,28.5,4.9,-1.2275717103465535,0.9909605750138688
2007-12-02T15:41:48.19,37.8913,142.6514,14.0,4.3,2008-07-19T18:04:02.46,37.4699,142.8315,21.0,3.7,-11.095040383770614,0.9949026432802606
2007-12-03T02:46:45.1,38.62,142.17,28.0,3.6,2007-12-14T16:47:15.3,38.98,142.21,46.0,3.8,4.522316709260255,0.9892832795004434
2008-01-19T19:02:17.22,41.8896,144.5347,14.2,4.1,2008-09-28T16:24:43.63,41.9139,143.9764,42.0,3.9,-3.9349965013730266,0.9948651115413024
2008-01-31T04:08:41.23,37.4245,143.0981,24.0,4.0,2008-07-22T09:02:20.6,37.58,142.73,26.0,3.6,5.029991305355919,0.9997577846240236
2008-01-31T04:08:41.23,37.4245,143.0981,24.0,4.0,2008-08-05T14:38:12.62,37.7726,143.1322,18.0,3.9,-5.853717106424575,0.957916249358436
2008-01-31T04:08:41.23,37.4245,143.0981,24.0,4.0,2008-08-22T05:09:13.39,37.6891,142.9752,24.0,3.8,-11.468257869543008,1.003984835758998
2008-04-25T20:49:30.2,40.7259,141.4847,94.3,3.6,2008-08-16T08:20:30.41,40.4841,141.5067,83.4,4.0,1.1699723142745553,0.9904719699361848
2008-06-13T23:52:21.4,39.04,140.87,10.0,4.0,2008-06-14T02:30:13.6,39.07,140.96,10.0,3.5,13.039760899172844,0.9495176324963336
2008-06-13T23:54:37.4,39.1,140.84,10.0,3.8,2008-06-14T01:56:29.46,39.0664,140.9896,10.8,4.3,11.082777169697463,0.9975833735898654
2008-06-13T23:54:37.4,39.1,140.84,10.0,3.8,2008-06-14T03:10:08.09,38.8697,140.8755,16.0,3.9,8.08117642102358,1.0016281057360945
2008-06-13T23:54:37.4,39.1,140.84,10.0,3.8,2008-06-16T04:56:52.18,38.9973,140.8159,11.5,3.9,-12.068884288301652,0.9975646327558856
2008-06-13T23:54:37.4,39.1,140.84,10.0,3.8,2008-06-29T06:53:24.49,38.8803,140.7605,7.4,4.3,-9.000877920612814,0.9985641017568558
2008-06-13T23:54:37.4,39.1,140.84,10.0,3.8,2008-07-26T20:28:43.33,39.1328,140.9391,4.6,3.7,-10.07328323633605,0.9984849573954412
2008-06-13T23:54:54.5,38.9,140.76,4.0,3.9,2008-06-16T15:03:21.09,38.91,140.8775,7.5,3.5,11.283125653605014,0.9712314945690148
2008-06-14T00:01:43.27,38.897,140.882,9.3,4.0,2008-06-16T04:56:52.18,38.9973,140.8159,11.5,3.9,-6.788749296783277,0.91602354068307
2008-06-14T00:05:16.8,39.04,140.85,6.0,3.5,2008-06-14T00:55:10.4,38.83,140.8,4.0,3.5,-3.5999999942395977,1.0000000000000029
2008-06-14T00:05:16.8,39.04,140.85,6.0,3.5,2008-06-14T01:56:29.46,39.0664,140.9896,10.8,4.3,5.340000000074325,1.0000000000000002
2008-06-14T00:05:16.8,39.04,140.85,6.0,3.5,2008-06-14T02:31:26.9,38.78,140.73,5.0,3.6,-2.400000000031925,0.9999999999999012
2008-06-14T00:05:16.8,39.04,140.85,6.0,3.5,2008-06-14T03:10:08.09,38.8697,140.8755,16.0,3.9,2.3349998732613906,0.9394073288645592
2008-06-14T00:05:16.8,39.04,140.85,6.0,3.5,2008-06-14T15:04:43.7,38.9126,140.8875,7.3,3.6,-5.149996950684235,1.0000000007372556
2008-06-14T00:05:16.8,39.04,140.85,6.0,3.5,2008-06-26T03:20:02.33,39.032,140.9127,7.4,3.5,-4.180013135425482,1.0000000137332234
2008-06-14T00:08:01.87,38.8386,140.8084,8.6,4.1,2008-08-04T10:08:31.89,38.8657,140.882,5.1,3.5,6.192977138332237,0.9483184124600048
2008-06-14T00:09:19.1,38.99,140.86,4.0,3.6,2008-06-14T00:53:50.5,38.96,140.88,7.0,3.5,11.100164914855204,0.956489310221352
2008-06-14T00:09:19.1,38.99,140.86,4.0,3.6,2008-07-19T04:09:33.01,39.0949,140.8794,11.8,4.2,-11.360159313997762,0.9077131299108032
2008-06-14T00:09:47.7,39.04,140.85,5.0,3.5,2008-06-14T00:53:50.5,38.96,140.88,7.0,3.5,10.650155605616808,0.9579143568890154
2008-06-14T00:14:20.87,39.1011,140.934,10.0,3.5,2008-06-14T01:56:29.46,39.0664,140.9896,10.8,4.3,10.42815066848774,0.98243793165155
2008-06-14T00:14:20.87,39.1011,140.934,10.0,3.5,2008-06-14T03:10:08.09,38.8697,140.8755,16.0,3.9,7.425173150947346,0.9762051611957422
2008-06-14T00:14:20.87,39.1011,140.934,10.0,3.5,2008-06-25T18:57:44.24,38.8383,140.8353,7.9,4.0,11.885405074662309,2.2807874627258493
2008-06-14T00:14:33.5,38.77,140.72,4.0,3.6,2008-06-14T02:30:13.6,39.07,140.96,10.0,3.5,-2.456824442510511,0.9076708436437648
2008-06-14T00:14:33.5,38.77,140.72,4.0,3.6,2008-06-14T03:10:08.09,38.8697,140.8755,16.0,3.9,12.117376567714851,0.9999934860986144
2008-06-14T00:14:33.5,38.77,140.72,4.0,3.6,2008-06-16T04:56:52.18,38.9973,140.8159,11.5,3.9,-9.53514495460928,1.000028115485692
2008-06-14T00:14:33.5,38.77,140.72,4.0,3.6,2008-06-23T23:44:11.07,39.038,140.8866,10.2,3.7,-7.973580236846544,0.9993375929798416
2008-06-14T00:14:33.5,38.77,140.72,4.0,3.6,2008-07-19T04:09:33.01,39.0949,140.8794,11.8,4.2,-5.1743889569317165,0.9929555160041024
2008-06-14T00:14:33.5,38.77,140.72,4.0,3.6,2008-07-26T20:28:43.33,39.1328,140.9391,4.6,3.7,-6.548329854905001,0.9992648439546996
2008-06-14T00:18:13.79,39.14,140.9432,8.2,4.3,2008-06-14T00:53:50.5,38.96,140.88,7.0,3.5,9.44016491406908,0.9564894707290188
2008-06-14T00:18:13.79,39.14,140.9432,8.2,4.3,2008-07-19T04:09:33.01,39.0949,140.8794,11.8,4.2,-13.020159313998642,0.9077131298971592
2008-06-14T00:18:39.8,39.03,140.86,6.0,3.9,2008-06-14T00:53:50.5,38.96,140.88,7.0,3.5,10.950087380844154,0.9673828027512852
2008-06-14T00:18:39.8,39.03,140.86,6.0,3.9,2008-07-19T04:09:33.01,39.0949,140.8794,11.8,4.2,-11.809992338596308,0.9215012310677088
2008-06-14T00:23:05.8,38.98,140.85,5.0,3.6,2008-06-14T01:56:29.46,39.0664,140.9896,10.8,4.3,11.359885862326324,0.9910822537652294
2008-06-14T00:23:05.8,38.98,140.85,5.0,3.6,2008-06-14T03:10:08.09,38.8697,140.8755,16.0,3.9,8.37430144528001,0.9803531990227526
2008-06-14T00:23:46.7,38.82,140.81,5.0,3.6,2008-06-14T00:53:50.5,38.96,140.88,7.0,3.5,13.650155605616764,0.957914356876721
2008-06-14T00:52:43.22,39.097,140.8922,12.3,4.7,2008-06-16T15:03:21.09,38.91,140.8775,7.5,3.5,9.763864270546431,0.9924981147550596
2008-06-14T00:52:43.22,39.097,140.8922,12.3,4.7,2008-06-20T16:55:30.36,39.1706,140.9608,6.5,4.0,13.87195344873208,1.0000087795265356
2008-06-14T00:53:50.5,38.96,140.88,7.0,3.5,2008-06-14T01:56:29.46,39.0664,140.9896,10.8,4.3,12.604996866000542,0.9982720571678272
2008-06-14T00:53:50.5,38.96,140.88,7.0,3.5,2008-06-14T02:30:13.6,39.07,140.96,10.0,3.5,-6.950383591239903,0.9965662250327482
2008-06-14T00:53:50.5,38.96,140.88,7.0,3.5,2008-06-14T03:10:08.09,38.8697,140.8755,16.0,3.9,9.605382717777111,0.9996705265324132
2008-06-14T00:53:50.5,38.96,140.88,7.0,3.5,2008-06-14T09:43:12.91,39.0028,140.8709,1.9,3.5,-10.810087397526626,0.9672897946406114
2008-06-14T00:53:50.5,38.96,140.88,7.0,3.5,2008-06-15T17:36:20.17,39.1017,140.9437,16.0,4.4,-10.97008739752448,0.9672897990232382
2008-06-14T00:53:50.5,38.96,140.88,7.0,3.5,2008-06-16T21:39:23.97,38.7829,140.8105,4.4,4.1,-13.920018955345656,0.9561391946119868
2008-06-14T00:53:50.5,38.96,140.88,7.0,3.5,2008-06-19T17:32:06.82,39.1479,140.974,8.6,3.9,-9.420087397524608,0.9672897990070524
2008-06-14T00:53:50.5,38.96,140.88,7.0,3.5,2008-06-27T14:19:15.61,38.7386,140.7929,9.4,3.5,-14.855921436397688,0.9036954428168108
2008-06-14T00:53:50.5,38.96,140.88,7.0,3.5,2008-06-29T06:53:24.49,38.8803,140.7605,7.4,4.3,-10.45704552885088,0.9891836399381274
2008-06-14T00:53:50.5,38.96,140.88,7.0,3.5,2008-11-12T04:39:47.78,38.8965,140.8165,10.4,4.0,-13.3800873966609,0.9672897898379128
2008-06-14T00:55:10.4,38.83,140.8,4.0,3.5,2008-06-14T01:56:29.46,39.0664,140.9896,10.8,4.3,8.939999994239567,1.0000000000000029
2008-06-14T00:55:10.4,38.83,140.8,4.0,3.5,2008-06-14T02:31:26.9,38.78,140.73,5.0,3.6,1.199999994154807,0.999999999999994
2008-06-14T00:55:10.4,38.83,140.8,4.0,3.5,2008-06-14T03:10:08.09,38.8697,140.8755,16.0,3.9,5.934999996619609,0.9394112678809162
2008-06-14T00:55:10.4,38.83,140.8,4.0,3.5,2008-06-14T15:04:43.7,38.9126,140.8875,7.3,3.6,-1.549996950684307,1.0000000007342793
2008-06-14T00:55:10.4,38.83,140.8,4.0,3.5,2008-06-26T03:20:02.33,39.032,140.9127,7.4,3.5,-0.5800131354254789,1.0000000137332237
2008-06-14T01:25:26.9,39.1,140.85,11.0,3.5,2008-06-16T04:56:52.18,38.9973,140.8159,11.5,3.9,-12.576572367742187,0.9997549487717952
2008-06-14T01:25:26.9,39.1,140.85,11.0,3.5,2008-06-16T15:03:21.09,38.91,140.8775,7.5,3.5,9.522675347960355,0.9887245215760888
2008-06-14T01:25:26.9,39.1,140.85,11.0,3.5,2008-06-20T16:55:30.36,39.1706,140.9608,6.5,4.0,13.630577152790291,0.9968091932325056
2008-06-14T01:25:26.9,39.1,140.85,11.0,3.5,2008-06-23T23:44:11.07,39.038,140.8866,10.2,3.7,-11.014207408952675,0.9995161188036432
2008-06-14T01:25:26.9,39.1,140.85,11.0,3.5,2008-06-29T06:53:24.49,38.8803,140.7605,7.4,4.3,-7.527677609126886,0.9921599343232966
2008-06-14T01:25:26.9,39.1,140.85,11.0,3.5,2008-07-26T20:28:43.33,39.1328,140.9391,4.6,3.7,-10.580899421751685,0.9999850879343783
2008-06-14T01:56:29.46,39.0664,140.9896,10.8,4.3,2008-06-14T02:30:13.6,39.07,140.96,10.0,3.5,-11.623428937627388,0.9969026591278468
2008-06-14T01:56:29.46,39.0664,140.9896,10.8,4.3,2008-06-14T02:31:26.9,38.78,140.73,5.0,3.6,-7.740000000090303,0.9999999999984284
2008-06-14T01:56:29.46,39.0664,140.9896,10.8,4.3,2008-06-14T02:36:28.0,38.99,140.82,4.0,3.5,-11.79949308383535,0.9952689715175476
2008-06-14T01:56:29.46,39.0664,140.9896,10.8,4.3,2008-06-14T03:10:32.84,39.0874,140.8533,13.9,4.8,-11.895090802349182,0.9989036083299788
2008-06-14T01:56:29.46,39.0664,140.9896,10.8,4.3,2008-06-14T15:04:43.7,38.9126,140.8875,7.3,3.6,-10.4899969506842,1.0000000007376206
2008-06-14T01:56:29.46,39.0664,140.9896,10.8,4.3,2008-06-16T15:03:21.09,38.91,140.8775,7.5,3.5,-12.979758536971566,0.9916081393744938
2008-06-14T01:56:29.46,39.0664,140.9896,10.8,4.3,2008-06-20T16:55:30.36,39.1706,140.9608,6.5,4.0,-10.028228126351454,0.999517534651021
2008-06-14T01:56:29.46,39.0664,140.9896,10.8,4.3,2008-06-26T03:20:02.33,39.032,140.9127,7.4,3.5,-9.520013135425454,1.0000000137332232
2008-06-14T01:56:29.46,39.0664,140.9896,10.8,4.3,2008-06-29T06:53:24.49,38.8803,140.7605,7.4,4.3,-14.139737118370526,0.9972493228725356
2008-06-14T01:56:29.46,39.0664,140.9896,10.8,4.3,2008-08-04T10:08:31.89,38.8657,140.882,5.1,3.5,5.082977111416863,0.9483202503186824
2008-06-14T02:30:13.6,39.07,140.96,10.0,3.5,2008-06-14T03:10:08.09,38.8697,140.8755,16.0,3.9,7.630421392239739,0.9972300324585528
2008-06-14T02:30:13.6,39.07,140.96,10.0,3.5,2008-06-14T15:04:43.7,38.9126,140.8875,7.3,3.6,5.1001560543960816,0.9664610386648028
2008-06-14T02:30:13.6,39.07,140.96,10.0,3.5,2008-06-16T04:56:52.18,38.9973,140.8159,11.5,3.9,-13.042943447444973,1.000433719471148
2008-06-14T02:30:13.6,39.07,140.96,10.0,3.5,2008-06-16T15:03:21.09,38.91,140.8775,7.5,3.5,6.563091955151343,0.9789650985861614
2008-06-14T02:30:13.6,39.07,140.96,10.0,3.5,2008-06-20T16:55:30.36,39.1706,140.9608,6.5,4.0,9.522014785833864,0.9726388213822472
2008-06-14T02:30:13.6,39.07,140.96,10.0,3.5,2008-06-29T06:53:24.49,38.8803,140.7605,7.4,4.3,-7.993012453989699,0.9965778744169568
2008-06-14T02:30:13.6,39.07,140.96,10.0,3.5,2008-07-26T20:28:43.33,39.1328,140.9391,4.6,3.7,-10.057131151318211,0.9995943818154108
2008-06-14T02:31:26.9,38.78,140.73,5.0,3.6,2008-06-14T03:10:08.09,38.8697,140.8755,16.0,3.9,4.734999802741804,0.939320948976094
2008-06-14T02:31:26.9,38.78,140.73,5.0,3.6,2008-06-14T15:04:43.7,38.9126,140.8875,7.3,3.6,-2.7499969506583515,1.0000000007376222
2008-06-14T02:31:26.9,38.78,140.73,5.0,3.6,2008-06-26T03:20:02.33,39.032,140.9127,7.4,3.5,-1.780013135414571,1.0000000137332028
2008-06-14T02:31:26.9,38.78,140.73,5.0,3.6,2008-08-04T10:08:31.89,38.8657,140.882,5.1,3.5,12.82297916865082,0.9609969130432188
2008-06-14T02:35:17.27,39.0203,140.8728,8.9,4.5,2008-06-16T14:14:39.39,39.0437,140.8012,10.4,5.3,-4.094226184797932,0.9309928536301558
2008-06-14T02:35:17.27,39.0203,140.8728,8.9,4.5,2008-06-16T15:03:21.09,38.91,140.8775,7.5,3.5,10.68976024952162,0.9957657199956363
2008-06-14T02:35:17.27,39.0203,140.8728,8.9,4.5,2008-06-20T16:55:30.36,39.1706,140.9608,6.5,4.0,13.81066829120431,0.9959468115729077
2008-06-14T02:35:17.27,39.0203,140.8728,8.9,4.5,2008-06-29T06:53:24.49,38.8803,140.7605,7.4,4.3,-6.338946106514921,0.9932777084196308
2008-06-14T02:35:17.27,39.0203,140.8728,8.9,4.5,2008-07-26T20:28:43.33,39.1328,140.9391,4.6,3.7,-7.412403127774194,0.9758083293222471
2008-06-14T02:36:28.0,38.99,140.82,4.0,3.5,2008-06-14T03:10:08.09,38.8697,140.8755,16.0,3.9,8.802479742822827,0.9979031471888608
2008-06-14T02:36:28.0,38.99,140.82,4.0,3.5,2008-06-27T14:19:15.61,38.7386,140.7929,9.4,3.5,-11.608554113292282,0.9665447459307605
2008-06-14T02:36:28.0,38.99,140.82,4.0,3.5,2008-07-19T04:09:33.01,39.0949,140.8794,11.8,4.2,-11.40999159827357,0.9215000456202724
2008-06-14T03:10:08.09,38.8697,140.8755,16.0,3.9,2008-06-14T15:04:43.7,38.9126,140.8875,7.3,3.6,-7.485024504188809,0.9394177284581232
2008-06-14T03:10:08.09,38.8697,140.8755,16.0,3.9,2008-06-16T15:03:21.09,38.91,140.8775,7.5,3.5,-9.986198197602052,1.000456828323859
2008-06-14T03:10:08.09,38.8697,140.8755,16.0,3.9,2008-06-20T16:55:30.36,39.1706,140.9608,6.5,4.0,-6.040767585061801,0.9987747494858364
2008-06-14T03:10:08.09,38.8697,140.8755,16.0,3.9,2008-06-26T03:20:02.33,39.032,140.9127,7.4,3.5,-6.515043853997652,0.9404644019470276
2008-06-14T03:10:08.09,38.8697,140.8755,16.0,3.9,2008-06-29T06:53:24.49,38.8803,140.7605,7.4,4.3,-10.149517450552908,0.9913762117505304
2008-06-14T03:10:32.84,39.0874,140.8533,13.9,4.8,2008-06-27T14:19:15.61,38.7386,140.7929,9.4,3.5,-7.519165732663311,0.9626203606410272
2008-06-14T03:10:32.84,39.0874,140.8533,13.9,4.8,2008-07-19T04:09:33.01,39.0949,140.8794,11.8,4.2,-11.519913214732098,0.9219537104897406
2008-06-14T03:14:05.28,39.0813,140.8797,11.3,4.5,2008-06-16T15:03:21.09,38.91,140.8775,7.5,3.5,9.787259502585965,0.9908639361439546
2008-06-14T03:14:05.28,39.0813,140.8797,11.3,4.5,2008-06-20T16:55:30.36,39.1706,140.9608,6.5,4.0,13.895205767945152,0.9984732209351777
2008-06-14T08:34:08.97,39.136,140.9172,7.0,4.3,2008-08-04T10:08:31.89,38.8657,140.882,5.1,3.5,-12.78121299919184,0.951023528437905
2008-06-14T09:43:12.91,39.0028,140.8709,1.9,3.5,2008-07-19T04:09:33.01,39.0949,140.8794,11.8,4.2,-11.949992338595704,0.9215012310899302
2008-06-14T14:22:27.44,39.1543,140.9484,11.1,4.2,2008-06-16T04:56:52.18,38.9973,140.8159,11.5,3.9,-12.38515027833074,0.9935406777216969
2008-06-14T14:22:27.44,39.1543,140.9484,11.1,4.2,2008-06-16T14:14:39.39,39.0437,140.8012,10.4,5.3,-6.194422732412408,0.9196968019297388
2008-06-14T14:22:27.44,39.1543,140.9484,11.1,4.2,2008-06-16T15:03:21.09,38.91,140.8775,7.5,3.5,8.727494228570151,0.9927015284601114
2008-06-14T14:22:27.44,39.1543,140.9484,11.1,4.2,2008-06-20T16:55:30.36,39.1706,140.9608,6.5,4.0,12.834706973354608,0.9978620108497048
2008-06-14T14:22:27.44,39.1543,140.9484,11.1,4.2,2008-06-23T23:44:11.07,39.038,140.8866,10.2,3.7,-10.823383703583644,0.9924916671130714
2008-06-14T14:22:27.44,39.1543,140.9484,11.1,4.2,2008-06-29T06:53:24.49,38.8803,140.7605,7.4,4.3,-9.312267987394724,0.9916307290134158
2008-06-14T14:22:27.44,39.1543,140.9484,11.1,4.2,2008-07-26T20:28:43.33,39.1328,140.9391,4.6,3.7,-10.386420460594897,0.9971395691495036
2008-06-14T15:04:43.7,38.9126,140.8875,7.3,3.6,2008-06-16T04:56:52.18,38.9973,140.8159,11.5,3.9,-10.26235925291439,1.0015076025373388
2008-06-14T15:04:43.7,38.9126,140.8875,7.3,3.6,2008-06-26T03:20:02.33,39.032,140.9127,7.4,3.5,0.9699868645745802,1.0000000118782515
2008-06-14T15:04:43.7,38.9126,140.8875,7.3,3.6,2008-07-19T04:09:33.01,39.0949,140.8794,11.8,4.2,-6.893845257651692,0.9848976711443445
2008-06-14T15:04:43.7,38.9126,140.8875,7.3,3.6,2008-07-23T03:54:24.67,38.9846,140.888,8.5,4.2,5.929750730825162,0.9984377377057724
2008-06-14T15:04:43.7,38.9126,140.8875,7.3,3.6,2008-07-26T20:28:43.33,39.1328,140.9391,4.6,3.7,-8.266857083479128,1.0013161991236943
2008-06-15T17:36:20.17,39.1017,140.9437,16.0,4.4,2008-07-19T04:09:33.01,39.0949,140.8794,11.8,4.2,-11.789992338595969,0.9215012310871528
2008-06-16T04:56:52.18,38.9973,140.8159,11.5,3.9,2008-06-16T15:03:21.09,38.91,140.8775,7.5,3.5,11.19970274437431,0.9901303289667204
2008-06-16T04:56:52.18,38.9973,140.8159,11.5,3.9,2008-06-20T16:55:30.36,39.1706,140.9608,6.5,4.0,14.319291810637187,0.9927047230136464
2008-06-16T04:56:52.18,38.9973,140.8159,11.5,3.9,2008-07-19T04:09:33.01,39.0949,140.8794,11.8,4.2,13.276702751790513,1.0000299475906385
2008-06-16T04:56:52.18,38.9973,140.8159,11.5,3.9,2008-11-12T04:39:47.78,38.8965,140.8165,10.4,4.0,10.656569076854147,1.0000162152629628
2008-06-16T15:03:21.09,38.91,140.8775,7.5,3.5,2008-06-23T23:44:11.07,39.038,140.8866,10.2,3.7,-10.627432815697071,0.9996858517430044
2008-06-16T15:03:21.09,38.91,140.8775,7.5,3.5,2008-06-29T06:53:24.49,38.8803,140.7605,7.4,4.3,-9.082710573619536,0.9945739628026156
2008-06-16T15:03:21.09,38.91,140.8775,7.5,3.5,2008-07-26T20:28:43.33,39.1328,140.9391,4.6,3.7,-8.215110508174558,0.9929220945870978
2008-06-16T21:39:23.97,38.7829,140.8105,4.4,4.1,2008-07-19T04:09:33.01,39.0949,140.8794,11.8,4.2,-8.539913208057344,0.9219532952005748
2008-06-19T17:32:06.82,39.1479,140.974,8.6,3.9,2008-07-19T04:09:33.01,39.0949,140.8794,11.8,4.2,-13.339992338596252,0.9215012310760414
2008-06-20T16:55:30.36,39.1706,140.9608,6.5,4.0,2008-06-23T23:44:11.07,39.038,140.8866,10.2,3.7,-13.745421668363395,0.9959369267048775
2008-06-20T16:55:30.36,39.1706,140.9608,6.5,4.0,2008-06-29T06:53:24.49,38.8803,140.7605,7.4,4.3,-13.03480416727152,0.94276472295088
2008-06-20T16:55:30.36,39.1706,140.9608,6.5,4.0,2008-07-19T04:09:33.01,39.0949,140.8794,11.8,4.2,-11.948561300528906,0.9150103066855784
2008-06-20T16:55:30.36,39.1706,140.9608,6.5,4.0,2008-07-26T20:28:43.33,39.1328,140.9391,4.6,3.7,-12.322526630228166,0.999400607236484
2008-06-23T23:44:11.07,39.038,140.8866,10.2,3.7,2008-07-19T04:09:33.01,39.0949,140.8794,11.8,4.2,11.715139882688836,0.9995151654886982
2008-06-23T23:44:11.07,39.038,140.8866,10.2,3.7,2008-11-12T04:39:47.78,38.8965,140.8165,10.4,4.0,9.095004423244252,0.999499560569298
2008-06-26T03:20:02.33,39.032,140.9127,7.4,3.5,2008-07-23T03:54:24.67,38.9846,140.888,8.5,4.2,4.959929404846717,0.9997524443432472
2008-06-27T14:19:15.61,38.7386,140.7929,9.4,3.5,2008-07-19T04:09:33.01,39.0949,140.8794,11.8,4.2,-7.299913216788935,0.921953704875808
2008-06-29T06:53:24.49,38.8803,140.7605,7.4,4.3,2008-07-19T04:09:33.01,39.0949,140.8794,11.8,4.2,8.225200535919512,0.9903504003443482
2008-06-29T06:53:24.49,38.8803,140.7605,7.4,4.3,2008-11-12T04:39:47.78,38.8965,140.8165,10.4,4.0,5.605052507860743,0.9903102320590258
2008-07-19T04:09:33.01,39.0949,140.8794,11.8,4.2,2008-07-26T20:28:43.33,39.1328,140.9391,4.6,3.7,-10.289937764469672,0.9992018662290968
2008-07-21T07:26:29.27,36.2354,142.0819,13.8,4.0,2008-08-06T22:38:50.07,36.2966,141.9098,19.0,3.8,-3.1612354215876994,0.9291784654094828
2008-07-26T20:28:43.33,39.1328,140.9391,4.6,3.7,2008-11-12T04:39:47.78,38.8965,140.8165,10.4,4.0,7.669798498351792,0.9991968490087472
2008-12-05T20:20:30.1,38.5764,143.15,26.8,4.6,2011-03-09T03:54:01.7,38.5052,143.1985,15.0,4.5,1.847212633217884,0.9863880548169895
2008-12-11T06:22:34.63,38.6427,143.2296,23.0,4.0,2011-03-09T19:19:49.78,38.5979,143.2632,23.0,4.2,0.3168913167076648,0.9559278787964444
2008-12-17T13:10:41.24,40.1089,142.5101,39.4,4.1,2010-11-24T23:55:58.07,40.0691,142.3821,47.9,4.0,-1.1707986466472575,0.9878369049117685
2008-12-30T15:48:33.32,35.4355,140.8011,46.6,4.7,2011-11-19T19:27:38.54,35.4436,140.9189,35.3,4.8,1.010706143369318,0.9682206730407968
2009-01-03T16:02:39.69,37.0261,141.3607,37.9,3.7,2012-02-16T17:42:14.98,37.0181,141.3564,40.8,3.6,0.0270731463627098,0.9826329441769824
2009-01-18T09:36:33.31,36.3821,140.8284,55.3,3.9,2011-03-06T20:10:57.18,36.4896,140.7566,58.9,3.9,-0.4969886714266041,0.993057427975929
2009-01-18T09:36:33.31,36.3821,140.8284,55.3,3.9,2012-02-01T17:01:39.75,36.5378,140.5829,58.6,3.9,-1.3479738739867022,0.9915896344519166
2009-02-06T16:54:29.27,35.5918,141.7524,22.0,3.7,2011-03-22T00:14:42.0,35.5211,141.725,22.0,3.8,0.4176418877942661,0.9569073322986302
2009-02-06T16:54:29.27,35.5918,141.7524,22.0,3.7,2011-04-10T00:00:54.05,35.709,141.5009,25.0,3.9,-2.3397517973262465,0.974613032747044
2009-02-06T16:54:29.27,35.5918,141.7524,22.0,3.7,2011-05-06T23:24:52.73,35.4453,141.6749,25.0,3.8,-0.498075731016686,0.9799813183444482
2009-02-06T16:54:29.27,35.5918,141.7524,22.0,3.7,2011-07-18T12:37:10.7,35.5103,141.7596,10.8,3.8,1.803631580139676,0.98217466038304
2009-02-15T22:39:05.04,38.1943,141.6845,57.1,4.0,2011-03-25T23:16:39.72,38.1382,141.7684,45.4,3.6,2.012034152113142,0.9384312917454982
2009-02-15T22:39:05.04,38.1943,141.6845,57.1,4.0,2011-05-20T11:42:15.8,38.1607,141.8013,47.5,3.9,1.782819186783058,0.927728796298038
2009-02-15T22:39:05.04,38.1943,141.6845,57.1,4.0,2011-09-16T21:42:36.11,38.1609,141.7852,47.4,4.1,1.4540197617691046,0.9388390229268024
2009-02-20T22:29:07.38,38.9111,142.1168,41.6,3.7,2012-01-22T14:43:53.01,38.9081,142.1849,41.5,3.6,0.7025502310429799,0.9105544206812494
2009-02-27T17:30:11.23,36.341,140.676,52.2,4.2,2011-04-22T01:17:31.05,36.4576,140.6865,56.0,4.1,-0.929736368530468,0.9520506292060164
2009-03-04T10:04:31.03,35.818,140.9356,34.5,4.2,2011-03-14T19:04:10.83,35.8956,141.0011,31.1,4.5,0.3335914797695658,0.9779503856877796
2009-03-04T10:04:31.03,35.818,140.9356,34.5,4.2,2011-05-01T01:27:44.62,35.8962,140.9588,31.6,4.5,0.2110413925833124,0.9638246156920592
2009-03-04T10:04:31.03,35.818,140.9356,34.5,4.2,2012-01-05T20:55:47.41,35.8821,140.9612,47.9,4.5,-1.6200132238733078,0.9765890907454696
2009-03-18T00:30:29.9,36.6825,142.1003,2.5,4.0,2011-03-21T00:00:25.51,36.5931,141.9927,28.3,4.2,-3.741860099971552,0.913690544481596
2009-03-18T00:30:29.9,36.6825,142.1003,2.5,4.0,2011-04-23T11:38:09.2,36.6499,142.1873,1.6,4.4,1.0404553724693135,0.9286394303577548
2009-03-18T00:30:29.9,36.6825,142.1003,2.5,4.0,2011-07-03T16:17:54.73,36.6755,142.2543,15.0,4.2,-1.062703974207452,0.9589408550181804
2009-03-18T00:30:29.9,36.6825,142.1003,2.5,4.0,2011-11-02T10:05:00.96,36.6322,142.1434,19.0,4.2,-2.6779692391642795,0.9608413081774798
2009-03-24T06:17:37.3,39.6204,142.1444,46.4,3.8,2010-11-18T19:08:09.33,39.6772,142.1149,59.1,4.0,-0.8129641609436346,0.9629108833602236
2009-03-24T06:17:37.3,39.6204,142.1444,46.4,3.8,2011-05-26T06:57:34.44,39.6139,142.1138,49.3,4.1,0.0719354613668611,0.9497535912980196
2009-03-24T06:17:37.3,39.6204,142.1444,46.4,3.8,2011-10-23T18:58:35.13,39.6388,142.2386,53.5,4.2,0.3008864177068001,0.963403161923508
2009-03-24T06:17:37.3,39.6204,142.1444,46.4,3.8,2012-05-15T00:09:06.0,39.6457,142.1157,47.0,4.0,0.3442884027536687,0.9533030817623416
2009-04-05T07:46:06.44,36.2855,141.8201,2.1,3.7,2011-06-21T21:22:25.46,36.2382,141.9388,27.4,3.9,-3.257162748680932,0.9050834540515652
2009-04-08T04:28:51.06,36.1156,141.8592,24.3,3.9,2011-05-07T19:56:25.7,36.1235,141.927,23.0,3.9,0.7250575069814686,0.9158687025454
2009-04-08T04:28:51.06,36.1156,141.8592,24.3,3.9,2012-03-28T05:14:01.39,36.0276,141.9574,23.0,3.9,1.038174916961721,0.9517185550425312
2009-04-08T19:20:39.43,35.8684,140.2153,70.9,3.6,2011-05-25T00:19:14.41,35.8582,140.2012,58.7,4.5,0.5133085597829852,0.9165591209281152
2009-04-09T18:34:12.09,39.7404,141.8552,59.6,3.6,2010-08-13T02:38:11.53,39.7589,141.8648,58.3,3.6,-0.3863863824762799,0.9069344373924422
2009-04-09T18:34:12.09,39.7404,141.8552,59.6,3.6,2011-05-17T18:35:13.57,39.754,141.8275,59.2,3.5,-0.3983989422539657,0.9027801138521095
2009-04-09T18:34:12.09,39.7404,141.8552,59.6,3.6,2011-12-18T00:04:26.1,39.7502,141.8136,54.0,3.5,-0.9483502694187996,0.9045118147529316
2009-04-20T22:54:24.31,35.9285,140.845,34.2,4.6,2011-05-01T10:22:40.66,35.9031,140.7592,32.5,4.4,0.197937801725724,0.984788256644018
2009-04-20T22:54:24.31,35.9285,140.845,34.2,4.6,2011-12-25T17:41:37.8,35.9437,140.893,43.6,4.5,-0.6026152841653498,0.9508265473439405
2009-04-26T00:33:18.66,36.7416,141.9413,4.4,3.7,2011-03-21T05:31:12.82,36.7133,141.808,12.7,3.9,-1.3979431726300446,0.962349775985479
2009-04-26T00:33:18.66,36.7416,141.9413,4.4,3.7,2012-03-08T18:42:51.31,36.7837,141.6732,33.0,3.9,-5.558030355551835,0.9438180546867332
2009-05-29T05:39:38.45,36.0743,139.8996,48.8,3.9,2011-09-28T11:25:56.31,36.0553,139.8949,51.4,3.5,0.3289959372757345,0.913248177481121
2009-06-17T08:51:29.94,39.7403,141.8318,57.8,3.9,2010-10-24T21:09:58.82,39.7489,141.828,60.5,4.0,-0.0738956752320581,0.98419885427856
2009-06-17T08:51:29.94,39.7403,141.8318,57.8,3.9,2011-08-07T20:08:50.08,39.7354,141.8496,58.6,3.7,-0.3611226910945495,0.9664821032679788
2009-06-17T08:51:29.94,39.7403,141.8318,57.8,3.9,2012-03-31T22:30:16.3,39.7366,141.8262,61.8,4.2,-0.8079534959236658,0.979449067142512
2009-06-17T10:41:04.02,36.0074,140.1461,70.4,3.5,2011-01-19T19:27:34.92,35.984,140.1375,66.1,3.5,0.1290889957110361,0.9419980957134032
2009-06-17T10:41:04.02,36.0074,140.1461,70.4,3.5,2011-06-25T09:59:31.25,36.0562,140.2305,64.3,3.7,0.5870431759717419,0.9605870787103769
2009-06-17T12:43:14.15,36.668,142.2423,1.0,3.6,2011-04-28T16:40:45.65,36.6401,141.8181,19.0,3.8,-4.171956123303139,0.9381344861317996
2009-06-17T12:43:14.15,36.668,142.2423,1.0,3.6,2011-07-09T03:46:28.16,36.7412,142.0387,19.0,3.7,-3.737497863961881,0.934159006424257
2009-06-17T12:43:14.15,36.668,142.2423,1.0,3.6,2012-02-23T12:26:29.66,36.681,142.0847,19.0,3.7,-3.4148815441732165,0.9693834819644856
2009-07-14T05:11:34.66,38.1343,141.7411,49.6,3.7,2011-08-20T11:02:51.03,38.1667,141.7198,48.0,3.9,-0.0039498909544786,0.902346820202158
2009-07-15T18:32:07.65,36.0708,142.08,16.4,3.6,2011-06-02T00:05:59.25,36.0901,142.137,2.4,3.8,2.825606644327158,0.9076242515619508
2009-07-19T12:19:50.2,36.75,141.83,45.0,3.6,2011-03-23T09:22:56.45,36.8998,141.8176,19.0,3.9,0.5944063700696819,0.9330691417049656
2009-07-19T12:19:50.2,36.75,141.83,45.0,3.6,2011-04-03T00:09:53.99,36.7086,141.8829,19.0,3.6,0.3347437048368142,0.963848449420641
2009-07-19T12:19:50.2,36.75,141.83,45.0,3.6,2011-05-28T08:36:11.07,36.7555,141.792,19.0,3.7,0.626193679960727,0.9771656633923382
2009-07-19T12:19:50.2,36.75,141.83,45.0,3.6,2011-07-27T19:10:30.7,36.74,141.81,45.0,3.5,-0.1637832575736046,0.9640408667229402
2009-07-19T12:19:50.2,36.75,141.83,45.0,3.6,2011-09-12T05:17:01.53,36.7224,141.6241,26.0,3.9,-0.2242472609684989,0.9187752473007194
2009-07-19T12:19:50.2,36.75,141.83,45.0,3.6,2011-11-02T19:50:18.2,36.7892,141.8547,19.0,3.6,0.2372451964380529,0.9788004299851
2009-08-03T07:19:30.83,37.2586,141.5017,43.1,4.6,2011-03-01T14:12:53.01,37.1359,141.5075,24.1,4.0,2.221689138134296,0.9303013721972184
2009-08-28T03:40:45.53,36.6759,142.3,1.7,3.5,2011-04-24T12:06:05.4,36.71,142.57,47.0,3.6,-1.1266063201497398,0.9111095497010128
2009-08-28T03:40:45.53,36.6759,142.3,1.7,3.5,2011-06-26T08:41:23.5,36.6431,142.4634,15.0,3.8,-1.388948151338231,0.9641301170419886
2009-08-28T22:39:20.9,36.72,142.34,25.0,3.5,2011-03-31T16:42:56.96,36.6256,142.291,15.0,3.9,0.1821626004149602,0.9297718763423228
2009-08-28T22:39:20.9,36.72,142.34,25.0,3.5,2011-04-06T20:23:25.2,36.69,142.43,19.0,3.5,1.36539499744424,0.953114896789828
2009-08-28T22:39:20.9,36.72,142.34,25.0,3.5,2011-04-24T13:48:29.59,36.6587,142.3425,15.0,3.7,0.5955377392202555,0.9242763683019012
2009-08-28T22:39:20.9,36.72,142.34,25.0,3.5,2011-06-06T23:58:24.67,36.6638,142.3815,15.0,3.6,0.5964068195740568,0.9406456625608242
2009-08-28T22:39:20.9,36.72,142.34,25.0,3.5,2011-06-07T00:06:50.92,36.7113,142.3545,10.0,3.6,0.8082113515001338,0.9620584074268864
2009-08-28T22:39:20.9,36.72,142.34,25.0,3.5,2011-08-12T23:30:40.3,36.71,142.4,14.0,3.6,1.7469618362376838,0.9500130044742868
2009-08-28T22:39:20.9,36.72,142.34,25.0,3.5,2011-08-12T23:36:48.6,36.71,142.43,12.0,3.5,2.1083091262406723,0.9719695443973376
2009-08-30T15:45:53.62,37.0801,141.5796,33.0,4.8,2011-10-16T17:13:14.88,37.0801,141.6725,23.1,3.9,1.5902823833515147,0.9112925490384124
2009-09-01T06:49:44.68,37.1462,141.4037,46.1,3.9,2011-02-19T23:17:33.89,37.1418,141.4232,39.8,3.8,1.2251133708212052,0.9962155725905466
2009-09-04T17:37:00.83,38.2863,141.9653,45.2,3.7,2011-10-14T06:25:32.6,38.3,141.86,48.0,4.0,-0.4237709518532372,0.9739807668788002
2009-09-10T04:09:15.98,35.4896,141.1737,33.0,3.5,2011-06-22T11:35:09.55,35.5442,141.1039,33.2,3.9,-0.3164806420775332,0.9761648720466092
2009-09-10T04:09:15.98,35.4896,141.1737,33.0,3.5,2012-02-18T00:38:37.35,35.5706,141.0473,33.0,4.2,-0.7647031859972535,0.9720329175344504
2009-10-15T14:14:21.79,35.5386,141.1005,29.8,3.8,2011-06-03T05:31:15.31,35.5526,141.0961,30.9,3.5,-0.1606245117218563,0.9866598165370628
2009-10-15T21:56:46.22,36.4231,140.7135,55.3,3.9,2010-10-26T12:06:19.17,36.4784,140.5983,56.9,3.8,-0.8939860208049365,0.9985834504072272
2009-10-15T21:56:46.22,36.4231,140.7135,55.3,3.9,2011-05-28T02:13:59.46,36.4496,140.6651,53.7,4.4,-0.203293961442513,0.9076261140287762
2009-10-15T21:56:46.22,36.4231,140.7135,55.3,3.9,2011-07-16T08:56:38.64,36.4718,140.673,56.1,3.9,-0.6237191907889076,0.993462222760925
2009-10-15T21:56:46.22,36.4231,140.7135,55.3,3.9,2012-02-25T14:26:58.14,36.4923,140.5403,55.3,3.7,-1.2917880903399603,0.9860476508355502
2009-10-26T13:18:50.79,39.6945,143.4468,11.0,4.3,2011-11-05T07:56:50.08,39.6999,143.2646,11.0,4.4,-0.6937383906301167,0.9073677786476828
2009-10-26T23:10:26.87,38.8622,142.074,44.4,3.5,2011-03-23T00:21:12.59,38.8725,142.028,51.0,4.0,-0.8544728194858471,0.9112658148798314
2009-10-26T23:10:26.87,38.8622,142.074,44.4,3.5,2011-04-03T05:40:19.91,38.829,142.0565,49.5,3.9,-0.4759694429276156,0.922319864062448
2009-10-26T23:10:26.87,38.8622,142.074,44.4,3.5,2011-06-15T15:36:32.64,38.8184,142.1405,46.5,3.8,-0.0306115441558716,0.925118945768632
2009-10-26T23:10:26.87,38.8622,142.074,44.4,3.5,2011-07-22T09:03:08.45,38.8735,142.0398,51.0,3.8,-1.2167541366618349,0.9279853192524772
2009-10-26T23:10:26.87,38.8622,142.074,44.4,3.5,2011-08-21T19:42:35.24,38.8174,142.1138,48.2,3.9,0.218941079603024,0.921699867724923
2009-10-26T23:10:26.87,38.8622,142.074,44.4,3.5,2011-11-11T17:24:20.31,38.8512,142.0722,43.8,4.0,-0.2705977177458338,0.9258641605268793
2009-10-26T23:10:26.87,38.8622,142.074,44.4,3.5,2012-01-15T10:36:46.71,38.8009,142.1518,43.2,3.8,0.3262421217847854,0.9257632149192412
2009-10-26T23:10:26.87,38.8622,142.074,44.4,3.5,2012-03-30T03:37:07.2,38.8322,142.084,47.3,3.7,-0.2770565127288494,0.9241705094018574
2009-11-14T02:11:22.06,36.7366,142.1457,19.0,4.1,2011-03-17T02:38:00.36,36.6771,142.1826,25.2,4.4,-1.1549965192290843,0.9301163055613562
2009-11-14T02:11:22.06,36.7366,142.1457,19.0,4.1,2011-04-06T03:13:02.63,36.7605,142.0972,36.5,4.4,-3.3823103881356293,0.9491407728722896
2009-11-14T02:11:22.06,36.7366,142.1457,19.0,4.1,2011-06-13T11:39:23.68,36.736,142.0525,19.0,4.3,-0.7588880030871189,0.9620074279508796
2009-11-14T02:11:22.06,36.7366,142.1457,19.0,4.1,2011-10-20T12:51:50.75,36.718,142.0932,8.1,4.4,0.8317673872591963,0.9661832935138356
2009-12-17T18:09:24.41,34.9578,139.1219,10.3,3.6,2009-12-18T07:39:26.08,34.9486,139.0952,9.0,3.9,-0.0500176183703574,0.9731227917999076
2009-12-17T18:09:24.41,34.9578,139.1219,10.3,3.6,2009-12-18T13:52:24.55,34.8915,139.1277,6.9,3.9,0.9892860899161574,0.94518768488595
2009-12-18T07:39:26.08,34.9486,139.0952,9.0,3.9,2009-12-18T13:52:24.55,34.8915,139.1277,6.9,3.9,1.0380401939492525,0.9588768152677546
2009-12-18T16:52:42.87,34.9206,139.1259,11.1,3.7,2009-12-18T18:36:24.73,34.9516,139.2476,2.9,3.6,0.0090214797658698,0.9030599480385954
2009-12-24T11:37:47.89,36.7098,142.001,7.2,3.9,2012-01-11T01:33:38.03,36.6519,142.0174,24.2,4.3,-2.016882608900249,0.9446312832894158
2009-12-30T22:05:40.33,39.0679,142.1506,51.0,3.8,2011-09-24T03:29:33.13,39.0966,142.2335,9.9,3.6,2.276354558006133,0.9459682068547348
2009-12-30T22:05:40.33,39.0679,142.1506,51.0,3.8,2011-12-16T09:46:17.56,39.1154,142.1878,43.0,3.7,0.0392317397997841,0.9657476459852008
2009-12-30T22:05:40.33,39.0679,142.1506,51.0,3.8,2012-04-24T12:34:19.45,39.0917,142.2797,50.2,3.9,-0.0856065345742763,0.9702186216309864
2010-01-03T21:44:05.2,36.06,139.92,44.0,3.6,2012-04-17T22:13:37.59,36.0119,139.9579,50.7,3.6,0.9114803916146976,0.9960410783447043
2010-01-15T22:08:20.3,38.54,141.72,53.0,3.5,2011-04-01T05:16:38.77,38.5338,141.7447,51.0,3.8,0.1363444438998253,0.9734221041157256
2010-01-15T22:08:20.3,38.54,141.72,53.0,3.5,2011-05-23T21:55:27.53,38.5093,141.8342,51.1,3.8,0.6853970465582386,0.9699218572245384
2010-01-15T22:08:20.3,38.54,141.72,53.0,3.5,2011-07-13T19:35:41.9,38.4864,141.8268,53.8,3.8,1.0479020788678544,0.9771441781571308
2010-01-15T22:08:20.3,38.54,141.72,53.0,3.5,2011-08-30T12:46:15.86,38.5099,141.8259,52.3,3.7,0.5302593399007172,0.9749190630479468
2010-01-15T22:08:20.3,38.54,141.72,53.0,3.5,2011-10-23T16:32:10.98,38.5134,141.819,51.8,3.9,0.6290164125636776,0.9065256300573628
2010-01-15T22:08:20.3,38.54,141.72,53.0,3.5,2011-11-01T15:26:40.6,38.54,141.72,54.0,3.7,0.0139043821635316,0.9757818558123944
2010-01-15T22:08:20.3,38.54,141.72,53.0,3.5,2011-12-26T22:28:50.84,38.5167,141.7922,52.6,3.7,0.7355305897670023,0.968364749570084
2010-01-15T22:08:20.3,38.54,141.72,53.0,3.5,2012-02-22T11:03:23.44,38.5226,141.8087,48.2,3.6,0.6514656980488621,0.975419277781502
2010-01-15T22:08:20.3,38.54,141.72,53.0,3.5,2012-05-11T16:36:38.53,38.5256,141.8349,47.9,3.8,0.8237047785837781,0.9790261045717696
2010-01-17T13:09:42.09,36.1165,141.958,23.0,3.9,2012-01-15T21:16:25.21,36.0499,142.1389,23.0,3.5,1.2959382666153816,0.9492691218255292
2010-01-18T13:53:53.58,36.6887,141.4814,9.7,3.6,2010-09-10T20:59:54.91,36.7036,141.1723,17.2,3.7,-2.4756480918590675,0.9097253508186331
2010-01-20T21:18:02.56,36.1554,142.1729,2.9,3.8,2011-03-30T18:31:12.07,36.0179,142.0215,23.0,4.0,-4.0788568263727045,0.9275405151733428
2010-01-20T21:18:02.56,36.1554,142.1729,2.9,3.8,2011-05-24T08:12:59.08,35.9488,142.1145,23.0,3.7,-3.5357734062287944,0.9480269315709282
2010-01-20T21:18:02.56,36.1554,142.1729,2.9,3.8,2011-08-22T11:29:14.34,36.0757,142.0187,23.0,3.8,-4.413595118955887,0.9375376913696116
2010-01-20T21:18:02.56,36.1554,142.1729,2.9,3.8,2011-11-16T22:21:54.86,36.0674,142.0263,23.0,3.6,-4.683726115454279,0.9658363777873268
2010-01-26T21:32:04.0,36.71,142.09,29.0,3.7,2011-04-28T20:20:03.7,36.7,142.1,27.0,3.7,0.1129920312275087,0.9570668586627348
2010-01-26T21:32:04.0,36.71,142.09,29.0,3.7,2011-12-18T21:50:43.97,36.7521,142.0872,35.0,3.6,-2.8633267132159514,0.9763668058605284
2010-02-28T13:51:54.04,34.8536,141.9323,3.1,3.8,2011-03-23T15:46:41.6,34.8093,141.9353,29.0,3.6,-2.348109635874491,0.9183627636910298
2010-02-28T13:51:54.04,34.8536,141.9323,3.1,3.8,2011-08-07T10:37:25.66,34.7442,141.9456,8.6,3.6,-0.2702051928338576,0.9901364272703036
2010-04-22T12:45:20.53,35.5423,140.1153,73.9,3.6,2011-12-22T08:41:31.22,35.6628,140.3158,48.5,3.7,2.1613276022954824,0.9792879722954736
2010-05-16T08:52:21.49,35.1845,141.3556,11.3,3.5,2011-05-10T07:31:56.68,35.182,141.3701,27.0,3.7,-2.214835661930032,0.9734203250496168
2010-06-16T04:28:59.9,38.67,142.17,40.0,3.6,2011-03-16T21:11:26.97,38.7031,142.202,41.0,3.6,-0.3439789652196723,0.9148417997501394
2010-06-20T08:23:27.13,38.3077,141.934,45.3,4.0,2011-10-04T01:14:56.8,38.2803,142.0192,43.5,3.9,0.8459881696315774,0.9761574519524449
2010-06-27T06:24:14.29,35.6319,140.8066,53.8,3.5,2011-09-20T14:59:06.34,35.6694,140.6877,49.8,3.5,-0.4766231420449212,0.9854977594329436
2010-06-28T00:36:35.14,35.9197,140.9091,31.0,3.5,2012-03-24T16:31:57.26,35.7963,140.8954,40.4,3.5,-0.2745662635243852,0.9895690451193306
2010-06-28T06:04:47.08,36.7315,142.2191,1.8,3.5,2011-04-24T09:08:09.73,36.723,142.2379,19.0,3.8,-1.6269961873883785,0.9541854132107632
2010-06-28T06:04:47.08,36.7315,142.2191,1.8,3.5,2011-05-17T06:47:10.92,36.7415,142.1763,19.0,3.6,-1.9248871743762928,0.9622910378668328
2010-06-28T06:04:47.08,36.7315,142.2191,1.8,3.5,2011-06-21T17:49:31.52,36.6742,142.3134,15.0,3.5,-0.5505347159663653,0.965098534744604
2010-06-28T06:04:47.08,36.7315,142.2191,1.8,3.5,2011-08-12T17:56:32.96,36.7205,142.3465,15.0,3.9,-1.1029586280112054,0.933804113343782
2010-06-28T06:33:00.51,36.7331,142.2351,19.0,3.5,2011-08-12T17:56:32.96,36.7205,142.3465,15.0,3.9,1.9178529085955,0.9449696850355608
2010-08-01T11:46:59.51,36.2857,141.9863,19.0,3.8,2012-01-02T19:34:57.6,36.3749,141.9147,25.5,4.5,-2.1643635678083566,0.9169442212396413
2010-08-01T11:52:21.33,36.2024,142.017,23.0,4.5,2011-08-31T13:22:42.42,36.3574,141.9217,30.4,4.2,-2.2314368152824144,0.9266087780721088
2010-08-09T10:09:16.73,39.6253,142.2577,48.0,3.9,2011-04-16T13:36:37.69,39.5805,142.0666,50.5,3.8,0.1022124257517205,0.9392449124910446
2010-08-09T10:09:16.73,39.6253,142.2577,48.0,3.9,2011-08-19T09:58:15.18,39.6245,142.2472,42.8,3.8,0.4369458330882246,0.9214815140303076
2010-08-09T10:09:16.73,39.6253,142.2577,48.0,3.9,2011-10-26T16:44:02.45,39.6233,142.1234,47.4,3.9,-0.3873832060225144,0.924038014690879
2010-08-09T10:09:16.73,39.6253,142.2577,48.0,3.9,2012-02-03T21:51:35.25,39.6382,142.19,45.2,3.8,0.6492270605859563,0.9809929243668902
2010-08-09T10:09:16.73,39.6253,142.2577,48.0,3.9,2012-04-30T20:00:04.96,39.6365,142.1289,46.7,3.8,-0.1163534373585829,0.9417005788967976
2010-08-10T20:00:19.34,39.4175,143.3865,11.0,4.2,2012-05-21T00:19:45.81,39.418,143.3549,11.0,4.0,-0.4756976215876277,0.9330001070232656
2010-08-13T02:38:11.53,39.7589,141.8648,58.3,3.6,2011-05-17T18:35:13.57,39.754,141.8275,59.2,3.5,-0.0113775117568861,0.9296997635207838
2010-08-13T02:38:11.53,39.7589,141.8648,58.3,3.6,2011-12-18T00:04:26.1,39.7502,141.8136,54.0,3.5,-0.5621540539907721,0.937437202028326
2010-08-15T11:16:21.4,39.45,143.67,39.0,3.7,2011-08-15T15:25:02.55,39.4827,143.6416,28.7,3.7,-1.331209219049529,0.9127638216377956
2010-08-15T15:04:28.91,36.2888,141.0741,28.4,3.9,2011-08-16T05:48:12.61,36.2366,141.038,42.7,3.9,-1.1821263158181463,0.9849483805023028
2010-08-28T15:14:40.07,35.2308,141.1948,23.0,4.4,2012-02-23T22:55:14.46,35.3061,141.308,25.0,3.8,1.3533167696955313,0.97503927255426
2010-09-14T13:11:30.36,35.8494,140.5593,29.8,3.6,2011-08-21T04:47:06.3,35.86,140.53,33.0,3.6,0.3716529056802917,0.988287646281762
2010-09-19T12:04:22.82,39.2528,142.7083,15.9,4.0,2011-05-05T22:20:02.14,39.1083,142.9893,37.7,3.9,-0.610291239126141,0.9327417703377486
2010-09-19T12:04:22.82,39.2528,142.7083,15.9,4.0,2011-07-03T21:47:23.04,39.0857,143.1583,27.5,3.8,2.4908497789094435,0.927451386071538
2010-09-19T12:04:22.82,39.2528,142.7083,15.9,4.0,2011-12-01T13:53:36.95,39.1198,142.8744,9.8,4.2,2.600700747707448,0.9561324036203483
2010-10-04T11:32:21.28,36.3946,141.1833,37.3,4.2,2011-05-09T02:19:18.9,36.3856,141.1499,19.0,3.7,2.983239857084072,0.9404652276979444
2010-10-19T21:50:25.86,36.3278,142.2781,19.0,4.5,2011-05-28T10:01:57.6,36.3273,142.2313,22.6,4.2,-1.2352112643757858,0.9315320223355652
2010-10-19T21:50:25.86,36.3278,142.2781,19.0,4.5,2012-02-28T04:51:04.81,36.3092,142.1839,23.2,4.4,-1.2724076232259256,0.9647570776681356
2010-10-24T04:50:42.29,36.0409,139.8493,54.3,4.4,2011-07-16T08:57:49.73,36.0581,139.9152,55.8,4.1,-0.3354040249855788,0.9102749090378603
2010-10-24T21:09:58.82,39.7489,141.828,60.5,4.0,2011-08-07T20:08:50.08,39.7354,141.8496,58.6,3.7,-0.2876208761095256,0.9638462277214764
2010-10-24T21:09:58.82,39.7489,141.828,60.5,4.0,2012-03-31T22:30:16.3,39.7366,141.8262,61.8,4.2,-0.7338033610618844,0.9744174756951338
2010-10-26T12:06:19.17,36.4784,140.5983,56.9,3.8,2011-05-28T02:13:59.46,36.4496,140.6651,53.7,4.4,0.690656101697203,0.906743742370178
2010-10-26T12:06:19.17,36.4784,140.5983,56.9,3.8,2011-07-16T08:56:38.64,36.4718,140.673,56.1,3.9,0.270192473388581,0.9933150687889551
2010-10-26T12:06:19.17,36.4784,140.5983,56.9,3.8,2012-02-25T14:26:58.14,36.4923,140.5403,55.3,3.7,-0.3986598692208695,0.9892080110970294
2010-11-05T10:14:03.04,35.9968,139.8813,58.4,4.6,2011-09-25T06:09:07.74,35.8951,139.8446,11.9,3.6,3.789445874236508,0.9054664095966828
2010-11-14T10:08:09.6,36.43,140.66,54.0,3.6,2012-01-14T15:45:39.17,36.4847,140.7011,51.2,3.8,0.0983023295158921,0.9848496408095246
2010-11-18T19:08:09.33,39.6772,142.1149,59.1,4.0,2011-05-26T06:57:34.44,39.6139,142.1138,49.3,4.1,0.8865280863827565,0.9786814379416016
2010-11-18T19:08:09.33,39.6772,142.1149,59.1,4.0,2011-10-23T18:58:35.13,39.6388,142.2386,53.5,4.2,1.1124792974116298,0.9856648944507874
2010-11-18T19:08:09.33,39.6772,142.1149,59.1,4.0,2012-05-15T00:09:06.0,39.6457,142.1157,47.0,4.0,1.1580059900127226,0.9783977625786078
2010-11-22T21:49:17.57,36.1468,142.5043,18.0,3.5,2011-04-09T20:06:14.04,36.0558,142.3159,18.0,3.6,-1.2292791364092266,0.9587974282573968
2010-11-24T11:09:11.35,36.2513,140.9134,40.8,4.9,2011-08-22T18:14:14.27,36.2668,140.9261,26.4,3.6,1.239042818837243,0.900009412609886
2011-01-19T19:27:34.92,35.984,140.1375,66.1,3.5,2011-06-25T09:59:31.25,36.0562,140.2305,64.3,3.7,0.4600078125811339,0.945819121822598
2011-02-10T03:10:58.41,37.0185,141.3164,42.9,4.1,2011-04-19T19:29:22.85,37.0774,141.2301,50.9,4.4,-1.181447103992439,0.9533274526092494
2011-02-10T03:10:58.41,37.0185,141.3164,42.9,4.1,2011-08-06T14:45:36.32,37.0478,141.2794,53.9,4.3,-1.396273985752707,0.9433644212599326
2011-02-10T03:10:58.41,37.0185,141.3164,42.9,4.1,2012-01-26T12:22:13.38,36.9898,141.4008,29.7,4.2,1.6056781556583946,0.9496454273381952
2011-02-17T05:06:18.53,38.4328,143.3059,15.0,3.9,2011-03-09T06:43:44.92,38.3141,143.2659,15.0,4.0,-0.4537486292040034,0.9594537343638626
2011-03-06T20:10:57.18,36.4896,140.7566,58.9,3.9,2012-02-01T17:01:39.75,36.5378,140.5829,58.6,3.9,-0.8519982531826592,0.9893006434714025
2011-03-08T15:43:40.99,36.6968,142.2269,19.0,3.5,2012-04-30T16:53:14.18,36.7106,142.2001,19.0,4.2,-0.4725007447041034,0.9522866709483172
2011-03-09T08:39:38.03,38.4179,143.2554,8.9,3.6,2011-03-11T04:11:30.84,38.5138,143.2679,15.0,3.7,-2.657486083333323,0.9377947538609936
2011-03-13T10:08:33.9,37.11,141.06,55.0,3.9,2011-06-28T16:17:14.14,37.0888,141.3003,17.4,3.9,3.1481111061178373,0.9538303138675628
2011-03-13T10:43:11.41,38.169,141.6165,68.0,4.4,2011-04-04T03:28:45.7,38.1477,141.7359,44.7,3.7,2.305108834868197,0.9605450454074614
2011-03-13T10:43:11.41,38.169,141.6165,68.0,4.4,2011-05-11T00:50:49.05,38.1672,141.7605,44.6,3.9,2.3379270336077544,0.9360595684382272
2011-03-13T10:43:11.41,38.169,141.6165,68.0,4.4,2011-08-18T05:34:39.63,38.1548,141.686,60.4,3.9,0.5913179571139379,0.9451457645626228
2011-03-13T14:01:17.2,36.841,141.3722,33.0,3.9,2011-03-26T14:15:10.65,36.932,141.1332,45.3,3.8,-3.437792368677093,0.9713407070025484
2011-03-13T14:01:17.2,36.841,141.3722,33.0,3.9,2011-04-22T15:58:15.35,36.9576,141.0919,46.7,3.7,-3.703096442473237,0.953560894382875
2011-03-13T14:01:17.2,36.841,141.3722,33.0,3.9,2011-05-27T08:51:47.3,36.9449,141.2819,39.6,3.5,-2.730395710991073,0.9417572493804272
2011-03-13T14:01:17.2,36.841,141.3722,33.0,3.9,2011-07-14T15:04:16.4,36.94,141.09,50.0,3.5,-4.00654475378614,0.9142737559644476
2011-03-13T20:04:32.15,35.9716,142.165,23.0,3.6,2011-06-02T00:05:59.25,36.0901,142.137,2.4,3.8,2.098149657081952,0.9025032452933548
2011-03-14T06:56:16.44,36.4312,140.6237,73.0,4.2,2011-07-26T19:07:13.41,36.4651,140.8766,46.7,3.8,2.4633976509859257,0.9677542698527056
2011-03-14T06:56:16.44,36.4312,140.6237,73.0,4.2,2012-04-13T19:00:21.22,36.4797,140.8562,50.9,3.8,2.072413213975364,0.9708006501753202
2011-03-14T07:03:27.11,39.8645,143.6429,8.5,5.2,2011-07-22T00:56:26.36,39.8533,143.6063,19.2,4.8,-2.151353950272209,0.9037661960993304
2011-03-14T09:02:00.49,35.4762,140.9601,33.0,3.9,2011-07-02T10:33:51.97,35.5421,141.1317,15.5,3.9,2.1197779094685907,0.9963035977522714
2011-03-14T09:38:45.53,39.2958,142.3334,29.0,4.6,2011-03-20T01:05:28.67,39.2813,142.3093,29.7,4.2,-0.0766830008746385,0.950719191547562
2011-03-14T13:53:09.12,36.7286,142.1709,24.6,4.8,2011-06-10T18:33:23.56,36.817,142.1446,28.3,4.7,-0.5773831961726276,0.9515987148498622
2011-03-14T13:53:09.12,36.7286,142.1709,24.6,4.8,2011-09-10T06:21:40.26,36.7413,142.3261,19.0,4.5,0.8890548151662772,0.9458054968728284
2011-03-14T13:53:09.12,36.7286,142.1709,24.6,4.8,2012-03-09T05:31:48.78,36.8324,142.1271,28.8,4.7,-0.9662379910051838,0.907288567808726
2011-03-14T15:11:10.19,36.2277,142.1195,23.0,4.6,2011-03-25T17:35:21.28,36.271,142.0503,35.3,3.9,-2.1977571782732275,0.956864113602948
2011-03-14T15:11:10.19,36.2277,142.1195,23.0,4.6,2011-04-27T19:27:14.12,36.2921,141.9948,19.0,3.8,0.125074038194183,0.9314704526318062
2011-03-14T15:11:10.19,36.2277,142.1195,23.0,4.6,2011-06-08T10:44:52.72,36.2957,141.9451,19.0,3.5,-0.5450417365279399,0.9095682233399962
2011-03-14T15:42:56.85,36.1341,141.1121,25.4,3.9,2011-03-14T16:41:28.7,36.07,141.22,39.0,3.7,2.2164359267027445,0.955171204074878
2011-03-14T19:04:10.83,35.8956,141.0011,31.1,4.5,2011-05-01T01:27:44.62,35.8962,140.9588,31.6,4.5,-0.1216664550172734,0.980378614262162
2011-03-14T19:04:10.83,35.8956,141.0011,31.1,4.5,2012-01-05T20:55:47.41,35.8821,140.9612,47.9,4.5,-1.951808485121376,0.9802114363016888
2011-03-15T03:04:52.61,36.5138,141.8997,19.0,3.7,2011-03-30T07:34:24.09,36.7332,141.9973,1.2,3.8,2.758979479353605,0.9776677039214572
2011-03-15T03:04:52.61,36.5138,141.8997,19.0,3.7,2011-04-16T04:11:26.02,36.7824,141.9552,0.5,3.6,1.8349747603883195,0.9656404091461952
2011-03-15T03:04:52.61,36.5138,141.8997,19.0,3.7,2011-05-10T10:42:20.2,36.63,141.96,39.0,3.5,-0.0027777258837443,0.949450507191038
2011-03-15T05:28:38.3,35.9871,140.4462,58.8,3.9,2011-05-21T08:51:45.98,35.9411,140.4323,50.0,3.6,1.2662599746740413,0.9185239047523436
2011-03-15T05:28:38.3,35.9871,140.4462,58.8,3.9,2011-10-31T01:31:40.43,35.9959,140.3574,57.6,3.5,-0.1842588727720188,0.9808402126564804
2011-03-15T13:10:48.23,36.6541,140.8976,53.2,4.2,2011-12-09T15:23:10.27,36.6276,141.0392,43.9,4.1,0.9150272566611224,0.9831230668740886
2011-03-15T16:03:39.72,37.259,141.3441,52.1,3.9,2011-03-24T06:13:37.57,37.2826,141.525,42.7,3.6,2.052305171685324,0.933005074531625
2011-03-15T16:28:16.83,36.2133,139.9681,56.5,3.6,2011-04-02T07:55:52.83,36.1911,139.8979,52.6,5.0,0.6438728591151949,0.93682792458686
2011-03-15T16:28:16.83,36.2133,139.9681,56.5,3.6,2011-04-26T17:17:34.91,36.2071,139.9512,58.1,3.6,0.1337472287850661,0.995145738073681
2011-03-15T18:58:41.6,36.13,142.12,27.0,3.9,2011-03-30T18:31:12.07,36.0179,142.0215,23.0,4.0,-1.4963353510779682,0.9405510548968296
2011-03-15T18:58:41.6,36.13,142.12,27.0,3.9,2011-05-24T08:12:59.08,35.9488,142.1145,23.0,3.7,-0.954158357995927,0.9348526565800044
2011-03-15T18:58:41.6,36.13,142.12,27.0,3.9,2011-08-22T11:29:14.34,36.0757,142.0187,23.0,3.8,-1.8304979651212128,0.9423443696413724
2011-03-15T18:58:41.6,36.13,142.12,27.0,3.9,2011-11-16T22:21:54.86,36.0674,142.0263,23.0,3.6,-2.10183064957872,0.9323644411423722
2011-03-15T22:30:44.45,36.5613,141.93,43.1,4.1,2011-03-23T19:42:44.28,36.6152,142.0679,0.5,4.1,6.631983781290026,0.9901946145168252
2011-03-15T22:30:44.45,36.5613,141.93,43.1,4.1,2011-05-09T00:05:43.65,36.5153,142.0594,19.0,3.9,5.180414395407462,0.9593962662222628
2011-03-15T22:30:44.45,36.5613,141.93,43.1,4.1,2011-06-25T07:44:44.69,36.6811,141.985,19.0,3.8,4.1584097706393415,0.9594266116009692
2011-03-15T22:30:44.45,36.5613,141.93,43.1,4.1,2012-01-24T21:59:20.71,36.578,141.9476,19.0,3.7,4.161854893713123,0.9369169510335654
2011-03-15T23:10:15.54,37.2811,142.6395,21.0,3.8,2011-03-16T12:48:35.82,37.2778,142.7007,23.1,4.6,-0.1820475302944431,0.9487429236560214
2011-03-16T00:41:59.72,36.7337,141.7658,26.0,3.7,2011-03-21T05:31:12.82,36.7133,141.808,12.7,3.9,2.5831336971057333,0.9567078179814495
2011-03-16T00:41:59.72,36.7337,141.7658,26.0,3.7,2012-03-08T18:42:51.31,36.7837,141.6732,33.0,3.9,-1.5805100824176994,0.976733577238012
2011-03-16T10:06:38.97,36.2452,141.9671,23.0,3.5,2011-07-15T11:55:23.92,36.2481,142.0633,23.0,3.6,0.9134343459243044,0.946536327827216
2011-03-16T11:44:57.82,37.6174,141.5249,43.7,4.5,2011-04-04T15:47:05.54,37.5831,141.5902,51.0,4.0,-0.4157918707078339,0.9045776072524512
2011-03-16T11:44:57.82,37.6174,141.5249,43.7,4.5,2011-12-03T21:04:06.2,37.6057,141.5522,49.1,3.6,-0.4202454536208118,0.9071553256266895
2011-03-16T13:50:27.8,37.0866,141.3138,33.0,4.1,2011-06-20T22:26:38.85,37.0519,141.2859,42.4,3.8,-1.03321714921456,0.9792926760590964
2011-03-16T13:50:27.8,37.0866,141.3138,33.0,4.1,2012-03-06T09:58:02.68,37.0342,141.3792,23.3,3.5,1.666075991789727,0.9723468521134878
2011-03-16T14:46:09.02,38.5515,141.8561,43.7,5.3,2011-09-20T20:59:04.21,38.5593,141.8434,52.3,4.8,-1.2831663072830246,0.917661579035584
2011-03-16T14:46:09.02,38.5515,141.8561,43.7,5.3,2012-03-08T03:23:28.39,38.5739,141.8401,55.7,4.8,-1.6312909620695637,0.9054856541392776
2011-03-16T17:55:07.65,36.6378,142.2606,19.0,4.2,2011-04-03T16:52:47.3,36.7683,142.3262,15.0,4.2,1.4828540951476223,0.972802695828693
2011-03-16T17:55:07.65,36.6378,142.2606,19.0,4.2,2011-05-01T06:12:21.17,36.6952,142.244,26.2,4.1,-0.5589218099944734,0.9362290754894927
2011-03-16T17:55:07.65,36.6378,142.2606,19.0,4.2,2011-07-10T19:16:33.69,36.7152,142.2603,11.5,4.3,1.7434502056718362,0.9245763962079424
2011-03-16T18:56:23.18,37.1798,140.8288,13.2,4.4,2011-04-04T07:22:02.36,37.2179,140.8083,11.7,3.5,0.4658351049593376,0.9190919164135616
2011-03-17T02:38:00.36,36.6771,142.1826,25.2,4.4,2011-04-06T03:13:02.63,36.7605,142.0972,36.5,4.4,-2.2293053358567776,0.9877525657648868
2011-03-17T02:38:00.36,36.6771,142.1826,25.2,4.4,2011-06-13T11:39:23.68,36.736,142.0525,19.0,4.3,0.3939405178689419,0.9758478696281704
2011-03-17T02:38:00.36,36.6771,142.1826,25.2,4.4,2011-10-20T12:51:50.75,36.718,142.0932,8.1,4.4,1.9857961260140555,0.963669381543393
2011-03-17T08:51:12.99,37.0206,141.3563,39.5,3.8,2011-05-20T03:50:17.88,37.0434,141.3391,38.9,3.9,-0.0441439081713538,0.9883079087505066
2011-03-17T08:51:12.99,37.0206,141.3563,39.5,3.8,2011-08-23T20:04:45.98,37.0178,141.3806,44.8,3.9,0.1230021589670899,0.9237730415432142
2011-03-17T08:51:12.99,37.0206,141.3563,39.5,3.8,2012-01-24T08:07:43.8,37.0524,141.3215,40.8,4.0,-0.6646911801086497,0.9536077169728931
2011-03-17T08:51:12.99,37.0206,141.3563,39.5,3.8,2012-05-08T05:43:17.23,37.1048,141.2982,54.9,4.1,-1.4876869237217831,0.9674698845230604
2011-03-17T17:34:50.57,38.6541,142.0219,41.0,4.1,2011-04-07T22:33:06.77,38.6288,142.0215,41.0,3.7,-0.3860125627562322,0.940679410274596
2011-03-17T17:34:50.57,38.6541,142.0219,41.0,4.1,2011-05-12T20:24:34.86,38.5966,142.0721,44.7,3.8,0.5608984497048499,0.9447650739159662
2011-03-17T17:34:50.57,38.6541,142.0219,41.0,4.1,2011-07-10T02:21:58.75,38.6517,142.0206,44.6,3.7,-0.5145556178796281,0.92462267837936
2011-03-17T17:34:50.57,38.6541,142.0219,41.0,4.1,2011-09-23T13:08:58.84,38.6058,142.0237,44.2,3.8,-0.6785917388328244,0.9470181880699314
2011-03-17T17:34:50.57,38.6541,142.0219,41.0,4.1,2011-11-27T22:25:37.34,38.6361,141.9849,47.3,3.8,-0.8546746075864454,0.940612391582958
2011-03-17T17:34:50.57,38.6541,142.0219,41.0,4.1,2011-12-31T10:29:00.61,38.6187,142.1108,42.2,3.8,0.2665752064674275,0.9421321952614756
2011-03-17T17:34:50.57,38.6541,142.0219,41.0,4.1,2012-02-05T12:44:57.46,38.603,142.0346,45.6,3.9,-0.2369203632309746,0.9480557185349042
2011-03-17T17:34:50.57,38.6541,142.0219,41.0,4.1,2012-03-14T13:28:08.53,38.6288,141.9903,46.5,3.9,-0.3335545047197268,0.9401850342285892
2011-03-17T17:34:50.57,38.6541,142.0219,41.0,4.1,2012-05-01T22:07:48.82,38.6343,142.0099,45.2,3.6,-0.5583089282487288,0.9440061528646853
2011-03-17T18:13:57.26,36.7648,141.9552,19.0,4.1,2011-09-12T05:17:01.53,36.7224,141.6241,26.0,3.9,-1.4789140855725869,0.9846879205346312
2011-03-17T18:13:57.26,36.7648,141.9552,19.0,4.1,2011-11-02T19:50:18.2,36.7892,141.8547,19.0,3.6,-1.0191974355033575,0.903356453288271
2011-03-17T18:13:57.26,36.7648,141.9552,19.0,4.1,2012-02-12T02:34:42.91,36.5916,141.4581,26.0,3.9,-3.0006476764271914,0.9723649083881928
2011-03-17T22:39:19.87,36.6789,142.1496,19.0,3.5,2011-03-31T16:42:56.96,36.6256,142.291,15.0,3.9,2.7217929169834494,0.9020685913163042
2011-03-17T22:39:19.87,36.6789,142.1496,19.0,3.5,2011-04-06T20:23:25.2,36.69,142.43,19.0,3.5,3.907888736539929,0.9186166140415624
2011-03-17T22:39:19.87,36.6789,142.1496,19.0,3.5,2011-04-24T13:48:29.59,36.6587,142.3425,15.0,3.7,3.135138390091193,0.9081228274828091
2011-03-17T22:39:19.87,36.6789,142.1496,19.0,3.5,2011-06-07T00:06:50.92,36.7113,142.3545,10.0,3.6,3.348818316062333,0.9228227918610729
2011-03-17T22:39:19.87,36.6789,142.1496,19.0,3.5,2011-08-12T23:36:48.6,36.71,142.43,12.0,3.5,4.650027302817716,0.911793978566434
2011-03-18T11:14:22.3,36.2576,142.0053,19.0,3.8,2011-06-22T05:32:20.74,36.2763,141.8589,7.7,3.7,0.5470778535758475,0.959940331933102
2011-03-18T12:36:28.36,36.7198,140.5305,11.5,3.7,2011-04-26T02:27:18.08,36.7443,140.5953,14.6,3.9,0.0838481535725619,0.9070642770443617
2011-03-18T22:10:49.5,36.91,141.13,51.0,3.8,2011-03-19T00:21:07.3,36.91,141.13,51.0,3.7,0.0437446569629216,0.9110731860067102
2011-03-19T11:56:24.1,36.72,140.63,5.0,3.5,2011-03-20T03:04:55.62,36.7553,140.5977,8.4,3.6,0.9165627379458012,0.9500071313820287
2011-03-19T11:56:24.1,36.72,140.63,5.0,3.5,2011-04-04T19:50:01.83,36.7071,140.6396,10.7,3.8,0.5158540888453299,0.9337248716466574
2011-03-19T11:56:24.1,36.72,140.63,5.0,3.5,2011-05-26T11:12:49.83,36.7544,140.5001,7.4,4.0,0.6479734136547993,0.9759850028308716
2011-03-19T15:28:36.2,37.35,142.26,50.0,3.9,2011-03-20T09:28:03.36,37.241,142.2733,9.0,3.9,3.342588605841494,0.9105460285783414
2011-03-19T18:10:42.55,39.6935,142.4515,24.0,4.3,2011-04-05T19:43:39.21,39.7199,142.2783,45.8,4.3,-3.1684604453733334,0.9646275184684058
2011-03-19T18:10:42.55,39.6935,142.4515,24.0,4.3,2011-06-01T18:37:00.04,39.6913,142.3154,43.8,4.3,-3.3527033397624377,0.9551319945620076
2011-03-19T18:10:42.55,39.6935,142.4515,24.0,4.3,2011-09-15T14:25:08.65,39.7206,142.3578,48.0,4.1,-3.0516977327218577,0.9592230863322152
2011-03-19T23:24:47.1,38.66,142.17,39.0,3.8,2011-05-04T06:59:27.5,38.7414,142.2782,13.1,3.9,2.9847168305640586,0.9268299754299012
2011-03-19T23:32:16.3,38.6137,142.1961,41.0,3.9,2011-04-02T18:23:31.89,38.5805,142.0198,41.0,3.5,-1.2405135098380478,0.9770910465462764
2011-03-19T23:32:16.3,38.6137,142.1961,41.0,3.9,2011-05-19T14:01:45.84,38.5656,141.9498,45.0,3.8,-1.9355420749982404,0.9892234734269928
2011-03-19T23:32:16.3,38.6137,142.1961,41.0,3.9,2011-07-08T04:51:33.9,38.62,141.91,48.0,3.7,-2.452956026135697,0.98567928569942
2011-03-19T23:32:16.3,38.6137,142.1961,41.0,3.9,2011-10-18T09:06:01.09,38.6007,142.0317,47.6,4.1,-1.6219522183054176,0.9473749061725928
2011-03-19T23:32:16.3,38.6137,142.1961,41.0,3.9,2011-12-02T08:58:45.26,38.5951,141.9711,41.4,3.8,-2.14661076685014,0.944656611138142
2011-03-19T23:32:16.3,38.6137,142.1961,41.0,3.9,2012-01-18T08:55:38.94,38.6071,142.0718,43.8,4.3,-1.255894300799013,0.9119345929026804
2011-03-19T23:32:16.3,38.6137,142.1961,41.0,3.9,2012-03-21T18:25:03.96,38.5578,142.061,46.7,4.0,-1.50806970052623,0.9499640137943334
2011-03-20T00:58:44.04,38.2367,142.039,35.0,3.9,2011-07-28T22:22:01.93,38.2296,142.0012,30.0,3.8,0.666202773289156,0.9786787130110678
2011-03-20T02:11:28.82,37.7611,141.6247,45.6,4.1,2011-05-01T23:25:26.23,37.7351,141.8229,40.5,4.1,1.5635635069854723,0.9912625531660408
2011-03-20T03:04:55.62,36.7553,140.5977,8.4,3.6,2011-04-04T19:50:01.83,36.7071,140.6396,10.7,3.8,-0.4006794650957091,0.9859303717318896
2011-03-20T03:04:55.62,36.7553,140.5977,8.4,3.6,2011-05-26T11:12:49.83,36.7544,140.5001,7.4,4.0,-0.2675988189980582,0.9781765306920877
2011-03-20T04:17:40.0,36.7192,141.6077,23.0,4.0,2011-05-03T16:41:31.99,36.7444,141.582,24.2,3.5,-0.1473963141558834,0.9502285049358388
2011-03-20T11:20:18.7,35.7647,140.9702,9.2,3.6,2011-03-20T12:18:21.89,35.7273,140.8567,11.6,3.6,-0.6808131196739944,0.9219186138780706
2011-03-20T18:43:44.66,38.2578,141.9533,48.2,4.3,2011-09-17T15:13:23.3,38.2812,141.9233,49.1,4.3,-0.5158350540741421,0.943852467556087
2011-03-20T18:43:44.66,38.2578,141.9533,48.2,4.3,2012-03-10T01:33:34.16,38.3724,141.8628,51.4,4.1,-0.977861284483647,0.964549155864508
2011-03-21T00:00:25.51,36.5931,141.9927,28.3,4.2,2011-04-23T11:38:09.2,36.6499,142.1873,1.6,4.4,4.779474729405487,0.981612784669842
2011-03-21T00:00:25.51,36.5931,141.9927,28.3,4.2,2011-07-03T16:17:54.73,36.6755,142.2543,15.0,4.2,2.676774265655379,0.974663511333417
2011-03-21T00:00:25.51,36.5931,141.9927,28.3,4.2,2011-11-02T10:05:00.96,36.6322,142.1434,19.0,4.2,1.060331014922368,0.9675633929259946
2011-03-21T05:31:12.82,36.7133,141.808,12.7,3.9,2012-03-08T18:42:51.31,36.7837,141.6732,33.0,3.9,-4.160891464136736,0.9737363948260322
2011-03-21T05:54:10.72,36.2777,142.1008,23.5,5.1,2011-05-28T13:46:06.85,36.3154,142.155,31.5,5.0,-0.7939467640465065,0.9773186918853004
2011-03-22T00:08:53.37,37.2586,141.4702,39.2,3.7,2011-03-28T22:00:39.09,37.246,141.6449,26.8,3.5,2.7610980079503094,0.9846614921128112
2011-03-22T00:14:42.0,35.5211,141.725,22.0,3.8,2011-04-10T00:00:54.05,35.709,141.5009,25.0,3.9,-2.757362517597688,0.9914911314379554
2011-03-22T00:14:42.0,35.5211,141.725,22.0,3.8,2011-05-06T23:24:52.73,35.4453,141.6749,25.0,3.8,-0.916248644427916,0.9836346197455828
2011-03-22T00:14:42.0,35.5211,141.725,22.0,3.8,2011-07-18T12:37:10.7,35.5103,141.7596,10.8,3.8,1.3854933035239871,0.9848416872868068
2011-03-22T02:03:54.9,36.2188,141.8961,2.3,3.9,2011-06-27T18:10:05.52,36.2629,142.014,23.4,3.9,-2.652602440432048,0.9056277565172364
2011-03-22T05:15:12.69,37.2165,142.4466,9.0,4.0,2011-11-16T01:21:46.81,37.1782,142.3878,15.3,4.1,-0.7511033538331895,0.9326129692998908
2011-03-22T06:28:29.83,36.5162,142.4815,35.5,4.7,2011-04-14T23:50:08.28,36.5256,142.2766,50.0,4.7,-0.4578846778147987,0.9136288939434088
2011-03-22T07:04:58.59,36.5091,142.5472,15.0,4.7,2011-04-15T00:56:26.72,36.4472,142.5414,30.1,4.4,-2.0146754739916464,0.9218077803385618
2011-03-22T13:17:35.48,35.8582,140.8237,31.0,3.6,2011-05-05T04:28:54.41,35.8783,140.9333,46.3,3.6,-0.5345109425852816,0.9851179808429024
2011-03-22T13:17:35.48,35.8582,140.8237,31.0,3.6,2012-01-09T09:23:29.94,35.8873,140.9177,30.9,3.6,0.2064458656453246,0.9840770202703376
2011-03-22T18:21:13.52,37.215,141.8654,9.9,4.0,2011-03-22T20:50:10.14,37.2684,141.8156,29.8,4.3,-3.3972090374445765,0.9052992388411528
2011-03-23T00:21:12.59,38.8725,142.028,51.0,4.0,2011-04-03T05:40:19.91,38.829,142.0565,49.5,3.9,0.3789779917480026,0.9858236595680566
2011-03-23T00:21:12.59,38.8725,142.028,51.0,4.0,2011-04-20T06:05:20.4,38.84,142.03,45.0,4.0,0.4709716394368603,0.9192034564506096
2011-03-23T00:21:12.59,38.8725,142.028,51.0,4.0,2011-05-14T16:45:10.52,38.8205,142.1012,43.7,3.9,1.2228356021450195,0.9389096694139472
2011-03-23T00:21:12.59,38.8725,142.028,51.0,4.0,2011-06-15T15:36:32.64,38.8184,142.1405,46.5,3.8,0.8231245399607479,0.9728980573175912
2011-03-23T00:21:12.59,38.8725,142.028,51.0,4.0,2011-07-22T09:03:08.45,38.8735,142.0398,51.0,3.8,-0.3618712961347461,0.9761859061133518
2011-03-23T00:21:12.59,38.8725,142.028,51.0,4.0,2011-08-21T19:42:35.24,38.8174,142.1138,48.2,3.9,1.0726207713695532,0.9686744577657996
2011-03-23T00:21:12.59,38.8725,142.028,51.0,4.0,2011-11-11T17:24:20.31,38.8512,142.0722,43.8,4.0,0.5841391448069397,0.9759013811520292
2011-03-23T00:21:12.59,38.8725,142.028,51.0,4.0,2012-01-15T10:36:46.71,38.8009,142.1518,43.2,3.8,1.1810812194537328,0.9758053284007894
2011-03-23T00:21:12.59,38.8725,142.028,51.0,4.0,2012-03-30T03:37:07.2,38.8322,142.084,47.3,3.7,0.578059606588054,0.9694829869119136
2011-03-23T02:17:09.68,39.6169,143.6518,11.0,4.2,2011-04-13T22:50:38.89,39.5036,143.7829,8.9,4.2,0.6030458467174398,0.9145507061359576
2011-03-23T02:17:09.68,39.6169,143.6518,11.0,4.2,2011-07-20T23:56:10.63,39.5654,143.811,11.0,4.0,1.11135121434899,0.9239060395787936
2011-03-23T02:17:09.68,39.6169,143.6518,11.0,4.2,2012-02-01T03:45:35.95,39.5436,143.8122,11.0,3.9,1.4784793539023884,0.9234839414671157
2011-03-23T03:41:48.03,36.0138,143.3428,35.0,3.7,2011-03-23T18:03:02.09,36.0478,143.3699,35.0,4.1,0.1260414790664433,0.9176131341988728
2011-03-23T04:40:15.88,36.2726,141.0671,26.3,4.3,2011-04-10T02:01:27.81,36.323,141.0261,20.5,4.1,0.6339296302989327,0.9278780305374372
2011-03-23T09:22:56.45,36.8998,141.8176,19.0,3.9,2011-04-03T00:09:53.99,36.7086,141.8829,19.0,3.6,-0.2597529300893598,0.9661426550845588
2011-03-23T09:22:56.45,36.8998,141.8176,19.0,3.9,2011-05-28T08:36:11.07,36.7555,141.792,19.0,3.7,0.031698290080204,0.9696712029112792
2011-03-23T09:22:56.45,36.8998,141.8176,19.0,3.9,2011-07-27T19:10:30.7,36.74,141.81,45.0,3.5,-0.7586426243243094,0.952894682761752
2011-03-23T09:22:56.45,36.8998,141.8176,19.0,3.9,2011-11-02T19:50:18.2,36.7892,141.8547,19.0,3.6,-0.3579926952588736,0.9639529454976242
2011-03-23T15:46:41.6,34.8093,141.9353,29.0,3.6,2011-08-07T10:37:25.66,34.7442,141.9456,8.6,3.6,2.0777067920070227,0.923306202739779
2011-03-23T15:54:27.52,36.0996,142.0501,23.0,3.6,2011-08-17T13:49:01.45,36.0993,142.1382,23.0,4.1,-0.2117753042366564,0.9649704301228356
2011-03-23T16:17:44.51,35.7377,140.9013,10.9,3.6,2011-03-26T00:15:12.6,35.74,140.89,9.0,3.5,-0.4537763911581527,0.9486781403641004
2011-03-23T18:39:36.26,39.6336,143.4599,14.2,4.6,2012-05-19T19:16:38.33,39.6326,143.4703,7.4,4.5,0.5487474042792028,0.9093694796739976
2011-03-23T19:42:44.28,36.6152,142.0679,0.5,4.1,2011-05-09T00:05:43.65,36.5153,142.0594,19.0,3.9,-1.4538825369705437,0.9699790206731036
2011-03-23T19:42:44.28,36.6152,142.0679,0.5,4.1,2011-06-25T07:44:44.69,36.6811,141.985,19.0,3.8,-2.4745170254584834,0.9649354227291024
2011-03-23T19:42:44.28,36.6152,142.0679,0.5,4.1,2012-01-24T21:59:20.71,36.578,141.9476,19.0,3.7,-2.471714385192983,0.947256516029048
2011-03-24T01:05:32.34,36.4797,142.6807,15.0,3.7,2011-05-03T06:20:54.44,36.387,142.7469,15.0,3.6,0.2622014106674502,0.9671702408925876
2011-03-24T01:05:32.34,36.4797,142.6807,15.0,3.7,2011-08-13T09:09:31.73,36.4126,142.779,29.0,3.5,-1.427187392565115,0.9860324816497562
2011-03-24T01:05:32.34,36.4797,142.6807,15.0,3.7,2012-03-12T07:07:45.7,36.4411,142.6338,15.0,3.6,-0.3884911362432673,0.973847454526732
2011-03-24T12:29:58.08,37.2115,142.1342,1.4,4.0,2011-03-24T12:37:36.64,37.1344,142.2287,19.0,4.1,-2.1871962307000103,0.9047237263108452
2011-03-24T16:42:14.25,38.6574,142.0011,41.0,4.0,2011-04-16T20:54:09.33,38.632,141.9609,48.4,4.0,-0.50248993020093,0.9011422293523031
2011-03-24T16:42:14.25,38.6574,142.0011,41.0,4.0,2011-05-31T23:53:57.73,38.5904,142.0398,41.0,4.2,0.4275560351788364,0.9107801354779608
2011-03-24T16:42:14.25,38.6574,142.0011,41.0,4.0,2011-07-31T12:40:04.47,38.6341,141.9757,50.8,4.1,-0.8425224393911284,0.930615961211039
2011-03-24T16:42:14.25,38.6574,142.0011,41.0,4.0,2011-10-24T21:37:27.1,38.6219,141.9473,52.4,4.1,-0.8458529659997771,0.9271079160302622
2011-03-24T22:59:42.32,37.1203,142.3787,5.8,4.1,2011-04-19T07:18:28.3,37.14,142.43,18.0,3.8,-1.2066665377755883,0.9831585471683562
2011-03-24T22:59:42.32,37.1203,142.3787,5.8,4.1,2011-06-15T05:32:37.97,37.0738,142.3608,6.1,4.2,-0.139774339063905,0.991390913725956
2011-03-24T22:59:42.32,37.1203,142.3787,5.8,4.1,2011-09-15T04:35:51.4,37.17,142.42,3.0,4.0,0.5701226529258013,0.9887767126973256
2011-03-25T12:41:04.79,36.1475,143.3623,35.0,4.0,2011-03-31T04:28:29.75,36.1322,143.2774,35.0,3.5,-0.2968606734753066,0.9580886887629768
2011-03-25T16:10:21.73,36.5837,141.0837,19.8,3.7,2012-01-08T16:23:36.92,36.6299,141.0413,41.2,3.7,-2.5110351824524733,0.9859893875301604
2011-03-25T17:16:22.9,37.98,142.6,20.0,3.7,2012-04-28T10:23:10.2,37.99,142.62,27.0,3.5,-0.24009697470984,0.9382752440558456
2011-03-25T17:35:21.28,36.271,142.0503,35.3,3.9,2011-04-27T19:27:14.12,36.2921,141.9948,19.0,3.8,2.321759936876421,0.9624866427084902
2011-03-25T17:35:21.28,36.271,142.0503,35.3,3.9,2011-06-08T10:44:52.72,36.2957,141.9451,19.0,3.5,1.6479191790564214,0.942642964320342
2011-03-25T21:39:05.08,37.401,142.2653,24.0,4.4,2011-06-26T12:28:18.4,37.47,142.22,9.0,3.9,1.8513384166675988,0.9153063396373028
2011-03-25T23:16:39.72,38.1382,141.7684,45.4,3.6,2011-05-20T11:42:15.8,38.1607,141.8013,47.5,3.9,-0.2284653817220238,0.9457383493474528
2011-03-25T23:16:39.72,38.1382,141.7684,45.4,3.6,2011-09-16T21:42:36.11,38.1609,141.7852,47.4,4.1,-0.556932332473711,0.9341987800815348
2011-03-25T23:30:01.1,36.67,142.31,19.0,3.6,2011-04-24T09:08:09.73,36.723,142.2379,19.0,3.8,-1.004297312348013,0.9062441776973807
2011-03-25T23:30:01.1,36.67,142.31,19.0,3.6,2011-05-17T06:47:10.92,36.7415,142.1763,19.0,3.6,-1.3025416111185288,0.9091195741809776
2011-03-25T23:30:01.1,36.67,142.31,19.0,3.6,2011-06-21T17:49:31.52,36.6742,142.3134,15.0,3.5,0.0722013370935397,0.9165799257657822
2011-03-26T05:02:32.73,36.4274,140.7428,48.3,3.7,2011-03-28T11:08:10.85,36.7869,140.5158,8.4,4.0,-7.77508365692269,1.012976060723704
2011-03-26T10:42:25.13,36.2242,141.4667,26.9,4.7,2011-06-09T20:51:26.5,36.2601,141.5345,38.4,4.5,-1.1606808803627726,0.980367979898826
2011-03-26T10:42:25.13,36.2242,141.4667,26.9,4.7,2011-09-15T20:36:02.47,36.2366,141.5414,26.9,4.6,0.0177451207555289,0.9715294350162842
2011-03-26T14:10:59.38,36.7509,140.5069,9.5,4.3,2011-03-26T14:19:06.97,36.7496,140.5168,10.2,4.1,-0.0270680283288865,0.9251246281887494
2011-03-26T14:15:10.65,36.932,141.1332,45.3,3.8,2011-04-22T15:58:15.35,36.9576,141.0919,46.7,3.7,-0.2651047068762639,0.9896183874127789
2011-03-26T14:15:10.65,36.932,141.1332,45.3,3.8,2011-05-27T08:51:47.3,36.9449,141.2819,39.6,3.5,0.70968399374273,0.95606711972845
2011-03-26T14:15:10.65,36.932,141.1332,45.3,3.8,2011-07-14T15:04:16.4,36.94,141.09,50.0,3.5,-0.56610281424451,0.9181952433407083
2011-03-26T15:01:50.99,36.9675,141.1344,46.9,3.9,2011-05-05T11:02:10.47,36.9426,141.2762,41.0,3.9,0.9277479401796936,0.9968484988641684
2011-03-26T15:01:50.99,36.9675,141.1344,46.9,3.9,2011-06-29T14:19:34.05,36.9621,141.1264,46.4,3.9,-0.4861538558052047,0.989748214684024
2011-03-26T15:01:50.99,36.9675,141.1344,46.9,3.9,2011-09-29T18:29:59.67,36.9597,141.1662,48.5,3.9,0.5936620822270996,0.984031007330888
2011-03-26T15:01:50.99,36.9675,141.1344,46.9,3.9,2011-12-31T05:48:40.29,36.9568,141.1628,45.2,3.7,0.1238885278293664,0.981140100698144
2011-03-26T19:22:04.2,36.7191,141.7099,34.1,4.5,2011-04-25T06:41:23.13,36.7009,141.8118,26.3,4.5,1.1895487998179897,0.988915689778493
2011-03-27T06:00:32.68,39.8674,143.3703,6.0,4.2,2011-06-13T02:55:29.92,39.8075,143.4227,29.9,4.3,-2.608198021470189,0.9663060366555304
2011-03-27T06:00:32.68,39.8674,143.3703,6.0,4.2,2011-10-31T05:17:14.12,39.7897,143.332,25.4,4.2,-3.160706886277465,0.933571248503934
2011-03-27T12:18:17.72,39.8747,143.2609,6.0,4.2,2011-10-08T16:33:57.6,39.8933,143.3856,6.0,4.2,0.9456976982806476,0.9142017552609076
2011-03-27T14:43:05.94,39.416,143.783,11.0,4.4,2011-05-04T09:30:31.86,39.4403,143.6121,28.1,4.2,-2.5972911374904,0.926687462028192
2011-03-27T14:43:05.94,39.416,143.783,11.0,4.4,2011-08-02T15:34:50.38,39.3265,144.0444,11.0,4.3,1.9548958433169248,0.9301589712280512
2011-03-27T14:43:05.94,39.416,143.783,11.0,4.4,2012-03-13T18:39:24.26,39.4741,143.7591,11.0,4.0,-0.6678442788670984,0.9065922666237792
2011-03-27T17:21:13.5,38.5044,144.7737,29.0,3.9,2011-05-11T22:31:44.52,38.6272,144.7429,35.0,3.7,-1.4354768367493698,0.9569983867106852
2011-03-27T17:21:13.5,38.5044,144.7737,29.0,3.9,2012-05-27T02:31:38.42,38.5711,144.7348,29.0,3.7,-0.8241856764739852,0.9602837903553738
2011-03-27T18:59:54.28,39.0832,142.9189,3.2,4.0,2011-05-05T22:20:02.14,39.1083,142.9893,37.7,3.9,-5.041314985820288,0.9142654301253794
2011-03-27T18:59:54.28,39.0832,142.9189,3.2,4.0,2011-12-01T13:53:36.95,39.1198,142.8744,9.8,4.2,-1.8304769464792143,0.9026599250835936
2011-03-28T02:07:52.02,38.4146,142.0875,35.0,4.0,2012-04-29T20:33:15.9,38.45,142.22,28.0,3.8,2.524175303633743,0.908748117447209
2011-03-28T14:13:55.96,39.2619,142.2898,42.6,4.1,2011-05-17T04:54:48.5,39.2989,142.2648,42.8,3.9,-0.5408554070827019,0.9655018501835282
2011-03-28T14:13:55.96,39.2619,142.2898,42.6,4.1,2011-07-05T02:00:48.12,39.2216,142.3432,28.8,3.8,1.834545423341137,0.9905389807941746
2011-03-28T14:13:55.96,39.2619,142.2898,42.6,4.1,2011-09-10T10:01:08.36,39.2427,142.4243,31.4,3.9,1.8456587321066,0.9908908302965614
2011-03-28T14:13:55.96,39.2619,142.2898,42.6,4.1,2011-12-02T04:02:36.45,39.2897,142.3022,38.4,3.8,0.0236060288163595,0.9666090451125692
2011-03-28T14:13:55.96,39.2619,142.2898,42.6,4.1,2012-03-18T05:55:47.63,39.2806,142.4531,28.0,3.7,2.8187068559922315,0.9812791933406873
2011-03-29T04:46:28.87,36.7123,142.1391,23.8,3.8,2011-07-02T02:26:26.01,36.6439,142.1278,5.9,3.6,3.103849637331938,0.9927010772923884
2011-03-29T04:46:28.87,36.7123,142.1391,23.8,3.8,2011-09-12T01:50:03.78,36.7063,142.0973,1.4,4.0,2.5217673723531,0.9832252197366076
2011-03-29T04:46:28.87,36.7123,142.1391,23.8,3.8,2012-05-01T01:07:55.71,36.6832,141.8521,4.9,3.6,1.20685884367155,0.9901206290865138
2011-03-29T11:14:02.8,36.19,140.01,50.0,3.8,2011-04-10T03:21:53.66,36.1839,140.0242,54.2,3.5,0.494447602176814,0.9192945779490108
2011-03-29T20:40:46.06,37.0089,142.5627,9.0,3.6,2011-04-21T21:24:20.1,37.0086,142.6932,9.0,3.7,-0.8365546906124108,0.9795034101043067
2011-03-30T04:58:25.32,36.6705,140.9451,45.8,3.9,2011-12-22T09:40:12.97,36.6504,141.0033,40.8,3.8,0.8394013974184171,0.9615744042342356
2011-03-30T07:34:24.09,36.7332,141.9973,1.2,3.8,2011-04-16T04:11:26.02,36.7824,141.9552,0.5,3.6,-0.924752152912081,0.989148939599019
2011-03-30T07:34:24.09,36.7332,141.9973,1.2,3.8,2011-05-10T10:42:20.2,36.63,141.96,39.0,3.5,-2.763007283335997,0.9725979058322152
2011-03-30T09:42:49.21,39.0575,142.4556,15.0,4.1,2012-04-28T22:44:40.79,39.0484,142.3712,23.1,3.6,-1.264812302571387,0.9205729977663653
2011-03-30T18:31:12.07,36.0179,142.0215,23.0,4.0,2011-05-24T08:12:59.08,35.9488,142.1145,23.0,3.7,0.54150577205337,0.9918774883302338
2011-03-30T18:31:12.07,36.0179,142.0215,23.0,4.0,2011-08-22T11:29:14.34,36.0757,142.0187,23.0,3.8,-0.3333943384537431,0.9854388277700388
2011-03-30T18:31:12.07,36.0179,142.0215,23.0,4.0,2011-11-16T22:21:54.86,36.0674,142.0263,23.0,3.6,-0.6054457309924468,0.9799237777251604
2011-03-31T03:25:37.51,36.7626,141.7241,30.1,4.6,2011-05-03T23:58:07.59,36.9095,141.5524,33.0,4.1,-2.173559353252807,0.9244403276260084
2011-03-31T03:25:37.51,36.7626,141.7241,30.1,4.6,2011-08-23T14:56:21.5,36.7614,141.6951,25.9,3.9,0.4727892811008793,0.9047763283819116
2011-03-31T16:42:56.96,36.6256,142.291,15.0,3.9,2011-04-06T20:23:25.2,36.69,142.43,19.0,3.5,1.1842196183202414,0.9637369612077156
2011-03-31T16:42:56.96,36.6256,142.291,15.0,3.9,2011-04-24T13:48:29.59,36.6587,142.3425,15.0,3.7,0.4135512666823656,0.9956360140914589
2011-03-31T16:42:56.96,36.6256,142.291,15.0,3.9,2011-06-06T23:58:24.67,36.6638,142.3815,15.0,3.6,0.4145253412450354,0.9865362301227752
2011-03-31T16:42:56.96,36.6256,142.291,15.0,3.9,2011-06-07T00:06:50.92,36.7113,142.3545,10.0,3.6,0.6265370214376798,0.9654495194763149
2011-03-31T16:42:56.96,36.6256,142.291,15.0,3.9,2011-08-12T23:30:40.3,36.71,142.4,14.0,3.6,1.5639775906266329,0.9903148818401254
2011-03-31T16:42:56.96,36.6256,142.291,15.0,3.9,2011-08-12T23:36:48.6,36.71,142.43,12.0,3.5,1.9261135828575315,0.9645452641917308
2011-04-01T05:16:38.77,38.5338,141.7447,51.0,3.8,2011-05-23T21:55:27.53,38.5093,141.8342,51.1,3.8,0.5489769230152755,0.9874339238377972
2011-04-01T05:16:38.77,38.5338,141.7447,51.0,3.8,2011-07-13T19:35:41.9,38.4864,141.8268,53.8,3.8,0.912152374257124,0.9903787512105088
2011-04-01T05:16:38.77,38.5338,141.7447,51.0,3.8,2011-08-30T12:46:15.86,38.5099,141.8259,52.3,3.7,0.3938751708520692,0.9873114087308136
2011-04-01T05:16:38.77,38.5338,141.7447,51.0,3.8,2011-10-23T16:32:10.98,38.5134,141.819,51.8,3.9,0.4941222751893274,0.92618862848841
2011-04-01T05:16:38.77,38.5338,141.7447,51.0,3.8,2011-11-01T15:26:40.6,38.54,141.72,54.0,3.7,-0.122857868097016,0.992890913014032
2011-04-01T05:16:38.77,38.5338,141.7447,51.0,3.8,2011-12-26T22:28:50.84,38.5167,141.7922,52.6,3.7,0.5986662669240136,0.9844068667767678
2011-04-01T05:16:38.77,38.5338,141.7447,51.0,3.8,2012-02-22T11:03:23.44,38.5226,141.8087,48.2,3.6,0.5150687906802811,0.985565903926434
2011-04-01T05:16:38.77,38.5338,141.7447,51.0,3.8,2012-05-11T16:36:38.53,38.5256,141.8349,47.9,3.8,0.6877512609191299,0.9928641912598032
2011-04-01T21:58:59.64,38.6112,142.0206,41.0,3.9,2011-05-01T09:32:11.57,38.6688,141.9635,41.0,3.9,-0.908288412855576,0.9619252859862628
2011-04-01T21:58:59.64,38.6112,142.0206,41.0,3.9,2011-07-31T12:40:04.47,38.6341,141.9757,50.8,4.1,-1.3579367510583067,0.9012529302745276
2011-04-01T21:58:59.64,38.6112,142.0206,41.0,3.9,2011-10-24T21:37:27.1,38.6219,141.9473,52.4,4.1,-1.3598250397701293,0.9234700407898084
2011-04-02T07:55:52.83,36.1911,139.8979,52.6,5.0,2011-04-26T17:17:34.91,36.2071,139.9512,58.1,3.6,-0.5095461087736528,0.9302481012551432
2011-04-02T18:23:31.89,38.5805,142.0198,41.0,3.5,2011-05-19T14:01:45.84,38.5656,141.9498,45.0,3.8,-0.6949633263001985,0.982563178275425
2011-04-02T18:23:31.89,38.5805,142.0198,41.0,3.5,2011-07-08T04:51:33.9,38.62,141.91,48.0,3.7,-1.2132614918715472,0.9506819663892352
2011-04-02T18:23:31.89,38.5805,142.0198,41.0,3.5,2011-10-18T09:06:01.09,38.6007,142.0317,47.6,4.1,-0.3792409002740927,0.9153634928923946
2011-04-02T18:23:31.89,38.5805,142.0198,41.0,3.5,2011-12-02T08:58:45.26,38.5951,141.9711,41.4,3.8,-0.9029262724507692,0.9075529699191442
2011-04-02T18:23:31.89,38.5805,142.0198,41.0,3.5,2012-03-21T18:25:03.96,38.5578,142.061,46.7,4.0,-0.2664513124536828,0.9174414935377508
2011-04-03T00:09:53.99,36.7086,141.8829,19.0,3.6,2011-05-28T08:36:11.07,36.7555,141.792,19.0,3.7,0.2912252643251374,0.9896400514358916
2011-04-03T00:09:53.99,36.7086,141.8829,19.0,3.6,2011-07-27T19:10:30.7,36.74,141.81,45.0,3.5,-0.4997887977855015,0.975030634187362
2011-04-03T00:09:53.99,36.7086,141.8829,19.0,3.6,2011-09-12T05:17:01.53,36.7224,141.6241,26.0,3.9,-0.5588412717980082,0.9052449344094596
2011-04-03T00:09:53.99,36.7086,141.8829,19.0,3.6,2011-11-02T19:50:18.2,36.7892,141.8547,19.0,3.6,-0.0989034718543831,0.9908379501924662
2011-04-03T05:40:19.91,38.829,142.0565,49.5,3.9,2011-04-20T06:05:20.4,38.84,142.03,45.0,4.0,0.091889863467089,0.9332313092121064
2011-04-03T05:40:19.91,38.829,142.0565,49.5,3.9,2011-05-14T16:45:10.52,38.8205,142.1012,43.7,3.9,0.8436317125702496,0.9523961595101228
2011-04-03T05:40:19.91,38.829,142.0565,49.5,3.9,2011-06-15T15:36:32.64,38.8184,142.1405,46.5,3.8,0.4442006208219716,0.9895979913505136
2011-04-03T05:40:19.91,38.829,142.0565,49.5,3.9,2011-07-22T09:03:08.45,38.8735,142.0398,51.0,3.8,-0.7407685151225474,0.9943003287500854
2011-04-03T05:40:19.91,38.829,142.0565,49.5,3.9,2011-08-21T19:42:35.24,38.8174,142.1138,48.2,3.9,0.6935052966006231,0.9866457963747646
2011-04-03T05:40:19.91,38.829,142.0565,49.5,3.9,2011-11-11T17:24:20.31,38.8512,142.0722,43.8,4.0,0.2050283353596684,0.9907086895417784
2011-04-03T05:40:19.91,38.829,142.0565,49.5,3.9,2012-01-15T10:36:46.71,38.8009,142.1518,43.2,3.8,0.801853184998793,0.9929010990103444
2011-04-03T05:40:19.91,38.829,142.0565,49.5,3.9,2012-03-30T03:37:07.2,38.8322,142.084,47.3,3.7,0.1988481095319053,0.9864293043676028
2011-04-03T06:27:44.67,35.6994,141.1404,33.0,3.5,2011-07-07T01:47:53.88,35.6639,141.093,31.5,3.5,-0.1926198793744964,0.9617848601608102
2011-04-03T14:20:55.57,36.7812,140.5323,4.7,3.7,2012-03-09T18:15:45.09,36.7947,140.5517,1.1,3.7,-0.0673433066497998,0.9596793104404504
2011-04-03T16:52:47.3,36.7683,142.3262,15.0,4.2,2011-05-01T06:12:21.17,36.6952,142.244,26.2,4.1,-2.0437855058236813,0.9728510409921236
2011-04-03T16:52:47.3,36.7683,142.3262,15.0,4.2,2011-07-10T19:16:33.69,36.7152,142.2603,11.5,4.3,0.2635746325058312,0.9694939481177764
2011-04-03T16:52:47.3,36.7683,142.3262,15.0,4.2,2012-02-13T16:55:08.37,36.6807,142.3703,2.5,4.4,1.7246972535822125,0.9518018344031406
2011-04-04T03:28:45.7,38.1477,141.7359,44.7,3.7,2011-05-11T00:50:49.05,38.1672,141.7605,44.6,3.9,0.0325080862078152,0.9824328493165656
2011-04-04T03:28:45.7,38.1477,141.7359,44.7,3.7,2011-08-18T05:34:39.63,38.1548,141.686,60.4,3.9,-1.7128797489160628,0.971464987067254
2011-04-04T11:46:24.35,36.0846,140.0167,52.3,4.1,2011-04-05T04:32:28.92,36.1297,140.0255,48.8,3.8,-0.1600315283616601,0.9218569575538872
2011-04-04T12:56:59.56,37.0684,141.2699,42.2,3.6,2011-06-07T23:09:04.0,37.1,141.14,51.0,3.6,-0.9411134208431124,0.915198868003405
2011-04-04T15:47:05.54,37.5831,141.5902,51.0,4.0,2011-05-10T05:40:32.59,37.6111,141.5169,48.3,4.0,-0.3561318748989766,0.9957569706726234
2011-04-04T15:47:05.54,37.5831,141.5902,51.0,4.0,2011-08-14T05:14:46.45,37.5975,141.5622,52.6,3.8,0.0072253248318599,0.98815422815735
2011-04-04T15:47:05.54,37.5831,141.5902,51.0,4.0,2011-12-03T21:04:06.2,37.6057,141.5522,49.1,3.6,-0.0047816961668643,0.9941482176759042
2011-04-04T19:50:01.83,36.7071,140.6396,10.7,3.8,2011-05-26T11:12:49.83,36.7544,140.5001,7.4,4.0,0.1331384003250845,0.959808806614326
2011-04-04T21:52:56.25,38.2675,141.9058,50.7,4.1,2011-11-05T23:43:44.12,38.3183,141.9138,50.9,4.1,-0.5089354685220576,0.9744940601178624
2011-04-05T01:29:11.19,39.6765,142.1065,49.1,4.7,2012-04-11T20:29:17.58,39.6383,142.2162,45.8,4.5,1.1507000307966735,0.9771992100379242
2011-04-05T19:43:39.21,39.7199,142.2783,45.8,4.3,2011-06-01T18:37:00.04,39.6913,142.3154,43.8,4.3,-0.1832191728123455,0.9711903010741204
2011-04-05T19:43:39.21,39.7199,142.2783,45.8,4.3,2011-09-15T14:25:08.65,39.7206,142.3578,48.0,4.1,0.1175308470470212,0.977626547493714
2011-04-05T19:43:39.21,39.7199,142.2783,45.8,4.3,2012-03-03T20:45:40.28,39.7215,142.2423,45.4,3.5,-0.5138343951825506,0.922185138927767
2011-04-06T03:13:02.63,36.7605,142.0972,36.5,4.4,2011-06-13T11:39:23.68,36.736,142.0525,19.0,4.3,2.623257853334526,0.990671164033708
2011-04-06T03:13:02.63,36.7605,142.0972,36.5,4.4,2011-10-20T12:51:50.75,36.718,142.0932,8.1,4.4,4.214370586358736,0.9845691789190056
2011-04-06T20:23:25.2,36.69,142.43,19.0,3.5,2011-04-24T13:48:29.59,36.6587,142.3425,15.0,3.7,-0.7717621194163912,0.9663377830780516
2011-04-06T20:23:25.2,36.69,142.43,19.0,3.5,2011-06-06T23:58:24.67,36.6638,142.3815,15.0,3.6,-0.7699658036856544,0.9701062471265276
2011-04-06T20:23:25.2,36.69,142.43,19.0,3.5,2011-06-07T00:06:50.92,36.7113,142.3545,10.0,3.6,-0.5589871728321458,0.987706221634778
2011-04-06T20:23:25.2,36.69,142.43,19.0,3.5,2011-08-12T23:30:40.3,36.71,142.4,14.0,3.6,0.3802302109408482,0.9627098554290136
2011-04-06T20:23:25.2,36.69,142.43,19.0,3.5,2011-08-12T23:36:48.6,36.71,142.43,12.0,3.5,0.7425107299257987,0.988518490362186
2011-04-07T11:59:16.03,38.4416,142.2425,15.5,3.6,2011-04-07T12:10:31.89,38.3694,142.1584,19.5,4.0,-0.2732138448434373,0.9528165307240586
2011-04-07T15:14:55.7,36.5969,141.1426,14.7,3.8,2012-01-04T12:48:42.4,36.5952,141.129,10.0,4.2,0.1719842580919017,0.9080531520903938
2011-04-07T22:33:06.77,38.6288,142.0215,41.0,3.7,2011-05-12T20:24:34.86,38.5966,142.0721,44.7,3.8,0.9468168450111072,0.9830965486232686
2011-04-07T22:33:06.77,38.6288,142.0215,41.0,3.7,2011-06-22T10:16:01.56,38.589,141.9754,47.6,3.9,0.0847112400357534,0.9322026430043449
2011-04-07T22:33:06.77,38.6288,142.0215,41.0,3.7,2011-07-10T02:21:58.75,38.6517,142.0206,44.6,3.7,-0.1293298471757349,0.9615129588253886
2011-04-07T22:33:06.77,38.6288,142.0215,41.0,3.7,2011-09-23T13:08:58.84,38.6058,142.0237,44.2,3.8,-0.2937449653350796,0.9768565626442484
2011-04-07T22:33:06.77,38.6288,142.0215,41.0,3.7,2011-11-27T22:25:37.34,38.6361,141.9849,47.3,3.8,-0.4693117156196499,0.9756663625281188
2011-04-07T22:33:06.77,38.6288,142.0215,41.0,3.7,2011-12-31T10:29:00.61,38.6187,142.1108,42.2,3.8,0.652426361933722,0.9779182790719738
2011-04-07T22:33:06.77,38.6288,142.0215,41.0,3.7,2012-02-05T12:44:57.46,38.603,142.0346,45.6,3.9,0.1489654304982484,0.9819307040278012
2011-04-07T22:33:06.77,38.6288,142.0215,41.0,3.7,2012-03-14T13:28:08.53,38.6288,141.9903,46.5,3.9,0.0509241727122261,0.981285198303336
2011-04-07T22:33:06.77,38.6288,142.0215,41.0,3.7,2012-05-01T22:07:48.82,38.6343,142.0099,45.2,3.6,-0.1732435210510764,0.9751159209807164
2011-04-07T23:39:26.66,38.8808,142.0919,51.0,4.1,2011-05-10T19:58:10.22,38.886,141.9967,52.2,4.0,-0.1780697979978803,0.9865143200006008
2011-04-07T23:39:26.66,38.8808,142.0919,51.0,4.1,2011-06-15T12:48:26.66,38.8691,142.0062,54.3,4.0,-0.5916407937529753,0.9580462894180084
2011-04-07T23:39:26.66,38.8808,142.0919,51.0,4.1,2011-07-16T13:23:02.88,38.8939,141.9747,50.4,4.0,-0.4117546409387594,0.9512076381493416
2011-04-07T23:39:26.66,38.8808,142.0919,51.0,4.1,2011-08-25T23:34:08.83,38.8431,142.0464,46.1,3.9,0.3400798939460827,0.9798505232384976
2011-04-07T23:39:26.66,38.8808,142.0919,51.0,4.1,2011-11-11T07:52:11.62,38.9187,141.9048,50.1,3.9,-1.2803132526472956,0.9623025919497954
2011-04-07T23:39:26.66,38.8808,142.0919,51.0,4.1,2011-12-30T19:11:32.91,38.8454,141.9692,51.0,3.8,-0.2688233098728656,0.9773988009685622
2011-04-07T23:39:26.66,38.8808,142.0919,51.0,4.1,2012-03-03T13:26:18.41,38.8307,142.1137,48.1,3.9,0.1321029374910958,0.9824892018432576
2011-04-07T23:39:26.66,38.8808,142.0919,51.0,4.1,2012-05-03T07:15:45.5,38.888,141.9318,49.4,4.0,-0.8931464979937387,0.9675038935606524
2011-04-08T00:56:21.53,36.8355,142.1764,19.0,4.7,2011-06-11T23:13:54.46,36.5992,142.2289,25.3,4.4,0.4709766677206966,0.924218952553279
2011-04-08T02:24:38.7,38.2358,141.9542,56.5,4.0,2011-06-02T00:29:43.89,38.2302,141.9464,63.4,3.9,-0.2315467105488078,0.962513974356261
2011-04-08T03:00:05.66,37.1463,141.2148,46.1,4.1,2011-06-24T15:22:53.46,37.1009,141.2572,51.9,4.1,-0.0491540089604761,0.9447330704544512
2011-04-08T03:16:09.3,38.28,141.79,55.0,3.5,2011-04-28T05:09:04.2,38.28,141.8,54.0,3.8,-0.075761630062618,0.92391468064642
2011-04-08T11:07:20.57,38.3079,141.9372,47.4,3.7,2011-04-14T09:56:59.09,38.3585,141.877,49.2,4.1,-0.7121273795621246,0.9250440365269867
2011-04-08T15:05:14.5,36.95,141.05,50.0,3.7,2011-06-18T00:13:37.32,36.9044,141.2337,20.8,3.6,3.54605451880283,0.960691100846297
2011-04-08T15:05:14.5,36.95,141.05,50.0,3.7,2011-09-22T05:22:32.43,36.9243,141.1779,30.5,3.5,2.07381651699585,0.9605781924477536
2011-04-08T15:05:14.5,36.95,141.05,50.0,3.7,2012-03-28T00:34:07.76,36.9287,141.1974,42.7,3.5,1.1652592606180538,0.9546083572905576
2011-04-08T18:56:56.35,36.1596,140.056,54.7,4.1,2011-04-10T03:21:53.66,36.1839,140.0242,54.2,3.5,0.0981024153407857,0.9012381229734668
2011-04-09T02:33:49.5,39.8567,143.3467,28.3,4.5,2011-09-30T05:09:10.79,39.9554,143.349,14.2,4.4,1.1961035126591195,0.9540051505498358
2011-04-09T08:02:18.64,36.1993,140.0472,58.1,4.3,2012-05-26T12:35:40.35,36.2398,140.066,59.1,3.7,-0.3920395045875867,0.9845342493282886
2011-04-09T14:53:24.62,36.2759,141.8433,13.1,4.3,2011-06-21T21:22:25.46,36.2382,141.9388,27.4,3.9,-1.4934335859882408,0.9640954123873764
2011-04-09T14:53:24.62,36.2759,141.8433,13.1,4.3,2011-06-22T02:18:24.15,36.2075,142.0845,23.0,3.8,-0.1496713909386005,0.9450778452181838
2011-04-09T20:33:54.63,39.9161,142.581,2.4,3.9,2011-07-03T08:06:59.64,39.9614,142.4495,26.1,3.7,-4.549951218233726,0.902839495928954
2011-04-10T00:00:54.05,35.709,141.5009,25.0,3.9,2011-05-06T23:24:52.73,35.4453,141.6749,25.0,3.8,1.8417632993223445,0.9932935561509532
2011-04-10T00:00:54.05,35.709,141.5009,25.0,3.9,2011-07-18T12:37:10.7,35.5103,141.7596,10.8,3.8,4.143196118112612,0.9959251177945015
2011-04-10T07:56:00.58,36.3047,142.6163,15.0,3.8,2011-05-24T18:33:38.42,36.338,142.6923,15.0,3.7,0.1826528634617227,0.9634566265751564
2011-04-10T07:56:00.58,36.3047,142.6163,15.0,3.8,2011-08-29T14:19:59.84,36.3504,142.7004,15.0,3.8,0.4689081138687789,0.96213637535518
2011-04-10T07:56:00.58,36.3047,142.6163,15.0,3.8,2012-04-08T17:42:48.15,36.3198,142.6747,15.0,3.9,-0.1181506512341782,0.9622408591372444
2011-04-10T10:48:17.31,38.4344,142.3098,20.6,3.6,2011-07-20T13:09:39.46,38.4443,142.3506,17.3,4.4,-0.5333188179181237,0.9014517113521292
2011-04-10T10:48:17.31,38.4344,142.3098,20.6,3.6,2012-05-27T10:09:20.86,38.368,142.2455,10.0,4.1,0.4322178335465831,0.9179058655588638
2011-04-10T19:23:53.26,39.7287,142.566,34.6,4.4,2011-05-25T17:27:35.34,39.7662,142.3942,39.1,3.8,-1.2930379172004616,0.9241256563736224
2011-04-10T19:23:53.26,39.7287,142.566,34.6,4.4,2011-05-29T00:03:06.74,39.8076,142.4017,31.6,4.1,-0.9565726647974984,0.9493822452359684
2011-04-10T19:23:53.26,39.7287,142.566,34.6,4.4,2011-07-20T20:31:01.68,39.756,142.3972,44.3,3.7,-2.1252092993864893,0.9213104160563068
2011-04-10T19:23:53.26,39.7287,142.566,34.6,4.4,2011-08-03T23:51:51.25,39.7277,142.5954,39.2,4.1,-0.5051747699368212,0.95107449170172
2011-04-10T19:23:53.26,39.7287,142.566,34.6,4.4,2011-10-01T02:29:50.03,39.7213,142.2646,44.6,3.9,-2.5974129251464086,0.9099541172947035
2011-04-11T08:19:31.4,37.01,140.72,11.0,4.5,2011-04-11T15:55:12.84,37.0141,140.6845,12.1,4.1,0.1737046342495904,0.9177162776244164
2011-04-11T16:15:46.43,36.0153,141.9898,23.0,3.7,2011-06-25T16:29:17.72,36.0766,142.01,23.0,3.6,-0.2966828753475123,0.981172361118316
2011-04-11T16:15:46.43,36.0153,141.9898,23.0,3.7,2012-01-15T21:16:25.21,36.0499,142.1389,23.0,3.5,0.6254758620667291,0.90996907432829
2011-04-11T22:44:12.55,38.8517,142.0884,42.2,4.3,2011-05-12T20:03:04.68,38.8086,142.026,51.0,3.8,-0.7165198281101405,0.9791672623406024
2011-04-11T22:44:12.55,38.8517,142.0884,42.2,4.3,2011-06-24T01:21:44.96,38.8818,142.1235,51.0,3.6,-0.5686696189580928,0.966420216185182
2011-04-11T22:44:12.55,38.8517,142.0884,42.2,4.3,2011-07-31T08:28:53.47,38.8579,142.1698,41.8,3.8,-0.1377721305794224,0.975827294131938
2011-04-11T22:44:12.55,38.8517,142.0884,42.2,4.3,2011-11-10T05:49:23.88,38.8235,142.1085,41.4,3.5,0.0161493173478491,0.9430691307822456
2011-04-11T22:45:29.93,38.553,142.1371,34.4,4.2,2011-10-18T09:06:01.09,38.6007,142.0317,47.6,4.1,-1.5668123430526593,0.9115941640248916
2011-04-11T22:45:29.93,38.553,142.1371,34.4,4.2,2012-01-18T08:55:38.94,38.6071,142.0718,43.8,4.3,-1.2035525334170865,0.91103897747836
2011-04-11T22:45:29.93,38.553,142.1371,34.4,4.2,2012-03-21T18:25:03.96,38.5578,142.061,46.7,4.0,-1.452758137387138,0.9201821480996372
2011-04-11T23:03:13.61,36.9274,140.697,8.0,4.0,2011-04-13T06:35:54.26,36.9579,140.6823,12.0,3.5,-0.9911095969807552,0.9043658875306606
2011-04-11T23:29:51.92,37.0328,140.6912,9.8,3.5,2011-05-28T13:54:11.17,37.0404,140.6825,9.6,3.6,-0.2062005329060312,0.9568999660493924
2011-04-11T23:59:08.6,36.93,140.66,7.0,3.5,2012-03-11T02:14:16.96,36.9349,140.6585,13.5,3.6,0.3654051123874684,0.965821011707127
2011-04-12T14:04:23.4,35.69,140.96,8.0,3.5,2011-04-12T15:14:09.3,35.69,140.95,9.0,3.5,-0.268125245257844,0.949428602453493
2011-04-12T15:14:09.3,35.69,140.95,9.0,3.5,2011-04-19T11:52:34.9,35.7,140.93,10.0,3.7,-0.1926758043828992,0.9142031802674072
2011-04-12T19:34:39.62,37.076,140.6678,18.6,3.8,2011-04-13T23:43:40.34,37.0975,140.801,25.3,3.8,0.8483390853081267,0.9310033557707444
2011-04-13T04:03:11.7,37.34,141.36,46.0,3.5,2011-07-10T18:04:15.0,37.328,141.4139,28.4,3.6,1.804533865643582,0.9024924476850784
2011-04-13T06:35:54.26,36.9579,140.6823,12.0,3.5,2011-04-14T08:14:50.77,37.0341,140.5462,9.5,3.9,0.7329912235378894,0.9599804465783404
2011-04-13T08:26:05.8,38.6226,142.0393,44.4,4.2,2011-05-15T19:07:40.21,38.6425,141.9916,46.1,4.7,-0.2191332730167714,0.907539227572051
2011-04-13T14:04:13.52,37.0601,140.6731,14.1,3.9,2011-04-27T12:27:46.75,37.0912,140.527,8.9,3.9,0.5795310914332047,0.943135031395758
2011-04-13T20:02:30.28,39.5434,143.4931,14.8,5.3,2012-05-22T07:18:30.69,39.6696,143.3276,20.8,5.0,-2.311483469356684,0.942076642213696
2011-04-14T01:33:22.19,39.8057,143.3057,23.5,4.6,2012-04-30T06:31:21.85,39.7108,143.5866,32.6,4.3,-0.5282790756194777,0.9149425906653456
2011-04-14T02:15:39.16,39.6446,143.5514,11.0,4.1,2011-05-29T11:28:36.96,39.6987,143.3876,11.0,4.5,-0.7112934239784565,0.9032934543409228
2011-04-14T04:13:42.33,36.0878,142.1411,15.9,4.3,2011-06-02T00:05:59.25,36.0901,142.137,2.4,3.8,2.066098336585794,0.9753967582257878
2011-04-14T04:13:42.33,36.0878,142.1411,15.9,4.3,2012-01-07T21:30:09.91,36.0791,142.0999,23.4,4.2,-1.5308516924940296,0.966987019329026
2011-04-14T04:46:31.72,39.7411,142.9956,19.0,4.7,2011-09-23T18:35:09.66,39.6195,143.2089,26.9,4.7,0.0421469175437205,0.9000743717159926
2011-04-14T23:50:08.28,36.5256,142.2766,50.0,4.7,2011-05-31T11:26:39.05,36.5112,142.4834,26.3,4.1,2.595860242418525,0.9349830318885144
2011-04-14T23:50:08.28,36.5256,142.2766,50.0,4.7,2011-09-05T19:49:14.91,36.471,142.6035,23.4,4.6,3.277608458248453,0.9492103608242868
2011-04-14T23:50:08.28,36.5256,142.2766,50.0,4.7,2012-03-02T23:22:03.12,36.5132,142.4273,15.0,4.4,4.146135125726794,0.909697227005932
2011-04-15T00:56:26.72,36.4472,142.5414,30.1,4.4,2011-10-29T22:16:01.92,36.4796,142.5301,38.8,4.1,-1.254806661158946,0.9304437225377205
2011-04-15T23:40:10.86,36.7084,141.7117,15.6,3.6,2011-04-16T01:19:29.4,36.69,141.48,36.0,3.5,-3.7778852667510674,0.926163892124688
2011-04-16T04:11:26.02,36.7824,141.9552,0.5,3.6,2011-05-10T10:42:20.2,36.63,141.96,39.0,3.5,-1.83823802833186,0.9705939499949802
2011-04-16T13:36:37.69,39.5805,142.0666,50.5,3.8,2011-05-26T06:57:34.44,39.6139,142.1138,49.3,4.1,-0.2968521278041761,0.910882496101733
2011-04-16T13:36:37.69,39.5805,142.0666,50.5,3.8,2011-08-19T09:58:15.18,39.6245,142.2472,42.8,3.8,0.3349691755130519,0.9570112545833672
2011-04-16T13:36:37.69,39.5805,142.0666,50.5,3.8,2011-10-23T18:58:35.13,39.6388,142.2386,53.5,4.2,-0.0725451272446704,0.9122171534553096
2011-04-16T13:36:37.69,39.5805,142.0666,50.5,3.8,2011-10-26T16:44:02.45,39.6233,142.1234,47.4,3.9,-0.4877968429978145,0.952847582690952
2011-04-16T13:36:37.69,39.5805,142.0666,50.5,3.8,2012-02-03T21:51:35.25,39.6382,142.19,45.2,3.8,0.54717294635637,0.9487023532775336
2011-04-16T13:36:37.69,39.5805,142.0666,50.5,3.8,2012-05-15T00:09:06.0,39.6457,142.1157,47.0,4.0,-0.0254965151895005,0.9140558630383177
2011-04-16T20:54:09.33,38.632,141.9609,48.4,4.0,2011-05-31T23:53:57.73,38.5904,142.0398,41.0,4.2,0.9361642577263548,0.9835807816599528
2011-04-17T01:54:21.26,39.9778,143.5041,26.2,4.5,2011-09-06T10:47:26.71,39.9805,143.6495,18.6,4.5,0.7519605602395587,0.95960649317609
2011-04-17T01:54:21.26,39.9778,143.5041,26.2,4.5,2012-05-08T15:29:45.33,39.9442,143.6423,23.1,4.3,0.9037133928913664,0.9797614727938104
2011-04-18T00:19:18.96,38.8451,142.1655,10.0,3.6,2011-04-30T18:07:07.81,38.8002,142.0593,43.6,3.7,-2.0101730294397697,0.9187417944186204
2011-04-18T00:19:18.96,38.8451,142.1655,10.0,3.6,2011-05-11T15:17:01.33,38.858,142.0462,44.0,3.6,-2.284877688779289,0.919091863388085
2011-04-18T00:19:18.96,38.8451,142.1655,10.0,3.6,2011-05-28T22:09:32.05,38.804,142.1485,50.0,3.7,-1.1499248769935844,0.9237070268360148
2011-04-18T00:19:18.96,38.8451,142.1655,10.0,3.6,2011-06-15T06:07:44.63,38.7532,142.2196,9.3,3.6,3.532397806734666,0.9013837349111544
2011-04-18T00:19:18.96,38.8451,142.1655,10.0,3.6,2011-07-07T16:10:06.26,38.8635,142.0036,46.0,3.6,-2.507498953664302,0.9247740683227124
2011-04-18T00:19:18.96,38.8451,142.1655,10.0,3.6,2011-07-26T14:34:44.69,38.807,142.0519,51.0,3.6,-1.857440438717154,0.9339085933703792
2011-04-18T00:19:18.96,38.8451,142.1655,10.0,3.6,2011-08-16T12:36:05.28,38.822,142.1504,29.2,3.5,-0.2601014342825685,0.9377647472506508
2011-04-18T00:19:18.96,38.8451,142.1655,10.0,3.6,2011-09-11T15:14:22.05,38.8149,142.0422,51.0,3.6,-1.7728145352323024,0.9359582248409938
2011-04-18T00:19:18.96,38.8451,142.1655,10.0,3.6,2011-10-08T09:55:34.19,38.852,142.0983,42.9,3.6,-1.7776056131869002,0.9281135638859012
2011-04-18T00:19:18.96,38.8451,142.1655,10.0,3.6,2011-11-13T13:31:00.82,38.8403,142.0992,31.4,3.6,-1.404159504169891,0.93365399064076
2011-04-18T00:19:18.96,38.8451,142.1655,10.0,3.6,2012-03-25T00:16:13.7,38.85,142.06,46.0,3.5,-2.13970264754315,0.910689101061706
2011-04-18T00:19:18.96,38.8451,142.1655,10.0,3.6,2012-05-12T17:14:39.98,38.8345,142.0632,44.3,3.5,-1.924045804358396,0.9119494671955508
2011-04-18T10:56:04.52,38.5057,141.9574,45.9,4.1,2011-07-25T10:08:14.16,38.5016,141.9001,47.8,3.6,0.0192594113683013,0.9121613017552276
2011-04-19T07:18:28.3,37.14,142.43,18.0,3.8,2011-06-15T05:32:37.97,37.0738,142.3608,6.1,4.2,1.067684454336782,0.989872498026648
2011-04-19T07:18:28.3,37.14,142.43,18.0,3.8,2011-09-15T04:35:51.4,37.17,142.42,3.0,4.0,1.7767975435570924,0.98502402309273
2011-04-19T19:29:22.85,37.0774,141.2301,50.9,4.4,2011-08-06T14:45:36.32,37.0478,141.2794,53.9,4.3,-0.2162919931114663,0.9887155568610552
2011-04-19T19:29:22.85,37.0774,141.2301,50.9,4.4,2012-01-26T12:22:13.38,36.9898,141.4008,29.7,4.2,2.785296107730204,0.9876175309020822
2011-04-20T06:05:20.4,38.84,142.03,45.0,4.0,2011-06-15T15:36:32.64,38.8184,142.1405,46.5,3.8,0.3530828376093987,0.9382164657692508
2011-04-20T06:05:20.4,38.84,142.03,45.0,4.0,2011-07-22T09:03:08.45,38.8735,142.0398,51.0,3.8,-0.832510310258691,0.9358103707839016
2011-04-20T06:05:20.4,38.84,142.03,45.0,4.0,2011-08-21T19:42:35.24,38.8174,142.1138,48.2,3.9,0.6024337381266227,0.9333871686399656
2011-04-20T06:05:20.4,38.84,142.03,45.0,4.0,2011-11-11T17:24:20.31,38.8512,142.0722,43.8,4.0,0.1136981691360908,0.9303839666258096
2011-04-20T06:05:20.4,38.84,142.03,45.0,4.0,2012-01-15T10:36:46.71,38.8009,142.1518,43.2,3.8,0.7101252196258276,0.9300740669277464
2011-04-20T06:05:20.4,38.84,142.03,45.0,4.0,2012-03-30T03:37:07.2,38.8322,142.084,47.3,3.7,0.1068655662338701,0.9314931637426556
2011-04-22T03:12:54.53,38.525,141.909,47.7,4.4,2011-07-25T20:39:54.83,38.5446,141.8238,43.3,4.6,0.140099235326089,0.9534803354525404
2011-04-22T03:12:54.53,38.525,141.909,47.7,4.4,2012-02-27T16:30:33.02,38.5401,141.9053,48.6,4.5,0.0359056195994974,0.9134962780843852
2011-04-22T15:58:15.35,36.9576,141.0919,46.7,3.7,2011-05-27T08:51:47.3,36.9449,141.2819,39.6,3.5,0.9779973045686232,0.9441378347033867
2011-04-22T15:58:15.35,36.9576,141.0919,46.7,3.7,2011-07-14T15:04:16.4,36.94,141.09,50.0,3.5,-0.2988153119171232,0.9101504543656947
2011-04-23T02:13:29.81,38.1695,141.7681,47.2,3.5,2011-07-09T13:35:25.8,38.1543,141.7318,46.8,3.7,-0.2557220405495914,0.9769946166974316
2011-04-23T02:13:29.81,38.1695,141.7681,47.2,3.5,2011-08-20T11:02:51.03,38.1667,141.7198,48.0,3.9,-0.3702356674647435,0.9229771555765576
2011-04-23T02:13:29.81,38.1695,141.7681,47.2,3.5,2011-11-07T22:13:18.32,38.1489,141.7726,46.1,3.7,0.114341872082515,0.9701118508617432
2011-04-23T05:36:53.21,39.9747,143.7705,16.0,3.9,2012-01-09T06:19:23.34,40.0048,143.6946,6.0,3.8,1.5907855425042472,0.9263493395134634
2011-04-23T11:38:09.2,36.6499,142.1873,1.6,4.4,2011-07-03T16:17:54.73,36.6755,142.2543,15.0,4.2,-2.103827756452658,0.9816286794154656
2011-04-23T11:38:09.2,36.6499,142.1873,1.6,4.4,2011-11-02T10:05:00.96,36.6322,142.1434,19.0,4.2,-3.719672482106876,0.9840877517248968
2011-04-23T14:45:34.76,37.313,141.4715,37.9,3.8,2011-07-10T18:04:15.0,37.328,141.4139,28.4,3.6,1.184325709996256,0.9886775987048916
2011-04-23T14:45:34.76,37.313,141.4715,37.9,3.8,2011-12-17T06:35:54.0,37.35,141.35,48.0,3.5,-0.6486258268081778,0.9903293017418204
2011-04-24T09:08:09.73,36.723,142.2379,19.0,3.8,2011-05-17T06:47:10.92,36.7415,142.1763,19.0,3.6,-0.2975583766950032,0.9952799712840792
2011-04-24T09:08:09.73,36.723,142.2379,19.0,3.8,2011-06-21T17:49:31.52,36.6742,142.3134,15.0,3.5,1.075013756316562,0.9891224962194032
2011-04-24T09:08:09.73,36.723,142.2379,19.0,3.8,2011-08-12T17:56:32.96,36.7205,142.3465,15.0,3.9,0.5222604885256584,0.974249499044646
2011-04-24T12:06:05.4,36.71,142.57,47.0,3.6,2011-06-26T08:41:23.5,36.6431,142.4634,15.0,3.8,-0.2617617252981896,0.9467259901208228
2011-04-24T13:48:29.59,36.6587,142.3425,15.0,3.7,2011-06-06T23:58:24.67,36.6638,142.3815,15.0,3.6,0.0017528385264992,0.9891242636803452
2011-04-24T13:48:29.59,36.6587,142.3425,15.0,3.7,2011-06-07T00:06:50.92,36.7113,142.3545,10.0,3.6,0.2132747998900848,0.9686097027207646
2011-04-24T13:48:29.59,36.6587,142.3425,15.0,3.7,2011-08-12T23:30:40.3,36.71,142.4,14.0,3.6,1.1504098638905933,0.9876514196538736
2011-04-24T13:48:29.59,36.6587,142.3425,15.0,3.7,2011-08-12T23:36:48.6,36.71,142.43,12.0,3.5,1.513363558477459,0.9627919581427344
2011-04-25T10:22:36.42,36.2576,141.0103,5.2,3.9,2011-06-23T16:25:29.89,36.0807,141.1876,5.4,3.5,2.161424809397493,0.9164664533914108
2011-04-26T02:16:43.64,39.8893,142.2361,46.0,3.7,2011-07-24T06:36:10.06,40.0227,142.5642,10.3,3.7,5.776975934297667,0.9027898499125911
2011-04-26T11:00:45.97,38.251,142.0064,31.9,3.6,2011-06-01T14:36:39.07,38.2685,141.9873,29.9,3.8,-0.8394958498437612,0.926770773842438
2011-04-26T18:06:28.08,36.4151,143.1903,29.0,4.1,2011-04-26T18:10:19.61,36.4438,143.2699,35.0,3.8,-0.7957522799180407,0.9030154852602992
2011-04-27T08:35:36.34,35.6774,140.8725,43.6,3.6,2011-08-22T21:09:00.47,35.6766,140.8147,46.4,3.5,-0.939151849974258,0.9977510367302038
2011-04-27T19:27:14.12,36.2921,141.9948,19.0,3.8,2011-06-08T10:44:52.72,36.2957,141.9451,19.0,3.5,-0.673808505817353,0.9512107498637395
2011-04-28T10:45:43.4,36.71,142.12,27.0,3.5,2011-04-28T16:40:45.65,36.6401,141.8181,19.0,3.8,-0.4909023975467645,0.902944359639722
2011-04-28T10:45:43.4,36.71,142.12,27.0,3.5,2011-05-05T20:10:56.14,36.6316,142.1721,1.3,4.1,3.132282110474464,0.9256679986577654
2011-04-28T10:45:43.4,36.71,142.12,27.0,3.5,2011-07-09T03:46:28.16,36.7412,142.0387,19.0,3.7,-0.0603904814181277,0.9102872106164606
2011-04-28T10:45:43.4,36.71,142.12,27.0,3.5,2012-02-23T12:26:29.66,36.681,142.0847,19.0,3.7,0.2536395704699743,0.9043421764404026
2011-04-28T16:40:45.65,36.6401,141.8181,19.0,3.8,2011-07-09T03:46:28.16,36.7412,142.0387,19.0,3.7,0.4320249019892022,0.9966552964483348
2011-04-28T16:40:45.65,36.6401,141.8181,19.0,3.8,2012-02-23T12:26:29.66,36.681,142.0847,19.0,3.7,0.7533204585891475,0.9567062039032176
2011-04-28T16:43:51.86,38.5809,141.9591,44.4,3.7,2011-06-07T18:30:41.39,38.5855,142.0409,45.5,3.8,0.3097357223623048,0.984397802442198
2011-04-28T16:43:51.86,38.5809,141.9591,44.4,3.7,2012-03-02T21:16:17.5,38.62,141.91,48.0,3.7,-0.4631183711650871,0.940838428722574
2011-04-28T20:20:03.7,36.7,142.1,27.0,3.7,2011-05-05T20:10:56.14,36.6316,142.1721,1.3,4.1,3.0083455827765446,0.9303818745030014
2011-04-28T20:20:03.7,36.7,142.1,27.0,3.7,2011-12-18T21:50:43.97,36.7521,142.0872,35.0,3.6,-2.976807786689284,0.989466558607914
2011-04-29T05:45:37.7,37.01,141.13,50.0,3.7,2011-05-23T10:37:47.29,37.001,141.2753,39.9,3.9,0.98496469878003,0.9154874708083984
2011-04-29T05:45:37.7,37.01,141.13,50.0,3.7,2012-03-01T14:49:53.72,37.0457,141.1883,49.1,4.1,0.0158841292711977,0.9222948334237476
2011-04-29T22:19:31.13,38.8624,142.0702,43.7,5.2,2011-07-24T15:07:09.31,38.8871,142.061,49.6,5.2,-0.3664709490896528,0.978362416139178
2011-04-29T22:19:31.13,38.8624,142.0702,43.7,5.2,2011-11-26T01:43:20.11,38.8117,142.2017,44.0,4.5,0.4950856340418549,0.9004424775153189
2011-04-30T11:13:50.97,35.1746,141.687,25.5,4.9,2011-10-31T09:02:29.62,35.1139,141.6598,34.9,4.7,-1.8568412619496768,0.9046711885807304
2011-04-30T18:07:07.81,38.8002,142.0593,43.6,3.7,2011-05-11T15:17:01.33,38.858,142.0462,44.0,3.6,-0.2733642330633131,0.95954834665561
2011-04-30T18:07:07.81,38.8002,142.0593,43.6,3.7,2011-05-28T22:09:32.05,38.804,142.1485,50.0,3.7,0.8600658593505517,0.958423084286039
2011-04-30T18:07:07.81,38.8002,142.0593,43.6,3.7,2011-06-15T06:07:44.63,38.7532,142.2196,9.3,3.6,5.544303066443752,0.9272238038937932
2011-04-30T18:07:07.81,38.8002,142.0593,43.6,3.7,2011-07-07T16:10:06.26,38.8635,142.0036,46.0,3.6,-0.4963997458260764,0.9622981618948958
2011-04-30T18:07:07.81,38.8002,142.0593,43.6,3.7,2011-07-26T14:34:44.69,38.807,142.0519,51.0,3.6,0.1542940028285604,0.9621627082995364
2011-04-30T18:07:07.81,38.8002,142.0593,43.6,3.7,2011-08-16T12:36:05.28,38.822,142.1504,29.2,3.5,1.7507245174732624,0.9567052095348916
2011-04-30T18:07:07.81,38.8002,142.0593,43.6,3.7,2011-09-11T15:14:22.05,38.8149,142.0422,51.0,3.6,0.2385353137603671,0.9542182335570172
2011-04-30T18:07:07.81,38.8002,142.0593,43.6,3.7,2011-10-08T09:55:34.19,38.852,142.0983,42.9,3.6,0.2335950946719814,0.9592543520655686
2011-04-30T18:07:07.81,38.8002,142.0593,43.6,3.7,2011-11-13T13:31:00.82,38.8403,142.0992,31.4,3.6,0.6057500453666371,0.9656197638564186
2011-04-30T18:07:07.81,38.8002,142.0593,43.6,3.7,2012-03-25T00:16:13.7,38.85,142.06,46.0,3.5,-0.1280130128335754,0.949543033815296
2011-04-30T18:07:07.81,38.8002,142.0593,43.6,3.7,2012-05-12T17:14:39.98,38.8345,142.0632,44.3,3.5,0.0862562182982271,0.942286740189099
2011-04-30T18:08:46.55,39.9323,143.5636,6.0,4.3,2011-09-14T01:09:13.64,39.8376,143.6992,6.0,4.3,0.3360824861186002,0.9114950112197594
2011-05-01T01:27:44.62,35.8962,140.9588,31.6,4.5,2012-01-05T20:55:47.41,35.8821,140.9612,47.9,4.5,-1.8303991700781648,0.9940333138048888
2011-05-01T06:12:21.17,36.6952,142.244,26.2,4.1,2011-07-10T19:16:33.69,36.7152,142.2603,11.5,4.3,2.31175978211902,0.961000243007352
2011-05-01T06:12:21.17,36.6952,142.244,26.2,4.1,2012-02-13T16:55:08.37,36.6807,142.3703,2.5,4.4,3.772727452969796,0.9426299892477398
2011-05-01T10:22:40.66,35.9031,140.7592,32.5,4.4,2011-12-25T17:41:37.8,35.9437,140.893,43.6,4.5,-0.8021529936505065,0.9575921719154578
2011-05-02T21:25:49.66,40.0658,142.6678,38.4,5.1,2011-12-20T06:26:21.37,40.1023,142.7107,41.7,5.0,-0.3525161086762443,0.9851538165266324
2011-05-03T06:20:54.44,36.387,142.7469,15.0,3.6,2011-08-13T09:09:31.73,36.4126,142.779,29.0,3.5,-1.689529024524472,0.9753980526486372
2011-05-03T06:20:54.44,36.387,142.7469,15.0,3.6,2012-03-12T07:07:45.7,36.4411,142.6338,15.0,3.6,-0.6515845541135719,0.9632385631166752
2011-05-03T11:44:08.76,37.4845,141.48,57.5,4.3,2011-08-25T19:12:34.4,37.4848,141.5242,43.9,4.1,1.0340563591639136,0.921657007820728
2011-05-03T11:44:08.76,37.4845,141.48,57.5,4.3,2012-01-01T12:06:40.45,37.5045,141.5147,41.3,3.5,1.178554749702537,0.9126691989059456
2011-05-03T11:44:08.76,37.4845,141.48,57.5,4.3,2012-04-20T01:34:07.44,37.5052,141.4787,45.8,3.9,0.7854070727648513,0.9436496314071764
2011-05-03T22:01:30.06,38.337,142.0704,42.3,4.2,2011-05-07T14:25:39.99,38.2698,142.0394,25.7,4.0,1.8794865688701488,0.9149214960246976
2011-05-03T23:58:07.59,36.9095,141.5524,33.0,4.1,2011-08-23T14:56:21.5,36.7614,141.6951,25.9,3.9,2.655006122024076,0.9503012392203825
2011-05-04T09:30:31.86,39.4403,143.6121,28.1,4.2,2011-08-02T15:34:50.38,39.3265,144.0444,11.0,4.3,4.551107642572156,0.947950676581251
2011-05-04T09:30:31.86,39.4403,143.6121,28.1,4.2,2012-03-13T18:39:24.26,39.4741,143.7591,11.0,4.0,1.928377329794001,0.9299355215208096
2011-05-04T12:12:16.8,37.38,142.28,8.0,3.5,2011-05-04T12:14:20.76,37.3491,142.2623,21.0,3.6,-2.105649770839406,0.9196971514101202
2011-05-04T13:18:49.37,38.9089,142.0262,44.0,4.2,2011-10-28T02:06:46.92,38.8556,142.001,55.0,3.9,-0.974707429972353,0.9105626207300764
2011-05-04T21:13:44.3,38.1706,141.7982,44.8,3.9,2011-08-13T05:15:06.59,38.1686,141.8185,42.7,3.8,-0.1670423529301108,0.9701520030379522
2011-05-04T21:13:44.3,38.1706,141.7982,44.8,3.9,2011-11-16T08:34:00.54,38.1787,141.7783,44.0,3.5,-0.1870509242897086,0.9656609322542224
2011-05-05T02:09:21.58,36.9824,142.3342,10.5,4.2,2011-08-12T19:01:20.3,37.0217,142.2011,37.8,3.9,-4.732354892359428,0.9927659897319074
2011-05-05T04:28:54.41,35.8783,140.9333,46.3,3.6,2012-01-09T09:23:29.94,35.8873,140.9177,30.9,3.6,0.7421424768149135,0.9769238722825376
2011-05-05T04:35:57.41,34.8002,142.9713,0.6,4.2,2011-05-28T01:39:19.53,34.7441,142.836,35.0,3.9,-6.364453574638702,0.9423410622526726
2011-05-05T06:07:25.09,37.4704,143.6089,35.0,3.5,2011-05-05T06:10:09.27,37.5128,143.4212,54.1,3.5,-1.7995631681661886,0.9055794488178432
2011-05-05T11:02:10.47,36.9426,141.2762,41.0,3.9,2011-06-29T14:19:34.05,36.9621,141.1264,46.4,3.9,-1.4146801111502805,0.9936982438621668
2011-05-05T11:02:10.47,36.9426,141.2762,41.0,3.9,2011-09-29T18:29:59.67,36.9597,141.1662,48.5,3.9,-0.3349939266233661,0.985994203437276
2011-05-05T11:02:10.47,36.9426,141.2762,41.0,3.9,2011-12-31T05:48:40.29,36.9568,141.1628,45.2,3.7,-0.804974813099744,0.9858214039827728
2011-05-05T13:23:39.35,38.8845,142.0132,49.0,3.9,2012-04-17T08:51:44.57,38.9087,142.0315,46.8,3.8,-0.4818700294713314,0.9312041520851392
2011-05-05T20:10:56.14,36.6316,142.1721,1.3,4.1,2011-12-18T21:50:43.97,36.7521,142.0872,35.0,3.6,-5.985430450437573,0.9265629667373364
2011-05-05T20:15:10.41,36.7282,142.3,15.0,4.2,2011-06-10T18:33:23.56,36.817,142.1446,28.3,4.7,-2.0889163898128387,0.9180606241549912
2011-05-05T20:15:10.41,36.7282,142.3,15.0,4.2,2011-09-10T06:21:40.26,36.7413,142.3261,19.0,4.5,-0.6198443699182349,0.9619299516926484
2011-05-05T20:15:10.41,36.7282,142.3,15.0,4.2,2012-03-09T05:31:48.78,36.8324,142.1271,28.8,4.7,-2.482321510742339,0.9346908697510716
2011-05-05T22:20:02.14,39.1083,142.9893,37.7,3.9,2011-07-03T21:47:23.04,39.0857,143.1583,27.5,3.8,3.100084069019043,0.9730691831946968
2011-05-05T22:20:02.14,39.1083,142.9893,37.7,3.9,2011-12-01T13:53:36.95,39.1198,142.8744,9.8,4.2,3.208547272258441,0.981695300345537
2011-05-06T06:43:53.27,38.3565,142.1262,22.0,4.2,2011-06-05T21:37:47.27,38.342,142.2465,4.3,3.6,1.7269048296916707,0.9022282965989472
2011-05-06T11:26:18.66,38.144,141.8624,37.5,3.7,2011-12-17T09:15:19.98,38.1721,141.7673,52.7,3.7,-1.5750598551592083,0.98632070917407
2011-05-06T23:24:52.73,35.4453,141.6749,25.0,3.8,2011-07-18T12:37:10.7,35.5103,141.7596,10.8,3.8,2.300658706078728,0.9942037864752976
2011-05-07T02:57:00.33,38.2847,141.9914,40.5,3.7,2012-01-18T14:11:23.96,38.2837,142.0295,35.8,3.7,0.0284767047834877,0.9809306249665092
2011-05-07T19:56:25.7,36.1235,141.927,23.0,3.9,2012-03-28T05:14:01.39,36.0276,141.9574,23.0,3.9,0.3112241274994319,0.9801200913082302
2011-05-07T22:45:35.64,39.5359,143.445,11.0,4.3,2012-03-09T17:16:09.25,39.5029,143.3196,11.0,4.4,-0.4965394359994819,0.965900528790631
2011-05-08T04:53:42.49,37.039,141.0768,50.8,4.4,2011-06-24T14:46:53.15,37.0139,141.1132,50.9,4.3,0.4263412510040901,0.9908562932711872
2011-05-09T00:05:43.65,36.5153,142.0594,19.0,3.9,2011-06-25T07:44:44.69,36.6811,141.985,19.0,3.8,-1.022531760778547,0.9937229401886296
2011-05-09T00:05:43.65,36.5153,142.0594,19.0,3.9,2012-01-24T21:59:20.71,36.578,141.9476,19.0,3.7,-1.019481500984453,0.980057251289606
2011-05-09T14:53:26.08,36.1407,141.9416,23.0,3.5,2011-10-06T12:30:21.06,36.1524,141.9604,23.0,3.6,-0.1659532625446595,0.988978620840642
2011-05-10T05:40:32.59,37.6111,141.5169,48.3,4.0,2011-08-14T05:14:46.45,37.5975,141.5622,52.6,3.8,0.3642495365228068,0.9888221575192392
2011-05-10T05:40:32.59,37.6111,141.5169,48.3,4.0,2011-12-03T21:04:06.2,37.6057,141.5522,49.1,3.6,0.3515717230399934,0.9927654289499166
2011-05-10T16:12:36.33,36.6892,142.0545,25.8,4.3,2011-07-29T18:27:47.13,36.699,141.94,24.8,4.7,-0.2039921492387362,0.970189431515344
2011-05-10T16:12:36.33,36.6892,142.0545,25.8,4.3,2012-01-11T01:33:38.03,36.6519,142.0174,24.2,4.3,-0.0906344984370408,0.9401555846805224
2011-05-10T19:58:10.22,38.886,141.9967,52.2,4.0,2011-06-15T12:48:26.66,38.8691,142.0062,54.3,4.0,-0.4104078480333765,0.9576445066277652
2011-05-10T19:58:10.22,38.886,141.9967,52.2,4.0,2011-07-16T13:23:02.88,38.8939,141.9747,50.4,4.0,-0.2324130889890329,0.9302170542811542
2011-05-10T19:58:10.22,38.886,141.9967,52.2,4.0,2011-08-25T23:34:08.83,38.8431,142.0464,46.1,3.9,0.5200762917470767,0.980092338954731
2011-05-10T19:58:10.22,38.886,141.9967,52.2,4.0,2011-11-11T07:52:11.62,38.9187,141.9048,50.1,3.9,-1.100466695164615,0.9617746669666152
2011-05-10T19:58:10.22,38.886,141.9967,52.2,4.0,2011-12-30T19:11:32.91,38.8454,141.9692,51.0,3.8,-0.0911058651363535,0.991544643952375
2011-05-10T19:58:10.22,38.886,141.9967,52.2,4.0,2012-03-03T13:26:18.41,38.8307,142.1137,48.1,3.9,0.3098547992611494,0.987415005612618
2011-05-10T19:58:10.22,38.886,141.9967,52.2,4.0,2012-05-03T07:15:45.5,38.888,141.9318,49.4,4.0,-0.7146424524798262,0.9807432024504632
2011-05-11T00:50:49.05,38.1672,141.7605,44.6,3.9,2011-08-18T05:34:39.63,38.1548,141.686,60.4,3.9,-1.7445081550545505,0.973767597570142
2011-05-11T15:17:01.33,38.858,142.0462,44.0,3.6,2011-05-28T22:09:32.05,38.804,142.1485,50.0,3.7,1.1338103325538154,0.9656296967112724
2011-05-11T15:17:01.33,38.858,142.0462,44.0,3.6,2011-06-15T06:07:44.63,38.7532,142.2196,9.3,3.6,5.816649197660719,0.9190418600107254
2011-05-11T15:17:01.33,38.858,142.0462,44.0,3.6,2011-07-07T16:10:06.26,38.8635,142.0036,46.0,3.6,-0.2226897258202833,0.9673381068353398
2011-05-11T15:17:01.33,38.858,142.0462,44.0,3.6,2011-07-26T14:34:44.69,38.807,142.0519,51.0,3.6,0.4279609650970422,0.9693020837778556
2011-05-11T15:17:01.33,38.858,142.0462,44.0,3.6,2011-08-16T12:36:05.28,38.822,142.1504,29.2,3.5,2.0251743309499743,0.9613230782492972
2011-05-11T15:17:01.33,38.858,142.0462,44.0,3.6,2011-09-11T15:14:22.05,38.8149,142.0422,51.0,3.6,0.5124737850812529,0.9607879209046264
2011-05-11T15:17:01.33,38.858,142.0462,44.0,3.6,2011-10-08T09:55:34.19,38.852,142.0983,42.9,3.6,0.5073793934675126,0.9685437621975728
2011-05-11T15:17:01.33,38.858,142.0462,44.0,3.6,2011-11-13T13:31:00.82,38.8403,142.0992,31.4,3.6,0.879487126381143,0.967989767033473
2011-05-11T15:17:01.33,38.858,142.0462,44.0,3.6,2011-12-20T02:13:17.48,38.8263,142.0479,51.0,3.6,0.1843815154933853,0.9040234266743932
2011-05-11T15:17:01.33,38.858,142.0462,44.0,3.6,2012-03-25T00:16:13.7,38.85,142.06,46.0,3.5,0.1463954580656072,0.9563244386573976
2011-05-11T15:17:01.33,38.858,142.0462,44.0,3.6,2012-05-12T17:14:39.98,38.8345,142.0632,44.3,3.5,0.3601339958733032,0.9506856334369364
2011-05-11T18:21:47.54,38.5256,141.8706,52.3,4.6,2011-09-20T20:59:04.21,38.5593,141.8434,52.3,4.8,-0.4264506044174063,0.9380686983699904
2011-05-11T18:21:47.54,38.5256,141.8706,52.3,4.6,2012-03-08T03:23:28.39,38.5739,141.8401,55.7,4.8,-0.7808010414371649,0.9332979919352704
2011-05-11T22:31:44.52,38.6272,144.7429,35.0,3.7,2012-05-27T02:31:38.42,38.5711,144.7348,29.0,3.7,0.6113065949500673,0.990562657332668
2011-05-12T20:03:04.68,38.8086,142.026,51.0,3.8,2011-06-24T01:21:44.96,38.8818,142.1235,51.0,3.6,0.1474565728345842,0.977045775743152
2011-05-12T20:03:04.68,38.8086,142.026,51.0,3.8,2011-07-31T08:28:53.47,38.8579,142.1698,41.8,3.8,0.5772042324649901,0.990766804729694
2011-05-12T20:03:04.68,38.8086,142.026,51.0,3.8,2011-11-10T05:49:23.88,38.8235,142.1085,41.4,3.5,0.7329146778089122,0.956736435472564
2011-05-12T20:24:34.86,38.5966,142.0721,44.7,3.8,2011-06-22T10:16:01.56,38.589,141.9754,47.6,3.9,-0.8605169804343906,0.9377804292159414
2011-05-12T20:24:34.86,38.5966,142.0721,44.7,3.8,2011-07-10T02:21:58.75,38.6517,142.0206,44.6,3.7,-1.074850129423086,0.9565176488903584
2011-05-12T20:24:34.86,38.5966,142.0721,44.7,3.8,2011-09-23T13:08:58.84,38.6058,142.0237,44.2,3.8,-1.239364961685132,0.9825578191601946
2011-05-12T20:24:34.86,38.5966,142.0721,44.7,3.8,2011-11-27T22:25:37.34,38.6361,141.9849,47.3,3.8,-1.4152076524814232,0.9745513236314118
2011-05-12T20:24:34.86,38.5966,142.0721,44.7,3.8,2011-12-31T10:29:00.61,38.6187,142.1108,42.2,3.8,-0.2936808355130388,0.9793950121028784
2011-05-12T20:24:34.86,38.5966,142.0721,44.7,3.8,2012-02-05T12:44:57.46,38.603,142.0346,45.6,3.9,-0.7978061067018691,0.9871221381971071
2011-05-12T20:24:34.86,38.5966,142.0721,44.7,3.8,2012-03-14T13:28:08.53,38.6288,141.9903,46.5,3.9,-0.8949017420483946,0.9785422719816482
2011-05-12T20:24:34.86,38.5966,142.0721,44.7,3.8,2012-05-01T22:07:48.82,38.6343,142.0099,45.2,3.6,-1.1188484139732668,0.9850840460759354
2011-05-13T02:29:48.83,38.6843,142.0775,41.0,3.9,2011-09-11T09:22:06.35,38.6294,142.1295,13.2,3.5,4.079781577217394,0.9709447977927832
2011-05-14T16:45:10.52,38.8205,142.1012,43.7,3.9,2011-06-15T15:36:32.64,38.8184,142.1405,46.5,3.8,-0.3998799275709424,0.948969712906185
2011-05-14T16:45:10.52,38.8205,142.1012,43.7,3.9,2011-07-22T09:03:08.45,38.8735,142.0398,51.0,3.8,-1.584598385305818,0.9596802801177012
2011-05-14T16:45:10.52,38.8205,142.1012,43.7,3.9,2011-08-21T19:42:35.24,38.8174,142.1138,48.2,3.9,-0.1505390432946104,0.9511215070271484
2011-05-14T16:45:10.52,38.8205,142.1012,43.7,3.9,2011-11-11T17:24:20.31,38.8512,142.0722,43.8,4.0,-0.6389860996406341,0.9535860346035212
2011-05-14T16:45:10.52,38.8205,142.1012,43.7,3.9,2012-01-15T10:36:46.71,38.8009,142.1518,43.2,3.8,-0.0418874207991791,0.9542301986038736
2011-05-14T16:45:10.52,38.8205,142.1012,43.7,3.9,2012-03-30T03:37:07.2,38.8322,142.084,47.3,3.7,-0.6452476061073464,0.9472603319268864
2011-05-15T04:39:27.12,34.9915,142.9161,35.0,3.5,2011-05-15T04:49:59.52,34.9571,142.9063,35.0,3.5,-0.3071510149560265,0.936233623001155
2011-05-15T04:39:27.12,34.9915,142.9161,35.0,3.5,2011-06-13T16:39:54.14,34.8842,142.8007,35.0,3.5,-1.700052595740185,0.9272485632382128
2011-05-15T04:49:59.52,34.9571,142.9063,35.0,3.5,2011-06-13T16:39:54.14,34.8842,142.8007,35.0,3.5,-1.3895038530163375,0.944102496090642
2011-05-16T21:51:58.91,36.7538,142.1151,19.0,3.8,2011-09-09T10:49:12.71,36.6779,142.2541,15.0,4.0,0.770674205610077,0.9908825929724312
2011-05-17T04:54:48.5,39.2989,142.2648,42.8,3.9,2011-07-05T02:00:48.12,39.2216,142.3432,28.8,3.8,2.3745680276829497,0.9609471973874676
2011-05-17T04:54:48.5,39.2989,142.2648,42.8,3.9,2011-09-10T10:01:08.36,39.2427,142.4243,31.4,3.9,2.385453042114847,0.9639164259103796
2011-05-17T04:54:48.5,39.2989,142.2648,42.8,3.9,2011-12-02T04:02:36.45,39.2897,142.3022,38.4,3.8,0.5636461281406004,0.9339475217460758
2011-05-17T04:54:48.5,39.2989,142.2648,42.8,3.9,2012-03-18T05:55:47.63,39.2806,142.4531,28.0,3.7,3.358064420396501,0.946295524831597
2011-05-17T06:47:10.92,36.7415,142.1763,19.0,3.6,2011-06-21T17:49:31.52,36.6742,142.3134,15.0,3.5,1.3731043131391651,0.9886615074814618
2011-05-17T06:47:10.92,36.7415,142.1763,19.0,3.6,2011-08-12T17:56:32.96,36.7205,142.3465,15.0,3.9,0.8204656831768453,0.9687865935470183
2011-05-17T08:49:17.15,39.8955,142.2056,45.5,3.5,2011-06-24T23:52:15.7,39.936,142.2791,44.0,3.7,0.5624803318816366,0.9094366576709152
2011-05-17T08:49:17.15,39.8955,142.2056,45.5,3.5,2011-07-24T06:36:10.06,40.0227,142.5642,10.3,3.7,5.914432878398032,0.9284650498031488
2011-05-17T08:49:17.15,39.8955,142.2056,45.5,3.5,2011-09-13T13:04:26.6,39.9059,142.3287,42.9,3.7,0.6587105079846106,0.9377681903041588
2011-05-17T18:35:13.57,39.754,141.8275,59.2,3.5,2011-12-18T00:04:26.1,39.7502,141.8136,54.0,3.5,-0.5497804149908263,0.9345009792545732
2011-05-18T11:16:37.5,38.3495,142.1846,6.5,4.0,2011-06-04T00:40:26.55,38.3682,142.2151,16.1,3.9,-2.1099424949471866,0.956877796453862
2011-05-19T14:01:45.84,38.5656,141.9498,45.0,3.8,2011-07-08T04:51:33.9,38.62,141.91,48.0,3.7,-0.5174941195903762,0.9743125634867336
2011-05-19T14:01:45.84,38.5656,141.9498,45.0,3.8,2011-10-18T09:06:01.09,38.6007,142.0317,47.6,4.1,0.3145209333856751,0.9391100529930672
2011-05-19T14:01:45.84,38.5656,141.9498,45.0,3.8,2011-12-02T08:58:45.26,38.5951,141.9711,41.4,3.8,-0.209782139259499,0.942668621972062
2011-05-19T14:01:45.84,38.5656,141.9498,45.0,3.8,2012-01-18T08:55:38.94,38.6071,142.0718,43.8,4.3,0.6805656385781612,0.9104830444911398
2011-05-19T14:01:45.84,38.5656,141.9498,45.0,3.8,2012-03-21T18:25:03.96,38.5578,142.061,46.7,4.0,0.428291691856121,0.9417229655778356
2011-05-20T03:50:17.88,37.0434,141.3391,38.9,3.9,2011-08-23T20:04:45.98,37.0178,141.3806,44.8,3.9,0.1666212824053226,0.925304291985395
2011-05-20T03:50:17.88,37.0434,141.3391,38.9,3.9,2012-01-24T08:07:43.8,37.0524,141.3215,40.8,4.0,-0.6217433059610801,0.9604508256538692
2011-05-20T03:50:17.88,37.0434,141.3391,38.9,3.9,2012-05-08T05:43:17.23,37.1048,141.2982,54.9,4.1,-1.443877248055084,0.973992021331579
2011-05-20T11:42:15.8,38.1607,141.8013,47.5,3.9,2011-09-16T21:42:36.11,38.1609,141.7852,47.4,4.1,-0.328561868881791,0.9833436608940964
2011-05-20T22:10:53.74,35.9959,141.8726,23.6,4.5,2011-08-22T12:11:24.97,36.01,141.8653,23.0,4.5,0.1908330109277184,0.9854512201420084
2011-05-21T08:51:45.98,35.9411,140.4323,50.0,3.6,2011-10-31T01:31:40.43,35.9959,140.3574,57.6,3.5,-1.4498918840214212,0.9600336285709604
2011-05-22T08:33:40.92,39.212,142.8443,34.7,4.7,2012-02-10T00:38:36.37,39.1914,142.8456,43.5,4.1,-0.5642769945465538,0.9066528593277956
2011-05-23T10:37:47.29,37.001,141.2753,39.9,3.9,2011-06-18T09:12:49.52,36.9695,141.2248,48.6,4.0,-0.7818201750496542,0.9282863321783784
2011-05-23T10:37:47.29,37.001,141.2753,39.9,3.9,2012-03-01T14:49:53.72,37.0457,141.1883,49.1,4.1,-0.9703270272172804,0.9729315905265562
2011-05-23T21:33:04.44,38.6129,144.7158,35.0,3.6,2011-10-18T06:35:21.48,38.6168,144.716,29.0,3.9,0.2367704617580507,0.9016790357599636
2011-05-23T21:55:27.53,38.5093,141.8342,51.1,3.8,2011-07-13T19:35:41.9,38.4864,141.8268,53.8,3.8,0.3631722764550952,0.9880132499240848
2011-05-23T21:55:27.53,38.5093,141.8342,51.1,3.8,2011-08-30T12:46:15.86,38.5099,141.8259,52.3,3.7,-0.156426976069535,0.9850287661039092
2011-05-23T21:55:27.53,38.5093,141.8342,51.1,3.8,2011-10-23T16:32:10.98,38.5134,141.819,51.8,3.9,-0.0554052450072056,0.9134828729787074
2011-05-23T21:55:27.53,38.5093,141.8342,51.1,3.8,2011-11-01T15:26:40.6,38.54,141.72,54.0,3.7,-0.671757205973828,0.9941451412849612
2011-05-23T21:55:27.53,38.5093,141.8342,51.1,3.8,2011-12-26T22:28:50.84,38.5167,141.7922,52.6,3.7,0.049341821745235,0.9889339123359754
2011-05-23T21:55:27.53,38.5093,141.8342,51.1,3.8,2012-02-22T11:03:23.44,38.5226,141.8087,48.2,3.6,-0.0348514696432534,0.9851545908601792
2011-05-23T21:55:27.53,38.5093,141.8342,51.1,3.8,2012-05-11T16:36:38.53,38.5256,141.8349,47.9,3.8,0.1387128481609722,0.990690939420562
2011-05-23T23:56:38.85,36.0546,141.2386,16.2,3.9,2011-06-07T10:06:40.47,35.9859,141.2932,26.0,3.8,0.1203361147677322,0.9396175093574952
2011-05-24T08:12:59.08,35.9488,142.1145,23.0,3.7,2011-08-22T11:29:14.34,36.0757,142.0187,23.0,3.8,-0.8750948486159884,0.9840317992584988
2011-05-24T08:12:59.08,35.9488,142.1145,23.0,3.7,2011-11-16T22:21:54.86,36.0674,142.0263,23.0,3.6,-1.1472749931830444,0.9914343725430924
2011-05-24T12:12:56.6,37.83,142.6,26.0,3.8,2011-05-24T21:41:55.76,37.878,142.658,14.0,4.1,0.0275744626420377,0.9217486164190491
2011-05-24T18:33:38.42,36.338,142.6923,15.0,3.7,2011-08-29T14:19:59.84,36.3504,142.7004,15.0,3.8,0.2853927747982623,0.9948407472787856
2011-05-24T18:33:38.42,36.338,142.6923,15.0,3.7,2012-04-08T17:42:48.15,36.3198,142.6747,15.0,3.9,-0.3010289648780005,0.9894343698015992
2011-05-25T00:19:14.41,35.8582,140.2012,58.7,4.5,2011-11-03T10:34:28.3,35.8745,140.1177,69.7,4.9,-1.002391876931281,0.951229578060094
2011-05-25T17:27:35.34,39.7662,142.3942,39.1,3.8,2011-07-20T20:31:01.68,39.756,142.3972,44.3,3.7,-0.8327477632826662,0.9775331533452788
2011-05-25T17:27:35.34,39.7662,142.3942,39.1,3.8,2011-10-01T02:29:50.03,39.7213,142.2646,44.6,3.9,-1.3033222734334742,0.9654294068644812
2011-05-25T17:27:35.34,39.7662,142.3942,39.1,3.8,2012-01-05T09:02:44.69,39.7846,142.5381,22.8,3.7,2.1236438149124024,0.9339647117823252
2011-05-26T06:57:34.44,39.6139,142.1138,49.3,4.1,2011-10-23T18:58:35.13,39.6388,142.2386,53.5,4.2,0.2265550111356367,0.9812266669030506
2011-05-26T06:57:34.44,39.6139,142.1138,49.3,4.1,2012-05-15T00:09:06.0,39.6457,142.1157,47.0,4.0,0.2718772676476836,0.9904338911416198
2011-05-26T23:34:46.27,37.0617,141.2807,19.0,4.3,2011-07-18T10:26:11.4,37.09,141.36,25.0,3.5,1.1566057712114646,0.9029763016786336
2011-05-27T08:51:47.3,36.9449,141.2819,39.6,3.5,2011-07-14T15:04:16.4,36.94,141.09,50.0,3.5,-1.2762935231807886,0.9647105300594784
2011-05-28T02:13:59.46,36.4496,140.6651,53.7,4.4,2011-07-16T08:56:38.64,36.4718,140.673,56.1,3.9,-0.4212215578425859,0.9146489789796328
2011-05-28T02:13:59.46,36.4496,140.6651,53.7,4.4,2012-02-25T14:26:58.14,36.4923,140.5403,55.3,3.7,-1.0884852286490854,0.9053519175446894
2011-05-28T08:36:11.07,36.7555,141.792,19.0,3.7,2011-07-27T19:10:30.7,36.74,141.81,45.0,3.5,-0.7899347392245274,0.9808588659916604
2011-05-28T08:36:11.07,36.7555,141.792,19.0,3.7,2011-09-12T05:17:01.53,36.7224,141.6241,26.0,3.9,-0.8494366065863939,0.9182100435962476
2011-05-28T08:36:11.07,36.7555,141.792,19.0,3.7,2011-11-02T19:50:18.2,36.7892,141.8547,19.0,3.6,-0.3893840443152899,0.9954784970832932
2011-05-28T10:01:57.6,36.3273,142.2313,22.6,4.2,2012-02-28T04:51:04.81,36.3092,142.1839,23.2,4.4,-0.0385149570030471,0.9579623949528364
2011-05-28T21:04:01.43,37.3215,141.5245,42.9,3.9,2011-08-22T04:21:13.2,37.34,141.35,47.0,3.5,-1.1208385214684065,0.9798455686492704
2011-05-28T22:09:32.05,38.804,142.1485,50.0,3.7,2011-06-15T06:07:44.63,38.7532,142.2196,9.3,3.6,4.682713054558609,0.9288712607327024
2011-05-28T22:09:32.05,38.804,142.1485,50.0,3.7,2011-07-07T16:10:06.26,38.8635,142.0036,46.0,3.6,-1.3565568423691043,0.9636339898152476
2011-05-28T22:09:32.05,38.804,142.1485,50.0,3.7,2011-07-26T14:34:44.69,38.807,142.0519,51.0,3.6,-0.7059963926907176,0.9722570869939476
2011-05-28T22:09:32.05,38.804,142.1485,50.0,3.7,2011-08-16T12:36:05.28,38.822,142.1504,29.2,3.5,0.8907171378673232,0.9652832226930926
2011-05-28T22:09:32.05,38.804,142.1485,50.0,3.7,2011-09-11T15:14:22.05,38.8149,142.0422,51.0,3.6,-0.6217726555825519,0.9631516777752456
2011-05-28T22:09:32.05,38.804,142.1485,50.0,3.7,2011-10-08T09:55:34.19,38.852,142.0983,42.9,3.6,-0.6264688240304943,0.9625391594458824
2011-05-28T22:09:32.05,38.804,142.1485,50.0,3.7,2011-11-13T13:31:00.82,38.8403,142.0992,31.4,3.6,-0.2543206938838121,0.9710591535485033
2011-05-28T22:09:32.05,38.804,142.1485,50.0,3.7,2012-03-25T00:16:13.7,38.85,142.06,46.0,3.5,-0.988174686799872,0.9514300930457515
2011-05-28T22:09:32.05,38.804,142.1485,50.0,3.7,2012-05-12T17:14:39.98,38.8345,142.0632,44.3,3.5,-0.773837106108587,0.9532205653314764
2011-05-29T00:03:06.74,39.8076,142.4017,31.6,4.1,2011-08-03T23:51:51.25,39.7277,142.5954,39.2,4.1,0.4506927487214557,0.984279480993438
2011-05-29T03:12:18.43,38.1686,141.7503,45.3,3.8,2011-10-22T08:57:37.69,38.1782,141.7948,46.2,3.9,-0.078313198633043,0.9169668010874772
2011-05-29T18:54:58.03,37.058,142.5165,9.0,3.6,2011-08-06T23:40:45.47,37.0441,142.5111,9.0,3.8,0.5457616603609325,0.9896264158542812
2011-05-29T18:54:58.03,37.058,142.5165,9.0,3.6,2011-10-25T10:44:29.51,37.0576,142.732,9.0,3.6,1.9167935150819089,0.9805582362355546
2011-05-29T18:54:58.03,37.058,142.5165,9.0,3.6,2012-04-28T04:11:15.73,37.0257,142.6561,9.0,3.6,1.8335248382092475,0.9864118025345776
2011-05-31T11:26:39.05,36.5112,142.4834,26.3,4.1,2011-09-05T19:49:14.91,36.471,142.6035,23.4,4.6,0.6830881433620608,0.9703418446032672
2011-05-31T17:15:16.94,38.8977,141.9995,44.6,4.1,2011-10-28T02:06:46.92,38.8556,142.001,55.0,3.9,-0.9727487257387906,0.9108185619116478
2011-06-01T04:00:05.55,36.7836,141.8735,29.4,4.5,2011-09-11T22:30:41.61,36.7306,142.1349,19.0,4.4,2.3680835081807654,0.9548182863574722
2011-06-01T04:00:05.55,36.7836,141.8735,29.4,4.5,2012-04-30T16:53:14.18,36.7106,142.2001,19.0,4.2,3.051147505943133,0.9147420542230532
2011-06-01T18:37:00.04,39.6913,142.3154,43.8,4.3,2011-09-15T14:25:08.65,39.7206,142.3578,48.0,4.1,0.3007491035410121,0.9899529252512498
2011-06-01T18:37:00.04,39.6913,142.3154,43.8,4.3,2012-03-03T20:45:40.28,39.7215,142.2423,45.4,3.5,-0.3297267532929617,0.9195273246597464
2011-06-01T22:17:05.6,38.7,142.24,38.0,3.7,2012-01-17T18:01:22.46,38.6844,142.3324,31.9,3.9,0.6035310022299342,0.9293627958910124
2011-06-02T00:05:59.25,36.0901,142.137,2.4,3.8,2012-01-07T21:30:09.91,36.0791,142.0999,23.4,4.2,-3.598337454129472,0.9449850229589646
2011-06-02T11:22:37.99,39.1101,142.2179,29.1,3.9,2011-06-02T11:26:42.94,39.065,142.3514,21.2,3.9,1.8255932770646832,0.9138315219261196
2011-06-05T04:52:04.47,39.862,143.5603,6.0,4.4,2011-10-31T14:09:22.59,39.8719,143.7088,6.0,4.3,0.2446892781256021,0.9343546703312188
2011-06-06T22:54:37.28,37.5855,143.7426,35.0,3.7,2011-06-06T23:19:21.6,37.6,143.6,46.0,3.6,0.1685766826449466,0.9012502656380854
2011-06-06T23:58:24.67,36.6638,142.3815,15.0,3.6,2011-06-07T00:06:50.92,36.7113,142.3545,10.0,3.6,0.2110956297784743,0.9722480859760758
2011-06-06T23:58:24.67,36.6638,142.3815,15.0,3.6,2011-08-12T23:30:40.3,36.71,142.4,14.0,3.6,1.1499926394230484,0.9902076942734568
2011-06-06T23:58:24.67,36.6638,142.3815,15.0,3.6,2011-08-12T23:36:48.6,36.71,142.43,12.0,3.5,1.5124854608417675,0.9745808639310434
2011-06-07T00:06:50.92,36.7113,142.3545,10.0,3.6,2011-08-12T23:30:40.3,36.71,142.4,14.0,3.6,0.9378857365896064,0.9683478866624567
2011-06-07T00:06:50.92,36.7113,142.3545,10.0,3.6,2011-08-12T23:36:48.6,36.71,142.43,12.0,3.5,1.3009943094227947,0.9919638094508249
2011-06-07T03:52:28.66,40.1994,143.4312,16.0,4.4,2011-09-16T20:20:46.77,40.1726,143.4586,15.4,4.3,0.301969265037538,0.9169060743293076
2011-06-07T09:22:20.56,36.9099,140.6516,9.6,3.5,2011-06-18T00:17:44.4,36.91,140.67,7.0,3.5,0.0778788289718107,0.9457370493272012
2011-06-07T18:30:41.39,38.5855,142.0409,45.5,3.8,2012-03-02T21:16:17.5,38.62,141.91,48.0,3.7,-0.7716376364274213,0.9647953418376048
2011-06-09T20:51:26.5,36.2601,141.5345,38.4,4.5,2011-09-15T20:36:02.47,36.2366,141.5414,26.9,4.6,1.177934715132954,0.9693687198328044
2011-06-10T13:39:45.07,38.6012,141.8984,53.6,4.4,2012-01-18T08:55:38.94,38.6071,142.0718,43.8,4.3,1.419713550167132,0.9103669454754688
2011-06-10T18:33:23.56,36.817,142.1446,28.3,4.7,2011-09-10T06:21:40.26,36.7413,142.3261,19.0,4.5,1.4660935385177534,0.9737381216020526
2011-06-10T18:33:23.56,36.817,142.1446,28.3,4.7,2012-03-09T05:31:48.78,36.8324,142.1271,28.8,4.7,-0.3873044964970906,0.9473901174336798
2011-06-13T00:25:29.27,39.9333,143.51,29.8,4.5,2012-04-10T23:16:14.76,39.9168,143.5588,23.5,4.5,1.4398738481849802,0.9783530117802254
2011-06-13T02:55:29.92,39.8075,143.4227,29.9,4.3,2011-10-31T05:17:14.12,39.7897,143.332,25.4,4.2,-0.5533200751179322,0.962668995458959
2011-06-13T11:39:23.68,36.736,142.0525,19.0,4.3,2011-10-20T12:51:50.75,36.718,142.0932,8.1,4.4,1.589819755687173,0.9944795854023268
2011-06-13T16:49:48.27,36.6455,142.0625,29.8,4.7,2012-01-12T15:26:28.22,36.6827,142.0301,25.5,4.7,0.1025021294341316,0.9904336658696749
2011-06-15T05:32:37.97,37.0738,142.3608,6.1,4.2,2011-09-15T04:35:51.4,37.17,142.42,3.0,4.0,0.709908672843636,0.9942568518102438
2011-06-15T06:07:44.63,38.7532,142.2196,9.3,3.6,2011-07-07T16:10:06.26,38.8635,142.0036,46.0,3.6,-6.039389544491567,0.9271598107083296
2011-06-15T06:07:44.63,38.7532,142.2196,9.3,3.6,2011-07-26T14:34:44.69,38.807,142.0519,51.0,3.6,-5.389391871434096,0.9337026619479882
2011-06-15T06:07:44.63,38.7532,142.2196,9.3,3.6,2011-08-16T12:36:05.28,38.822,142.1504,29.2,3.5,-3.7926321988245233,0.9389541684670766
2011-06-15T06:07:44.63,38.7532,142.2196,9.3,3.6,2011-09-11T15:14:22.05,38.8149,142.0422,51.0,3.6,-5.305500729788507,0.9315222211382286
2011-06-15T06:07:44.63,38.7532,142.2196,9.3,3.6,2011-10-08T09:55:34.19,38.852,142.0983,42.9,3.6,-5.308272096594616,0.9306837353205596
2011-06-15T06:07:44.63,38.7532,142.2196,9.3,3.6,2011-11-13T13:31:00.82,38.8403,142.0992,31.4,3.6,-4.9371557874871295,0.9453502429229338
2011-06-15T06:07:44.63,38.7532,142.2196,9.3,3.6,2012-03-25T00:16:13.7,38.85,142.06,46.0,3.5,-5.6703696048676,0.9307534395907494
2011-06-15T06:07:44.63,38.7532,142.2196,9.3,3.6,2012-05-12T17:14:39.98,38.8345,142.0632,44.3,3.5,-5.455513670708703,0.9268693416434512
2011-06-15T06:22:30.33,34.7693,142.6864,42.0,3.5,2011-11-12T05:46:54.15,34.7895,142.7316,35.0,3.8,0.2506784942991488,0.9252811881231026
2011-06-15T12:48:26.66,38.8691,142.0062,54.3,4.0,2011-07-16T13:23:02.88,38.8939,141.9747,50.4,4.0,0.1865369292759385,0.9436558960084966
2011-06-15T12:48:26.66,38.8691,142.0062,54.3,4.0,2011-08-25T23:34:08.83,38.8431,142.0464,46.1,3.9,0.932196134187278,0.9830362162501104
2011-06-15T12:48:26.66,38.8691,142.0062,54.3,4.0,2011-09-28T23:13:28.8,38.9114,141.953,51.8,3.8,-0.1213451513929997,0.9573575970333728
2011-06-15T12:48:26.66,38.8691,142.0062,54.3,4.0,2011-11-11T07:52:11.62,38.9187,141.9048,50.1,3.9,-0.6873135197097433,0.9852278668267528
2011-06-15T12:48:26.66,38.8691,142.0062,54.3,4.0,2011-12-30T19:11:32.91,38.8454,141.9692,51.0,3.8,0.3198159979541866,0.9441238128344565
2011-06-15T12:48:26.66,38.8691,142.0062,54.3,4.0,2012-03-03T13:26:18.41,38.8307,142.1137,48.1,3.9,0.7239377605289823,0.9417908110123212
2011-06-15T12:48:26.66,38.8691,142.0062,54.3,4.0,2012-05-03T07:15:45.5,38.888,141.9318,49.4,4.0,-0.3058478446792787,0.9578810166156811
2011-06-15T15:36:32.64,38.8184,142.1405,46.5,3.8,2011-07-22T09:03:08.45,38.8735,142.0398,51.0,3.8,-1.185103304386773,0.9893762882664862
2011-06-15T15:36:32.64,38.8184,142.1405,46.5,3.8,2011-08-21T19:42:35.24,38.8174,142.1138,48.2,3.9,0.2493462941001124,0.9968703712129108
2011-06-15T15:36:32.64,38.8184,142.1405,46.5,3.8,2011-11-11T17:24:20.31,38.8512,142.0722,43.8,4.0,-0.2387098755812015,0.9908655109192488
2011-06-15T15:36:32.64,38.8184,142.1405,46.5,3.8,2012-01-15T10:36:46.71,38.8009,142.1518,43.2,3.8,0.3578517497233916,0.9907741845169904
2011-06-15T15:36:32.64,38.8184,142.1405,46.5,3.8,2012-03-30T03:37:07.2,38.8322,142.084,47.3,3.7,-0.2465438307723174,0.9899699794713984
2011-06-18T00:13:37.32,36.9044,141.2337,20.8,3.6,2011-09-22T05:22:32.43,36.9243,141.1779,30.5,3.5,-1.4717702818916112,0.9927475423214992
2011-06-18T00:13:37.32,36.9044,141.2337,20.8,3.6,2012-03-28T00:34:07.76,36.9287,141.1974,42.7,3.5,-2.381851917099953,0.9938782018346916
2011-06-18T04:33:22.4,36.68,140.62,12.0,3.8,2012-01-27T10:50:35.42,36.6895,140.6014,17.7,3.8,1.3909535460579252,0.9658658113168548
2011-06-18T09:12:49.52,36.9695,141.2248,48.6,4.0,2012-03-01T14:49:53.72,37.0457,141.1883,49.1,4.1,-0.1841230617376439,0.9005686524692459
2011-06-18T11:47:37.13,37.291,143.5206,35.0,3.9,2011-06-18T20:46:38.6,37.3103,143.613,35.0,3.6,1.9438385066927737,0.9004513415486971
2011-06-20T03:40:51.93,37.444,142.6592,21.0,4.0,2011-12-07T09:35:33.8,37.45,142.56,21.0,3.5,1.1980898094288306,0.9008288489164744
2011-06-20T20:26:22.74,38.058,141.9757,33.3,3.7,2011-07-14T05:48:46.43,38.1088,141.8928,51.8,3.8,-1.8355229206851769,0.9008323548284972
2011-06-20T22:26:38.85,37.0519,141.2859,42.4,3.8,2012-03-06T09:58:02.68,37.0342,141.3792,23.3,3.5,2.698704030191592,0.9917506730946593
2011-06-20T23:10:03.35,40.0865,142.4269,46.3,4.0,2012-01-24T00:26:41.12,40.1831,142.5094,48.2,4.2,0.2706498520144154,0.9177528866679932
2011-06-21T17:49:31.52,36.6742,142.3134,15.0,3.5,2011-08-12T17:56:32.96,36.7205,142.3465,15.0,3.9,-0.5521672146431298,0.9574357868717354
2011-06-21T21:22:25.46,36.2382,141.9388,27.4,3.9,2011-06-22T02:18:24.15,36.2075,142.0845,23.0,3.8,1.348057510245109,0.920783093038887
2011-06-21T21:52:40.74,38.8436,142.1299,45.1,3.9,2011-06-29T03:58:36.09,38.8764,142.0542,48.1,3.8,-0.8993130796133635,0.9036967659161718
2011-06-21T21:52:40.74,38.8436,142.1299,45.1,3.9,2011-07-24T11:02:51.32,38.8832,142.0676,45.1,3.6,-0.6296845033933947,0.9732433615781112
2011-06-21T21:52:40.74,38.8436,142.1299,45.1,3.9,2012-02-03T23:41:13.06,38.8991,142.014,54.5,3.9,-2.019910791292957,0.9150420714363526
2011-06-22T10:16:01.56,38.589,141.9754,47.6,3.9,2011-07-10T02:21:58.75,38.6517,142.0206,44.6,3.7,-0.2142019172546942,0.9653162576354548
2011-06-22T10:16:01.56,38.589,141.9754,47.6,3.9,2011-09-23T13:08:58.84,38.6058,142.0237,44.2,3.8,-0.37915514467563,0.9610617452374626
2011-06-22T10:16:01.56,38.589,141.9754,47.6,3.9,2011-11-27T22:25:37.34,38.6361,141.9849,47.3,3.8,-0.5543082070344972,0.9596166223484192
2011-06-22T10:16:01.56,38.589,141.9754,47.6,3.9,2011-12-31T10:29:00.61,38.6187,142.1108,42.2,3.8,0.5661871819515176,0.962432260208032
2011-06-22T10:16:01.56,38.589,141.9754,47.6,3.9,2012-02-05T12:44:57.46,38.603,142.0346,45.6,3.9,0.0625057904577212,0.9447669492691548
2011-06-22T10:16:01.56,38.589,141.9754,47.6,3.9,2012-03-14T13:28:08.53,38.6288,141.9903,46.5,3.9,-0.0332534842504154,0.9368952977194208
2011-06-22T10:16:01.56,38.589,141.9754,47.6,3.9,2012-05-01T22:07:48.82,38.6343,142.0099,45.2,3.6,-0.258798898087662,0.9408660635952446
2011-06-22T11:35:09.55,35.5442,141.1039,33.2,3.9,2012-02-18T00:38:37.35,35.5706,141.0473,33.0,4.2,-0.4481568784510779,0.996272857755758
2011-06-24T01:21:44.96,38.8818,142.1235,51.0,3.6,2011-07-31T08:28:53.47,38.8579,142.1698,41.8,3.8,0.430758700995743,0.9796117202403798
2011-06-24T01:21:44.96,38.8818,142.1235,51.0,3.6,2011-11-10T05:49:23.88,38.8235,142.1085,41.4,3.5,0.5850091048177967,0.9508322324847082
2011-06-24T23:52:15.7,39.936,142.2791,44.0,3.7,2011-07-24T06:36:10.06,40.0227,142.5642,10.3,3.7,5.352856138404501,0.9573699132568184
2011-06-24T23:52:15.7,39.936,142.2791,44.0,3.7,2011-09-13T13:04:26.6,39.9059,142.3287,42.9,3.7,0.097597184995742,0.9513330380220616
2011-06-24T23:52:15.7,39.936,142.2791,44.0,3.7,2011-11-22T22:35:45.03,39.9429,142.4274,28.5,3.6,1.9489941211665904,0.9048827926169702
2011-06-25T03:46:14.38,37.5643,141.7939,8.2,4.1,2011-12-13T04:48:05.46,37.6155,141.8844,3.2,3.6,0.165421510009625,0.9251381725300236
2011-06-25T07:44:44.69,36.6811,141.985,19.0,3.8,2012-01-24T21:59:20.71,36.578,141.9476,19.0,3.7,0.0016835778419987,0.9824313585232252
2011-06-25T16:29:17.72,36.0766,142.01,23.0,3.6,2012-01-15T21:16:25.21,36.0499,142.1389,23.0,3.5,0.9259199468732372,0.9142132935500176
2011-06-28T08:11:07.59,38.4024,141.9971,51.4,3.6,2011-06-29T15:59:38.9,38.44,141.84,57.0,3.9,-1.1490899197417506,0.940516993651894
2011-06-28T08:11:07.59,38.4024,141.9971,51.4,3.6,2011-07-08T13:24:19.5,38.44,141.84,56.0,3.8,-1.1786544200347588,0.9185161158201424
2011-06-28T20:13:32.68,39.0456,142.2353,40.2,3.6,2011-08-02T17:16:57.44,39.0949,142.2277,47.6,3.6,0.3111844062285077,0.9703171226650894
2011-06-28T20:13:32.68,39.0456,142.2353,40.2,3.6,2011-09-30T09:50:37.93,39.1219,142.2211,40.8,3.6,-0.44650979981626,0.9578931809458084
2011-06-28T20:13:32.68,39.0456,142.2353,40.2,3.6,2011-11-19T07:16:59.88,39.1105,142.176,44.5,3.6,-0.3453456358515119,0.9610899948019254
2011-06-28T20:13:32.68,39.0456,142.2353,40.2,3.6,2012-02-08T15:27:28.76,39.1074,142.134,40.6,3.7,-1.3421045109984588,0.9718583250237064
2011-06-29T03:58:36.09,38.8764,142.0542,48.1,3.8,2011-07-24T11:02:51.32,38.8832,142.0676,45.1,3.6,0.2686972201944128,0.9258220363894574
2011-06-29T03:58:36.09,38.8764,142.0542,48.1,3.8,2011-07-29T23:44:11.56,38.8759,141.9913,45.9,3.9,-0.2830275930801226,0.992503899806198
2011-06-29T03:58:36.09,38.8764,142.0542,48.1,3.8,2011-08-29T21:32:23.76,38.8731,142.1,46.6,3.8,0.0220179653942312,0.9887862506799208
2011-06-29T03:58:36.09,38.8764,142.0542,48.1,3.8,2011-09-23T05:41:08.56,38.8842,142.0707,45.3,3.8,-0.211158063986273,0.9906407512712568
2011-06-29T03:58:36.09,38.8764,142.0542,48.1,3.8,2011-12-03T04:16:37.87,38.887,142.0837,47.9,4.4,0.4473249209796042,0.9137717916404888
2011-06-29T03:58:36.09,38.8764,142.0542,48.1,3.8,2012-03-04T16:32:40.53,38.8621,141.9765,49.4,3.8,-0.7137338861599822,0.9775301677847494
2011-06-29T03:58:36.09,38.8764,142.0542,48.1,3.8,2012-04-13T07:40:00.05,38.8793,141.9411,47.7,3.7,-0.4669904253796889,0.9878909294126416
2011-06-29T14:19:34.05,36.9621,141.1264,46.4,3.9,2011-09-29T18:29:59.67,36.9597,141.1662,48.5,3.9,1.0798587487986946,0.9947218096306452
2011-06-29T14:19:34.05,36.9621,141.1264,46.4,3.9,2011-12-31T05:48:40.29,36.9568,141.1628,45.2,3.7,0.6101793802647582,0.9930237724063156
2011-06-29T15:59:38.9,38.44,141.84,57.0,3.9,2012-02-02T12:25:40.37,38.4049,141.8778,51.4,3.8,0.5224642175709953,0.930789719297935
2011-07-02T02:26:26.01,36.6439,142.1278,5.9,3.6,2011-09-12T01:50:03.78,36.7063,142.0973,1.4,4.0,-0.5809096577735,0.9897548287921184
2011-07-02T02:26:26.01,36.6439,142.1278,5.9,3.6,2012-05-01T01:07:55.71,36.6832,141.8521,4.9,3.6,-1.8969665934961704,0.995267501969518
2011-07-03T16:17:54.73,36.6755,142.2543,15.0,4.2,2011-11-02T10:05:00.96,36.6322,142.1434,19.0,4.2,-1.6166147428869044,0.995338500574064
2011-07-03T21:47:23.04,39.0857,143.1583,27.5,3.8,2011-12-01T13:53:36.95,39.1198,142.8744,9.8,4.2,0.108618605275657,0.9655078211712051
2011-07-05T02:00:48.12,39.2216,142.3432,28.8,3.8,2011-09-10T10:01:08.36,39.2427,142.4243,31.4,3.9,0.010963201921005,0.9906011807128444
2011-07-05T02:00:48.12,39.2216,142.3432,28.8,3.8,2011-12-02T04:02:36.45,39.2897,142.3022,38.4,3.8,-1.8101292338826789,0.9599944317898232
2011-07-05T02:00:48.12,39.2216,142.3432,28.8,3.8,2012-03-18T05:55:47.63,39.2806,142.4531,28.0,3.7,0.9843254418049784,0.9818850013323284
2011-07-07T16:10:06.26,38.8635,142.0036,46.0,3.6,2011-07-26T14:34:44.69,38.807,142.0519,51.0,3.6,0.6500473873424951,0.9673365845541398
2011-07-07T16:10:06.26,38.8635,142.0036,46.0,3.6,2011-08-16T12:36:05.28,38.822,142.1504,29.2,3.5,2.2467920210323675,0.9656801698949428
2011-07-07T16:10:06.26,38.8635,142.0036,46.0,3.6,2011-09-11T15:14:22.05,38.8149,142.0422,51.0,3.6,0.7343597490726417,0.9645271923051728
2011-07-07T16:10:06.26,38.8635,142.0036,46.0,3.6,2011-10-08T09:55:34.19,38.852,142.0983,42.9,3.6,0.7297185336362966,0.9706999887592196
2011-07-07T16:10:06.26,38.8635,142.0036,46.0,3.6,2011-11-13T13:31:00.82,38.8403,142.0992,31.4,3.6,1.1018154432846756,0.9743388450377112
2011-07-07T16:10:06.26,38.8635,142.0036,46.0,3.6,2012-03-25T00:16:13.7,38.85,142.06,46.0,3.5,0.3687404099613098,0.9641918193138904
2011-07-07T16:10:06.26,38.8635,142.0036,46.0,3.6,2012-05-12T17:14:39.98,38.8345,142.0632,44.3,3.5,0.5829599999120655,0.9558244075161276
2011-07-08T04:51:33.9,38.62,141.91,48.0,3.7,2011-10-18T09:06:01.09,38.6007,142.0317,47.6,4.1,0.8304527424774981,0.9368659931506672
2011-07-08T04:51:33.9,38.62,141.91,48.0,3.7,2011-12-02T08:58:45.26,38.5951,141.9711,41.4,3.8,0.3040536653890655,0.9452227990001576
2011-07-08T04:51:33.9,38.62,141.91,48.0,3.7,2012-01-18T08:55:38.94,38.6071,142.0718,43.8,4.3,1.1977942701837092,0.9080596594138698
2011-07-08T04:51:33.9,38.62,141.91,48.0,3.7,2012-03-21T18:25:03.96,38.5578,142.061,46.7,4.0,0.9452535691001346,0.9449852036818922
2011-07-09T03:46:28.16,36.7412,142.0387,19.0,3.7,2012-02-23T12:26:29.66,36.681,142.0847,19.0,3.7,0.3210489289097433,0.9605968328802398
2011-07-09T13:35:25.8,38.1543,141.7318,46.8,3.7,2011-08-20T11:02:51.03,38.1667,141.7198,48.0,3.9,-0.1144061815007131,0.9339515222778088
2011-07-09T13:35:25.8,38.1543,141.7318,46.8,3.7,2011-11-07T22:13:18.32,38.1489,141.7726,46.1,3.7,0.3708089841050487,0.9890183429492656
2011-07-09T13:41:42.84,38.8748,142.0058,50.5,3.9,2011-08-09T18:29:47.62,38.858,141.9606,56.4,3.8,-0.9754482209849802,0.9884080342448688
2011-07-09T13:41:42.84,38.8748,142.0058,50.5,3.9,2012-01-01T07:49:49.71,38.8748,141.9791,50.8,3.7,-0.6055143764041849,0.9524297449461724
2011-07-09T13:41:42.84,38.8748,142.0058,50.5,3.9,2012-02-03T23:41:13.06,38.8991,142.014,54.5,3.9,-0.8141084010908445,0.9627369564016192
2011-07-09T13:41:42.84,38.8748,142.0058,50.5,3.9,2012-04-02T17:48:14.12,38.8335,142.1244,48.6,4.1,0.986005572011576,0.9715911236640916
2011-07-10T02:21:58.75,38.6517,142.0206,44.6,3.7,2011-09-23T13:08:58.84,38.6058,142.0237,44.2,3.8,-0.1645905128963674,0.9783081131165756
2011-07-10T02:21:58.75,38.6517,142.0206,44.6,3.7,2011-11-27T22:25:37.34,38.6361,141.9849,47.3,3.8,-0.3404554208022466,0.987424199863068
2011-07-10T02:21:58.75,38.6517,142.0206,44.6,3.7,2011-12-31T10:29:00.61,38.6187,142.1108,42.2,3.8,0.7811552945135826,0.987359476230228
2011-07-10T02:21:58.75,38.6517,142.0206,44.6,3.7,2012-02-05T12:44:57.46,38.603,142.0346,45.6,3.9,0.2775355892741928,0.965420468163752
2011-07-10T02:21:58.75,38.6517,142.0206,44.6,3.7,2012-03-14T13:28:08.53,38.6288,141.9903,46.5,3.9,0.1797887556830654,0.9572971146880777
2011-07-10T02:21:58.75,38.6517,142.0206,44.6,3.7,2012-05-01T22:07:48.82,38.6343,142.0099,45.2,3.6,-0.0445288431009824,0.9515867025759202
2011-07-10T05:14:34.19,38.0395,143.3713,28.2,4.7,2011-07-10T05:27:58.5,38.08,143.2,34.0,3.7,-0.5048476789582059,0.9177490720388856
2011-07-10T18:04:15.0,37.328,141.4139,28.4,3.6,2011-12-17T06:35:54.0,37.35,141.35,48.0,3.5,-1.834061578232035,0.9904410895603324
2011-07-10T19:16:33.69,36.7152,142.2603,11.5,4.3,2012-02-13T16:55:08.37,36.6807,142.3703,2.5,4.4,1.460951517095117,0.9939663482806692
2011-07-11T08:30:05.23,39.4136,143.7402,11.0,3.9,2012-03-06T22:52:30.98,39.4131,143.7409,11.0,4.2,-0.6364279169059541,0.9104865259697044
2011-07-11T09:13:31.5,38.1,143.4,35.0,3.5,2011-07-11T11:29:10.69,38.0039,143.3746,19.0,3.6,-0.1245222329621774,0.9218131297981188
2011-07-11T13:21:33.46,37.9239,143.4702,19.0,4.0,2011-07-14T09:15:04.45,37.992,143.4468,19.0,3.5,0.0909637704870907,0.9048533227407471
2011-07-12T20:06:32.3,38.9284,142.0442,50.0,3.8,2011-11-15T16:53:21.13,38.9344,142.0426,51.4,3.6,-0.2884233504522079,0.9354032988646538
2011-07-13T19:35:41.9,38.4864,141.8268,53.8,3.8,2011-08-30T12:46:15.86,38.5099,141.8259,52.3,3.7,-0.518199150740463,0.9942345858689982
2011-07-13T19:35:41.9,38.4864,141.8268,53.8,3.8,2011-10-23T16:32:10.98,38.5134,141.819,51.8,3.9,-0.4188654244278104,0.9125811735899506
2011-07-13T19:35:41.9,38.4864,141.8268,53.8,3.8,2011-11-01T15:26:40.6,38.54,141.72,54.0,3.7,-1.034997446248227,0.9930866335223468
2011-07-13T19:35:41.9,38.4864,141.8268,53.8,3.8,2011-12-26T22:28:50.84,38.5167,141.7922,52.6,3.7,-0.3124011724458611,0.9860482846492816
2011-07-13T19:35:41.9,38.4864,141.8268,53.8,3.8,2012-02-22T11:03:23.44,38.5226,141.8087,48.2,3.6,-0.3969555043452359,0.9925308565753962
2011-07-13T19:35:41.9,38.4864,141.8268,53.8,3.8,2012-05-11T16:36:38.53,38.5256,141.8349,47.9,3.8,-0.2243603123878834,0.9959825169256226
2011-07-14T15:29:46.76,36.7037,142.36,7.4,3.8,2011-07-14T15:37:17.14,36.7033,142.3549,15.0,3.8,-1.0323114311878856,0.9061062537072144
2011-07-16T08:56:38.64,36.4718,140.673,56.1,3.9,2012-02-25T14:26:58.14,36.4923,140.5403,55.3,3.7,-0.6676662718751468,0.9917193469635306
2011-07-16T13:23:02.88,38.8939,141.9747,50.4,4.0,2011-08-25T23:34:08.83,38.8431,142.0464,46.1,3.9,0.7492453222423956,0.9612508413592776
2011-07-16T13:23:02.88,38.8939,141.9747,50.4,4.0,2011-11-11T07:52:11.62,38.9187,141.9048,50.1,3.9,-0.8747959410323007,0.9661333111293444
2011-07-16T13:23:02.88,38.8939,141.9747,50.4,4.0,2011-12-30T19:11:32.91,38.8454,141.9692,51.0,3.8,0.1418870104281178,0.9190024308439824
2011-07-16T13:23:02.88,38.8939,141.9747,50.4,4.0,2012-03-03T13:26:18.41,38.8307,142.1137,48.1,3.9,0.5446662201069523,0.9540465397061616
2011-07-16T16:27:19.59,36.6033,140.8991,8.9,4.0,2011-07-16T16:41:57.36,36.5723,140.9993,5.7,3.8,0.1218413500011019,0.9741043719917428
2011-07-17T20:21:05.61,37.5265,141.4542,45.8,3.6,2011-12-28T07:33:05.64,37.5234,141.4862,46.4,3.5,0.3319329886482218,0.9951005595079794
2011-07-18T14:24:55.19,39.5326,143.6262,11.0,4.2,2012-05-19T22:15:48.93,39.5063,143.5751,23.5,4.2,-2.2939220600376142,0.979731626338048
2011-07-18T18:39:57.26,37.0571,140.8908,8.9,3.5,2011-07-18T18:41:45.39,37.0806,140.9167,12.8,3.5,0.0863295286703913,0.917473564403235
2011-07-19T20:06:36.18,36.8159,141.8156,10.0,3.6,2012-03-08T18:42:51.31,36.7837,141.6732,33.0,3.9,-4.183907688646933,0.9166090372875108
2011-07-20T13:09:39.46,38.4443,142.3506,17.3,4.4,2012-05-27T10:09:20.86,38.368,142.2455,10.0,4.1,0.9698811777215884,0.904586933537233
2011-07-20T20:31:01.68,39.756,142.3972,44.3,3.7,2011-10-01T02:29:50.03,39.7213,142.2646,44.6,3.9,-0.4713573534278219,0.9572898655101256
2011-07-20T20:31:01.68,39.756,142.3972,44.3,3.7,2012-01-05T09:02:44.69,39.7846,142.5381,22.8,3.7,2.95485820578838,0.9290818605887065
2011-07-20T23:56:10.63,39.5654,143.811,11.0,4.0,2012-02-01T03:45:35.95,39.5436,143.8122,11.0,3.9,0.3669690221505364,0.9438574750740476
2011-07-22T09:03:08.45,38.8735,142.0398,51.0,3.8,2011-08-21T19:42:35.24,38.8174,142.1138,48.2,3.9,1.4345215373504567,0.988036414516248
2011-07-22T09:03:08.45,38.8735,142.0398,51.0,3.8,2011-11-11T17:24:20.31,38.8512,142.0722,43.8,4.0,0.945800158943133,0.9928213298691002
2011-07-22T09:03:08.45,38.8735,142.0398,51.0,3.8,2012-01-15T10:36:46.71,38.8009,142.1518,43.2,3.8,1.542774934027087,0.9949865710397784
2011-07-22T09:03:08.45,38.8735,142.0398,51.0,3.8,2012-03-30T03:37:07.2,38.8322,142.084,47.3,3.7,0.9396946918852812,0.989212882307021
2011-07-24T06:36:10.06,40.0227,142.5642,10.3,3.7,2011-09-13T13:04:26.6,39.9059,142.3287,42.9,3.7,-5.255124352965835,0.9668277836988436
2011-07-24T06:36:10.06,40.0227,142.5642,10.3,3.7,2011-11-22T22:35:45.03,39.9429,142.4274,28.5,3.6,-3.405347524171354,0.9318101693800598
2011-07-24T09:59:07.37,37.5502,141.5737,32.4,3.6,2012-01-01T12:06:40.45,37.5045,141.5147,41.3,3.5,-1.01747964699016,0.9026363598302168
2011-07-24T11:02:51.32,38.8832,142.0676,45.1,3.6,2011-07-29T23:44:11.56,38.8759,141.9913,45.9,3.9,-0.5522792270452034,0.9210569851714748
2011-07-24T11:02:51.32,38.8832,142.0676,45.1,3.6,2011-09-23T05:41:08.56,38.8842,142.0707,45.3,3.8,-0.4795754961937291,0.9040661889652412
2011-07-24T11:02:51.32,38.8832,142.0676,45.1,3.6,2011-12-03T04:16:37.87,38.887,142.0837,47.9,4.4,0.1794767377112323,0.9062945555734664
2011-07-24T11:02:51.32,38.8832,142.0676,45.1,3.6,2012-02-03T23:41:13.06,38.8991,142.014,54.5,3.9,-1.3901829122516152,0.925053509442288
2011-07-24T11:02:51.32,38.8832,142.0676,45.1,3.6,2012-03-04T16:32:40.53,38.8621,141.9765,49.4,3.8,-0.98164965147238,0.910685238302655
2011-07-24T11:02:51.32,38.8832,142.0676,45.1,3.6,2012-04-02T17:48:14.12,38.8335,142.1244,48.6,4.1,0.4002662040896261,0.9013977550266
2011-07-24T15:07:09.31,38.8871,142.061,49.6,5.2,2011-11-26T01:43:20.11,38.8117,142.2017,44.0,4.5,0.860660451758453,0.9006875394698166
2011-07-25T20:39:54.83,38.5446,141.8238,43.3,4.6,2012-02-27T16:30:33.02,38.5401,141.9053,48.6,4.5,-0.1033296184865419,0.986686729746911
2011-07-26T14:34:44.69,38.807,142.0519,51.0,3.6,2011-08-16T12:36:05.28,38.822,142.1504,29.2,3.5,1.5981613587063488,0.9799066389706784
2011-07-26T14:34:44.69,38.807,142.0519,51.0,3.6,2011-09-11T15:14:22.05,38.8149,142.0422,51.0,3.6,0.0850602421202133,0.9754663376309546
2011-07-26T14:34:44.69,38.807,142.0519,51.0,3.6,2011-10-08T09:55:34.19,38.852,142.0983,42.9,3.6,0.081009596023253,0.9736903649647912
2011-07-26T14:34:44.69,38.807,142.0519,51.0,3.6,2011-11-13T13:31:00.82,38.8403,142.0992,31.4,3.6,0.4532516631163692,0.9811705588818802
2011-07-26T14:34:44.69,38.807,142.0519,51.0,3.6,2011-12-20T02:13:17.48,38.8263,142.0479,51.0,3.6,-0.2434977550468273,0.9046174913938057
2011-07-26T14:34:44.69,38.807,142.0519,51.0,3.6,2012-03-25T00:16:13.7,38.85,142.06,46.0,3.5,-0.2808846781657145,0.9572144156144864
2011-07-26T14:34:44.69,38.807,142.0519,51.0,3.6,2012-05-12T17:14:39.98,38.8345,142.0632,44.3,3.5,-0.0672403421346506,0.957905373743786
2011-07-26T19:07:13.41,36.4651,140.8766,46.7,3.8,2012-04-13T19:00:21.22,36.4797,140.8562,50.9,3.8,-0.3909703544638392,0.9872259244115454
2011-07-26T21:13:14.6,38.57,144.63,41.0,3.8,2011-07-26T22:47:43.6,38.5587,144.7181,29.0,4.0,0.1412089701897343,0.9162071455716136
2011-07-26T23:01:47.26,39.9159,142.4333,30.8,3.7,2011-10-02T01:15:56.29,39.992,142.5748,23.2,3.6,2.559098068604537,0.9177694763997708
2011-07-26T23:01:47.26,39.9159,142.4333,30.8,3.7,2012-01-03T01:24:30.4,39.8581,142.3095,47.7,3.6,-1.0361134996088583,0.9088647044639858
2011-07-27T19:10:30.7,36.74,141.81,45.0,3.5,2011-09-12T05:17:01.53,36.7224,141.6241,26.0,3.9,-0.0597591332204605,0.9185687568190052
2011-07-27T19:10:30.7,36.74,141.81,45.0,3.5,2011-11-02T19:50:18.2,36.7892,141.8547,19.0,3.6,0.4005935629377781,0.9821632794810846
2011-07-29T18:27:47.13,36.699,141.94,24.8,4.7,2012-01-11T01:33:38.03,36.6519,142.0174,24.2,4.3,0.1161294101285579,0.933154353043722
2011-07-29T23:26:14.89,35.7252,141.1461,13.8,4.0,2011-11-19T23:10:32.2,35.77,141.13,17.0,3.6,-0.2494902296270468,0.9220226349200225
2011-07-29T23:44:11.56,38.8759,141.9913,45.9,3.9,2011-08-29T21:32:23.76,38.8731,142.1,46.6,3.8,0.3044666467895185,0.9926484906946542
2011-07-29T23:44:11.56,38.8759,141.9913,45.9,3.9,2011-09-23T05:41:08.56,38.8842,142.0707,45.3,3.8,0.07238666131092,0.9847983568885104
2011-07-29T23:44:11.56,38.8759,141.9913,45.9,3.9,2011-12-03T04:16:37.87,38.887,142.0837,47.9,4.4,0.73081418452118,0.9177501344461748
2011-07-29T23:44:11.56,38.8759,141.9913,45.9,3.9,2012-03-04T16:32:40.53,38.8621,141.9765,49.4,3.8,-0.4300449863768695,0.981400343199031
2011-07-29T23:44:11.56,38.8759,141.9913,45.9,3.9,2012-04-13T07:40:00.05,38.8793,141.9411,47.7,3.7,-0.1843790684225246,0.9871823700071144
2011-07-30T12:08:22.77,39.0971,142.9696,16.0,4.4,2011-12-05T21:04:13.51,39.1431,142.8881,35.9,4.3,-3.440354334191692,0.9788017784508288
2011-07-31T08:28:53.47,38.8579,142.1698,41.8,3.8,2011-11-10T05:49:23.88,38.8235,142.1085,41.4,3.5,0.1543819389710357,0.9615658889739652
2011-07-31T12:40:04.47,38.6341,141.9757,50.8,4.1,2011-10-24T21:37:27.1,38.6219,141.9473,52.4,4.1,-0.001470430827235,0.9899606799731936
2011-08-01T06:54:59.31,38.6439,142.1882,40.3,4.6,2011-12-18T06:08:57.86,38.648,142.2672,42.2,4.5,0.2940208465667385,0.9489395168712804
2011-08-02T01:46:13.29,37.6499,139.9277,9.2,3.5,2011-08-02T04:39:38.26,37.6937,140.0155,5.9,3.6,0.9032437979777206,0.9144956071312728
2011-08-02T15:34:50.38,39.3265,144.0444,11.0,4.3,2012-03-13T18:39:24.26,39.4741,143.7591,11.0,4.0,-2.6241639310836,0.964537116938624
2011-08-02T17:16:57.44,39.0949,142.2277,47.6,3.6,2011-09-30T09:50:37.93,39.1219,142.2211,40.8,3.6,-0.7575858643551268,0.9639236912891188
2011-08-02T17:16:57.44,39.0949,142.2277,47.6,3.6,2011-11-19T07:16:59.88,39.1105,142.176,44.5,3.6,-0.656239699073937,0.9675480631373764
2011-08-02T17:16:57.44,39.0949,142.2277,47.6,3.6,2012-02-08T15:27:28.76,39.1074,142.134,40.6,3.7,-1.6550054946607262,0.9740277646668888
2011-08-05T13:45:12.2,38.46,142.27,26.0,3.6,2011-10-28T19:32:18.44,38.363,142.2262,10.7,3.9,1.8447964027275128,0.904134273538985
2011-08-06T07:29:19.7,35.79,140.93,11.0,3.5,2012-03-17T09:11:30.63,35.7778,140.9496,15.3,3.7,0.9329456336623316,0.9760772940385196
2011-08-06T14:45:36.32,37.0478,141.2794,53.9,4.3,2012-01-26T12:22:13.38,36.9898,141.4008,29.7,4.2,3.0012695582603603,0.9967319999569532
2011-08-06T23:40:45.47,37.0441,142.5111,9.0,3.8,2011-10-25T10:44:29.51,37.0576,142.732,9.0,3.6,1.3718964750509406,0.9838463075109704
2011-08-06T23:40:45.47,37.0441,142.5111,9.0,3.8,2012-04-28T04:11:15.73,37.0257,142.6561,9.0,3.6,1.288389194291305,0.9892060904847004
2011-08-07T00:27:18.96,39.429,143.712,11.0,4.4,2012-05-24T17:40:53.03,39.3924,143.69,11.0,4.4,0.2518879984177523,0.9561141786412948
2011-08-07T20:08:50.08,39.7354,141.8496,58.6,3.7,2012-03-31T22:30:16.3,39.7366,141.8262,61.8,4.2,-0.4470554432350962,0.9548446971355904
2011-08-09T18:29:47.62,38.858,141.9606,56.4,3.8,2012-01-01T07:49:49.71,38.8748,141.9791,50.8,3.7,0.3695124244794743,0.9408661869225572
2011-08-09T18:29:47.62,38.858,141.9606,56.4,3.8,2012-02-03T23:41:13.06,38.8991,142.014,54.5,3.9,0.1610030348413345,0.9848935703434488
2011-08-09T18:29:47.62,38.858,141.9606,56.4,3.8,2012-04-02T17:48:14.12,38.8335,142.1244,48.6,4.1,1.9602791897438008,0.9871444009331074
2011-08-12T23:30:40.3,36.71,142.4,14.0,3.6,2011-08-12T23:36:48.6,36.71,142.43,12.0,3.5,0.3618616706014529,0.9730886958926238
2011-08-13T05:15:06.59,38.1686,141.8185,42.7,3.8,2011-11-16T08:34:00.54,38.1787,141.7783,44.0,3.5,-0.0198419161167574,0.9750232254678676
2011-08-13T09:09:31.73,36.4126,142.779,29.0,3.5,2012-03-12T07:07:45.7,36.4411,142.6338,15.0,3.6,1.037613195653282,0.9929238922992456
2011-08-14T05:14:46.45,37.5975,141.5622,52.6,3.8,2011-12-03T21:04:06.2,37.6057,141.5522,49.1,3.6,-0.0115175970712053,0.993369158434688
2011-08-16T10:11:40.97,38.9864,142.319,45.2,3.6,2012-05-11T00:14:53.6,38.9888,142.3752,48.2,3.9,0.1238655975781554,0.9007069008642615
2011-08-16T12:36:05.28,38.822,142.1504,29.2,3.5,2011-09-11T15:14:22.05,38.8149,142.0422,51.0,3.6,-1.5131269872129482,0.9741463988181966
2011-08-16T12:36:05.28,38.822,142.1504,29.2,3.5,2011-10-08T09:55:34.19,38.852,142.0983,42.9,3.6,-1.516560433007598,0.97567133473774
2011-08-16T12:36:05.28,38.822,142.1504,29.2,3.5,2011-11-13T13:31:00.82,38.8403,142.0992,31.4,3.6,-1.1446526697973485,0.9816204709061088
2011-08-16T12:36:05.28,38.822,142.1504,29.2,3.5,2012-03-25T00:16:13.7,38.85,142.06,46.0,3.5,-1.878235770889038,0.9605182476370356
2011-08-16T12:36:05.28,38.822,142.1504,29.2,3.5,2012-05-12T17:14:39.98,38.8345,142.0632,44.3,3.5,-1.6637299409283353,0.9553492477079768
2011-08-19T05:01:00.18,38.3975,142.076,12.7,4.0,2012-05-06T19:04:27.79,38.4059,142.2102,16.9,3.7,-0.9574487568916432,0.9024983674231868
2011-08-19T09:58:15.18,39.6245,142.2472,42.8,3.8,2011-10-26T16:44:02.45,39.6233,142.1234,47.4,3.9,-0.8224818435322684,0.940807274465126
2011-08-19T09:58:15.18,39.6245,142.2472,42.8,3.8,2012-02-03T21:51:35.25,39.6382,142.19,45.2,3.8,0.2134233485594061,0.9247559510956184
2011-08-20T11:02:51.03,38.1667,141.7198,48.0,3.9,2011-11-07T22:13:18.32,38.1489,141.7726,46.1,3.7,0.4848637140443473,0.9297093845794786
2011-08-21T04:27:39.74,37.4782,142.7404,24.4,4.3,2011-11-15T21:16:14.96,37.5659,142.7472,36.5,3.7,-1.1262236562522756,0.9133016849840024
2011-08-21T19:42:35.24,38.8174,142.1138,48.2,3.9,2011-11-11T17:24:20.31,38.8512,142.0722,43.8,4.0,-0.4881370050603204,0.9912992411651812
2011-08-21T19:42:35.24,38.8174,142.1138,48.2,3.9,2012-01-15T10:36:46.71,38.8009,142.1518,43.2,3.8,0.1085351145981003,0.9917256210865644
2011-08-21T19:42:35.24,38.8174,142.1138,48.2,3.9,2012-03-30T03:37:07.2,38.8322,142.084,47.3,3.7,-0.4960151804472021,0.9907113645111252
2011-08-22T11:29:14.34,36.0757,142.0187,23.0,3.8,2011-11-16T22:21:54.86,36.0674,142.0263,23.0,3.6,-0.2717607810474323,0.983342746651639
2011-08-23T20:04:45.98,37.0178,141.3806,44.8,3.9,2012-01-24T08:07:43.8,37.0524,141.3215,40.8,4.0,-0.7933841543142569,0.9515278152379378
2011-08-23T20:04:45.98,37.0178,141.3806,44.8,3.9,2012-05-08T05:43:17.23,37.1048,141.2982,54.9,4.1,-1.6114954350002382,0.9773331067340372
2011-08-24T02:53:29.72,39.5988,143.4463,11.0,3.8,2012-05-25T09:40:55.7,39.58,143.56,21.0,3.5,0.9413596916118964,0.9024149660577024
2011-08-25T19:12:34.4,37.4848,141.5242,43.9,4.1,2012-01-01T12:06:40.45,37.5045,141.5147,41.3,3.5,0.148046366185066,0.9834283190004414
2011-08-25T23:34:08.83,38.8431,142.0464,46.1,3.9,2011-09-28T23:13:28.8,38.9114,141.953,51.8,3.8,-1.0535439058306664,0.9226010888246924
2011-08-25T23:34:08.83,38.8431,142.0464,46.1,3.9,2011-11-11T07:52:11.62,38.9187,141.9048,50.1,3.9,-1.620788314673331,0.9838215084801152
2011-08-25T23:34:08.83,38.8431,142.0464,46.1,3.9,2011-12-30T19:11:32.91,38.8454,141.9692,51.0,3.8,-0.6110786343221387,0.9706964335154008
2011-08-25T23:34:08.83,38.8431,142.0464,46.1,3.9,2012-03-03T13:26:18.41,38.8307,142.1137,48.1,3.9,-0.2087289777023937,0.9731415295204142
2011-08-25T23:34:08.83,38.8431,142.0464,46.1,3.9,2012-05-03T07:15:45.5,38.888,141.9318,49.4,4.0,-1.2349861835102949,0.9641396117744578
2011-08-29T03:00:43.64,39.9086,142.3592,32.1,3.8,2012-03-25T22:43:57.38,39.8694,142.1742,50.1,3.8,-1.8065997095845288,0.9466476221825054
2011-08-29T14:19:59.84,36.3504,142.7004,15.0,3.8,2012-04-08T17:42:48.15,36.3198,142.6747,15.0,3.9,-0.5869874879920141,0.9936385801780002
2011-08-29T21:32:23.76,38.8731,142.1,46.6,3.8,2011-09-23T05:41:08.56,38.8842,142.0707,45.3,3.8,-0.2328760226634715,0.9871122997370566
2011-08-29T21:32:23.76,38.8731,142.1,46.6,3.8,2011-12-03T04:16:37.87,38.887,142.0837,47.9,4.4,0.4247576673606446,0.9110780755788992
2011-08-29T21:32:23.76,38.8731,142.1,46.6,3.8,2012-03-04T16:32:40.53,38.8621,141.9765,49.4,3.8,-0.7351549628513647,0.9731328757137502
2011-08-29T21:32:23.76,38.8731,142.1,46.6,3.8,2012-04-13T07:40:00.05,38.8793,141.9411,47.7,3.7,-0.4890077153558111,0.9890747837946854
2011-08-30T12:46:15.86,38.5099,141.8259,52.3,3.7,2011-10-23T16:32:10.98,38.5134,141.819,51.8,3.9,0.100406999126252,0.9157343002824624
2011-08-30T12:46:15.86,38.5099,141.8259,52.3,3.7,2011-11-01T15:26:40.6,38.54,141.72,54.0,3.7,-0.5157971176294796,0.9884450150388876
2011-08-30T12:46:15.86,38.5099,141.8259,52.3,3.7,2011-12-26T22:28:50.84,38.5167,141.7922,52.6,3.7,0.2065674472699531,0.9913046021717858
2011-08-30T12:46:15.86,38.5099,141.8259,52.3,3.7,2012-02-22T11:03:23.44,38.5226,141.8087,48.2,3.6,0.1212368296216482,0.9946789035975784
2011-08-30T12:46:15.86,38.5099,141.8259,52.3,3.7,2012-05-11T16:36:38.53,38.5256,141.8349,47.9,3.8,0.2938835752640092,0.9937081704899694
2011-09-02T19:16:38.92,38.4278,142.2446,13.0,3.5,2011-09-04T12:21:58.47,38.4036,142.3207,7.1,3.8,1.0322557661442893,0.9795611695253168
2011-09-06T10:47:26.71,39.9805,143.6495,18.6,4.5,2012-05-08T15:29:45.33,39.9442,143.6423,23.1,4.3,0.1521575690599094,0.9576258686765544
2011-09-09T16:01:40.6,37.51,141.5,45.0,3.5,2012-03-30T09:36:56.6,37.51,141.51,44.0,3.6,0.0468480616943147,0.9951093765250116
2011-09-10T06:21:40.26,36.7413,142.3261,19.0,4.5,2012-03-09T05:31:48.78,36.8324,142.1271,28.8,4.7,-1.8576492668303664,0.9446041624829364
2011-09-10T10:01:08.36,39.2427,142.4243,31.4,3.9,2011-12-02T04:02:36.45,39.2897,142.3022,38.4,3.8,-1.821289969813284,0.96098942856045
2011-09-10T10:01:08.36,39.2427,142.4243,31.4,3.9,2012-03-18T05:55:47.63,39.2806,142.4531,28.0,3.7,0.9732592809248763,0.9849644028487764
2011-09-11T15:14:22.05,38.8149,142.0422,51.0,3.6,2011-10-08T09:55:34.19,38.852,142.0983,42.9,3.6,-0.0037530066471668,0.9747713884300868
2011-09-11T15:14:22.05,38.8149,142.0422,51.0,3.6,2011-11-13T13:31:00.82,38.8403,142.0992,31.4,3.6,0.368519287148105,0.9765124492597578
2011-09-11T15:14:22.05,38.8149,142.0422,51.0,3.6,2012-03-25T00:16:13.7,38.85,142.06,46.0,3.5,-0.3652930626219139,0.9552191599357628
2011-09-11T15:14:22.05,38.8149,142.0422,51.0,3.6,2012-05-12T17:14:39.98,38.8345,142.0632,44.3,3.5,-0.1515865187920621,0.9481184030805708
2011-09-11T22:30:41.61,36.7306,142.1349,19.0,4.4,2012-04-30T16:53:14.18,36.7106,142.2001,19.0,4.2,0.6884033174773304,0.912112574530634
2011-09-12T01:50:03.78,36.7063,142.0973,1.4,4.0,2012-05-01T01:07:55.71,36.6832,141.8521,4.9,3.6,-1.316108601508024,0.990756593345874
2011-09-12T05:17:01.53,36.7224,141.6241,26.0,3.9,2011-11-02T19:50:18.2,36.7892,141.8547,19.0,3.6,0.4599074091611554,0.9247332665430784
2011-09-12T05:17:01.53,36.7224,141.6241,26.0,3.9,2012-02-12T02:34:42.91,36.5916,141.4581,26.0,3.9,-1.5216218250558335,0.9770634658603928
2011-09-13T01:34:01.5,38.8616,142.1319,52.3,3.9,2012-04-02T17:48:14.12,38.8335,142.1244,48.6,4.1,-0.1035871232993067,0.9206459851184556
2011-09-13T13:04:26.6,39.9059,142.3287,42.9,3.7,2011-11-22T22:35:45.03,39.9429,142.4274,28.5,3.6,1.8514858799843608,0.9228218926954894
2011-09-15T14:25:08.65,39.7206,142.3578,48.0,4.1,2012-03-03T20:45:40.28,39.7215,142.2423,45.4,3.5,-0.6308146820785862,0.9361384141473664
2011-09-17T15:13:23.3,38.2812,141.9233,49.1,4.3,2012-03-10T01:33:34.16,38.3724,141.8628,51.4,4.1,-0.4612184210089644,0.9763990959202804
2011-09-20T20:59:04.21,38.5593,141.8434,52.3,4.8,2012-03-08T03:23:28.39,38.5739,141.8401,55.7,4.8,-0.3496208879891956,0.975851346421856
2011-09-21T17:48:25.0,34.7406,142.7162,10.0,4.0,2011-10-09T05:14:10.21,34.7238,142.6316,42.0,3.8,-2.889427504892048,0.9748508120085504
2011-09-21T23:02:40.2,38.49,142.26,28.0,3.6,2012-05-27T10:09:20.86,38.368,142.2455,10.0,4.1,2.148548536220528,0.9226011479897596
2011-09-22T05:22:32.43,36.9243,141.1779,30.5,3.5,2012-03-28T00:34:07.76,36.9287,141.1974,42.7,3.5,-0.9095929783798796,0.9886415983580796
2011-09-23T05:41:08.56,38.8842,142.0707,45.3,3.8,2011-12-03T04:16:37.87,38.887,142.0837,47.9,4.4,0.6564158914489283,0.9147284452032924
2011-09-23T05:41:08.56,38.8842,142.0707,45.3,3.8,2012-03-04T16:32:40.53,38.8621,141.9765,49.4,3.8,-0.5039427973757529,0.9780576827076264
2011-09-23T05:41:08.56,38.8842,142.0707,45.3,3.8,2012-04-13T07:40:00.05,38.8793,141.9411,47.7,3.7,-0.2560702040271133,0.9859882411585668
2011-09-23T13:08:58.84,38.6058,142.0237,44.2,3.8,2011-11-27T22:25:37.34,38.6361,141.9849,47.3,3.8,-0.1756792283666778,0.9872776092661896
2011-09-23T13:08:58.84,38.6058,142.0237,44.2,3.8,2011-12-31T10:29:00.61,38.6187,142.1108,42.2,3.8,0.945192302884914,0.9918829070164056
2011-09-23T13:08:58.84,38.6058,142.0237,44.2,3.8,2012-02-05T12:44:57.46,38.603,142.0346,45.6,3.9,0.441564185292801,0.9903383444287976
2011-09-23T13:08:58.84,38.6058,142.0237,44.2,3.8,2012-03-14T13:28:08.53,38.6288,141.9903,46.5,3.9,0.3457201916280399,0.9836911784322042
2011-09-23T13:08:58.84,38.6058,142.0237,44.2,3.8,2012-05-01T22:07:48.82,38.6343,142.0099,45.2,3.6,0.1201877673150925,0.986010953138353
2011-09-24T03:29:33.13,39.0966,142.2335,9.9,3.6,2011-12-16T09:46:17.56,39.1154,142.1878,43.0,3.7,-2.236385816077505,0.9675766887924884
2011-09-24T03:29:33.13,39.0966,142.2335,9.9,3.6,2012-04-24T12:34:19.45,39.0917,142.2797,50.2,3.9,-2.3624412531014585,0.9697758446675424
2011-09-28T23:13:28.8,38.9114,141.953,51.8,3.8,2011-11-11T07:52:11.62,38.9187,141.9048,50.1,3.9,-0.5641053787667336,0.9474123307524914
2011-09-29T18:29:59.67,36.9597,141.1662,48.5,3.9,2011-12-31T05:48:40.29,36.9568,141.1628,45.2,3.7,-0.4693350176129919,0.9924459751529352
2011-09-30T09:50:37.93,39.1219,142.2211,40.8,3.6,2011-11-19T07:16:59.88,39.1105,142.176,44.5,3.6,0.1021275503892459,0.9540476819222428
2011-09-30T09:50:37.93,39.1219,142.2211,40.8,3.6,2012-02-08T15:27:28.76,39.1074,142.134,40.6,3.7,-0.8955116724716179,0.9635352333303878
2011-10-01T02:29:50.03,39.7213,142.2646,44.6,3.9,2012-01-05T09:02:44.69,39.7846,142.5381,22.8,3.7,3.4267807344870187,0.9237332149946188
2011-10-02T01:15:56.29,39.992,142.5748,23.2,3.6,2012-01-03T01:24:30.4,39.8581,142.3095,47.7,3.6,-3.5945808392358787,0.9185023554563828
2011-10-04T20:41:03.68,38.1767,142.0879,18.2,3.8,2011-11-23T00:13:51.5,38.29,142.04,49.0,3.7,-2.9522311130233065,0.9106476556857396
2011-10-08T09:55:34.19,38.852,142.0983,42.9,3.6,2011-11-13T13:31:00.82,38.8403,142.0992,31.4,3.6,0.372007561742517,0.982590860707298
2011-10-08T09:55:34.19,38.852,142.0983,42.9,3.6,2011-12-20T02:13:17.48,38.8263,142.0479,51.0,3.6,-0.3242956912515019,0.9095620715105892
2011-10-08T09:55:34.19,38.852,142.0983,42.9,3.6,2012-03-25T00:16:13.7,38.85,142.06,46.0,3.5,-0.3614534448378163,0.9625920864929534
2011-10-08T09:55:34.19,38.852,142.0983,42.9,3.6,2012-05-12T17:14:39.98,38.8345,142.0632,44.3,3.5,-0.1468194002783991,0.957601979369192
2011-10-16T14:07:14.4,37.5,141.45,46.0,3.5,2012-03-31T18:50:44.23,37.4999,141.5548,41.5,3.9,0.9228930413336494,0.9942658682357592
2011-10-17T09:15:18.48,37.737,141.9946,4.5,4.3,2011-10-28T16:36:14.5,37.73,141.92,23.0,3.5,-1.6752818541505388,0.900690034581823
2011-10-18T09:06:01.09,38.6007,142.0317,47.6,4.1,2011-12-02T08:58:45.26,38.5951,141.9711,41.4,3.8,-0.5271811342316907,0.9512583989724858
2011-10-18T09:06:01.09,38.6007,142.0317,47.6,4.1,2012-01-18T08:55:38.94,38.6071,142.0718,43.8,4.3,0.3618502951952628,0.9649062282423404
2011-10-18T09:06:01.09,38.6007,142.0317,47.6,4.1,2012-03-21T18:25:03.96,38.5578,142.061,46.7,4.0,0.1137924731756115,0.9881857433152044
2011-10-19T07:05:01.47,37.0661,140.5216,8.0,4.1,2011-10-20T11:53:48.65,36.9862,140.6135,1.4,3.8,0.2586657970826616,0.9070602036458582
2011-10-23T16:32:10.98,38.5134,141.819,51.8,3.9,2011-11-01T15:26:40.6,38.54,141.72,54.0,3.7,-0.6166621257720876,0.9229390617118394
2011-10-23T16:32:10.98,38.5134,141.819,51.8,3.9,2011-12-26T22:28:50.84,38.5167,141.7922,52.6,3.7,0.1049362381485597,0.9099215822728496
2011-10-23T16:32:10.98,38.5134,141.819,51.8,3.9,2012-02-22T11:03:23.44,38.5226,141.8087,48.2,3.6,0.0211093001520875,0.906965787120116
2011-10-23T16:32:10.98,38.5134,141.819,51.8,3.9,2012-05-11T16:36:38.53,38.5256,141.8349,47.9,3.8,0.1940238372692368,0.9214736211803708
2011-10-23T18:58:35.13,39.6388,142.2386,53.5,4.2,2012-02-03T21:51:35.25,39.6382,142.19,45.2,3.8,0.6237506313272795,0.9089034666225404
2011-10-23T18:58:35.13,39.6388,142.2386,53.5,4.2,2012-05-15T00:09:06.0,39.6457,142.1157,47.0,4.0,0.0442219848193785,0.9876889032139048
2011-10-25T10:44:29.51,37.0576,142.732,9.0,3.6,2012-04-28T04:11:15.73,37.0257,142.6561,9.0,3.6,-0.0829638220458992,0.9907735667813168
2011-10-26T16:44:02.45,39.6233,142.1234,47.4,3.9,2012-02-03T21:51:35.25,39.6382,142.19,45.2,3.8,1.0374903286664157,0.9233784019433484
2011-10-30T01:01:19.93,38.2097,141.8512,50.3,3.8,2011-12-22T17:25:25.2,38.2,141.76,55.0,3.5,-0.5981180399792426,0.9074444413268588
2011-10-30T19:36:07.7,36.8464,140.5974,6.6,3.5,2012-05-09T22:02:42.83,36.813,140.6266,8.2,4.0,0.820392403806035,0.9025774183015748
2011-11-01T15:26:40.6,38.54,141.72,54.0,3.7,2011-12-26T22:28:50.84,38.5167,141.7922,52.6,3.7,0.7211497679313571,0.9924709809288996
2011-11-01T15:26:40.6,38.54,141.72,54.0,3.7,2012-02-22T11:03:23.44,38.5226,141.8087,48.2,3.6,0.6371942455943455,0.9884253658024148
2011-11-01T15:26:40.6,38.54,141.72,54.0,3.7,2012-05-11T16:36:38.53,38.5256,141.8349,47.9,3.8,0.8105487781816296,0.9962338224658008
2011-11-11T07:52:11.62,38.9187,141.9048,50.1,3.9,2011-12-30T19:11:32.91,38.8454,141.9692,51.0,3.8,1.0098029644241873,0.9524054695269136
2011-11-11T07:52:11.62,38.9187,141.9048,50.1,3.9,2012-03-03T13:26:18.41,38.8307,142.1137,48.1,3.9,1.413596812883383,0.9593291049784508
2011-11-11T07:52:11.62,38.9187,141.9048,50.1,3.9,2012-05-03T07:15:45.5,38.888,141.9318,49.4,4.0,0.3829199543012784,0.9506418803423968
2011-11-11T17:24:20.31,38.8512,142.0722,43.8,4.0,2012-01-15T10:36:46.71,38.8009,142.1518,43.2,3.8,0.5970355194113344,0.9960958858027888
2011-11-11T17:24:20.31,38.8512,142.0722,43.8,4.0,2012-03-30T03:37:07.2,38.8322,142.084,47.3,3.7,-0.0064045474707961,0.9873149336856356
2011-11-13T13:31:00.82,38.8403,142.0992,31.4,3.6,2011-12-20T02:13:17.48,38.8263,142.0479,51.0,3.6,-0.6969389708095527,0.9079271843924682
2011-11-13T13:31:00.82,38.8403,142.0992,31.4,3.6,2012-03-25T00:16:13.7,38.85,142.06,46.0,3.5,-0.7335551090206557,0.966433406011663
2011-11-13T13:31:00.82,38.8403,142.0992,31.4,3.6,2012-05-12T17:14:39.98,38.8345,142.0632,44.3,3.5,-0.5191309636710725,0.9622807612178378
2011-11-14T05:25:06.4,36.23,141.05,36.0,3.6,2011-11-14T08:31:33.2,36.23,141.05,38.0,3.5,0.0555472163103331,0.9230906491237302
2011-11-19T07:16:59.88,39.1105,142.176,44.5,3.6,2012-02-08T15:27:28.76,39.1074,142.134,40.6,3.7,-0.9975120693274148,0.9674837876749544
2011-11-19T10:06:57.27,37.0121,140.5042,11.2,4.2,2011-11-28T23:02:36.74,36.9995,140.5616,10.7,3.5,1.0871269934204952,0.928872369634237
2011-11-19T10:06:57.27,37.0121,140.5042,11.2,4.2,2011-12-24T19:54:43.96,36.9992,140.5768,13.2,3.6,0.3174201456872553,0.9025817638950798
2011-11-26T01:43:20.11,38.8117,142.2017,44.0,4.5,2012-04-10T02:57:37.98,38.8586,142.1159,41.3,4.3,-0.2985718686864846,0.990727684482288
2011-11-27T22:25:37.34,38.6361,141.9849,47.3,3.8,2011-12-31T10:29:00.61,38.6187,142.1108,42.2,3.8,1.1215885887536226,0.9966511949493166
2011-11-27T22:25:37.34,38.6361,141.9849,47.3,3.8,2012-02-05T12:44:57.46,38.603,142.0346,45.6,3.9,0.6176750554325787,0.9848877308940368
2011-11-27T22:25:37.34,38.6361,141.9849,47.3,3.8,2012-03-14T13:28:08.53,38.6288,141.9903,46.5,3.9,0.5199281925164109,0.9785959617140793
2011-11-27T22:25:37.34,38.6361,141.9849,47.3,3.8,2012-05-01T22:07:48.82,38.6343,142.0099,45.2,3.6,0.2955346987128313,0.9734645441187894
2011-11-28T18:53:30.78,38.612,142.0461,46.1,4.4,2012-01-08T04:41:20.35,38.6191,142.0065,54.2,4.1,-0.9067120916135488,0.9468949253547642
2011-12-02T00:50:29.46,38.2356,141.7559,54.0,4.6,2011-12-04T19:20:04.16,38.2163,141.866,53.7,4.4,0.5927191226440929,0.9009270514520886
2011-12-02T04:02:36.45,39.2897,142.3022,38.4,3.8,2012-03-18T05:55:47.63,39.2806,142.4531,28.0,3.7,2.793264232739487,0.9581622720098332
2011-12-02T08:58:45.26,38.5951,141.9711,41.4,3.8,2012-01-18T08:55:38.94,38.6071,142.0718,43.8,4.3,0.8926037130020782,0.93340582299388
2011-12-02T08:58:45.26,38.5951,141.9711,41.4,3.8,2012-03-21T18:25:03.96,38.5578,142.061,46.7,4.0,0.6421175789186824,0.943804442156552
2011-12-03T04:16:37.87,38.887,142.0837,47.9,4.4,2012-03-04T16:32:40.53,38.8621,141.9765,49.4,3.8,-1.1607636860308657,0.917825380689066
2011-12-03T04:16:37.87,38.887,142.0837,47.9,4.4,2012-04-13T07:40:00.05,38.8793,141.9411,47.7,3.7,-0.9143977908344216,0.9048823666366432
2011-12-10T06:08:16.57,38.6307,141.8736,41.2,4.7,2011-12-20T16:56:44.7,38.63,141.82,45.0,3.7,0.1567548017515573,0.9080857111554728
2011-12-16T09:46:17.56,39.1154,142.1878,43.0,3.7,2012-04-24T12:34:19.45,39.0917,142.2797,50.2,3.9,-0.1262451362750138,0.9920894790374748
2011-12-26T22:28:50.84,38.5167,141.7922,52.6,3.7,2012-02-22T11:03:23.44,38.5226,141.8087,48.2,3.6,-0.0852359950170141,0.9893395911579
2011-12-26T22:28:50.84,38.5167,141.7922,52.6,3.7,2012-05-11T16:36:38.53,38.5256,141.8349,47.9,3.8,0.0888284037992024,0.9885805953021564
2011-12-29T00:30:39.42,36.8397,140.5835,3.1,3.6,2011-12-29T00:49:47.5,36.84,140.61,10.0,3.5,0.0206392330208502,0.9381209386407128
2011-12-30T19:11:32.91,38.8454,141.9692,51.0,3.8,2012-03-03T13:26:18.41,38.8307,142.1137,48.1,3.9,0.4011257514406816,0.9835994530508856
2011-12-30T19:11:32.91,38.8454,141.9692,51.0,3.8,2012-05-03T07:15:45.5,38.888,141.9318,49.4,4.0,-0.6230192732550354,0.9753954709105792
2011-12-31T10:29:00.61,38.6187,142.1108,42.2,3.8,2012-02-05T12:44:57.46,38.603,142.0346,45.6,3.9,-0.503797962146183,0.9901093999964944
2011-12-31T10:29:00.61,38.6187,142.1108,42.2,3.8,2012-03-14T13:28:08.53,38.6288,141.9903,46.5,3.9,-0.6011349941129565,0.978068823566465
2011-12-31T10:29:00.61,38.6187,142.1108,42.2,3.8,2012-05-01T22:07:48.82,38.6343,142.0099,45.2,3.6,-0.8251205739849652,0.9796769481952228
2012-01-01T07:49:49.71,38.8748,141.9791,50.8,3.7,2012-02-03T23:41:13.06,38.8991,142.014,54.5,3.9,-0.2082489002736406,0.905640652268947
2012-01-01T07:49:49.71,38.8748,141.9791,50.8,3.7,2012-04-02T17:48:14.12,38.8335,142.1244,48.6,4.1,1.5917178656606323,0.9416275700418848
2012-01-15T10:36:46.71,38.8009,142.1518,43.2,3.8,2012-03-30T03:37:07.2,38.8322,142.084,47.3,3.7,-0.6032511984828066,0.991491025151536
2012-01-18T08:55:38.94,38.6071,142.0718,43.8,4.3,2012-03-21T18:25:03.96,38.5578,142.061,46.7,4.0,-0.2497074172293217,0.9767100131236804
2012-01-24T08:07:43.8,37.0524,141.3215,40.8,4.0,2012-05-08T05:43:17.23,37.1048,141.2982,54.9,4.1,-0.8204041180137697,0.9765605569946108
2012-02-03T21:51:35.25,39.6382,142.19,45.2,3.8,2012-04-30T20:00:04.96,39.6365,142.1289,46.7,3.8,-0.7653831355000054,0.9476648529037052
2012-02-03T23:41:13.06,38.8991,142.014,54.5,3.9,2012-04-02T17:48:14.12,38.8335,142.1244,48.6,4.1,1.7964810131879685,0.9610628928385896
2012-02-05T12:44:57.46,38.603,142.0346,45.6,3.9,2012-03-14T13:28:08.53,38.6288,141.9903,46.5,3.9,-0.0970633891063467,0.9856677311278697
2012-02-05T12:44:57.46,38.603,142.0346,45.6,3.9,2012-05-01T22:07:48.82,38.6343,142.0099,45.2,3.6,-0.3213840907568954,0.9915632889008774
2012-02-15T15:03:18.05,36.1409,143.4018,35.0,3.6,2012-02-15T19:06:36.78,36.0562,143.4404,35.0,3.6,-0.5021794174314582,0.9366764717466568
2012-02-18T04:56:31.95,35.5549,140.1194,15.8,3.8,2012-02-18T05:13:10.58,35.5346,140.058,14.6,4.2,-0.0526196227058821,0.9620242239198388
2012-02-22T11:03:23.44,38.5226,141.8087,48.2,3.6,2012-05-11T16:36:38.53,38.5256,141.8349,47.9,3.8,0.1725915851264574,0.9915925730404872
2012-03-03T13:26:18.41,38.8307,142.1137,48.1,3.9,2012-05-03T07:15:45.5,38.888,141.9318,49.4,4.0,-1.0249240474840715,0.9612756240537976
2012-03-04T16:32:40.53,38.8621,141.9765,49.4,3.8,2012-04-13T07:40:00.05,38.8793,141.9411,47.7,3.7,0.2463229505326535,0.976192642528818
2012-03-14T12:27:04.0,35.78,140.91,13.0,3.6,2012-03-14T13:25:39.4,35.78,140.91,14.0,3.5,0.0589606437044452,0.9606585301389394
2012-03-14T13:25:39.4,35.78,140.91,14.0,3.5,2012-03-14T13:29:53.21,35.7646,140.8834,12.4,4.3,-0.3043593536853605,0.905860724234052
2012-03-14T13:28:08.53,38.6288,141.9903,46.5,3.9,2012-05-01T22:07:48.82,38.6343,142.0099,45.2,3.6,-0.2254637373465425,0.9892684943105567
2012-03-25T00:16:13.7,38.85,142.06,46.0,3.5,2012-05-12T17:14:39.98,38.8345,142.0632,44.3,3.5,0.2149249953638297,0.9460004540677108
2012-04-05T18:29:31.52,35.6363,140.865,14.4,3.8,2012-04-13T01:38:06.1,35.7,141.0,14.0,3.5,0.4687946374610666,0.9452694239841468
2012-04-19T21:54:10.2,37.0958,141.4213,12.4,3.9,2012-04-22T03:52:06.82,37.0882,141.364,9.9,3.8,0.1472628520867577,0.9032798784856938
2012-05-11T14:18:50.52,35.7313,140.8826,14.1,3.7,2012-05-12T14:59:06.7,35.75,140.93,12.0,3.6,-0.2778055185637993,0.900916896891002
