event1,latitude1,longitude1,depth1,magnitude1,event2,latitude2,longitude2,depth2,magnitude2,Δτ,cc
1997-05-03T21:12:41.2,40.9,142.06,52.0,3.8,1999-05-01T12:26:49.18,40.8951,142.0588,54.4,3.6,-0.5961095698644155,0.9177116302377252
1997-06-06T09:09:31.02,36.0679,139.8705,50.4,3.8,1999-06-12T21:20:44.4,36.1,139.87,47.0,3.7,-0.5715532941123109,0.908311210007557
1997-06-24T23:53:19.64,36.0965,139.9414,48.2,3.8,1998-06-07T23:02:32.1,36.096,139.9046,51.5,3.8,-0.3113708638580063,0.9392868781419887
1997-08-08T17:10:51.45,40.3763,142.291,53.2,4.1,1999-06-15T10:46:42.81,40.3869,142.1943,53.2,3.9,0.5915199608764813,0.9746058888812672
1997-10-22T06:41:00.61,36.0117,140.1413,67.9,3.6,1999-10-06T13:35:55.6,36.01,140.11,68.0,3.6,0.2441180717632808,0.988724095439355
1997-10-22T06:41:00.61,36.0117,140.1413,67.9,3.6,2011-01-19T19:27:34.92,35.984,140.1375,66.1,3.5,0.7375358298779793,0.9002994289037367
1997-11-08T05:16:30.01,36.4874,140.635,55.2,3.9,1998-10-31T18:01:00.17,36.4329,140.6699,54.5,3.9,0.7425963441769757,0.9147671452280848
1997-11-08T05:16:30.01,36.4874,140.635,55.2,3.9,1998-11-07T04:29:18.5,36.45,140.59,55.0,3.8,0.2106412686872403,0.94379347502958
1997-11-08T05:16:30.01,36.4874,140.635,55.2,3.9,2000-03-04T03:35:34.35,36.442,140.6155,55.4,3.7,0.2523584979111046,0.994355166076044
1997-11-08T05:16:30.01,36.4874,140.635,55.2,3.9,2004-01-26T17:43:24.2,36.4852,140.6525,54.9,3.7,0.8965895885182116,0.9085268625068256
1997-11-08T05:16:30.01,36.4874,140.635,55.2,3.9,2004-12-21T08:57:57.04,36.501,140.5676,53.5,3.6,1.0287029585724738,0.906891091507589
1997-11-08T05:16:30.01,36.4874,140.635,55.2,3.9,2009-10-15T21:56:46.22,36.4231,140.7135,55.3,3.9,1.2791031903096068,0.9148720974985356
1997-11-08T05:16:30.01,36.4874,140.635,55.2,3.9,2010-10-26T12:06:19.17,36.4784,140.5983,56.9,3.8,0.385129662024867,0.913790767516984
1997-11-14T04:49:04.8,36.42,140.69,56.0,3.5,1999-08-29T03:37:03.9,36.45,140.68,54.0,3.8,-0.358936015837854,0.9927257384816444
1997-11-18T14:14:37.2,36.6,141.55,50.0,3.5,1997-11-19T00:43:29.0,36.61,141.58,44.0,3.5,0.3328333775110513,0.93048410468596
1998-01-17T04:40:18.1,37.5,141.5,50.0,3.5,2000-03-18T06:44:52.1,37.51,141.5,49.0,3.5,-0.1043563784706592,0.9087189439672276
1998-01-21T20:11:10.65,36.5037,140.6396,56.9,3.8,2009-01-18T09:36:33.31,36.3821,140.8284,55.3,3.9,1.6575076699870062,0.9019694357739466
1998-01-21T20:11:10.65,36.5037,140.6396,56.9,3.8,2011-03-06T20:10:57.18,36.4896,140.7566,58.9,3.9,1.161644686759423,0.9067377531022724
1998-01-21T20:11:10.65,36.5037,140.6396,56.9,3.8,2012-02-01T17:01:39.75,36.5378,140.5829,58.6,3.9,0.3087937287652927,0.9022182118629452
1998-03-08T04:46:48.24,36.0649,139.8133,52.0,4.4,1999-06-12T21:20:44.4,36.1,139.87,47.0,3.7,-0.5096295612887494,0.905621271009482
1998-03-13T14:56:41.5,36.94,141.79,32.0,3.5,1998-03-13T15:03:19.91,36.8681,141.8293,25.2,4.0,0.0138029596773187,0.910702697907068
1998-03-16T23:03:38.19,37.0658,141.2442,46.8,4.5,2000-05-30T14:27:49.04,37.0404,141.2359,50.0,4.3,-0.4648251385285402,0.9331834296000232
1998-04-21T09:16:57.14,34.9689,139.2292,10.5,3.7,1998-04-22T01:21:00.9,34.95,139.18,7.0,3.6,-1.098986864086736,0.9215166191979838
1998-04-21T09:16:57.14,34.9689,139.2292,10.5,3.7,1998-04-22T01:37:45.6,34.95,139.17,5.0,3.5,-1.2567073201495726,0.90010519775084
1998-04-21T11:45:38.73,34.9521,139.191,9.2,3.7,1998-04-25T23:57:12.9,34.96,139.18,5.0,3.5,-0.3991360114292028,0.9233705355141196
1998-04-21T21:03:18.6,34.96,139.18,5.0,3.5,1998-04-25T23:23:13.8,34.96,139.18,5.0,3.5,0.0925254340497437,0.9227209376672926
1998-04-22T01:21:00.9,34.95,139.18,7.0,3.6,1998-04-22T01:26:14.5,34.95,139.17,6.0,3.6,-0.0412587229845015,0.925543822894884
1998-04-22T01:26:14.5,34.95,139.17,6.0,3.6,1998-04-22T01:37:45.6,34.95,139.17,5.0,3.5,-0.1210688219549083,0.9018815042901176
1998-04-22T01:40:54.13,34.9875,139.3054,6.9,4.0,1998-05-05T05:25:34.6,34.95,139.19,6.0,3.5,-1.5421731983497249,0.911513083666391
1998-04-23T03:15:43.8,34.95,139.19,6.0,3.5,1998-04-30T06:19:35.4,34.95,139.19,6.0,3.6,0.4687778548743079,0.9226089286303488
1998-04-26T22:32:59.1,34.95,139.19,4.0,3.6,1998-05-03T23:16:49.8,34.95,139.19,4.0,3.5,0.1251904657673748,0.9378596200434656
1998-04-30T06:19:35.4,34.95,139.19,6.0,3.6,1998-05-05T19:48:54.7,34.95,139.19,6.0,3.5,-0.3234791843527272,0.942607448238171
1998-05-17T07:06:38.56,36.4508,140.7421,48.8,3.8,1999-03-03T00:18:34.2,36.42,140.72,54.0,3.5,0.7381060114323511,0.958843600589424
1998-05-17T07:06:38.56,36.4508,140.7421,48.8,3.8,2002-10-12T19:28:37.85,36.4797,140.7098,51.0,3.9,0.5312251284171913,0.9061469669753992
1998-05-17T07:06:38.56,36.4508,140.7421,48.8,3.8,2010-05-06T19:38:22.89,36.4907,140.8333,48.3,3.9,1.5996675243628586,0.913419975763132
1998-06-26T03:51:24.4,38.52,141.74,57.0,3.9,1999-09-10T01:39:37.9,38.53,141.73,57.0,3.6,-0.027304958135704,0.9662612107834988
1998-07-12T11:39:28.4,39.76,141.86,62.0,3.7,1999-07-13T16:50:22.1,39.75,141.86,62.0,3.7,0.005902521075695,0.9194095131038345
1998-07-12T11:39:28.4,39.76,141.86,62.0,3.7,2000-05-13T21:01:41.5,39.75,141.85,62.0,3.5,-0.1442126666106606,0.9005984415768313
1998-08-21T09:21:32.2,37.1,141.74,40.0,3.9,1998-08-21T13:35:24.65,37.1317,141.7269,35.0,3.8,-1.7225859679485034,0.9288625304419283
1998-08-30T06:10:27.92,39.6422,142.1852,46.8,4.1,1999-11-18T00:13:47.4,39.6681,142.178,45.5,4.1,-0.4153247144447357,0.9489423972120314
1998-09-15T07:31:09.1,38.27,140.76,13.0,3.6,1998-09-26T14:07:42.2,38.27,140.76,13.0,3.8,-0.042778551995844,0.9558216897724018
1998-09-15T07:31:09.1,38.27,140.76,13.0,3.6,1999-10-23T17:20:21.8,38.27,140.76,13.0,3.5,0.01653374921027,0.9267311741890742
1998-09-15T07:54:35.3,38.28,140.76,14.0,3.5,1998-09-15T07:56:10.2,38.28,140.77,11.0,3.6,-0.2976881631339626,0.9157377245461068
1998-09-26T14:07:42.2,38.27,140.76,13.0,3.8,1999-10-23T17:20:21.8,38.27,140.76,13.0,3.5,0.0615365010306988,0.924871401518258
1998-10-31T18:01:00.17,36.4329,140.6699,54.5,3.9,2000-03-04T03:35:34.35,36.442,140.6155,55.4,3.7,-0.4910432413508991,0.9124457248104744
1998-11-07T04:29:18.5,36.45,140.59,55.0,3.8,2000-03-04T03:35:34.35,36.442,140.6155,55.4,3.7,0.0425128092349202,0.946698220984629
1998-11-30T13:48:26.8,37.37,141.89,40.0,3.6,1999-12-13T18:46:52.3,37.37,141.89,37.0,3.6,0.155432427440616,0.90430939612725
1999-01-31T22:53:39.2,37.12,141.5,46.0,3.6,1999-02-01T02:26:05.4,37.13,141.5,45.0,3.6,-0.1211851974940484,0.9467007494478784
1999-02-08T08:51:33.72,38.4101,143.2745,25.0,4.5,2011-03-10T21:49:44.96,38.5049,143.1989,20.5,4.5,0.3700175050377823,0.9064778794174644
1999-03-03T00:18:34.2,36.42,140.72,54.0,3.5,2002-10-12T19:28:37.85,36.4797,140.7098,51.0,3.9,-0.2049698378887127,0.9110346826653644
1999-03-03T00:18:34.2,36.42,140.72,54.0,3.5,2004-01-02T18:32:52.81,36.5014,140.7206,49.3,3.8,-0.2105995135781599,0.9213455401278616
1999-03-03T00:18:34.2,36.42,140.72,54.0,3.5,2010-05-06T19:38:22.89,36.4907,140.8333,48.3,3.9,0.8605134916009156,0.9055722551264672
1999-04-30T04:03:08.43,37.7436,142.1185,9.1,3.9,1999-04-30T23:33:03.2,37.77,142.12,39.0,3.7,-1.9190249153609025,0.9181361755352104
1999-07-01T19:17:13.18,36.5065,140.8021,50.2,3.8,2010-09-21T03:42:37.64,36.5275,140.7757,50.8,3.8,0.4556557618238615,0.912885618599303
1999-10-06T13:35:55.6,36.01,140.11,68.0,3.6,2009-06-17T10:41:04.02,36.0074,140.1461,70.4,3.5,0.3639609755147192,0.9211115550172392
1999-10-06T13:35:55.6,36.01,140.11,68.0,3.6,2011-01-19T19:27:34.92,35.984,140.1375,66.1,3.5,0.4920816181126708,0.9144441479005944
2000-03-04T03:35:34.35,36.442,140.6155,55.4,3.7,2004-01-26T17:43:24.2,36.4852,140.6525,54.9,3.7,0.6443311319714287,0.9123928657127692
2000-03-04T03:35:34.35,36.442,140.6155,55.4,3.7,2004-12-21T08:57:57.04,36.501,140.5676,53.5,3.6,0.7768012646877689,0.903067704585242
2000-03-04T03:35:34.35,36.442,140.6155,55.4,3.7,2009-10-15T21:56:46.22,36.4231,140.7135,55.3,3.9,1.026979358339466,0.9135888892945616
2000-03-04T03:35:34.35,36.442,140.6155,55.4,3.7,2010-10-26T12:06:19.17,36.4784,140.5983,56.9,3.8,0.1328992799549615,0.9105463286037696
2000-06-28T16:12:16.9,38.15,141.72,54.0,4.1,2009-07-14T05:11:34.66,38.1343,141.7411,49.6,3.7,-0.3153154912869871,0.9638959547073934
2000-06-28T16:12:16.9,38.15,141.72,54.0,4.1,2011-04-23T02:13:29.81,38.1695,141.7681,47.2,3.5,0.0530291234573718,0.9110627841962292
2000-06-28T16:12:16.9,38.15,141.72,54.0,4.1,2011-07-09T13:35:25.8,38.1543,141.7318,46.8,3.7,-0.2025008811493908,0.9290886130250556
2000-06-28T16:12:16.9,38.15,141.72,54.0,4.1,2011-08-20T11:02:51.03,38.1667,141.7198,48.0,3.9,-0.3203688004109367,0.9438753505572144
2000-06-28T16:12:16.9,38.15,141.72,54.0,4.1,2011-11-07T22:13:18.32,38.1489,141.7726,46.1,3.7,0.1688538329610911,0.9254507975772482
2000-07-01T13:07:53.4,38.89,142.13,49.0,3.9,2009-06-15T23:33:04.7,38.91,142.11,44.0,3.7,-0.3449321507281665,0.9201074302063408
2000-07-08T02:15:06.9,35.71,140.71,47.0,3.6,2011-04-27T08:35:36.34,35.6774,140.8725,43.6,3.6,0.7434604530936884,0.9902592739180714
2000-07-08T02:15:06.9,35.71,140.71,47.0,3.6,2011-08-22T21:09:00.47,35.6766,140.8147,46.4,3.5,-0.1962718922409094,0.9872787501018128
2000-07-19T18:47:22.86,40.121,142.56,31.0,4.1,2008-12-17T13:10:41.24,40.1089,142.5101,39.4,4.1,-0.7404966356749836,0.9602800918201208
2000-07-19T18:47:22.86,40.121,142.56,31.0,4.1,2010-11-24T23:55:58.07,40.0691,142.3821,47.9,4.0,-1.9112328471572035,0.9605655536550516
2000-07-20T05:58:12.34,37.2986,141.6388,60.0,4.1,2010-02-25T05:32:46.62,37.2784,141.7449,24.2,3.7,4.210344629424316,0.9591784346533836
2000-07-25T23:03:00.03,36.4183,142.2299,19.0,3.7,2011-04-10T07:56:00.58,36.3047,142.6163,15.0,3.8,2.111557581704244,0.9490096370900002
2000-07-25T23:03:00.03,36.4183,142.2299,19.0,3.7,2011-05-24T18:33:38.42,36.338,142.6923,15.0,3.7,2.2957227385704035,0.9833333725798292
2000-07-25T23:03:00.03,36.4183,142.2299,19.0,3.7,2011-08-29T14:19:59.84,36.3504,142.7004,15.0,3.8,2.5818082255890924,0.986535410499076
2000-07-25T23:03:00.03,36.4183,142.2299,19.0,3.7,2012-04-08T17:42:48.15,36.3198,142.6747,15.0,3.9,1.994417714616452,0.9873788994867184
2000-07-29T16:22:58.91,39.6488,142.1446,47.9,4.3,2007-05-28T22:36:09.43,39.6336,142.1172,50.5,4.0,0.0722482262189281,0.9724027072471122
2000-07-29T16:22:58.91,39.6488,142.1446,47.9,4.3,2009-03-24T06:17:37.3,39.6204,142.1444,46.4,3.8,0.024166404512984,0.9575698702330788
2000-07-29T16:22:58.91,39.6488,142.1446,47.9,4.3,2010-11-18T19:08:09.33,39.6772,142.1149,59.1,4.0,-0.7879232638990932,0.9869413905293608
2000-07-29T16:22:58.91,39.6488,142.1446,47.9,4.3,2011-05-26T06:57:34.44,39.6139,142.1138,49.3,4.1,0.0980111919224768,0.9787287824071628
2000-07-29T16:22:58.91,39.6488,142.1446,47.9,4.3,2011-10-23T18:58:35.13,39.6388,142.2386,53.5,4.2,0.3246829748797202,0.9866769261382592
2000-07-29T16:22:58.91,39.6488,142.1446,47.9,4.3,2012-05-15T00:09:06.0,39.6457,142.1157,47.0,4.0,0.3687274948360731,0.9822366325223704
2000-07-30T05:41:19.3,35.6905,140.6717,45.6,3.5,2004-07-27T18:57:46.67,35.7103,140.7075,48.6,3.7,0.8089270749876212,0.9038860720457048
2000-07-30T05:41:19.3,35.6905,140.6717,45.6,3.5,2005-04-25T01:19:41.66,35.6668,140.742,50.2,3.7,0.5253265065674315,0.9032035363754588
2000-07-30T05:41:19.3,35.6905,140.6717,45.6,3.5,2010-06-27T06:24:14.29,35.6319,140.8066,53.8,3.5,0.9519284314927274,0.992741069695128
2000-07-30T05:41:19.3,35.6905,140.6717,45.6,3.5,2011-09-20T14:59:06.34,35.6694,140.6877,49.8,3.5,0.4746532077226826,0.9880231297072072
2000-08-08T04:54:26.06,36.579,141.0642,37.3,4.0,2000-08-17T01:15:50.8,36.54,141.0,49.0,3.6,0.2981824873832164,0.9440927857632432
2000-08-14T07:33:47.2,35.723,140.1292,72.3,4.0,2012-02-07T13:37:55.3,35.7276,140.1412,68.5,4.3,0.2532444027350362,0.976217703638916
2000-08-16T05:57:41.3,39.14,143.6,11.0,3.6,2010-08-10T11:40:05.3,39.17,143.66,14.0,3.7,3.517160577876981,0.914643436759666
2000-08-21T12:27:24.0,36.07,139.96,47.0,3.6,2011-04-07T19:46:09.68,36.0481,139.9767,49.5,3.8,0.8441092040802598,0.9805983785603244
2000-08-31T04:42:15.48,39.7819,141.8878,56.2,3.9,2002-09-24T15:35:20.79,39.7323,141.8513,57.7,3.7,-0.1076919360577621,0.9038927711966568
2000-08-31T04:42:15.48,39.7819,141.8878,56.2,3.9,2009-06-17T08:51:29.94,39.7403,141.8318,57.8,3.9,0.3032380351746416,0.9550830476732812
2000-08-31T04:42:15.48,39.7819,141.8878,56.2,3.9,2010-10-24T21:09:58.82,39.7489,141.828,60.5,4.0,0.2295988405270091,0.9653775809391358
2000-08-31T04:42:15.48,39.7819,141.8878,56.2,3.9,2011-08-07T20:08:50.08,39.7354,141.8496,58.6,3.7,-0.0562411707699441,0.9524431378648271
2000-08-31T04:42:15.48,39.7819,141.8878,56.2,3.9,2012-03-31T22:30:16.3,39.7366,141.8262,61.8,4.2,-0.5068049044990005,0.9428882168552012
2000-08-31T21:13:15.98,35.6965,140.5873,48.2,4.1,2011-05-11T18:20:14.67,35.6441,140.7111,45.0,3.5,0.7087905744996472,0.9642775729777516
2000-09-13T07:54:18.14,39.8218,143.2638,25.5,3.8,2011-08-28T22:41:20.11,39.9768,143.0317,12.0,3.9,1.816882893117449,0.9197406213454056
2000-09-21T22:43:26.18,35.9115,140.7755,43.2,4.3,2009-04-20T22:54:24.31,35.9285,140.845,34.2,4.6,1.1191522684140562,0.9050179989699152
2000-09-25T17:50:34.9,36.75,141.78,25.0,3.6,2004-02-19T20:53:29.4,36.75,141.84,23.0,3.8,1.0585998506317793,0.9898454885256414
2000-09-25T17:50:34.9,36.75,141.78,25.0,3.6,2005-08-29T03:27:15.2,36.77,141.74,58.0,3.5,-0.3375083162918273,0.9892607567320728
2000-09-25T17:50:34.9,36.75,141.78,25.0,3.6,2009-07-19T12:19:50.2,36.75,141.83,45.0,3.6,0.2080342083083318,0.9179946955912056
2000-09-25T17:50:34.9,36.75,141.78,25.0,3.6,2011-05-28T08:36:11.07,36.7555,141.792,19.0,3.7,0.8340668706866763,0.910926460099604
2000-09-25T17:50:34.9,36.75,141.78,25.0,3.6,2011-07-27T19:10:30.7,36.74,141.81,45.0,3.5,0.0448181669921401,0.9009226853394916
2000-09-25T17:50:34.9,36.75,141.78,25.0,3.6,2011-11-02T19:50:18.2,36.7892,141.8547,19.0,3.6,0.4449515250214805,0.9137339209869232
2000-10-10T10:19:55.18,36.6416,142.037,19.0,4.1,2005-02-08T09:46:34.9,36.67,142.07,30.0,4.2,1.3667372111206302,0.993901761863391
2000-10-10T10:19:55.18,36.6416,142.037,19.0,4.1,2009-12-24T11:37:47.89,36.7098,142.001,7.2,3.9,1.8625443906639427,0.9222650295632904
2000-10-12T01:31:24.19,35.5087,141.1898,30.8,3.9,2011-06-22T11:35:09.55,35.5442,141.1039,33.2,3.9,-0.3049018308343786,0.934089388566989
2000-10-12T01:31:24.19,35.5087,141.1898,30.8,3.9,2012-02-18T00:38:37.35,35.5706,141.0473,33.0,4.2,-0.7538596858011468,0.9352778491136275
2000-10-19T07:25:03.7,36.92,139.71,11.0,4.0,2000-10-26T07:06:24.7,36.92,139.71,10.0,3.5,-0.0847169648128574,0.9789408011773192
2000-10-23T08:44:51.95,36.4776,140.5426,58.1,3.9,2004-07-20T02:46:37.32,36.4676,140.5466,56.2,4.1,1.0568738558327309,0.9794477633755342
2000-10-23T08:44:51.95,36.4776,140.5426,58.1,3.9,2006-03-25T16:51:55.06,36.4766,140.5746,54.8,3.9,0.5196117299320706,0.9505708724730016
2000-10-23T08:44:51.95,36.4776,140.5426,58.1,3.9,2009-02-27T17:30:11.23,36.341,140.676,52.2,4.2,1.6543946614859175,0.932456184399994
2000-11-17T14:22:06.35,36.1433,140.1229,50.2,3.8,2006-11-08T21:06:42.5,36.1562,140.108,53.6,3.7,1.02301745733676,0.9218582960237124
2000-11-18T08:19:14.2,37.35,141.8,44.0,4.3,2004-02-14T02:14:18.4,37.39,141.74,40.0,3.8,-0.8080608002575491,0.9269515260171334
2000-11-27T12:53:46.45,35.7208,140.6864,52.4,3.7,2005-07-11T14:49:02.72,35.6631,140.7123,54.0,3.9,0.7408916357314961,0.992030690859504
2000-12-08T13:02:05.9,36.67,141.35,42.0,3.5,2000-12-10T12:03:35.1,36.66,141.37,41.0,3.6,0.2266041490553185,0.9220767635166296
2000-12-09T22:31:11.3,37.28,141.78,39.0,3.5,2004-08-14T05:57:47.5,37.28,141.75,39.0,3.6,-0.3597396127056125,0.9621315794328238
2001-01-15T19:44:37.16,41.5083,142.0489,62.8,4.1,2005-06-02T16:32:10.41,41.5127,142.008,65.5,4.3,0.2390079563715908,0.9505166012364844
2001-01-18T23:10:56.6,36.52,140.58,60.0,4.1,2004-10-26T23:20:23.6,36.52,140.57,58.0,4.0,-0.047645132954543,0.9097870191593193
2001-02-12T18:04:20.1,35.987,140.116,63.4,3.6,2005-06-01T15:36:42.33,35.9863,140.1637,67.8,4.0,1.002184573087019,0.9804595323035036
2001-02-12T18:04:20.1,35.987,140.116,63.4,3.6,2009-06-17T10:41:04.02,36.0074,140.1461,70.4,3.5,0.5990770259498724,0.9484575004541131
2001-02-12T18:04:20.1,35.987,140.116,63.4,3.6,2011-01-19T19:27:34.92,35.984,140.1375,66.1,3.5,0.726961258099866,0.9298224948503728
2001-02-12T18:04:20.1,35.987,140.116,63.4,3.6,2011-06-25T09:59:31.25,36.0562,140.2305,64.3,3.7,1.1868612568083,0.9271686869119924
2001-02-18T07:17:23.64,36.0736,139.8637,48.8,3.8,2004-07-10T11:07:05.69,36.0217,139.8146,51.4,4.7,1.054145326451672,0.9163639099049768
2001-05-14T04:59:51.0,36.11,139.68,87.0,3.5,2005-01-04T16:43:33.2,36.11,139.68,85.0,3.7,0.1749340862957673,0.9640770854442556
2001-05-15T06:51:03.89,36.934,142.234,1.2,3.6,2003-08-28T23:29:01.5,37.01,142.19,32.0,3.5,-2.851578641984757,0.9443854070766756
2001-05-20T21:34:43.42,38.2507,141.972,41.4,4.1,2005-11-14T22:10:26.0,38.28,141.91,45.0,3.7,-0.228364592658958,0.9169220217812288
2001-05-20T21:34:43.42,38.2507,141.972,41.4,4.1,2011-07-28T22:22:01.93,38.2296,142.0012,30.0,3.8,1.8670997333319157,0.9187913811836996
2001-05-24T04:22:50.17,35.8811,140.0901,70.7,4.2,2005-12-31T14:32:26.82,35.855,140.2507,62.9,4.1,1.8435271669732936,0.9572456664985012
2001-05-30T20:09:51.48,36.0063,140.4121,61.3,4.0,2006-02-06T11:26:11.82,35.9981,140.5152,58.0,4.2,1.2578887381045374,0.973172562237387
2001-05-30T20:09:51.48,36.0063,140.4121,61.3,4.0,2011-05-21T08:51:45.98,35.9411,140.4323,50.0,3.6,1.8927122285397064,0.9378182429381652
2001-05-31T14:57:01.18,37.0355,141.537,33.0,4.3,2006-07-26T20:55:34.17,37.0423,141.7067,34.7,4.3,-0.2149015406447156,0.9683707872129692
2001-05-31T14:57:01.18,37.0355,141.537,33.0,4.3,2010-02-14T02:57:37.98,37.1851,141.392,44.8,4.1,-2.1601340598748573,0.9424780438010896
2001-05-31T22:01:51.1,36.42,140.67,55.0,3.5,2003-01-01T14:18:56.5,36.43,140.66,55.0,3.6,0.1555558522250121,0.9322162717225162
2001-05-31T22:01:51.1,36.42,140.67,55.0,3.5,2004-09-05T00:33:58.3,36.43,140.65,53.0,3.6,0.0055264770476678,0.9310748134267072
2001-05-31T22:01:51.1,36.42,140.67,55.0,3.5,2006-06-09T09:26:55.7,36.42,140.66,53.0,3.6,0.0527820719984164,0.93630270055232
2001-06-13T04:26:35.08,35.4943,141.8237,32.3,3.8,2004-05-09T07:12:58.54,35.4586,141.8051,25.0,3.5,0.8302058545474067,0.988598512370897
2001-06-13T04:26:35.08,35.4943,141.8237,32.3,3.8,2009-02-06T16:54:29.27,35.5918,141.7524,22.0,3.7,1.2319586585856117,0.9337756155346952
2001-06-13T04:26:35.08,35.4943,141.8237,32.3,3.8,2011-03-22T00:14:42.0,35.5211,141.725,22.0,3.8,1.649640973839289,0.9015047675213584
2001-06-13T04:26:35.08,35.4943,141.8237,32.3,3.8,2011-04-10T00:00:54.05,35.709,141.5009,25.0,3.9,-1.1084316750158203,0.916974943155524
2001-06-13T04:26:35.08,35.4943,141.8237,32.3,3.8,2011-05-06T23:24:52.73,35.4453,141.6749,25.0,3.8,0.7350737155785356,0.9207725206505364
2001-06-13T04:26:35.08,35.4943,141.8237,32.3,3.8,2011-07-18T12:37:10.7,35.5103,141.7596,10.8,3.8,3.035130715667119,0.9279416832306158
2001-06-27T14:29:43.83,39.1428,143.318,33.2,4.0,2009-06-19T14:10:05.18,39.0844,143.457,7.7,4.2,5.276602231001297,0.9086538932887864
2001-07-02T06:18:06.1,38.53,141.72,55.0,3.8,2003-02-24T07:24:02.2,38.53,141.72,53.0,3.5,0.1013719618194898,0.9679049810205992
2001-07-02T06:18:06.1,38.53,141.72,55.0,3.8,2004-09-23T16:10:09.9,38.54,141.72,53.0,3.5,0.183691670228365,0.9636546162615126
2001-07-02T06:18:06.1,38.53,141.72,55.0,3.8,2006-08-16T11:42:44.43,38.5179,141.7973,50.1,3.6,0.8494930748147295,0.9675795956034214
2001-07-02T10:13:01.14,36.9887,141.868,10.5,3.9,2001-07-02T10:37:34.9,37.01,141.79,34.0,3.7,-2.521077093177966,0.94401934159284
2001-07-05T18:57:01.2,36.6309,140.9633,48.4,4.5,2004-12-08T17:15:21.57,36.5986,140.9907,32.0,4.2,2.610603622394524,0.9845139706540592
2001-07-08T03:34:14.46,35.7463,140.6851,46.2,3.7,2004-01-19T23:30:30.34,35.7116,140.7455,45.7,3.5,0.6343653922273598,0.9910759563719262
2001-07-08T03:34:14.46,35.7463,140.6851,46.2,3.7,2011-03-24T02:33:14.2,35.7623,140.7362,43.6,3.6,0.8955026530384187,0.9013494017281996
2002-09-24T15:35:20.79,39.7323,141.8513,57.7,3.7,2003-12-18T09:26:41.11,39.7394,141.8795,59.3,4.1,0.1911246650796298,0.9806879559272612
2002-09-24T15:35:20.79,39.7323,141.8513,57.7,3.7,2005-12-29T11:23:30.82,39.7575,141.8575,60.6,4.0,0.1734985292761882,0.9863272165221676
2002-09-24T15:35:20.79,39.7323,141.8513,57.7,3.7,2009-06-17T08:51:29.94,39.7403,141.8318,57.8,3.9,0.4112877215895691,0.924399701077912
2002-09-24T15:35:20.79,39.7323,141.8513,57.7,3.7,2010-10-24T21:09:58.82,39.7489,141.828,60.5,4.0,0.3369591497748991,0.9199350806055592
2002-09-24T15:35:20.79,39.7323,141.8513,57.7,3.7,2011-08-07T20:08:50.08,39.7354,141.8496,58.6,3.7,0.0516171087767507,0.9047705739362222
2002-09-24T15:35:20.79,39.7323,141.8513,57.7,3.7,2012-03-31T22:30:16.3,39.7366,141.8262,61.8,4.2,-0.3973900872218484,0.9038117833566208
2002-09-25T11:18:12.74,37.4224,143.1367,24.0,4.0,2009-10-07T21:32:58.3,37.4655,142.9587,24.0,3.8,-1.2156025902369128,0.92749829245873
2002-10-02T17:30:51.74,37.1141,142.4736,9.0,4.0,2011-03-24T22:59:42.32,37.1203,142.3787,5.8,4.1,0.4492002960643411,0.9150069838106698
2002-10-02T17:30:51.74,37.1141,142.4736,9.0,4.0,2011-04-19T07:18:28.3,37.14,142.43,18.0,3.8,-0.7580272122396923,0.9257994956928725
2002-10-02T17:30:51.74,37.1141,142.4736,9.0,4.0,2011-06-15T05:32:37.97,37.0738,142.3608,6.1,4.2,0.3103457986832223,0.9333182356823182
2002-10-02T17:30:51.74,37.1141,142.4736,9.0,4.0,2011-09-15T04:35:51.4,37.17,142.42,3.0,4.0,1.019166942923438,0.9316774811177586
2002-10-07T11:45:59.1,37.54,142.26,38.0,3.7,2006-01-04T16:15:09.4,37.5628,142.2753,21.0,3.8,0.1375238890931723,0.9948001151282996
2002-10-12T19:28:37.85,36.4797,140.7098,51.0,3.9,2004-01-02T18:32:52.81,36.5014,140.7206,49.3,3.8,-0.0062241516325042,0.986848060042399
2002-10-12T19:28:37.85,36.4797,140.7098,51.0,3.9,2010-05-06T19:38:22.89,36.4907,140.8333,48.3,3.9,1.0662093310151612,0.9288491872296304
2002-10-13T17:07:02.62,40.3817,142.0504,50.3,3.8,2005-08-15T17:17:09.0,40.35,142.08,50.0,3.5,-0.2672805584233673,0.904288869909404
2002-10-13T17:07:02.62,40.3817,142.0504,50.3,3.8,2006-06-17T20:30:09.2,40.3845,142.0214,51.3,3.7,-0.2953705467395508,0.9486495812428944
2002-10-16T08:24:27.1,36.19,140.02,53.0,3.5,2006-10-23T12:24:20.8,36.19,140.02,52.0,3.7,0.0076432554830623,0.9979251091202516
2002-10-16T08:24:27.1,36.19,140.02,53.0,3.5,2011-03-29T11:14:02.8,36.19,140.01,50.0,3.8,-0.2131444518367376,0.9352873804751528
2002-10-21T19:00:19.25,36.3878,141.0945,32.0,4.1,2006-09-21T17:32:01.45,36.3931,141.284,22.9,3.8,1.4845734020551875,0.9613503121183286
2002-10-21T19:00:19.25,36.3878,141.0945,32.0,4.1,2010-01-13T15:53:26.69,36.3932,141.0317,31.2,3.7,-0.2893947981202638,0.9258677887799808
2002-10-26T10:43:25.71,37.0533,141.3483,33.0,4.6,2005-09-10T20:06:49.54,37.0007,141.2866,47.0,4.5,-1.581864687656492,0.9937313059996796
2002-11-03T19:14:44.74,38.8598,142.0942,45.4,4.8,2003-01-19T08:04:17.74,38.8299,142.1239,41.5,3.9,0.0762496083348591,0.9061754117938228
2002-11-12T04:46:10.43,35.8212,141.0804,42.5,3.5,2010-06-28T00:36:35.14,35.9197,140.9091,31.0,3.5,-0.4699892861458625,0.9120192431119608
2002-11-12T04:46:10.43,35.8212,141.0804,42.5,3.5,2012-03-24T16:31:57.26,35.7963,140.8954,40.4,3.5,-0.7451004267846606,0.9176981729567028
2002-11-23T20:14:39.87,39.6443,142.072,46.6,4.1,2004-11-05T04:45:48.55,39.6212,141.9871,54.6,4.0,-1.2560074536711687,0.9558447672642184
2002-12-04T17:17:06.57,37.046,141.3614,47.5,4.2,2011-05-20T03:50:17.88,37.0434,141.3391,38.9,3.9,0.0881703879056886,0.9156362355282396
2002-12-04T17:17:06.57,37.046,141.3614,47.5,4.2,2012-01-24T08:07:43.8,37.0524,141.3215,40.8,4.0,-0.5362663878443429,0.9016318423935656
2002-12-04T17:17:06.57,37.046,141.3614,47.5,4.2,2012-05-08T05:43:17.23,37.1048,141.2982,54.9,4.1,-1.3562385083512454,0.912699005580665
2002-12-11T11:54:21.88,40.2291,142.5078,34.7,4.2,2006-10-23T00:58:14.89,40.1409,142.3681,46.4,4.3,-1.6664729184140332,0.9889774560443804
2002-12-11T11:54:21.88,40.2291,142.5078,34.7,4.2,2009-12-11T07:55:43.31,40.1903,142.5143,49.8,4.0,-1.27751536247502,0.91704969047354
2002-12-17T15:48:32.04,40.1293,142.4776,47.7,4.2,2005-03-22T22:49:20.8,40.1152,142.5007,41.7,3.9,0.275386038248674,0.9055314642381944
2002-12-20T18:03:37.96,35.6337,140.0453,77.5,3.5,2011-07-14T16:27:37.91,35.6115,140.0318,74.5,3.5,-0.6644762894096518,0.916525369040056
2002-12-22T20:31:47.87,36.1963,139.9369,55.6,4.2,2011-04-03T02:49:29.17,36.2055,139.9347,54.4,4.2,0.0275671804871623,0.9257609292627385
2002-12-28T12:35:21.46,39.2416,142.6584,10.0,3.7,2002-12-28T12:40:47.79,39.1945,142.7831,39.1,3.6,-1.0259509962319242,0.9299119011802142
2002-12-28T12:35:21.46,39.2416,142.6584,10.0,3.7,2005-10-21T05:12:11.5,39.14,142.89,27.0,3.8,2.046356028461054,0.9572271031222714
2002-12-28T12:40:47.79,39.1945,142.7831,39.1,3.6,2009-07-25T16:16:34.06,39.1453,142.9493,10.4,3.7,4.758098830202599,0.920613552919026
2003-01-01T14:18:56.5,36.43,140.66,55.0,3.6,2004-09-05T00:33:58.3,36.43,140.65,53.0,3.6,-0.1501392490978317,0.99915003202555
2003-01-01T14:18:56.5,36.43,140.66,55.0,3.6,2006-06-09T09:26:55.7,36.42,140.66,53.0,3.6,-0.1024798404688249,0.9983280718943668
2003-01-01T14:18:56.5,36.43,140.66,55.0,3.6,2010-11-14T10:08:09.6,36.43,140.66,54.0,3.6,-0.1146873408934622,0.90806962396559
2003-01-01T14:18:56.5,36.43,140.66,55.0,3.6,2012-01-14T15:45:39.17,36.4847,140.7011,51.2,3.8,-0.0163184629056976,0.9052846107680096
2003-01-06T01:25:12.7,38.01,143.41,53.0,3.8,2003-03-01T21:16:42.12,37.9739,143.5301,40.6,4.5,0.3333052686936553,0.9316988467439048
2003-01-16T10:24:36.31,40.0955,142.1822,25.0,3.8,2004-12-11T11:37:05.71,40.1247,142.4178,30.4,3.7,5.046226848704463,0.9599410956932838
2003-01-19T08:04:17.74,38.8299,142.1239,41.5,3.9,2012-04-10T02:57:37.98,38.8586,142.1159,41.3,4.3,0.4665969649903163,0.9028155466862824
2003-01-28T12:58:08.57,41.1321,143.2514,32.4,3.9,2006-10-17T15:58:53.58,41.0416,143.3994,35.4,3.8,0.7938741978540164,0.9503043812338196
2003-01-31T18:15:17.12,36.0407,139.9083,51.4,4.1,2006-06-13T22:11:14.95,36.0479,139.9313,48.1,3.6,-0.5096038748328564,0.9000895182469829
2003-01-31T18:15:17.12,36.0407,139.9083,51.4,4.1,2010-03-12T07:08:37.5,36.0479,139.8649,48.6,4.2,-0.3496687424788023,0.9179678561880626
2003-02-01T17:17:20.04,38.2715,141.9608,41.0,4.1,2010-06-20T08:23:27.13,38.3077,141.934,45.3,4.0,-0.7244134285320423,0.9223381266043164
2003-02-01T17:17:20.04,38.2715,141.9608,41.0,4.1,2011-10-04T01:14:56.8,38.2803,142.0192,43.5,3.9,0.1238520910351054,0.904597202540422
2003-02-14T01:54:41.96,36.4377,140.6154,53.0,4.2,2009-10-01T10:43:01.78,36.2839,140.8767,48.2,4.2,1.24836227562282,0.9314820507034473
2003-02-24T07:24:02.2,38.53,141.72,53.0,3.5,2004-09-23T16:10:09.9,38.54,141.72,53.0,3.5,0.0820940492299703,0.974681743077584
2003-02-24T07:24:02.2,38.53,141.72,53.0,3.5,2006-08-16T11:42:44.43,38.5179,141.7973,50.1,3.6,0.7478259638341778,0.9806628304151168
2003-02-27T08:09:07.1,36.47,140.53,59.0,3.6,2005-09-15T23:00:05.26,36.4535,140.6154,57.2,3.5,0.3779981719230905,0.9964700700109108
2003-02-27T08:09:07.1,36.47,140.53,59.0,3.6,2012-04-30T22:16:31.2,36.47,140.54,58.0,3.6,-0.1076001893503407,0.9323597820172358
2003-03-15T13:41:04.25,41.9186,142.4727,65.2,4.0,2012-02-18T01:59:11.62,41.8744,142.5178,60.8,4.2,0.2046947919655941,0.9071312273062472
2003-03-17T09:32:25.75,37.1037,142.3294,9.0,4.1,2003-05-04T03:27:42.0,37.09,142.27,14.0,3.5,-0.0590950904270353,0.9502803583199017
2003-03-23T08:46:53.84,40.2411,142.5335,38.9,3.9,2006-08-29T10:55:22.14,40.3291,142.484,26.0,4.0,0.8139636988496355,0.935228302674076
2003-03-26T10:36:09.3,39.6679,142.1969,45.1,3.8,2004-10-13T03:56:50.28,39.6308,142.0386,49.5,3.7,-1.1907048289446995,0.956239097336434
2003-03-26T10:36:09.3,39.6679,142.1969,45.1,3.8,2006-07-31T22:13:32.72,39.6547,142.1704,45.3,3.7,0.1470089319139752,0.9574135124539416
2003-03-26T10:36:09.3,39.6679,142.1969,45.1,3.8,2006-08-06T15:46:31.37,39.6636,142.1595,44.9,3.8,-0.160109633382689,0.9047905356104072
2003-04-04T12:20:32.22,36.8348,141.9071,30.9,3.6,2011-03-29T04:46:28.87,36.7123,142.1391,23.8,3.8,3.050993819427968,0.9046386988174868
2003-04-04T12:20:32.22,36.8348,141.9071,30.9,3.6,2011-07-02T02:26:26.01,36.6439,142.1278,5.9,3.6,6.154657304863845,0.9205833555028368
2003-04-04T12:20:32.22,36.8348,141.9071,30.9,3.6,2011-09-12T01:50:03.78,36.7063,142.0973,1.4,4.0,5.573437358155729,0.9141318432724116
2003-04-04T12:20:32.22,36.8348,141.9071,30.9,3.6,2012-05-01T01:07:55.71,36.6832,141.8521,4.9,3.6,4.2578879140569255,0.9288577078110696
2003-04-05T21:35:55.81,37.9347,142.0222,30.0,4.1,2010-05-12T08:52:56.63,37.9445,142.0162,29.1,4.1,-0.6367890677930463,0.9060896169455612
2003-05-01T09:55:04.27,40.2557,142.5318,39.5,3.9,2012-04-18T16:19:10.12,40.2867,142.468,30.5,3.9,0.3247221227672677,0.902250236877988
2003-05-06T14:48:44.54,35.9479,139.952,52.5,4.2,2006-06-13T22:11:14.95,36.0479,139.9313,48.1,3.6,-0.4285880732355965,0.9011377889589424
2003-05-26T21:24:43.45,38.8135,141.6607,74.3,3.6,2003-05-27T03:28:02.02,38.8165,141.6624,71.4,3.7,-0.3955844414969199,0.9037866962303448
2003-05-26T21:24:43.45,38.8135,141.6607,74.3,3.6,2003-06-22T03:33:40.1,38.8098,141.7209,72.3,3.9,-0.2821576072902446,0.9083941660887592
2003-06-06T02:34:42.19,35.5328,140.7962,48.3,4.8,2008-12-30T15:48:33.32,35.4355,140.8011,46.6,4.7,0.3573592406389921,0.9256060952950536
2003-06-14T16:54:29.11,36.3959,141.2711,33.9,4.1,2004-06-12T01:30:25.31,36.3745,141.2333,26.0,3.9,1.6465671938165591,0.9263375926442546
2003-06-14T16:54:29.11,36.3959,141.2711,33.9,4.1,2004-06-15T01:56:52.1,36.43,141.17,49.0,3.6,-0.4282320901603378,0.9169389226489794
2003-06-15T11:12:15.06,41.9451,142.3074,69.4,4.0,2005-01-12T13:35:01.75,41.9661,142.3383,72.0,4.0,-0.6104741796560375,0.93574147183852
2003-06-15T21:19:03.3,37.09,142.33,19.0,3.6,2011-04-29T23:56:04.5,37.13,142.33,21.0,3.6,-0.6476595065193669,0.9315209412406577
2003-08-18T09:59:40.59,35.7442,140.061,71.3,4.8,2009-09-04T02:30:31.67,35.7828,140.1037,61.2,4.5,0.9564793608842276,0.9245209210847792
2003-08-25T21:12:01.6,36.39,141.03,48.0,3.8,2006-06-09T03:36:39.7,36.39,141.02,47.0,3.9,-0.1724364573589425,0.992039317737294
2003-08-25T21:12:01.6,36.39,141.03,48.0,3.8,2010-10-16T12:38:34.69,36.373,141.1936,24.0,3.8,2.3623804119347263,0.9201371582346032
2003-09-09T00:01:33.89,35.8522,140.884,43.5,4.4,2009-03-04T10:04:31.03,35.818,140.9356,34.5,4.2,1.1230631144776049,0.9216365932379224
2003-09-09T00:01:33.89,35.8522,140.884,43.5,4.4,2011-03-14T19:04:10.83,35.8956,141.0011,31.1,4.5,1.4551019318229148,0.9125750265085156
2003-09-09T00:01:33.89,35.8522,140.884,43.5,4.4,2011-05-01T01:27:44.62,35.8962,140.9588,31.6,4.5,1.332469870678458,0.926716539550825
2003-09-09T00:01:33.89,35.8522,140.884,43.5,4.4,2012-01-05T20:55:47.41,35.8821,140.9612,47.9,4.5,-0.496753092032778,0.9305973808379856
2003-09-16T08:43:25.19,35.9096,140.133,70.3,3.6,2010-07-07T00:02:48.31,35.981,140.1248,68.8,3.8,0.0587300415545882,0.9210682271659422
2003-09-20T07:09:13.45,36.4661,140.6219,55.6,3.8,2003-11-08T01:22:01.1,36.4794,140.5841,57.9,4.1,0.644329752399144,0.9308150191022856
2003-09-20T07:09:13.45,36.4661,140.6219,55.6,3.8,2004-01-26T17:43:24.2,36.4852,140.6525,54.9,3.7,0.4889218277906155,0.9265316753266234
2003-09-20T07:09:13.45,36.4661,140.6219,55.6,3.8,2004-12-21T08:57:57.04,36.501,140.5676,53.5,3.6,0.6210680645009654,0.9300038090089996
2003-09-20T07:09:13.45,36.4661,140.6219,55.6,3.8,2006-05-11T04:14:34.91,36.4905,140.5751,57.5,4.0,0.4199196894534943,0.9175149192249524
2003-09-20T07:09:13.45,36.4661,140.6219,55.6,3.8,2009-10-15T21:56:46.22,36.4231,140.7135,55.3,3.9,0.8691285717567372,0.9076307941724489
2003-09-20T07:09:13.45,36.4661,140.6219,55.6,3.8,2010-10-26T12:06:19.17,36.4784,140.5983,56.9,3.8,-0.0252581734149533,0.9047870257188294
2003-09-20T07:09:13.45,36.4661,140.6219,55.6,3.8,2011-05-28T02:13:59.46,36.4496,140.6651,53.7,4.4,0.6651401805007716,0.9166122493577444
2003-09-25T21:02:52.97,41.8239,144.3531,27.5,5.5,2004-03-26T16:26:39.57,41.8361,144.3642,26.1,5.1,0.2436109801885578,0.9274119245568644
2003-09-26T01:39:11.72,41.7607,144.1978,29.2,4.6,2003-10-14T11:55:03.49,41.7977,144.2899,31.4,4.4,-0.5304556024447183,0.936613205229508
2003-09-26T01:39:11.72,41.7607,144.1978,29.2,4.6,2004-03-27T02:50:38.0,41.7411,144.3627,25.0,4.3,0.7736661237201458,0.9350222434407788
2003-09-26T01:39:11.72,41.7607,144.1978,29.2,4.6,2006-05-14T07:14:27.94,41.8253,144.2646,26.2,4.2,-0.2088033909331861,0.9197057730661968
2003-09-30T16:24:47.98,41.8985,142.4849,63.6,4.1,2004-06-13T13:20:20.63,41.8867,142.5002,62.0,3.8,0.1197964922257596,0.9298046072564164
2003-10-04T02:10:43.41,36.6205,142.1542,32.3,4.1,2009-03-18T00:30:29.9,36.6825,142.1003,2.5,4.0,3.976951372168421,0.9061106559813245
2003-10-12T14:03:16.16,37.5769,143.0628,24.0,3.9,2003-11-10T09:55:26.3,37.53,143.11,44.0,3.7,1.386914597842745,0.9874357523048952
2003-10-12T14:03:16.16,37.5769,143.0628,24.0,3.9,2006-10-19T03:47:46.0,37.57,143.06,51.0,3.5,0.5711609330513455,0.9837022946695844
2003-10-12T14:03:16.16,37.5769,143.0628,24.0,3.9,2009-10-13T21:15:42.9,37.57,143.03,39.0,3.7,0.3798190119245753,0.9282508009063388
2003-10-14T11:55:03.49,41.7977,144.2899,31.4,4.4,2004-03-27T02:50:38.0,41.7411,144.3627,25.0,4.3,1.3033801953850883,0.9609235294790368
2003-10-31T10:27:00.5,37.73,142.88,37.0,3.8,2003-10-31T10:47:19.45,37.7063,142.8301,25.2,4.1,-2.161202796131893,0.920370849801304
2003-10-31T11:21:00.2,37.73,142.84,31.0,3.8,2003-10-31T14:54:38.8,37.75,142.83,33.0,3.7,-0.4070959533463444,0.9184506952089952
2003-11-01T03:39:29.7,37.52,142.68,21.0,3.9,2006-09-25T03:54:18.9,37.52,142.68,25.0,3.7,-0.1618386866991646,0.9849727980071054
2003-11-01T03:39:29.7,37.52,142.68,21.0,3.9,2010-08-22T02:20:01.0,37.54,142.64,18.0,3.6,-0.3051620180525878,0.9223635269363708
2003-11-01T05:54:32.2,37.42,142.97,20.0,3.8,2005-08-20T16:58:57.25,37.4823,142.9487,24.0,3.9,-4.177293101206004,0.9196989238847942
2003-11-01T14:30:45.35,37.4513,142.9947,24.0,4.4,2010-11-01T12:20:57.66,37.4625,143.1796,24.0,4.4,0.3302142913323431,0.9255982350881606
2003-11-01T15:24:57.27,37.3558,143.1079,28.0,4.3,2009-10-08T15:47:16.36,37.4667,142.9899,24.0,4.3,-0.9867414249354456,0.9255635102144276
2003-11-01T18:10:17.7,37.51,143.05,44.0,3.8,2009-04-27T15:20:12.0,37.5222,142.9547,24.0,4.1,-1.7076158939891408,0.9305653615961506
2003-11-06T20:22:34.35,41.9628,144.4636,34.0,4.4,2006-01-03T07:33:32.06,41.7333,144.6881,25.0,4.1,2.402554560410323,0.91612457867525
2003-11-07T06:08:09.26,36.8208,141.9718,8.6,4.1,2003-11-07T08:17:24.39,36.8955,142.0137,8.5,3.9,0.1815166168411423,0.9270810401892412
2003-11-08T01:22:01.1,36.4794,140.5841,57.9,4.1,2011-05-28T02:13:59.46,36.4496,140.6651,53.7,4.4,0.0178429920800783,0.900190095691372
2003-11-09T12:18:56.72,38.3744,143.1383,15.0,4.0,2011-02-17T05:06:18.53,38.4328,143.3059,15.0,3.9,0.9992649666880128,0.9156873719388988
2003-11-09T12:18:56.72,38.3744,143.1383,15.0,4.0,2011-03-09T06:43:44.92,38.3141,143.2659,15.0,4.0,0.5447157639337923,0.9217338415990785
2003-11-10T09:55:26.3,37.53,143.11,44.0,3.7,2006-10-19T03:47:46.0,37.57,143.06,51.0,3.5,-0.8142875978559946,0.9783668129801936
2003-11-10T09:55:26.3,37.53,143.11,44.0,3.7,2009-10-13T21:15:42.9,37.57,143.03,39.0,3.7,-1.0064664039334468,0.9306244328670216
2003-11-11T17:52:36.7,37.45,143.17,42.0,3.8,2005-04-11T21:07:00.51,37.5457,142.8762,24.0,3.5,-3.857993335976195,0.978354998651655
2003-11-23T09:02:06.58,37.8287,143.129,18.0,4.4,2006-01-30T11:14:59.03,37.774,143.2434,18.0,3.7,1.0590306473808837,0.9469342987914198
2003-12-05T16:36:27.8,36.2996,140.0319,74.8,3.5,2005-10-28T11:00:01.31,36.2547,140.0519,80.3,3.7,0.8296995612922067,0.9951237494636332
2003-12-18T09:26:41.11,39.7394,141.8795,59.3,4.1,2005-12-29T11:23:30.82,39.7575,141.8575,60.6,4.0,-0.0169891264893673,0.9865435596390304
2003-12-18T09:26:41.11,39.7394,141.8795,59.3,4.1,2009-06-17T08:51:29.94,39.7403,141.8318,57.8,3.9,0.2198345354489228,0.9179697849086914
2003-12-18T09:26:41.11,39.7394,141.8795,59.3,4.1,2010-10-24T21:09:58.82,39.7489,141.828,60.5,4.0,0.14521843413662,0.9217542326117256
2003-12-18T09:26:41.11,39.7394,141.8795,59.3,4.1,2012-03-31T22:30:16.3,39.7366,141.8262,61.8,4.2,-0.5878224945159275,0.9114299885244138
2004-01-02T18:32:52.81,36.5014,140.7206,49.3,3.8,2010-05-06T19:38:22.89,36.4907,140.8333,48.3,3.9,1.071002305725406,0.9186365552681336
2004-01-05T22:47:01.03,41.8445,142.4653,62.8,4.0,2007-05-07T14:09:37.83,41.886,142.5289,63.3,4.3,0.0381532978482584,0.909647168451732
2004-01-16T17:23:47.09,41.7248,143.7449,27.8,4.9,2009-10-02T01:43:57.37,41.8087,143.7171,30.4,4.8,-1.3801153084425937,0.9379419852300176
2004-01-19T23:30:30.34,35.7116,140.7455,45.7,3.5,2011-03-24T02:33:14.2,35.7623,140.7362,43.6,3.6,0.2606850167245564,0.9060333968905698
2004-01-26T17:43:24.2,36.4852,140.6525,54.9,3.7,2004-12-21T08:57:57.04,36.501,140.5676,53.5,3.6,0.1328792321560199,0.991599800861378
2004-01-26T17:43:24.2,36.4852,140.6525,54.9,3.7,2006-05-11T04:14:34.91,36.4905,140.5751,57.5,4.0,-0.0684893723147851,0.9903521974927744
2004-01-26T17:43:24.2,36.4852,140.6525,54.9,3.7,2009-10-15T21:56:46.22,36.4231,140.7135,55.3,3.9,0.3800919637012079,0.9553973974841315
2004-01-26T17:43:24.2,36.4852,140.6525,54.9,3.7,2010-10-26T12:06:19.17,36.4784,140.5983,56.9,3.8,-0.5141428817778416,0.9508409235802088
2004-01-26T17:43:24.2,36.4852,140.6525,54.9,3.7,2011-07-16T08:56:38.64,36.4718,140.673,56.1,3.9,-0.2437413612406207,0.9460161919059052
2004-01-26T17:43:24.2,36.4852,140.6525,54.9,3.7,2012-02-25T14:26:58.14,36.4923,140.5403,55.3,3.7,-0.9121423529796772,0.940696974329905
2004-02-03T19:10:50.5,35.9411,140.042,71.6,4.2,2012-02-24T04:10:33.52,35.9108,140.1265,67.7,4.2,0.0634932722085454,0.9635744728939002
2004-02-19T20:53:29.4,36.75,141.84,23.0,3.8,2004-02-20T09:02:23.4,36.75,141.77,29.0,3.7,-0.9934850001005948,0.9069780563717442
2004-02-19T20:53:29.4,36.75,141.84,23.0,3.8,2005-08-29T03:27:15.2,36.77,141.74,58.0,3.5,-1.396297642762017,0.9976743047413889
2004-02-19T20:53:29.4,36.75,141.84,23.0,3.8,2009-07-19T12:19:50.2,36.75,141.83,45.0,3.6,-0.850451751738438,0.9234009596453482
2004-02-19T20:53:29.4,36.75,141.84,23.0,3.8,2011-05-28T08:36:11.07,36.7555,141.792,19.0,3.7,-0.2244001819965636,0.9126996730692922
2004-02-19T20:53:29.4,36.75,141.84,23.0,3.8,2011-11-02T19:50:18.2,36.7892,141.8547,19.0,3.6,-0.6134400268192938,0.9129844879932018
2004-03-18T17:51:47.08,37.1481,141.4698,41.5,4.1,2009-09-01T06:49:44.68,37.1462,141.4037,46.1,3.9,-0.9978874619620725,0.9274722214298184
2004-03-18T17:51:47.08,37.1481,141.4698,41.5,4.1,2011-02-19T23:17:33.89,37.1418,141.4232,39.8,3.8,0.2274670194673307,0.926019447939633
2004-04-22T20:37:59.6,37.06,141.19,49.0,3.7,2006-07-31T10:42:28.3,37.06,141.19,49.0,3.6,-0.0929992351409118,0.9895990331112576
2004-04-22T20:37:59.6,37.06,141.19,49.0,3.7,2009-01-03T16:02:39.69,37.0261,141.3607,37.9,3.7,1.5013006659242694,0.9314482333928802
2004-04-22T20:37:59.6,37.06,141.19,49.0,3.7,2012-02-16T17:42:14.98,37.0181,141.3564,40.8,3.6,1.5281619623446083,0.926014783236952
2004-05-09T07:12:58.54,35.4586,141.8051,25.0,3.5,2009-02-06T16:54:29.27,35.5918,141.7524,22.0,3.7,0.4018019532111616,0.9380094236376972
2004-05-09T07:12:58.54,35.4586,141.8051,25.0,3.5,2011-04-10T00:00:54.05,35.709,141.5009,25.0,3.9,-1.938697584691209,0.9069853455461394
2004-05-09T07:12:58.54,35.4586,141.8051,25.0,3.5,2011-05-06T23:24:52.73,35.4453,141.6749,25.0,3.8,-0.0955282447109646,0.9185782718184592
2004-05-09T07:12:58.54,35.4586,141.8051,25.0,3.5,2011-07-18T12:37:10.7,35.5103,141.7596,10.8,3.8,2.204685241390129,0.920202004393586
2004-06-08T05:36:32.94,36.4555,142.6883,15.0,3.6,2011-08-13T09:09:31.73,36.4126,142.779,29.0,3.5,-1.4393491196637265,0.90061326901836
2004-06-08T05:36:32.94,36.4555,142.6883,15.0,3.6,2012-03-12T07:07:45.7,36.4411,142.6338,15.0,3.6,-0.4017517614113979,0.9159709322131482
2004-06-12T01:30:25.31,36.3745,141.2333,26.0,3.9,2004-06-15T01:56:52.1,36.43,141.17,49.0,3.6,-2.071716793393359,0.9094075760847522
2004-06-14T06:10:30.98,39.067,142.2192,39.5,3.8,2007-04-30T14:17:54.8,39.062,142.3034,51.0,3.8,0.2231336295462654,0.922869462986368
2004-06-14T06:10:30.98,39.067,142.2192,39.5,3.8,2009-12-30T22:05:40.33,39.0679,142.1506,51.0,3.8,-0.9433266217538994,0.9234440776057669
2004-06-14T06:10:30.98,39.067,142.2192,39.5,3.8,2011-12-16T09:46:17.56,39.1154,142.1878,43.0,3.7,-0.9037393930074292,0.9028437403713732
2004-06-14T06:10:30.98,39.067,142.2192,39.5,3.8,2012-04-24T12:34:19.45,39.0917,142.2797,50.2,3.9,-1.0286905030517826,0.9108456431968244
2004-06-27T15:53:53.11,41.7513,144.2133,24.2,4.4,2006-04-13T10:35:16.21,41.789,144.2068,25.0,4.4,-0.2214924014449883,0.9016545223895818
2004-06-29T13:29:43.4,38.18,142.19,39.0,3.5,2005-09-11T19:42:39.0,38.16,142.19,42.0,3.5,0.2819955640912986,0.9156026363925878
2004-07-20T02:46:37.32,36.4676,140.5466,56.2,4.1,2006-03-25T16:51:55.06,36.4766,140.5746,54.8,3.9,-0.5377609618420298,0.9669004973140954
2004-07-20T02:46:37.32,36.4676,140.5466,56.2,4.1,2009-02-27T17:30:11.23,36.341,140.676,52.2,4.2,0.5973478204676121,0.9440255974029031
2004-07-20T02:46:37.32,36.4676,140.5466,56.2,4.1,2011-04-22T01:17:31.05,36.4576,140.6865,56.0,4.1,-0.3306580330241607,0.9213498584681288
2004-07-24T03:02:50.2,38.18,141.68,50.0,3.9,2006-03-11T18:50:59.66,38.1638,141.7938,45.6,4.1,0.9643571491458685,0.9718698429189258
2004-07-27T18:57:46.67,35.7103,140.7075,48.6,3.7,2005-04-25T01:19:41.66,35.6668,140.742,50.2,3.7,-0.2840252163344474,0.9970315348149964
2004-07-27T18:57:46.67,35.7103,140.7075,48.6,3.7,2010-06-27T06:24:14.29,35.6319,140.8066,53.8,3.5,0.1418976756910717,0.9117324628375392
2004-08-05T18:23:30.92,35.5529,140.0768,73.1,4.6,2011-09-11T10:09:28.66,35.571,140.0078,69.1,4.3,-0.2523038894495891,0.9164611748444048
2004-09-05T00:33:58.3,36.43,140.65,53.0,3.6,2006-06-09T09:26:55.7,36.42,140.66,53.0,3.6,0.0476461807257827,0.9983173274373118
2004-09-05T00:33:58.3,36.43,140.65,53.0,3.6,2010-11-14T10:08:09.6,36.43,140.66,54.0,3.6,0.0353428680700736,0.9050476798968304
2004-09-05T00:33:58.3,36.43,140.65,53.0,3.6,2012-01-14T15:45:39.17,36.4847,140.7011,51.2,3.8,0.1336979017681182,0.901437473525255
2004-09-21T12:07:44.53,40.8075,143.321,31.0,4.3,2010-12-06T07:45:37.7,40.7837,143.2919,31.0,4.3,-0.8133543802520393,0.9216902603088042
2004-09-23T16:10:09.9,38.54,141.72,53.0,3.5,2006-08-16T11:42:44.43,38.5179,141.7973,50.1,3.6,0.6664822536170293,0.9831997872114622
2004-09-25T20:54:49.82,40.7199,142.847,46.1,4.4,2011-06-11T18:41:12.28,40.7869,142.6197,48.5,4.0,-1.7956437417246869,0.9149592572033944
2004-10-13T03:56:50.28,39.6308,142.0386,49.5,3.7,2006-07-31T22:13:32.72,39.6547,142.1704,45.3,3.7,1.3387557554628715,0.959215161413683
2004-10-13T03:56:50.28,39.6308,142.0386,49.5,3.7,2006-08-06T15:46:31.37,39.6636,142.1595,44.9,3.8,1.0302500329925477,0.9066341682218048
2004-11-05T04:45:48.55,39.6212,141.9871,54.6,4.0,2006-08-06T15:46:31.37,39.6636,142.1595,44.9,3.8,1.3060262443362556,0.9071279220252794
2004-11-07T18:28:44.99,38.2841,141.8983,48.5,4.1,2011-03-20T18:43:44.66,38.2578,141.9533,48.2,4.3,0.6955473567689917,0.904915625739862
2004-11-07T18:28:44.99,38.2841,141.8983,48.5,4.1,2011-09-17T15:13:23.3,38.2812,141.9233,49.1,4.3,0.1792079619195388,0.9064592375141802
2004-11-07T18:28:44.99,38.2841,141.8983,48.5,4.1,2012-03-10T01:33:34.16,38.3724,141.8628,51.4,4.1,-0.2813705324848186,0.9307530943201212
2004-11-10T12:49:19.79,40.9677,141.9858,72.2,4.2,2011-07-31T05:20:23.65,40.9752,141.9977,48.1,4.0,1.3132374766611432,0.915156611474766
2004-11-14T08:44:23.32,36.3404,141.674,26.3,4.7,2004-11-14T09:14:53.19,36.2117,141.832,23.0,4.5,1.5939685226155107,0.9132957501664186
2004-11-15T22:06:12.74,35.5291,141.2411,27.5,3.6,2009-10-15T14:14:21.79,35.5386,141.1005,29.8,3.8,-1.691452301064011,0.9630410775988588
2004-11-15T22:06:12.74,35.5291,141.2411,27.5,3.6,2011-06-03T05:31:15.31,35.5526,141.0961,30.9,3.5,-1.8517387632591908,0.9525801320413892
2004-11-18T18:17:29.12,36.2655,141.4617,24.1,3.9,2011-05-08T19:30:19.61,36.2616,141.4097,26.0,3.8,-0.60272462011567,0.9321015872136011
2004-12-08T17:15:21.57,36.5986,140.9907,32.0,4.2,2011-03-15T13:10:48.23,36.6541,140.8976,53.2,4.2,-2.804499155862326,0.9034500856242064
2004-12-08T17:15:21.57,36.5986,140.9907,32.0,4.2,2011-12-09T15:23:10.27,36.6276,141.0392,43.9,4.1,-1.8895323195483904,0.9004672873767935
2004-12-21T08:57:57.04,36.501,140.5676,53.5,3.6,2006-05-11T04:14:34.91,36.4905,140.5751,57.5,4.0,-0.2024658692397958,0.9865559858501348
2004-12-21T08:57:57.04,36.501,140.5676,53.5,3.6,2009-10-15T21:56:46.22,36.4231,140.7135,55.3,3.9,0.2473321410342345,0.9514990076630234
2004-12-21T08:57:57.04,36.501,140.5676,53.5,3.6,2010-10-26T12:06:19.17,36.4784,140.5983,56.9,3.8,-0.6463600188102091,0.9508181166856388
2004-12-21T08:57:57.04,36.501,140.5676,53.5,3.6,2011-07-16T08:56:38.64,36.4718,140.673,56.1,3.9,-0.3771063128946177,0.9416318930926416
2004-12-21T08:57:57.04,36.501,140.5676,53.5,3.6,2012-02-25T14:26:58.14,36.4923,140.5403,55.3,3.7,-1.045770089071839,0.9493226398723508
2005-01-29T12:13:21.36,36.3244,141.5502,26.0,4.1,2006-09-22T21:33:26.67,36.3887,141.5916,14.9,3.8,0.987381013445324,0.9664175306421562
2005-01-29T12:13:21.36,36.3244,141.5502,26.0,4.1,2010-08-15T15:30:26.36,36.3409,141.6784,26.0,4.2,-0.1458366886408735,0.9478139207523738
2005-02-08T09:46:34.9,36.67,142.07,30.0,4.2,2009-12-24T11:37:47.89,36.7098,142.001,7.2,3.9,0.4959313736961692,0.9266995642114482
2005-02-08T20:22:11.61,35.6154,140.1271,70.4,3.9,2007-04-28T22:32:53.54,35.5242,140.0786,71.3,4.0,-0.0255174017618107,0.9327825880290886
2005-02-08T20:22:11.61,35.6154,140.1271,70.4,3.9,2010-04-22T12:45:20.53,35.5423,140.1153,73.9,3.6,0.2955590521264483,0.9299922991999652
2005-02-08T20:22:11.61,35.6154,140.1271,70.4,3.9,2011-12-22T08:41:31.22,35.6628,140.3158,48.5,3.7,2.457168911014869,0.9240343634292036
2005-03-09T01:25:39.6,37.16,140.76,94.0,3.6,2008-12-22T13:02:33.0,37.17,140.75,96.0,3.7,0.3051617498601389,0.9141965088150752
2005-03-10T01:44:26.31,36.6434,140.901,32.0,4.0,2011-03-25T16:10:21.73,36.5837,141.0837,19.8,3.7,2.875697145388191,0.9009790778690056
2005-03-10T01:44:26.31,36.6434,140.901,32.0,4.0,2012-01-08T16:23:36.92,36.6299,141.0413,41.2,3.7,0.3645882651713832,0.9022527487870808
2005-04-04T08:43:33.9,35.88,140.49,36.0,3.7,2011-08-23T02:13:54.9,35.88,140.5,35.0,3.7,-0.1337848282064377,0.9411789801292574
2005-04-13T06:05:43.05,36.7114,142.1876,10.0,4.0,2009-11-14T02:11:22.06,36.7366,142.1457,19.0,4.1,-1.00888720992706,0.944829585522586
2005-04-13T06:05:43.05,36.7114,142.1876,10.0,4.0,2011-04-06T03:13:02.63,36.7605,142.0972,36.5,4.4,-4.38956373442435,0.9034662957737106
2005-04-13T06:05:43.05,36.7114,142.1876,10.0,4.0,2011-06-13T11:39:23.68,36.736,142.0525,19.0,4.3,-1.7672117270835217,0.9115804225513996
2005-04-13T06:05:43.05,36.7114,142.1876,10.0,4.0,2011-10-20T12:51:50.75,36.718,142.0932,8.1,4.4,-0.1767317718256281,0.905010982116017
2005-04-25T01:19:41.66,35.6668,140.742,50.2,3.7,2010-06-27T06:24:14.29,35.6319,140.8066,53.8,3.5,0.4256335429874997,0.9109815525086974
2005-05-13T15:14:39.71,36.4992,140.5145,54.2,4.4,2010-02-22T09:52:52.27,36.4818,140.5969,56.6,4.4,-0.1524259228407325,0.9397134574375806
2005-05-26T16:20:14.6,41.1628,143.1523,49.4,4.4,2011-09-10T23:14:05.0,41.1787,143.1489,39.5,4.0,-0.3938276686876054,0.9120914053691068
2005-06-01T15:36:42.33,35.9863,140.1637,67.8,4.0,2009-06-17T10:41:04.02,36.0074,140.1461,70.4,3.5,-0.4018699409560357,0.9476494472157492
2005-06-01T15:36:42.33,35.9863,140.1637,67.8,4.0,2011-01-19T19:27:34.92,35.984,140.1375,66.1,3.5,-0.2756042298051029,0.9357084898946813
2005-06-01T15:36:42.33,35.9863,140.1637,67.8,4.0,2011-06-25T09:59:31.25,36.0562,140.2305,64.3,3.7,0.1856977815005297,0.9233070117164952
2005-07-29T16:34:25.8,39.6829,142.7137,23.0,4.1,2006-11-07T23:14:05.18,39.7938,142.8142,35.0,3.9,2.3459878296916394,0.9424432642887892
2005-07-30T08:49:53.06,39.9922,142.2717,57.0,4.4,2011-04-19T12:55:32.52,40.0656,142.1267,45.3,4.3,0.4007454824812484,0.9127805159630676
2005-08-06T16:05:24.57,35.4821,140.0559,70.3,4.7,2011-08-31T09:32:51.65,35.505,140.0583,72.6,4.6,-0.6896541919293548,0.921142668078494
2005-08-15T17:17:09.0,40.35,142.08,50.0,3.5,2006-06-17T20:30:09.2,40.3845,142.0214,51.3,3.7,-0.0292892538877389,0.9149538235286752
2005-08-24T16:11:18.44,38.496,143.2799,15.0,4.6,2005-08-28T13:15:01.6,38.51,143.25,16.0,3.5,1.0530680187702255,0.9113582759759662
2005-08-29T03:27:15.2,36.77,141.74,58.0,3.5,2009-07-19T12:19:50.2,36.75,141.83,45.0,3.6,0.5452636819363681,0.9267450900138272
2005-08-29T03:27:15.2,36.77,141.74,58.0,3.5,2011-04-03T00:09:53.99,36.7086,141.8829,19.0,3.6,0.8793371574506862,0.902579766956326
2005-08-29T03:27:15.2,36.77,141.74,58.0,3.5,2011-05-28T08:36:11.07,36.7555,141.792,19.0,3.7,1.1715208717341166,0.9152257212221774
2005-08-29T03:27:15.2,36.77,141.74,58.0,3.5,2011-07-27T19:10:30.7,36.74,141.81,45.0,3.5,0.3820388885898176,0.9018281443900222
2005-08-29T03:27:15.2,36.77,141.74,58.0,3.5,2011-11-02T19:50:18.2,36.7892,141.8547,19.0,3.6,0.7824227628098595,0.9144122596662224
2005-09-02T22:47:59.0,38.37,143.18,32.0,3.5,2011-03-10T20:10:50.7,38.3279,143.2448,23.0,3.9,0.7531669558476151,0.904019212088653
2005-09-15T23:00:05.26,36.4535,140.6154,57.2,3.5,2012-04-30T22:16:31.2,36.47,140.54,58.0,3.6,-0.4857525184974481,0.9344241927103308
2005-11-17T01:53:13.31,36.3368,141.1555,36.4,4.7,2011-12-07T22:11:41.99,36.3209,141.1249,40.5,4.7,-1.127921164535647,0.9004786481855264
2005-11-22T19:19:04.34,36.6906,142.342,15.0,3.8,2010-06-28T06:04:47.08,36.7315,142.2191,1.8,3.5,0.7788829198078553,0.9115577066134726
2005-11-22T19:19:04.34,36.6906,142.342,15.0,3.8,2010-06-28T06:33:00.51,36.7331,142.2351,19.0,3.5,-2.240295244072679,0.9199704210169136
2005-11-22T19:19:04.34,36.6906,142.342,15.0,3.8,2011-08-12T17:56:32.96,36.7205,142.3465,15.0,3.9,-0.3224895439570273,0.9272861982371896
2005-11-22T21:57:50.3,36.7,142.42,13.0,3.6,2005-11-23T05:34:00.47,36.6631,142.3333,15.0,3.5,-1.8410277535261053,0.9626717030910946
2005-11-22T21:57:50.3,36.7,142.42,13.0,3.6,2009-08-28T22:39:20.9,36.72,142.34,25.0,3.5,-1.9935180697978687,0.949650964454594
2005-11-22T21:57:50.3,36.7,142.42,13.0,3.6,2011-03-31T16:42:56.96,36.6256,142.291,15.0,3.9,-1.811764217773388,0.9054260973431564
2005-11-22T21:57:50.3,36.7,142.42,13.0,3.6,2011-04-06T20:23:25.2,36.69,142.43,19.0,3.5,-0.6275877597921107,0.9214748069388424
2005-11-22T21:57:50.3,36.7,142.42,13.0,3.6,2011-04-24T13:48:29.59,36.6587,142.3425,15.0,3.7,-1.397884584694001,0.9018993284105024
2005-11-22T21:57:50.3,36.7,142.42,13.0,3.6,2011-06-06T23:58:24.67,36.6638,142.3815,15.0,3.6,-1.3971318541653184,0.9104130219154196
2005-11-22T21:57:50.3,36.7,142.42,13.0,3.6,2011-06-07T00:06:50.92,36.7113,142.3545,10.0,3.6,-1.1847678904751804,0.9352536305349192
2005-11-22T21:57:50.3,36.7,142.42,13.0,3.6,2011-08-12T23:30:40.3,36.71,142.4,14.0,3.6,-0.2470052075072085,0.9165681586018928
2005-11-22T21:57:50.3,36.7,142.42,13.0,3.6,2011-08-12T23:36:48.6,36.71,142.43,12.0,3.5,0.114850515285965,0.9380713541679336
2005-11-23T05:34:00.47,36.6631,142.3333,15.0,3.5,2009-08-28T22:39:20.9,36.72,142.34,25.0,3.5,-0.151484192524753,0.917670747889597
2005-11-23T05:34:00.47,36.6631,142.3333,15.0,3.5,2011-03-31T16:42:56.96,36.6256,142.291,15.0,3.9,0.0293058821789368,0.9295698312701688
2005-11-23T05:34:00.47,36.6631,142.3333,15.0,3.5,2011-04-06T20:23:25.2,36.69,142.43,19.0,3.5,1.2144267347969742,0.9110582881016622
2005-11-23T05:34:00.47,36.6631,142.3333,15.0,3.5,2011-04-24T13:48:29.59,36.6587,142.3425,15.0,3.7,0.4428119821754445,0.927882618652886
2005-11-23T05:34:00.47,36.6631,142.3333,15.0,3.5,2011-06-06T23:58:24.67,36.6638,142.3815,15.0,3.6,0.4451155229724593,0.9401977620632728
2005-11-23T05:34:00.47,36.6631,142.3333,15.0,3.5,2011-06-07T00:06:50.92,36.7113,142.3545,10.0,3.6,0.6559637433962153,0.9165590095511532
2005-11-23T05:34:00.47,36.6631,142.3333,15.0,3.5,2011-08-12T23:30:40.3,36.71,142.4,14.0,3.6,1.5945370665529182,0.9325989971474132
2005-11-23T05:34:00.47,36.6631,142.3333,15.0,3.5,2011-08-12T23:36:48.6,36.71,142.43,12.0,3.5,1.9573349481522253,0.9168214449353076
2005-11-25T17:12:35.09,36.2646,141.0998,29.1,4.1,2010-08-15T15:04:28.91,36.2888,141.0741,28.4,3.9,-0.2737211587266313,0.956836789043917
2005-11-25T17:12:35.09,36.2646,141.0998,29.1,4.1,2011-08-16T05:48:12.61,36.2366,141.038,42.7,3.9,-1.4563704130538695,0.946749535490451
2005-12-07T00:11:29.77,38.2696,142.2768,24.0,4.0,2009-10-14T13:09:58.96,38.3112,142.3861,38.1,4.2,-2.086312553667403,0.9139850021304852
2005-12-12T22:42:52.19,36.5394,141.2685,28.7,3.5,2009-05-01T05:53:32.7,36.61,141.0,47.0,3.5,-3.1677103746232085,0.9299396740689746
2005-12-29T11:23:30.82,39.7575,141.8575,60.6,4.0,2009-06-17T08:51:29.94,39.7403,141.8318,57.8,3.9,0.2372929779167445,0.9296887912831252
2005-12-29T11:23:30.82,39.7575,141.8575,60.6,4.0,2010-10-24T21:09:58.82,39.7489,141.828,60.5,4.0,0.1624421318446661,0.9188678841499284
2005-12-29T11:23:30.82,39.7575,141.8575,60.6,4.0,2012-03-31T22:30:16.3,39.7366,141.8262,61.8,4.2,-0.5712738920688394,0.9186269612444308
2006-02-06T11:26:11.82,35.9981,140.5152,58.0,4.2,2011-03-15T05:28:38.3,35.9871,140.4462,58.8,3.9,-0.6276378786840335,0.9156647393257984
2006-02-06T11:26:11.82,35.9981,140.5152,58.0,4.2,2011-05-21T08:51:45.98,35.9411,140.4323,50.0,3.6,0.6366230318789249,0.9310304138311186
2006-02-06T11:26:11.82,35.9981,140.5152,58.0,4.2,2011-10-31T01:31:40.43,35.9959,140.3574,57.6,3.5,-0.8122338741593707,0.9350667984543092
2006-02-12T15:11:06.84,39.5306,143.5851,11.0,4.4,2012-05-19T22:15:48.93,39.5063,143.5751,23.5,4.2,-2.991314393212706,0.9001805466566907
2006-02-14T13:46:16.55,36.1822,140.0685,51.7,3.6,2011-04-20T20:32:28.15,36.1535,140.0756,52.6,3.7,0.1838076364256222,0.9174867393543034
2006-03-11T18:50:59.66,38.1638,141.7938,45.6,4.1,2009-02-15T22:39:05.04,38.1943,141.6845,57.1,4.0,-1.9874467233157325,0.9041139565821616
2006-03-12T11:01:47.94,36.0466,141.739,24.9,3.7,2009-08-15T20:30:07.19,36.0448,141.7503,14.4,4.0,2.060620429413219,0.9115066918307136
2006-03-13T03:41:21.32,36.2229,140.0922,58.4,4.1,2011-04-09T08:02:18.64,36.1993,140.0472,58.1,4.3,0.1218245171346874,0.9114078276544544
2006-03-13T03:41:21.32,36.2229,140.0922,58.4,4.1,2012-05-26T12:35:40.35,36.2398,140.066,59.1,3.7,-0.2693535214446649,0.906462715638318
2006-03-22T11:16:13.73,37.8977,142.4828,2.9,4.5,2006-03-23T01:23:25.4,37.88,142.38,36.0,3.5,-2.845929847513704,0.9387591555684224
2006-03-23T14:03:45.08,36.1206,139.9752,76.7,3.6,2011-06-06T12:36:10.4,36.1245,140.0059,76.4,3.5,0.1025134675686577,0.9137171618591584
2006-03-25T16:51:55.06,36.4766,140.5746,54.8,3.9,2009-02-27T17:30:11.23,36.341,140.676,52.2,4.2,1.136984338228049,0.9232707223241712
2006-03-25T16:51:55.06,36.4766,140.5746,54.8,3.9,2011-04-22T01:17:31.05,36.4576,140.6865,56.0,4.1,0.2063397263478056,0.9208704867388138
2006-04-01T08:28:13.45,39.1136,142.9549,16.0,4.1,2010-09-19T12:04:22.82,39.2528,142.7083,15.9,4.0,-2.63941278761333,0.9232198832794224
2006-05-11T04:14:34.91,36.4905,140.5751,57.5,4.0,2009-10-15T21:56:46.22,36.4231,140.7135,55.3,3.9,0.4489612128225206,0.933910287158342
2006-05-11T04:14:34.91,36.4905,140.5751,57.5,4.0,2010-10-26T12:06:19.17,36.4784,140.5983,56.9,3.8,-0.4450471622959485,0.9250874427951016
2006-05-11T04:14:34.91,36.4905,140.5751,57.5,4.0,2011-07-16T08:56:38.64,36.4718,140.673,56.1,3.9,-0.1749036166044043,0.9254662642040954
2006-05-11T04:14:34.91,36.4905,140.5751,57.5,4.0,2012-02-25T14:26:58.14,36.4923,140.5403,55.3,3.7,-0.8426782972039444,0.919661748981765
2006-05-19T13:47:50.25,36.0727,142.0446,23.0,3.5,2010-01-20T21:18:02.56,36.1554,142.1729,2.9,3.8,3.9630889597605545,0.947829485433076
2006-05-19T13:47:50.25,36.0727,142.0446,23.0,3.5,2011-05-24T08:12:59.08,35.9488,142.1145,23.0,3.7,0.4261675115788137,0.900927173389187
2006-05-19T13:47:50.25,36.0727,142.0446,23.0,3.5,2011-11-16T22:21:54.86,36.0674,142.0263,23.0,3.6,-0.7198450375116896,0.9149739793009382
2006-06-09T03:36:39.7,36.39,141.02,47.0,3.9,2010-10-16T12:38:34.69,36.373,141.1936,24.0,3.8,2.535054222844141,0.9141918280681468
2006-06-09T09:26:55.7,36.42,140.66,53.0,3.6,2010-11-14T10:08:09.6,36.43,140.66,54.0,3.6,-0.0120233006881966,0.909671332622537
2006-06-09T09:26:55.7,36.42,140.66,53.0,3.6,2012-01-14T15:45:39.17,36.4847,140.7011,51.2,3.8,0.0861900375142152,0.9070047406695728
2006-07-06T06:17:27.64,36.1029,140.0268,54.2,4.0,2011-04-05T04:32:28.92,36.1297,140.0255,48.8,3.8,-0.215864063576189,0.9010093379828448
2006-07-26T20:55:34.17,37.0423,141.7067,34.7,4.3,2010-02-14T02:57:37.98,37.1851,141.392,44.8,4.1,-1.9445311716904896,0.9313957979398738
2006-07-29T17:19:21.87,36.1308,140.1896,56.5,3.9,2011-07-23T14:22:27.43,36.2503,140.1331,51.7,4.0,-0.9780371826318904,0.9094484599784172
2006-07-31T10:42:28.3,37.06,141.19,49.0,3.6,2009-01-03T16:02:39.69,37.0261,141.3607,37.9,3.7,1.5936287984540978,0.923265810292586
2006-07-31T10:42:28.3,37.06,141.19,49.0,3.6,2012-02-16T17:42:14.98,37.0181,141.3564,40.8,3.6,1.621064658804485,0.921823014070234
2006-07-31T22:13:32.72,39.6547,142.1704,45.3,3.7,2006-08-06T15:46:31.37,39.6636,142.1595,44.9,3.8,-0.3065454015528826,0.9092155057492952
2006-08-16T11:42:44.43,38.5179,141.7973,50.1,3.6,2011-07-13T19:35:41.9,38.4864,141.8268,53.8,3.8,0.3455037044927596,0.9011406523854202
2006-08-16T11:42:44.43,38.5179,141.7973,50.1,3.6,2011-08-30T12:46:15.86,38.5099,141.8259,52.3,3.7,-0.1724068157990935,0.9011369760570022
2006-08-16T11:42:44.43,38.5179,141.7973,50.1,3.6,2011-12-26T22:28:50.84,38.5167,141.7922,52.6,3.7,0.0341772357542401,0.9013503571612044
2006-09-21T17:32:01.45,36.3931,141.284,22.9,3.8,2010-01-13T15:53:26.69,36.3932,141.0317,31.2,3.7,-1.7750226852713369,0.950837694159466
2006-09-22T21:33:26.67,36.3887,141.5916,14.9,3.8,2010-08-15T15:30:26.36,36.3409,141.6784,26.0,4.2,-1.133753165453336,0.9081473563022489
2006-09-25T03:54:18.9,37.52,142.68,25.0,3.7,2010-08-22T02:20:01.0,37.54,142.64,18.0,3.6,-0.1435874585509587,0.9231937965172364
2006-10-16T23:15:22.75,37.3372,143.0119,34.0,3.7,2009-10-05T20:32:50.02,37.3106,143.1704,24.0,3.8,3.2426792810345955,0.9058304739888492
2006-10-19T03:47:46.0,37.57,143.06,51.0,3.5,2009-10-13T21:15:42.9,37.57,143.03,39.0,3.7,-0.1911679575622573,0.91810372255895
2006-10-23T00:58:14.89,40.1409,142.3681,46.4,4.3,2009-12-11T07:55:43.31,40.1903,142.5143,49.8,4.0,0.3886667352521301,0.9152772581466948
2006-10-23T12:24:20.8,36.19,140.02,52.0,3.7,2011-03-29T11:14:02.8,36.19,140.01,50.0,3.8,-0.2210937836626242,0.9334793892930262
2007-04-27T22:44:10.43,41.9653,142.3354,65.7,4.1,2010-01-06T20:39:39.71,41.9868,142.32,66.5,4.1,0.0997623511787439,0.9361698268559012
2007-04-28T22:32:53.54,35.5242,140.0786,71.3,4.0,2010-04-22T12:45:20.53,35.5423,140.1153,73.9,3.6,0.3215544623290101,0.9852230894837796
2007-04-28T22:32:53.54,35.5242,140.0786,71.3,4.0,2011-12-22T08:41:31.22,35.6628,140.3158,48.5,3.7,2.482386414090725,0.9785400846137424
2007-04-30T14:17:54.8,39.062,142.3034,51.0,3.8,2009-12-30T22:05:40.33,39.0679,142.1506,51.0,3.8,-1.166644142405253,0.9902836248133756
2007-04-30T14:17:54.8,39.062,142.3034,51.0,3.8,2011-09-24T03:29:33.13,39.0966,142.2335,9.9,3.6,1.111024593583667,0.9451097248586166
2007-04-30T14:17:54.8,39.062,142.3034,51.0,3.8,2011-12-16T09:46:17.56,39.1154,142.1878,43.0,3.7,-1.1250931023041164,0.9618484575835796
2007-04-30T14:17:54.8,39.062,142.3034,51.0,3.8,2012-04-24T12:34:19.45,39.0917,142.2797,50.2,3.9,-1.2508965759379371,0.9686562894339948
2007-05-07T14:09:37.83,41.886,142.5289,63.3,4.3,2012-02-18T01:59:11.62,41.8744,142.5178,60.8,4.2,-0.1574275485537408,0.9464351238336676
2007-05-08T17:08:45.33,36.5181,140.8734,52.8,3.9,2010-09-21T03:42:37.64,36.5275,140.7757,50.8,3.8,-0.5366104893905213,0.982443307287514
2007-05-08T23:52:04.66,35.8115,139.1952,16.5,3.8,2007-06-28T09:26:25.94,35.804,139.1985,15.2,4.1,-0.4428898840234869,0.901287992203494
2007-05-13T05:41:01.98,35.8781,140.9683,40.4,3.6,2011-03-22T13:17:35.48,35.8582,140.8237,31.0,3.6,0.2838310679610176,0.9826391556291146
2007-05-13T05:41:01.98,35.8781,140.9683,40.4,3.6,2011-05-05T04:28:54.41,35.8783,140.9333,46.3,3.6,-0.2516101707396008,0.971479390343383
2007-05-13T05:41:01.98,35.8781,140.9683,40.4,3.6,2012-01-09T09:23:29.94,35.8873,140.9177,30.9,3.6,0.4902194592565909,0.992831617732453
2007-05-13T08:48:42.3,36.0508,142.239,8.8,4.1,2011-04-14T04:13:42.33,36.0878,142.1411,15.9,4.3,-2.0829148146272813,0.9342390763605016
2007-05-13T08:48:42.3,36.0508,142.239,8.8,4.1,2011-06-02T00:05:59.25,36.0901,142.137,2.4,3.8,-0.0155174209360312,0.9406261979857606
2007-05-13T08:48:42.3,36.0508,142.239,8.8,4.1,2012-01-07T21:30:09.91,36.0791,142.0999,23.4,4.2,-3.6112328194436514,0.95924368175665
2007-05-18T08:02:16.17,36.4618,140.7648,49.7,4.0,2010-04-28T22:21:49.16,36.5119,140.6353,51.0,4.2,-0.3728548293149517,0.9039255255504856
2007-05-26T16:51:42.99,39.1277,143.257,17.9,4.2,2011-01-12T03:43:03.53,39.1281,143.1599,16.0,3.8,0.4278883938770699,0.9223551228271418
2007-05-28T22:36:09.43,39.6336,142.1172,50.5,4.0,2009-03-24T06:17:37.3,39.6204,142.1444,46.4,3.8,-0.0475697309446308,0.9748284597270948
2007-05-28T22:36:09.43,39.6336,142.1172,50.5,4.0,2010-11-18T19:08:09.33,39.6772,142.1149,59.1,4.0,-0.8596109079746561,0.9738721044864056
2007-05-28T22:36:09.43,39.6336,142.1172,50.5,4.0,2011-05-26T06:57:34.44,39.6139,142.1138,49.3,4.1,0.0251742850733764,0.9556380128930668
2007-05-28T22:36:09.43,39.6336,142.1172,50.5,4.0,2011-10-23T18:58:35.13,39.6388,142.2386,53.5,4.2,0.2531086700935884,0.9751078517240506
2007-05-28T22:36:09.43,39.6336,142.1172,50.5,4.0,2012-05-15T00:09:06.0,39.6457,142.1157,47.0,4.0,0.296412947215571,0.9586497525712968
2007-06-02T05:43:14.58,36.1538,140.0149,53.6,4.6,2011-04-05T04:32:28.92,36.1297,140.0255,48.8,3.8,-0.1187945513815664,0.9383472968844804
2007-06-20T12:56:00.4,36.6734,142.3424,4.1,4.1,2011-03-08T15:43:40.99,36.6968,142.2269,19.0,3.5,-3.4821607120659355,0.954676065322976
2007-06-20T12:56:00.4,36.6734,142.3424,4.1,4.1,2012-04-30T16:53:14.18,36.7106,142.2001,19.0,4.2,-3.9555364768220658,0.9665505095326794
2007-06-30T13:04:02.5,38.86,142.05,46.0,3.5,2009-10-26T23:10:26.87,38.8622,142.074,44.4,3.5,0.2795729069914279,0.9286874556215076
2007-06-30T13:04:02.5,38.86,142.05,46.0,3.5,2011-03-23T00:21:12.59,38.8725,142.028,51.0,4.0,-0.57544820328744,0.9428165897073564
2007-06-30T13:04:02.5,38.86,142.05,46.0,3.5,2011-04-03T05:40:19.91,38.829,142.0565,49.5,3.9,-0.196489636876861,0.9576514329422354
2007-06-30T13:04:02.5,38.86,142.05,46.0,3.5,2011-04-20T06:05:20.4,38.84,142.03,45.0,4.0,-0.1042484017633381,0.9036759619766244
2007-06-30T13:04:02.5,38.86,142.05,46.0,3.5,2011-05-14T16:45:10.52,38.8205,142.1012,43.7,3.9,0.6473510376180845,0.9177532223126984
2007-06-30T13:04:02.5,38.86,142.05,46.0,3.5,2011-06-15T15:36:32.64,38.8184,142.1405,46.5,3.8,0.2489802977872413,0.962568947321481
2007-06-30T13:04:02.5,38.86,142.05,46.0,3.5,2011-07-22T09:03:08.45,38.8735,142.0398,51.0,3.8,-0.9374443555239556,0.963750594902904
2007-06-30T13:04:02.5,38.86,142.05,46.0,3.5,2011-08-21T19:42:35.24,38.8174,142.1138,48.2,3.9,0.4983465495791794,0.9617166436350072
2007-06-30T13:04:02.5,38.86,142.05,46.0,3.5,2011-11-11T17:24:20.31,38.8512,142.0722,43.8,4.0,0.008953475697394,0.9597084581351144
2007-06-30T13:04:02.5,38.86,142.05,46.0,3.5,2012-01-15T10:36:46.71,38.8009,142.1518,43.2,3.8,0.6055607849904655,0.9645709418030636
2007-06-30T13:04:02.5,38.86,142.05,46.0,3.5,2012-03-30T03:37:07.2,38.8322,142.084,47.3,3.7,0.0023299126438005,0.9642098273725744
2007-06-30T16:33:25.24,36.1299,142.3184,33.0,3.7,2011-01-19T10:26:41.46,36.1499,142.5175,18.0,3.8,2.887463303412116,0.9257587894841324
2007-07-06T15:59:26.5,37.32,141.85,41.0,3.5,2009-11-04T14:19:45.35,37.3035,141.8583,14.6,4.0,1.861422715051721,0.9132242376713824
2007-09-09T05:01:53.8,39.5,142.5289,78.3,3.8,2007-10-29T09:21:30.2,39.53,142.64,34.0,3.5,12.237294428857606,0.989643204245138
2007-09-25T16:17:44.42,36.4632,142.6883,15.0,4.0,2008-03-24T07:46:47.53,36.3668,142.6143,34.4,3.8,-13.314822520484745,0.992821625596774
2007-09-26T03:26:17.8,41.5245,144.4524,44.6,3.9,2008-09-11T04:57:02.73,41.8278,144.1417,28.5,4.9,-1.2275717103465535,0.9909605750138688
2007-12-02T15:41:48.19,37.8913,142.6514,14.0,4.3,2008-07-19T18:04:02.46,37.4699,142.8315,21.0,3.7,-11.095040383770614,0.9949026432802606
2007-12-03T02:46:45.1,38.62,142.17,28.0,3.6,2007-12-14T16:47:15.3,38.98,142.21,46.0,3.8,4.522316709260255,0.9892832795004434
2008-01-19T19:02:17.22,41.8896,144.5347,14.2,4.1,2008-09-28T16:24:43.63,41.9139,143.9764,42.0,3.9,-3.9349965013730266,0.9948651115413024
2008-01-31T04:08:41.23,37.4245,143.0981,24.0,4.0,2008-07-22T09:02:20.6,37.58,142.73,26.0,3.6,5.029991305355919,0.9997577846240236
2008-01-31T04:08:41.23,37.4245,143.0981,24.0,4.0,2008-08-05T14:38:12.62,37.7726,143.1322,18.0,3.9,-5.853717106424575,0.957916249358436
2008-01-31T04:08:41.23,37.4245,143.0981,24.0,4.0,2008-08-22T05:09:13.39,37.6891,142.9752,24.0,3.8,-11.468257869543008,1.003984835758998
2008-04-25T20:49:30.2,40.7259,141.4847,94.3,3.6,2008-08-16T08:20:30.41,40.4841,141.5067,83.4,4.0,1.1699723142745553,0.9904719699361848
2008-06-13T23:52:21.4,39.04,140.87,10.0,4.0,2008-06-14T02:30:13.6,39.07,140.96,10.0,3.5,13.039760899172844,0.9495176324963336
2008-06-13T23:54:37.4,39.1,140.84,10.0,3.8,2008-06-14T01:56:29.46,39.0664,140.9896,10.8,4.3,11.082777169697463,0.9975833735898654
2008-06-13T23:54:37.4,39.1,140.84,10.0,3.8,2008-06-14T03:10:08.09,38.8697,140.8755,16.0,3.9,8.08117642102358,1.0016281057360945
2008-06-13T23:54:37.4,39.1,140.84,10.0,3.8,2008-06-16T04:56:52.18,38.9973,140.8159,11.5,3.9,-12.068884288301652,0.9975646327558856
2008-06-13T23:54:37.4,39.1,140.84,10.0,3.8,2008-06-29T06:53:24.49,38.8803,140.7605,7.4,4.3,-9.000877920612814,0.9985641017568558
2008-06-13T23:54:37.4,39.1,140.84,10.0,3.8,2008-07-26T20:28:43.33,39.1328,140.9391,4.6,3.7,-10.07328323633605,0.9984849573954412
2008-06-13T23:54:54.5,38.9,140.76,4.0,3.9,2008-06-16T15:03:21.09,38.91,140.8775,7.5,3.5,11.283125653605014,0.9712314945690148
2008-06-14T00:01:43.27,38.897,140.882,9.3,4.0,2008-06-16T04:56:52.18,38.9973,140.8159,11.5,3.9,-6.788749296783277,0.91602354068307
2008-06-14T00:05:16.8,39.04,140.85,6.0,3.5,2008-06-14T00:55:10.4,38.83,140.8,4.0,3.5,-3.5999999942395977,1.0000000000000029
2008-06-14T00:05:16.8,39.04,140.85,6.0,3.5,2008-06-14T01:56:29.46,39.0664,140.9896,10.8,4.3,5.340000000074325,1.0000000000000002
2008-06-14T00:05:16.8,39.04,140.85,6.0,3.5,2008-06-14T02:31:26.9,38.78,140.73,5.0,3.6,-2.400000000031925,0.9999999999999012
2008-06-14T00:05:16.8,39.04,140.85,6.0,3.5,2008-06-14T03:10:08.09,38.8697,140.8755,16.0,3.9,2.3349998732613906,0.9394073288645592
2008-06-14T00:05:16.8,39.04,140.85,6.0,3.5,2008-06-14T15:04:43.7,38.9126,140.8875,7.3,3.6,-5.149996950684235,1.0000000007372556
2008-06-14T00:05:16.8,39.04,140.85,6.0,3.5,2008-06-26T03:20:02.33,39.032,140.9127,7.4,3.5,-4.180013135425482,1.0000000137332234
2008-06-14T00:08:01.87,38.8386,140.8084,8.6,4.1,2008-08-04T10:08:31.89,38.8657,140.882,5.1,3.5,6.192977138332237,0.9483184124600048
2008-06-14T00:09:19.1,38.99,140.86,4.0,3.6,2008-06-14T00:53:50.5,38.96,140.88,7.0,3.5,11.100164914855204,0.956489310221352
2008-06-14T00:09:19.1,38.99,140.86,4.0,3.6,2008-07-19T04:09:33.01,39.0949,140.8794,11.8,4.2,-11.360159313997762,0.9077131299108032
2008-06-14T00:09:47.7,39.04,140.85,5.0,3.5,2008-06-14T00:53:50.5,38.96,140.88,7.0,3.5,10.650155605616808,0.9579143568890154
2008-06-14T00:14:20.87,39.1011,140.934,10.0,3.5,2008-06-14T01:56:29.46,39.0664,140.9896,10.8,4.3,10.42815066848774,0.98243793165155
2008-06-14T00:14:20.87,39.1011,140.934,10.0,3.5,2008-06-14T03:10:08.09,38.8697,140.8755,16.0,3.9,7.425173150947346,0.9762051611957422
2008-06-14T00:14:20.87,39.1011,140.934,10.0,3.5,2008-06-25T18:57:44.24,38.8383,140.8353,7.9,4.0,11.885405074662309,2.2807874627258493
2008-06-14T00:14:33.5,38.77,140.72,4.0,3.6,2008-06-14T02:30:13.6,39.07,140.96,10.0,3.5,-2.456824442510511,0.9076708436437648
2008-06-14T00:14:33.5,38.77,140.72,4.0,3.6,2008-06-14T03:10:08.09,38.8697,140.8755,16.0,3.9,12.117376567714851,0.9999934860986144
2008-06-14T00:14:33.5,38.77,140.72,4.0,3.6,2008-06-16T04:56:52.18,38.9973,140.8159,11.5,3.9,-9.53514495460928,1.000028115485692
2008-06-14T00:14:33.5,38.77,140.72,4.0,3.6,2008-06-23T23:44:11.07,39.038,140.8866,10.2,3.7,-7.973580236846544,0.9993375929798416
2008-06-14T00:14:33.5,38.77,140.72,4.0,3.6,2008-07-19T04:09:33.01,39.0949,140.8794,11.8,4.2,-5.1743889569317165,0.9929555160041024
2008-06-14T00:14:33.5,38.77,140.72,4.0,3.6,2008-07-26T20:28:43.33,39.1328,140.9391,4.6,3.7,-6.548329854905001,0.9992648439546996
2008-06-14T00:18:13.79,39.14,140.9432,8.2,4.3,2008-06-14T00:53:50.5,38.96,140.88,7.0,3.5,9.44016491406908,0.9564894707290188
2008-06-14T00:18:13.79,39.14,140.9432,8.2,4.3,2008-07-19T04:09:33.01,39.0949,140.8794,11.8,4.2,-13.020159313998642,0.9077131298971592
2008-06-14T00:18:39.8,39.03,140.86,6.0,3.9,2008-06-14T00:53:50.5,38.96,140.88,7.0,3.5,10.950087380844154,0.9673828027512852
2008-06-14T00:18:39.8,39.03,140.86,6.0,3.9,2008-07-19T04:09:33.01,39.0949,140.8794,11.8,4.2,-11.809992338596308,0.9215012310677088
2008-06-14T00:23:05.8,38.98,140.85,5.0,3.6,2008-06-14T01:56:29.46,39.0664,140.9896,10.8,4.3,11.359885862326324,0.9910822537652294
2008-06-14T00:23:05.8,38.98,140.85,5.0,3.6,2008-06-14T03:10:08.09,38.8697,140.8755,16.0,3.9,8.37430144528001,0.9803531990227526
2008-06-14T00:23:46.7,38.82,140.81,5.0,3.6,2008-06-14T00:53:50.5,38.96,140.88,7.0,3.5,13.650155605616764,0.957914356876721
2008-06-14T00:52:43.22,39.097,140.8922,12.3,4.7,2008-06-16T15:03:21.09,38.91,140.8775,7.5,3.5,9.763864270546431,0.9924981147550596
2008-06-14T00:52:43.22,39.097,140.8922,12.3,4.7,2008-06-20T16:55:30.36,39.1706,140.9608,6.5,4.0,13.87195344873208,1.0000087795265356
2008-06-14T00:53:50.5,38.96,140.88,7.0,3.5,2008-06-14T01:56:29.46,39.0664,140.9896,10.8,4.3,12.604996866000542,0.9982720571678272
2008-06-14T00:53:50.5,38.96,140.88,7.0,3.5,2008-06-14T02:30:13.6,39.07,140.96,10.0,3.5,-6.950383591239903,0.9965662250327482
2008-06-14T00:53:50.5,38.96,140.88,7.0,3.5,2008-06-14T03:10:08.09,38.8697,140.8755,16.0,3.9,9.605382717777111,0.9996705265324132
2008-06-14T00:53:50.5,38.96,140.88,7.0,3.5,2008-06-14T09:43:12.91,39.0028,140.8709,1.9,3.5,-10.810087397526626,0.9672897946406114
2008-06-14T00:53:50.5,38.96,140.88,7.0,3.5,2008-06-15T17:36:20.17,39.1017,140.9437,16.0,4.4,-10.97008739752448,0.9672897990232382
2008-06-14T00:53:50.5,38.96,140.88,7.0,3.5,2008-06-16T21:39:23.97,38.7829,140.8105,4.4,4.1,-13.920018955345656,0.9561391946119868
2008-06-14T00:53:50.5,38.96,140.88,7.0,3.5,2008-06-19T17:32:06.82,39.1479,140.974,8.6,3.9,-9.420087397524608,0.9672897990070524
2008-06-14T00:53:50.5,38.96,140.88,7.0,3.5,2008-06-27T14:19:15.61,38.7386,140.7929,9.4,3.5,-14.855921436397688,0.9036954428168108
2008-06-14T00:53:50.5,38.96,140.88,7.0,3.5,2008-06-29T06:53:24.49,38.8803,140.7605,7.4,4.3,-10.45704552885088,0.9891836399381274
2008-06-14T00:53:50.5,38.96,140.88,7.0,3.5,2008-11-12T04:39:47.78,38.8965,140.8165,10.4,4.0,-13.3800873966609,0.9672897898379128
2008-06-14T00:55:10.4,38.83,140.8,4.0,3.5,2008-06-14T01:56:29.46,39.0664,140.9896,10.8,4.3,8.939999994239567,1.0000000000000029
2008-06-14T00:55:10.4,38.83,140.8,4.0,3.5,2008-06-14T02:31:26.9,38.78,140.73,5.0,3.6,1.199999994154807,0.999999999999994
2008-06-14T00:55:10.4,38.83,140.8,4.0,3.5,2008-06-14T03:10:08.09,38.8697,140.8755,16.0,3.9,5.934999996619609,0.9394112678809162
2008-06-14T00:55:10.4,38.83,140.8,4.0,3.5,2008-06-14T15:04:43.7,38.9126,140.8875,7.3,3.6,-1.549996950684307,1.0000000007342793
2008-06-14T00:55:10.4,38.83,140.8,4.0,3.5,2008-06-26T03:20:02.33,39.032,140.9127,7.4,3.5,-0.5800131354254789,1.0000000137332237
2008-06-14T01:25:26.9,39.1,140.85,11.0,3.5,2008-06-16T04:56:52.18,38.9973,140.8159,11.5,3.9,-12.576572367742187,0.9997549487717952
2008-06-14T01:25:26.9,39.1,140.85,11.0,3.5,2008-06-16T15:03:21.09,38.91,140.8775,7.5,3.5,9.522675347960355,0.9887245215760888
2008-06-14T01:25:26.9,39.1,140.85,11.0,3.5,2008-06-20T16:55:30.36,39.1706,140.9608,6.5,4.0,13.630577152790291,0.9968091932325056
2008-06-14T01:25:26.9,39.1,140.85,11.0,3.5,2008-06-23T23:44:11.07,39.038,140.8866,10.2,3.7,-11.014207408952675,0.9995161188036432
2008-06-14T01:25:26.9,39.1,140.85,11.0,3.5,2008-06-29T06:53:24.49,38.8803,140.7605,7.4,4.3,-7.527677609126886,0.9921599343232966
2008-06-14T01:25:26.9,39.1,140.85,11.0,3.5,2008-07-26T20:28:43.33,39.1328,140.9391,4.6,3.7,-10.580899421751685,0.9999850879343783
2008-06-14T01:56:29.46,39.0664,140.9896,10.8,4.3,2008-06-14T02:30:13.6,39.07,140.96,10.0,3.5,-11.623428937627388,0.9969026591278468
2008-06-14T01:56:29.46,39.0664,140.9896,10.8,4.3,2008-06-14T02:31:26.9,38.78,140.73,5.0,3.6,-7.740000000090303,0.9999999999984284
2008-06-14T01:56:29.46,39.0664,140.9896,10.8,4.3,2008-06-14T02:36:28.0,38.99,140.82,4.0,3.5,-11.79949308383535,0.9952689715175476
2008-06-14T01:56:29.46,39.0664,140.9896,10.8,4.3,2008-06-14T03:10:32.84,39.0874,140.8533,13.9,4.8,-11.895090802349182,0.9989036083299788
2008-06-14T01:56:29.46,39.0664,140.9896,10.8,4.3,2008-06-14T15:04:43.7,38.9126,140.8875,7.3,3.6,-10.4899969506842,1.0000000007376206
2008-06-14T01:56:29.46,39.0664,140.9896,10.8,4.3,2008-06-16T15:03:21.09,38.91,140.8775,7.5,3.5,-12.979758536971566,0.9916081393744938
2008-06-14T01:56:29.46,39.0664,140.9896,10.8,4.3,2008-06-20T16:55:30.36,39.1706,140.9608,6.5,4.0,-10.028228126351454,0.999517534651021
2008-06-14T01:56:29.46,39.0664,140.9896,10.8,4.3,2008-06-26T03:20:02.33,39.032,140.9127,7.4,3.5,-9.520013135425454,1.0000000137332232
2008-06-14T01:56:29.46,39.0664,140.9896,10.8,4.3,2008-06-29T06:53:24.49,38.8803,140.7605,7.4,4.3,-14.139737118370526,0.9972493228725356
2008-06-14T01:56:29.46,39.0664,140.9896,10.8,4.3,2008-08-04T10:08:31.89,38.8657,140.882,5.1,3.5,5.082977111416863,0.9483202503186824
2008-06-14T02:30:13.6,39.07,140.96,10.0,3.5,2008-06-14T03:10:08.09,38.8697,140.8755,16.0,3.9,7.630421392239739,0.9972300324585528
2008-06-14T02:30:13.6,39.07,140.96,10.0,3.5,2008-06-14T15:04:43.7,38.9126,140.8875,7.3,3.6,5.1001560543960816,0.9664610386648028
2008-06-14T02:30:13.6,39.07,140.96,10.0,3.5,2008-06-16T04:56:52.18,38.9973,140.8159,11.5,3.9,-13.042943447444973,1.000433719471148
2008-06-14T02:30:13.6,39.07,140.96,10.0,3.5,2008-06-16T15:03:21.09,38.91,140.8775,7.5,3.5,6.563091955151343,0.9789650985861614
2008-06-14T02:30:13.6,39.07,140.96,10.0,3.5,2008-06-20T16:55:30.36,39.1706,140.9608,6.5,4.0,9.522014785833864,0.9726388213822472
2008-06-14T02:30:13.6,39.07,140.96,10.0,3.5,2008-06-29T06:53:24.49,38.8803,140.7605,7.4,4.3,-7.993012453989699,0.9965778744169568
2008-06-14T02:30:13.6,39.07,140.96,10.0,3.5,2008-07-26T20:28:43.33,39.1328,140.9391,4.6,3.7,-10.057131151318211,0.9995943818154108
2008-06-14T02:31:26.9,38.78,140.73,5.0,3.6,2008-06-14T03:10:08.09,38.8697,140.8755,16.0,3.9,4.734999802741804,0.939320948976094
2008-06-14T02:31:26.9,38.78,140.73,5.0,3.6,2008-06-14T15:04:43.7,38.9126,140.8875,7.3,3.6,-2.7499969506583515,1.0000000007376222
2008-06-14T02:31:26.9,38.78,140.73,5.0,3.6,2008-06-26T03:20:02.33,39.032,140.9127,7.4,3.5,-1.780013135414571,1.0000000137332028
2008-06-14T02:31:26.9,38.78,140.73,5.0,3.6,2008-08-04T10:08:31.89,38.8657,140.882,5.1,3.5,12.82297916865082,0.9609969130432188
2008-06-14T02:35:17.27,39.0203,140.8728,8.9,4.5,2008-06-16T14:14:39.39,39.0437,140.8012,10.4,5.3,-4.094226184797932,0.9309928536301558
2008-06-14T02:35:17.27,39.0203,140.8728,8.9,4.5,2008-06-16T15:03:21.09,38.91,140.8775,7.5,3.5,10.68976024952162,0.9957657199956363
2008-06-14T02:35:17.27,39.0203,140.8728,8.9,4.5,2008-06-20T16:55:30.36,39.1706,140.9608,6.5,4.0,13.81066829120431,0.9959468115729077
2008-06-14T02:35:17.27,39.0203,140.8728,8.9,4.5,2008-06-29T06:53:24.49,38.8803,140.7605,7.4,4.3,-6.338946106514921,0.9932777084196308
2008-06-14T02:35:17.27,39.0203,140.8728,8.9,4.5,2008-07-26T20:28:43.33,39.1328,140.9391,4.6,3.7,-7.412403127774194,0.9758083293222471
2008-06-14T02:36:28.0,38.99,140.82,4.0,3.5,2008-06-14T03:10:08.09,38.8697,140.8755,16.0,3.9,8.802479742822827,0.9979031471888608
2008-06-14T02:36:28.0,38.99,140.82,4.0,3.5,2008-06-27T14:19:15.61,38.7386,140.7929,9.4,3.5,-11.608554113292282,0.9665447459307605
2008-06-14T02:36:28.0,38.99,140.82,4.0,3.5,2008-07-19T04:09:33.01,39.0949,140.8794,11.8,4.2,-11.40999159827357,0.9215000456202724
2008-06-14T03:10:08.09,38.8697,140.8755,16.0,3.9,2008-06-14T15:04:43.7,38.9126,140.8875,7.3,3.6,-7.485024504188809,0.9394177284581232
2008-06-14T03:10:08.09,38.8697,140.8755,16.0,3.9,2008-06-16T15:03:21.09,38.91,140.8775,7.5,3.5,-9.986198197602052,1.000456828323859
2008-06-14T03:10:08.09,38.8697,140.8755,16.0,3.9,2008-06-20T16:55:30.36,39.1706,140.9608,6.5,4.0,-6.040767585061801,0.9987747494858364
2008-06-14T03:10:08.09,38.8697,140.8755,16.0,3.9,2008-06-26T03:20:02.33,39.032,140.9127,7.4,3.5,-6.515043853997652,0.9404644019470276
2008-06-14T03:10:08.09,38.8697,140.8755,16.0,3.9,2008-06-29T06:53:24.49,38.8803,140.7605,7.4,4.3,-10.149517450552908,0.9913762117505304
2008-06-14T03:10:32.84,39.0874,140.8533,13.9,4.8,2008-06-27T14:19:15.61,38.7386,140.7929,9.4,3.5,-7.519165732663311,0.9626203606410272
2008-06-14T03:10:32.84,39.0874,140.8533,13.9,4.8,2008-07-19T04:09:33.01,39.0949,140.8794,11.8,4.2,-11.519913214732098,0.9219537104897406
2008-06-14T03:14:05.28,39.0813,140.8797,11.3,4.5,2008-06-16T15:03:21.09,38.91,140.8775,7.5,3.5,9.787259502585965,0.9908639361439546
2008-06-14T03:14:05.28,39.0813,140.8797,11.3,4.5,2008-06-20T16:55:30.36,39.1706,140.9608,6.5,4.0,13.895205767945152,0.9984732209351777
2008-06-14T08:34:08.97,39.136,140.9172,7.0,4.3,2008-08-04T10:08:31.89,38.8657,140.882,5.1,3.5,-12.78121299919184,0.951023528437905
2008-06-14T09:43:12.91,39.0028,140.8709,1.9,3.5,2008-07-19T04:09:33.01,39.0949,140.8794,11.8,4.2,-11.949992338595704,0.9215012310899302
2008-06-14T14:22:27.44,39.1543,140.9484,11.1,4.2,2008-06-16T04:56:52.18,38.9973,140.8159,11.5,3.9,-12.38515027833074,0.9935406777216969
2008-06-14T14:22:27.44,39.1543,140.9484,11.1,4.2,2008-06-16T14:14:39.39,39.0437,140.8012,10.4,5.3,-6.194422732412408,0.9196968019297388
2008-06-14T14:22:27.44,39.1543,140.9484,11.1,4.2,2008-06-16T15:03:21.09,38.91,140.8775,7.5,3.5,8.727494228570151,0.9927015284601114
2008-06-14T14:22:27.44,39.1543,140.9484,11.1,4.2,2008-06-20T16:55:30.36,39.1706,140.9608,6.5,4.0,12.834706973354608,0.9978620108497048
2008-06-14T14:22:27.44,39.1543,140.9484,11.1,4.2,2008-06-23T23:44:11.07,39.038,140.8866,10.2,3.7,-10.823383703583644,0.9924916671130714
2008-06-14T14:22:27.44,39.1543,140.9484,11.1,4.2,2008-06-29T06:53:24.49,38.8803,140.7605,7.4,4.3,-9.312267987394724,0.9916307290134158
2008-06-14T14:22:27.44,39.1543,140.9484,11.1,4.2,2008-07-26T20:28:43.33,39.1328,140.9391,4.6,3.7,-10.386420460594897,0.9971395691495036
2008-06-14T15:04:43.7,38.9126,140.8875,7.3,3.6,2008-06-16T04:56:52.18,38.9973,140.8159,11.5,3.9,-10.26235925291439,1.0015076025373388
2008-06-14T15:04:43.7,38.9126,140.8875,7.3,3.6,2008-06-26T03:20:02.33,39.032,140.9127,7.4,3.5,0.9699868645745802,1.0000000118782515
2008-06-14T15:04:43.7,38.9126,140.8875,7.3,3.6,2008-07-19T04:09:33.01,39.0949,140.8794,11.8,4.2,-6.893845257651692,0.9848976711443445
2008-06-14T15:04:43.7,38.9126,140.8875,7.3,3.6,2008-07-23T03:54:24.67,38.9846,140.888,8.5,4.2,5.929750730825162,0.9984377377057724
2008-06-14T15:04:43.7,38.9126,140.8875,7.3,3.6,2008-07-26T20:28:43.33,39.1328,140.9391,4.6,3.7,-8.266857083479128,1.0013161991236943
2008-06-15T17:36:20.17,39.1017,140.9437,16.0,4.4,2008-07-19T04:09:33.01,39.0949,140.8794,11.8,4.2,-11.789992338595969,0.9215012310871528
2008-06-16T04:56:52.18,38.9973,140.8159,11.5,3.9,2008-06-16T15:03:21.09,38.91,140.8775,7.5,3.5,11.19970274437431,0.9901303289667204
2008-06-16T04:56:52.18,38.9973,140.8159,11.5,3.9,2008-06-20T16:55:30.36,39.1706,140.9608,6.5,4.0,14.319291810637187,0.9927047230136464
2008-06-16T04:56:52.18,38.9973,140.8159,11.5,3.9,2008-07-19T04:09:33.01,39.0949,140.8794,11.8,4.2,13.276702751790513,1.0000299475906385
2008-06-16T04:56:52.18,38.9973,140.8159,11.5,3.9,2008-11-12T04:39:47.78,38.8965,140.8165,10.4,4.0,10.656569076854147,1.0000162152629628
2008-06-16T15:03:21.09,38.91,140.8775,7.5,3.5,2008-06-23T23:44:11.07,39.038,140.8866,10.2,3.7,-10.627432815697071,0.9996858517430044
2008-06-16T15:03:21.09,38.91,140.8775,7.5,3.5,2008-06-29T06:53:24.49,38.8803,140.7605,7.4,4.3,-9.082710573619536,0.9945739628026156
2008-06-16T15:03:21.09,38.91,140.8775,7.5,3.5,2008-07-26T20:28:43.33,39.1328,140.9391,4.6,3.7,-8.215110508174558,0.9929220945870978
2008-06-16T21:39:23.97,38.7829,140.8105,4.4,4.1,2008-07-19T04:09:33.01,39.0949,140.8794,11.8,4.2,-8.539913208057344,0.9219532952005748
2008-06-19T17:32:06.82,39.1479,140.974,8.6,3.9,2008-07-19T04:09:33.01,39.0949,140.8794,11.8,4.2,-13.339992338596252,0.9215012310760414
2008-06-20T16:55:30.36,39.1706,140.9608,6.5,4.0,2008-06-23T23:44:11.07,39.038,140.8866,10.2,3.7,-13.745421668363395,0.9959369267048775
2008-06-20T16:55:30.36,39.1706,140.9608,6.5,4.0,2008-06-29T06:53:24.49,38.8803,140.7605,7.4,4.3,-13.03480416727152,0.94276472295088
2008-06-20T16:55:30.36,39.1706,140.9608,6.5,4.0,2008-07-19T04:09:33.01,39.0949,140.8794,11.8,4.2,-11.948561300528906,0.9150103066855784
2008-06-20T16:55:30.36,39.1706,140.9608,6.5,4.0,2008-07-26T20:28:43.33,39.1328,140.9391,4.6,3.7,-12.322526630228166,0.999400607236484
2008-06-23T23:44:11.07,39.038,140.8866,10.2,3.7,2008-07-19T04:09:33.01,39.0949,140.8794,11.8,4.2,11.715139882688836,0.9995151654886982
2008-06-23T23:44:11.07,39.038,140.8866,10.2,3.7,2008-11-12T04:39:47.78,38.8965,140.8165,10.4,4.0,9.095004423244252,0.999499560569298
2008-06-26T03:20:02.33,39.032,140.9127,7.4,3.5,2008-07-23T03:54:24.67,38.9846,140.888,8.5,4.2,4.959929404846717,0.9997524443432472
2008-06-27T14:19:15.61,38.7386,140.7929,9.4,3.5,2008-07-19T04:09:33.01,39.0949,140.8794,11.8,4.2,-7.299913216788935,0.921953704875808
2008-06-29T06:53:24.49,38.8803,140.7605,7.4,4.3,2008-07-19T04:09:33.01,39.0949,140.8794,11.8,4.2,8.225200535919512,0.9903504003443482
2008-06-29T06:53:24.49,38.8803,140.7605,7.4,4.3,2008-11-12T04:39:47.78,38.8965,140.8165,10.4,4.0,5.605052507860743,0.9903102320590258
2008-07-19T04:09:33.01,39.0949,140.8794,11.8,4.2,2008-07-26T20:28:43.33,39.1328,140.9391,4.6,3.7,-10.289937764469672,0.9992018662290968
2008-07-21T07:26:29.27,36.2354,142.0819,13.8,4.0,2008-08-06T22:38:50.07,36.2966,141.9098,19.0,3.8,-3.1612354215876994,0.9291784654094828
2008-07-26T20:28:43.33,39.1328,140.9391,4.6,3.7,2008-11-12T04:39:47.78,38.8965,140.8165,10.4,4.0,7.669798498351792,0.9991968490087472
2008-12-05T20:20:30.1,38.5764,143.15,26.8,4.6,2011-03-09T03:54:01.7,38.5052,143.1985,15.0,4.5,1.847212633217884,0.9863880548169895
2008-12-11T06:22:34.63,38.6427,143.2296,23.0,4.0,2011-03-09T19:19:49.78,38.5979,143.2632,23.0,4.2,0.3168913167076648,0.9559278787964444
2008-12-17T13:10:41.24,40.1089,142.5101,39.4,4.1,2010-11-24T23:55:58.07,40.0691,142.3821,47.9,4.0,-1.1707986466472575,0.9878369049117685
2008-12-30T15:48:33.32,35.4355,140.8011,46.6,4.7,2011-11-19T19:27:38.54,35.4436,140.9189,35.3,4.8,1.010706143369318,0.9682206730407968
2009-01-03T16:02:39.69,37.0261,141.3607,37.9,3.7,2012-02-16T17:42:14.98,37.0181,141.3564,40.8,3.6,0.0270731463627098,0.9826329441769824
2009-01-18T09:36:33.31,36.3821,140.8284,55.3,3.9,2011-03-06T20:10:57.18,36.4896,140.7566,58.9,3.9,-0.4969886714266041,0.993057427975929
2009-01-18T09:36:33.31,36.3821,140.8284,55.3,3.9,2012-02-01T17:01:39.75,36.5378,140.5829,58.6,3.9,-1.3479738739867022,0.9915896344519166
2009-02-06T16:54:29.27,35.5918,141.7524,22.0,3.7,2011-03-22T00:14:42.0,35.5211,141.725,22.0,3.8,0.4176418877942661,0.9569073322986302
2009-02-06T16:54:29.27,35.5918,141.7524,22.0,3.7,2011-04-10T00:00:54.05,35.709,141.5009,25.0,3.9,-2.3397517973262465,0.974613032747044
2009-02-06T16:54:29.27,35.5918,141.7524,22.0,3.7,2011-05-06T23:24:52.73,35.4453,141.6749,25.0,3.8,-0.498075731016686,0.9799813183444482
2009-02-06T16:54:29.27,35.5918,141.7524,22.0,3.7,2011-07-18T12:37:10.7,35.5103,141.7596,10.8,3.8,1.803631580139676,0.98217466038304
2009-02-15T22:39:05.04,38.1943,141.6845,57.1,4.0,2011-03-25T23:16:39.72,38.1382,141.7684,45.4,3.6,2.012034152113142,0.9384312917454982
2009-02-15T22:39:05.04,38.1943,141.6845,57.1,4.0,2011-05-20T11:42:15.8,38.1607,141.8013,47.5,3.9,1.782819186783058,0.927728796298038
2009-02-15T22:39:05.04,38.1943,141.6845,57.1,4.0,2011-09-16T21:42:36.11,38.1609,141.7852,47.4,4.1,1.4540197617691046,0.9388390229268024
2009-02-20T22:29:07.38,38.9111,142.1168,41.6,3.7,2012-01-22T14:43:53.01,38.9081,142.1849,41.5,3.6,0.7025502310429799,0.9105544206812494
2009-02-27T17:30:11.23,36.341,140.676,52.2,4.2,2011-04-22T01:17:31.05,36.4576,140.6865,56.0,4.1,-0.929736368530468,0.9520506292060164
2009-03-04T10:04:31.03,35.818,140.9356,34.5,4.2,2011-03-14T19:04:10.83,35.8956,141.0011,31.1,4.5,0.3335914797695658,0.9779503856877796
2009-03-04T10:04:31.03,35.818,140.9356,34.5,4.2,2011-05-01T01:27:44.62,35.8962,140.9588,31.6,4.5,0.2110413925833124,0.9638246156920592
2009-03-04T10:04:31.03,35.818,140.9356,34.5,4.2,2012-01-05T20:55:47.41,35.8821,140.9612,47.9,4.5,-1.6200132238733078,0.9765890907454696
2009-03-18T00:30:29.9,36.6825,142.1003,2.5,4.0,2011-03-21T00:00:25.51,36.5931,141.9927,28.3,4.2,-3.741860099971552,0.913690544481596
2009-03-18T00:30:29.9,36.6825,142.1003,2.5,4.0,2011-04-23T11:38:09.2,36.6499,142.1873,1.6,4.4,1.0404553724693135,0.9286394303577548
2009-03-18T00:30:29.9,36.6825,142.1003,2.5,4.0,2011-07-03T16:17:54.73,36.6755,142.2543,15.0,4.2,-1.062703974207452,0.9589408550181804
2009-03-18T00:30:29.9,36.6825,142.1003,2.5,4.0,2011-11-02T10:05:00.96,36.6322,142.1434,19.0,4.2,-2.6779692391642795,0.9608413081774798
2009-03-24T06:17:37.3,39.6204,142.1444,46.4,3.8,2010-11-18T19:08:09.33,39.6772,142.1149,59.1,4.0,-0.8129641609436346,0.9629108833602236
2009-03-24T06:17:37.3,39.6204,142.1444,46.4,3.8,2011-05-26T06:57:34.44,39.6139,142.1138,49.3,4.1,0.0719354613668611,0.9497535912980196
2009-03-24T06:17:37.3,39.6204,142.1444,46.4,3.8,2011-10-23T18:58:35.13,39.6388,142.2386,53.5,4.2,0.3008864177068001,0.963403161923508
2009-03-24T06:17:37.3,39.6204,142.1444,46.4,3.8,2012-05-15T00:09:06.0,39.6457,142.1157,47.0,4.0,0.3442884027536687,0.9533030817623416
2009-04-05T07:46:06.44,36.2855,141.8201,2.1,3.7,2011-06-21T21:22:25.46,36.2382,141.9388,27.4,3.9,-3.257162748680932,0.9050834540515652
2009-04-08T04:28:51.06,36.1156,141.8592,24.3,3.9,2011-05-07T19:56:25.7,36.1235,141.927,23.0,3.9,0.7250575069814686,0.9158687025454
2009-04-08T04:28:51.06,36.1156,141.8592,24.3,3.9,2012-03-28T05:14:01.39,36.0276,141.9574,23.0,3.9,1.038174916961721,0.9517185550425312
2009-04-08T19:20:39.43,35.8684,140.2153,70.9,3.6,2011-05-25T00:19:14.41,35.8582,140.2012,58.7,4.5,0.5133085597829852,0.9165591209281152
2009-04-09T18:34:12.09,39.7404,141.8552,59.6,3.6,2010-08-13T02:38:11.53,39.7589,141.8648,58.3,3.6,-0.3863863824762799,0.9069344373924422
2009-04-09T18:34:12.09,39.7404,141.8552,59.6,3.6,2011-05-17T18:35:13.57,39.754,141.8275,59.2,3.5,-0.3983989422539657,0.9027801138521095
2009-04-09T18:34:12.09,39.7404,141.8552,59.6,3.6,2011-12-18T00:04:26.1,39.7502,141.8136,54.0,3.5,-0.9483502694187996,0.9045118147529316
2009-04-20T22:54:24.31,35.9285,140.845,34.2,4.6,2011-05-01T10:22:40.66,35.9031,140.7592,32.5,4.4,0.197937801725724,0.984788256644018
2009-04-20T22:54:24.31,35.9285,140.845,34.2,4.6,2011-12-25T17:41:37.8,35.9437,140.893,43.6,4.5,-0.6026152841653498,0.9508265473439405
2009-04-26T00:33:18.66,36.7416,141.9413,4.4,3.7,2011-03-21T05:31:12.82,36.7133,141.808,12.7,3.9,-1.3979431726300446,0.962349775985479
2009-04-26T00:33:18.66,36.7416,141.9413,4.4,3.7,2012-03-08T18:42:51.31,36.7837,141.6732,33.0,3.9,-5.558030355551835,0.9438180546867332
2009-05-29T05:39:38.45,36.0743,139.8996,48.8,3.9,2011-09-28T11:25:56.31,36.0553,139.8949,51.4,3.5,0.3289959372757345,0.913248177481121
2009-06-17T08:51:29.94,39.7403,141.8318,57.8,3.9,2010-10-24T21:09:58.82,39.7489,141.828,60.5,4.0,-0.0738956752320581,0.98419885427856
2009-06-17T08:51:29.94,39.7403,141.8318,57.8,3.9,2011-08-07T20:08:50.08,39.7354,141.8496,58.6,3.7,-0.3611226910945495,0.9664821032679788
2009-06-17T08:51:29.94,39.7403,141.8318,57.8,3.9,2012-03-31T22:30:16.3,39.7366,141.8262,61.8,4.2,-0.8079534959236658,0.979449067142512
2009-06-17T10:41:04.02,36.0074,140.1461,70.4,3.5,2011-01-19T19:27:34.92,35.984,140.1375,66.1,3.5,0.1290889957110361,0.9419980957134032
2009-06-17T10:41:04.02,36.0074,140.1461,70.4,3.5,2011-06-25T09:59:31.25,36.0562,140.2305,64.3,3.7,0.5870431759717419,0.9605870787103769
2009-06-17T12:43:14.15,36.668,142.2423,1.0,3.6,2011-04-28T16:40:45.65,36.6401,141.8181,19.0,3.8,-4.171956123303139,0.9381344861317996
2009-06-17T12:43:14.15,36.668,142.2423,1.0,3.6,2011-07-09T03:46:28.16,36.7412,142.0387,19.0,3.7,-3.737497863961881,0.934159006424257
2009-06-17T12:43:14.15,36.668,142.2423,1.0,3.6,2012-02-23T12:26:29.66,36.681,142.0847,19.0,3.7,-3.4148815441732165,0.9693834819644856
2009-07-14T05:11:34.66,38.1343,141.7411,49.6,3.7,2011-08-20T11:02:51.03,38.1667,141.7198,48.0,3.9,-0.0039498909544786,0.902346820202158
2009-07-15T18:32:07.65,36.0708,142.08,16.4,3.6,2011-06-02T00:05:59.25,36.0901,142.137,2.4,3.8,2.825606644327158,0.9076242515619508
2009-07-19T12:19:50.2,36.75,141.83,45.0,3.6,2011-03-23T09:22:56.45,36.8998,141.8176,19.0,3.9,0.5944063700696819,0.9330691417049656
2009-07-19T12:19:50.2,36.75,141.83,45.0,3.6,2011-04-03T00:09:53.99,36.7086,141.8829,19.0,3.6,0.3347437048368142,0.963848449420641
2009-07-19T12:19:50.2,36.75,141.83,45.0,3.6,2011-05-28T08:36:11.07,36.7555,141.792,19.0,3.7,0.626193679960727,0.9771656633923382
2009-07-19T12:19:50.2,36.75,141.83,45.0,3.6,2011-07-27T19:10:30.7,36.74,141.81,45.0,3.5,-0.1637832575736046,0.9640408667229402
2009-07-19T12:19:50.2,36.75,141.83,45.0,3.6,2011-09-12T05:17:01.53,36.7224,141.6241,26.0,3.9,-0.2242472609684989,0.9187752473007194
2009-07-19T12:19:50.2,36.75,141.83,45.0,3.6,2011-11-02T19:50:18.2,36.7892,141.8547,19.0,3.6,0.2372451964380529,0.9788004299851
2009-08-03T07:19:30.83,37.2586,141.5017,43.1,4.6,2011-03-01T14:12:53.01,37.1359,141.5075,24.1,4.0,2.221689138134296,0.9303013721972184
2009-08-28T03:40:45.53,36.6759,142.3,1.7,3.5,2011-04-24T12:06:05.4,36.71,142.57,47.0,3.6,-1.1266063201497398,0.9111095497010128
2009-08-28T03:40:45.53,36.6759,142.3,1.7,3.5,2011-06-26T08:41:23.5,36.6431,142.4634,15.0,3.8,-1.388948151338231,0.9641301170419886
2009-08-28T22:39:20.9,36.72,142.34,25.0,3.5,2011-03-31T16:42:56.96,36.6256,142.291,15.0,3.9,0.1821626004149602,0.9297718763423228
2009-08-28T22:39:20.9,36.72,142.34,25.0,3.5,2011-04-06T20:23:25.2,36.69,142.43,19.0,3.5,1.36539499744424,0.953114896789828
2009-08-28T22:39:20.9,36.72,142.34,25.0,3.5,2011-04-24T13:48:29.59,36.6587,142.3425,15.0,3.7,0.5955377392202555,0.9242763683019012
2009-08-28T22:39:20.9,36.72,142.34,25.0,3.5,2011-06-06T23:58:24.67,36.6638,142.3815,15.0,3.6,0.5964068195740568,0.9406456625608242
2009-08-28T22:39:20.9,36.72,142.34,25.0,3.5,2011-06-07T00:06:50.92,36.7113,142.3545,10.0,3.6,0.8082113515001338,0.9620584074268864
2009-08-28T22:39:20.9,36.72,142.34,25.0,3.5,2011-08-12T23:30:40.3,36.71,142.4,14.0,3.6,1.7469618362376838,0.9500130044742868
2009-08-28T22:39:20.9,36.72,142.34,25.0,3.5,2011-08-12T23:36:48.6,36.71,142.43,12.0,3.5,2.1083091262406723,0.9719695443973376
2009-08-30T15:45:53.62,37.0801,141.5796,33.0,4.8,2011-10-16T17:13:14.88,37.0801,141.6725,23.1,3.9,1.5902823833515147,0.9112925490384124
2009-09-01T06:49:44.68,37.1462,141.4037,46.1,3.9,2011-02-19T23:17:33.89,37.1418,141.4232,39.8,3.8,1.2251133708212052,0.9962155725905466
2009-09-04T17:37:00.83,38.2863,141.9653,45.2,3.7,2011-10-14T06:25:32.6,38.3,141.86,48.0,4.0,-0.4237709518532372,0.9739807668788002
2009-09-10T04:09:15.98,35.4896,141.1737,33.0,3.5,2011-06-22T11:35:09.55,35.5442,141.1039,33.2,3.9,-0.3164806420775332,0.9761648720466092
2009-09-10T04:09:15.98,35.4896,141.1737,33.0,3.5,2012-02-18T00:38:37.35,35.5706,141.0473,33.0,4.2,-0.7647031859972535,0.9720329175344504
2009-10-15T14:14:21.79,35.5386,141.1005,29.8,3.8,2011-06-03T05:31:15.31,35.5526,141.0961,30.9,3.5,-0.1606245117218563,0.9866598165370628
2009-10-15T21:56:46.22,36.4231,140.7135,55.3,3.9,2010-10-26T12:06:19.17,36.4784,140.5983,56.9,3.8,-0.8939860208049365,0.9985834504072272
2009-10-15T21:56:46.22,36.4231,140.7135,55.3,3.9,2011-05-28T02:13:59.46,36.4496,140.6651,53.7,4.4,-0.203293961442513,0.9076261140287762
2009-10-15T21:56:46.22,36.4231,140.7135,55.3,3.9,2011-07-16T08:56:38.64,36.4718,140.673,56.1,3.9,-0.6237191907889076,0.993462222760925
2009-10-15T21:56:46.22,36.4231,140.7135,55.3,3.9,2012-02-25T14:26:58.14,36.4923,140.5403,55.3,3.7,-1.2917880903399603,0.9860476508355502
2009-10-26T13:18:50.79,39.6945,143.4468,11.0,4.3,2011-11-05T07:56:50.08,39.6999,143.2646,11.0,4.4,-0.6937383906301167,0.9073677786476828
2009-10-26T23:10:26.87,38.8622,142.074,44.4,3.5,2011-03-23T00:21:12.59,38.8725,142.028,51.0,4.0,-0.8544728194858471,0.9112658148798314
2009-10-26T23:10:26.87,38.8622,142.074,44.4,3.5,2011-04-03T05:40:19.91,38.829,142.0565,49.5,3.9,-0.4759694429276156,0.922319864062448
2009-10-26T23:10:26.87,38.8622,142.074,44.4,3.5,2011-06-15T15:36:32.64,38.8184,142.1405,46.5,3.8,-0.0306115441558716,0.925118945768632
2009-10-26T23:10:26.87,38.8622,142.074,44.4,3.5,2011-07-22T09:03:08.45,38.8735,142.0398,51.0,3.8,-1.2167541366618349,0.9279853192524772
2009-10-26T23:10:26.87,38.8622,142.074,44.4,3.5,2011-08-21T19:42:35.24,38.8174,142.1138,48.2,3.9,0.218941079603024,0.921699867724923
2009-10-26T23:10:26.87,38.8622,142.074,44.4,3.5,2011-11-11T17:24:20.31,38.8512,142.0722,43.8,4.0,-0.2705977177458338,0.9258641605268793
2009-10-26T23:10:26.87,38.8622,142.074,44.4,3.5,2012-01-15T10:36:46.71,38.8009,142.1518,43.2,3.8,0.3262421217847854,0.9257632149192412
2009-10-26T23:10:26.87,38.8622,142.074,44.4,3.5,2012-03-30T03:37:07.2,38.8322,142.084,47.3,3.7,-0.2770565127288494,0.9241705094018574
2009-11-14T02:11:22.06,36.7366,142.1457,19.0,4.1,2011-03-17T02:38:00.36,36.6771,142.1826,25.2,4.4,-1.1549965192290843,0.9301163055613562
2009-11-14T02:11:22.06,36.7366,142.1457,19.0,4.1,2011-04-06T03:13:02.63,36.7605,142.0972,36.5,4.4,-3.3823103881356293,0.9491407728722896
2009-11-14T02:11:22.06,36.7366,142.1457,19.0,4.1,2011-06-13T11:39:23.68,36.736,142.0525,19.0,4.3,-0.7588880030871189,0.9620074279508796
2009-11-14T02:11:22.06,36.7366,142.1457,19.0,4.1,2011-10-20T12:51:50.75,36.718,142.0932,8.1,4.4,0.8317673872591963,0.9661832935138356
2009-12-17T18:09:24.41,34.9578,139.1219,10.3,3.6,2009-12-18T07:39:26.08,34.9486,139.0952,9.0,3.9,-0.0500176183703574,0.9731227917999076
2009-12-17T18:09:24.41,34.9578,139.1219,10.3,3.6,2009-12-18T13:52:24.55,34.8915,139.1277,6.9,3.9,0.9892860899161574,0.94518768488595
2009-12-18T07:39:26.08,34.9486,139.0952,9.0,3.9,2009-12-18T13:52:24.55,34.8915,139.1277,6.9,3.9,1.0380401939492525,0.9588768152677546
2009-12-18T16:52:42.87,34.9206,139.1259,11.1,3.7,2009-12-18T18:36:24.73,34.9516,139.2476,2.9,3.6,0.0090214797658698,0.9030599480385954
2009-12-24T11:37:47.89,36.7098,142.001,7.2,3.9,2012-01-11T01:33:38.03,36.6519,142.0174,24.2,4.3,-2.016882608900249,0.9446312832894158
2009-12-30T22:05:40.33,39.0679,142.1506,51.0,3.8,2011-09-24T03:29:33.13,39.0966,142.2335,9.9,3.6,2.276354558006133,0.9459682068547348
2009-12-30T22:05:40.33,39.0679,142.1506,51.0,3.8,2011-12-16T09:46:17.56,39.1154,142.1878,43.0,3.7,0.0392317397997841,0.9657476459852008
2009-12-30T22:05:40.33,39.0679,142.1506,51.0,3.8,2012-04-24T12:34:19.45,39.0917,142.2797,50.2,3.9,-0.0856065345742763,0.9702186216309864
2010-01-03T21:44:05.2,36.06,139.92,44.0,3.6,2012-04-17T22:13:37.59,36.0119,139.9579,50.7,3.6,0.9114803916146976,0.9960410783447043
2010-01-15T22:08:20.3,38.54,141.72,53.0,3.5,2011-04-01T05:16:38.77,38.5338,141.7447,51.0,3.8,0.1363444438998253,0.9734221041157256
2010-01-15T22:08:20.3,38.54,141.72,53.0,3.5,2011-05-23T21:55:27.53,38.5093,141.8342,51.1,3.8,0.6853970465582386,0.9699218572245384
2010-01-15T22:08:20.3,38.54,141.72,53.0,3.5,2011-07-13T19:35:41.9,38.4864,141.8268,53.8,3.8,1.0479020788678544,0.9771441781571308
2010-01-15T22:08:20.3,38.54,141.72,53.0,3.5,2011-08-30T12:46:15.86,38.5099,141.8259,52.3,3.7,0.5302593399007172,0.9749190630479468
2010-01-15T22:08:20.3,38.54,141.72,53.0,3.5,2011-10-23T16:32:10.98,38.5134,141.819,51.8,3.9,0.6290164125636776,0.9065256300573628
2010-01-15T22:08:20.3,38.54,141.72,53.0,3.5,2011-11-01T15:26:40.6,38.54,141.72,54.0,3.7,0.0139043821635316,0.9757818558123944
2010-01-15T22:08:20.3,38.54,141.72,53.0,3.5,2011-12-26T22:28:50.84,38.5167,141.7922,52.6,3.7,0.7355305897670023,0.968364749570084
2010-01-15T22:08:20.3,38.54,141.72,53.0,3.5,2012-02-22T11:03:23.44,38.5226,141.8087,48.2,3.6,0.6514656980488621,0.975419277781502
2010-01-15T22:08:20.3,38.54,141.72,53.0,3.5,2012-05-11T16:36:38.53,38.5256,141.8349,47.9,3.8,0.8237047785837781,0.9790261045717696
2010-01-17T13:09:42.09,36.1165,141.958,23.0,3.9,2012-01-15T21:16:25.21,36.0499,142.1389,23.0,3.5,1.2959382666153816,0.9492691218255292
2010-01-18T13:53:53.58,36.6887,141.4814,9.7,3.6,2010-09-10T20:59:54.91,36.7036,141.1723,17.2,3.7,-2.4756480918590675,0.9097253508186331
2010-01-20T21:18:02.56,36.1554,142.1729,2.9,3.8,2011-03-30T18:31:12.07,36.0179,142.0215,23.0,4.0,-4.0788568263727045,0.9275405151733428
2010-01-20T21:18:02.56,36.1554,142.1729,2.9,3.8,2011-05-24T08:12:59.08,35.9488,142.1145,23.0,3.7,-3.5357734062287944,0.9480269315709282
2010-01-20T21:18:02.56,36.1554,142.1729,2.9,3.8,2011-08-22T11:29:14.34,36.0757,142.0187,23.0,3.8,-4.413595118955887,0.9375376913696116
2010-01-20T21:18:02.56,36.1554,142.1729,2.9,3.8,2011-11-16T22:21:54.86,36.0674,142.0263,23.0,3.6,-4.683726115454279,0.9658363777873268
2010-01-26T21:32:04.0,36.71,142.09,29.0,3.7,2011-04-28T20:20:03.7,36.7,142.1,27.0,3.7,0.1129920312275087,0.9570668586627348
2010-01-26T21:32:04.0,36.71,142.09,29.0,3.7,2011-12-18T21:50:43.97,36.7521,142.0872,35.0,3.6,-2.8633267132159514,0.9763668058605284
2010-02-28T13:51:54.04,34.8536,141.9323,3.1,3.8,2011-03-23T15:46:41.6,34.8093,141.9353,29.0,3.6,-2.348109635874491,0.9183627636910298
2010-02-28T13:51:54.04,34.8536,141.9323,3.1,3.8,2011-08-07T10:37:25.66,34.7442,141.9456,8.6,3.6,-0.2702051928338576,0.9901364272703036
2010-04-22T12:45:20.53,35.5423,140.1153,73.9,3.6,2011-12-22T08:41:31.22,35.6628,140.3158,48.5,3.7,2.1613276022954824,0.9792879722954736
2010-05-16T08:52:21.49,35.1845,141.3556,11.3,3.5,2011-05-10T07:31:56.68,35.182,141.3701,27.0,3.7,-2.214835661930032,0.9734203250496168
2010-06-16T04:28:59.9,38.67,142.17,40.0,3.6,2011-03-16T21:11:26.97,38.7031,142.202,41.0,3.6,-0.3439789652196723,0.9148417997501394
2010-06-20T08:23:27.13,38.3077,141.934,45.3,4.0,2011-10-04T01:14:56.8,38.2803,142.0192,43.5,3.9,0.8459881696315774,0.9761574519524449
2010-06-27T06:24:14.29,35.6319,140.8066,53.8,3.5,2011-09-20T14:59:06.34,35.6694,140.6877,49.8,3.5,-0.4766231420449212,0.9854977594329436
2010-06-28T00:36:35.14,35.9197,140.9091,31.0,3.5,2012-03-24T16:31:57.26,35.7963,140.8954,40.4,3.5,-0.2745662635243852,0.9895690451193306
2010-06-28T06:04:47.08,36.7315,142.2191,1.8,3.5,2011-04-24T09:08:09.73,36.723,142.2379,19.0,3.8,-1.6269961873883785,0.9541854132107632
2010-06-28T06:04:47.08,36.7315,142.2191,1.8,3.5,2011-05-17T06:47:10.92,36.7415,142.1763,19.0,3.6,-1.9248871743762932,0.9622910378668328
2010-06-28T06:04:47.08,36.7315,142.2191,1.8,3.5,2011-06-21T17:49:31.52,36.6742,142.3134,15.0,3.5,-0.5505347159663653,0.965098534744604
2010-06-28T06:04:47.08,36.7315,142.2191,1.8,3.5,2011-08-12T17:56:32.96,36.7205,142.3465,15.0,3.9,-1.1029586280112054,0.933804113343782
2010-06-28T06:33:00.51,36.7331,142.2351,19.0,3.5,2011-08-12T17:56:32.96,36.7205,142.3465,15.0,3.9,1.9178529085955,0.9449696850355608
2010-08-01T11:46:59.51,36.2857,141.9863,19.0,3.8,2012-01-02T19:34:57.6,36.3749,141.9147,25.5,4.5,-2.1643635678083566,0.9169442212396413
2010-08-01T11:52:21.33,36.2024,142.017,23.0,4.5,2011-08-31T13:22:42.42,36.3574,141.9217,30.4,4.2,-2.2314368152824144,0.9266087780721088
2010-08-09T10:09:16.73,39.6253,142.2577,48.0,3.9,2011-04-16T13:36:37.69,39.5805,142.0666,50.5,3.8,0.1022124257517205,0.9392449124910446
2010-08-09T10:09:16.73,39.6253,142.2577,48.0,3.9,2011-08-19T09:58:15.18,39.6245,142.2472,42.8,3.8,0.4369458330882246,0.9214815140303076
2010-08-09T10:09:16.73,39.6253,142.2577,48.0,3.9,2011-10-26T16:44:02.45,39.6233,142.1234,47.4,3.9,-0.3873832060225144,0.924038014690879
2010-08-09T10:09:16.73,39.6253,142.2577,48.0,3.9,2012-02-03T21:51:35.25,39.6382,142.19,45.2,3.8,0.6492270605859563,0.9809929243668902
2010-08-09T10:09:16.73,39.6253,142.2577,48.0,3.9,2012-04-30T20:00:04.96,39.6365,142.1289,46.7,3.8,-0.1163534373585829,0.9417005788967976
2010-08-10T20:00:19.34,39.4175,143.3865,11.0,4.2,2012-05-21T00:19:45.81,39.418,143.3549,11.0,4.0,-0.4756976215876277,0.9330001070232656
2010-08-13T02:38:11.53,39.7589,141.8648,58.3,3.6,2011-05-17T18:35:13.57,39.754,141.8275,59.2,3.5,-0.0113775117568861,0.9296997635207838
2010-08-13T02:38:11.53,39.7589,141.8648,58.3,3.6,2011-12-18T00:04:26.1,39.7502,141.8136,54.0,3.5,-0.5621540539907721,0.937437202028326
2010-08-15T11:16:21.4,39.45,143.67,39.0,3.7,2011-08-15T15:25:02.55,39.4827,143.6416,28.7,3.7,-1.331209219049529,0.9127638216377956
2010-08-15T15:04:28.91,36.2888,141.0741,28.4,3.9,2011-08-16T05:48:12.61,36.2366,141.038,42.7,3.9,-1.1821263158181463,0.9849483805023028
2010-08-28T15:14:40.07,35.2308,141.1948,23.0,4.4,2012-02-23T22:55:14.46,35.3061,141.308,25.0,3.8,1.3533167696955313,0.97503927255426
2010-09-14T13:11:30.36,35.8494,140.5593,29.8,3.6,2011-08-21T04:47:06.3,35.86,140.53,33.0,3.6,0.3716529056802917,0.988287646281762
2010-09-19T12:04:22.82,39.2528,142.7083,15.9,4.0,2011-05-05T22:20:02.14,39.1083,142.9893,37.7,3.9,-0.610291239126141,0.9327417703377486
2010-09-19T12:04:22.82,39.2528,142.7083,15.9,4.0,2011-07-03T21:47:23.04,39.0857,143.1583,27.5,3.8,2.4908497789094435,0.927451386071538
2010-09-19T12:04:22.82,39.2528,142.7083,15.9,4.0,2011-12-01T13:53:36.95,39.1198,142.8744,9.8,4.2,2.6007007477074477,0.9561324036203483
2010-10-04T11:32:21.28,36.3946,141.1833,37.3,4.2,2011-05-09T02:19:18.9,36.3856,141.1499,19.0,3.7,2.983239857084072,0.9404652276979444
2010-10-19T21:50:25.86,36.3278,142.2781,19.0,4.5,2011-05-28T10:01:57.6,36.3273,142.2313,22.6,4.2,-1.2352112643757858,0.9315320223355652
2010-10-19T21:50:25.86,36.3278,142.2781,19.0,4.5,2012-02-28T04:51:04.81,36.3092,142.1839,23.2,4.4,-1.2724076232259256,0.9647570776681356
2010-10-24T04:50:42.29,36.0409,139.8493,54.3,4.4,2011-07-16T08:57:49.73,36.0581,139.9152,55.8,4.1,-0.3354040249855788,0.9102749090378603
2010-10-24T21:09:58.82,39.7489,141.828,60.5,4.0,2011-08-07T20:08:50.08,39.7354,141.8496,58.6,3.7,-0.2876208761095256,0.9638462277214764
2010-10-24T21:09:58.82,39.7489,141.828,60.5,4.0,2012-03-31T22:30:16.3,39.7366,141.8262,61.8,4.2,-0.7338033610618844,0.9744174756951338
2010-10-26T12:06:19.17,36.4784,140.5983,56.9,3.8,2011-05-28T02:13:59.46,36.4496,140.6651,53.7,4.4,0.690656101697203,0.906743742370178
2010-10-26T12:06:19.17,36.4784,140.5983,56.9,3.8,2011-07-16T08:56:38.64,36.4718,140.673,56.1,3.9,0.270192473388581,0.9933150687889551
2010-10-26T12:06:19.17,36.4784,140.5983,56.9,3.8,2012-02-25T14:26:58.14,36.4923,140.5403,55.3,3.7,-0.3986598692208695,0.9892080110970294
2010-11-05T10:14:03.04,35.9968,139.8813,58.4,4.6,2011-09-25T06:09:07.74,35.8951,139.8446,11.9,3.6,3.789445874236508,0.9054664095966828
2010-11-14T10:08:09.6,36.43,140.66,54.0,3.6,2012-01-14T15:45:39.17,36.4847,140.7011,51.2,3.8,0.0983023295158921,0.9848496408095246
2010-11-18T19:08:09.33,39.6772,142.1149,59.1,4.0,2011-05-26T06:57:34.44,39.6139,142.1138,49.3,4.1,0.8865280863827565,0.9786814379416016
2010-11-18T19:08:09.33,39.6772,142.1149,59.1,4.0,2011-10-23T18:58:35.13,39.6388,142.2386,53.5,4.2,1.1124792974116298,0.9856648944507874
2010-11-18T19:08:09.33,39.6772,142.1149,59.1,4.0,2012-05-15T00:09:06.0,39.6457,142.1157,47.0,4.0,1.1580059900127226,0.9783977625786078
2010-11-22T21:49:17.57,36.1468,142.5043,18.0,3.5,2011-04-09T20:06:14.04,36.0558,142.3159,18.0,3.6,-1.2292791364092266,0.9587974282573968
2010-11-24T11:09:11.35,36.2513,140.9134,40.8,4.9,2011-08-22T18:14:14.27,36.2668,140.9261,26.4,3.6,1.239042818837243,0.900009412609886
2011-01-19T19:27:34.92,35.984,140.1375,66.1,3.5,2011-06-25T09:59:31.25,36.0562,140.2305,64.3,3.7,0.4600078125811339,0.945819121822598
2011-02-10T03:10:58.41,37.0185,141.3164,42.9,4.1,2011-04-19T19:29:22.85,37.0774,141.2301,50.9,4.4,-1.181447103992439,0.9533274526092494
2011-02-10T03:10:58.41,37.0185,141.3164,42.9,4.1,2011-08-06T14:45:36.32,37.0478,141.2794,53.9,4.3,-1.396273985752707,0.9433644212599326
2011-02-10T03:10:58.41,37.0185,141.3164,42.9,4.1,2012-01-26T12:22:13.38,36.9898,141.4008,29.7,4.2,1.6056781556583946,0.9496454273381952
2011-02-17T05:06:18.53,38.4328,143.3059,15.0,3.9,2011-03-09T06:43:44.92,38.3141,143.2659,15.0,4.0,-0.4537486292040034,0.9594537343638626
2011-03-06T20:10:57.18,36.4896,140.7566,58.9,3.9,2012-02-01T17:01:39.75,36.5378,140.5829,58.6,3.9,-0.8519982531826592,0.9893006434714025
2011-03-08T15:43:40.99,36.6968,142.2269,19.0,3.5,2012-04-30T16:53:14.18,36.7106,142.2001,19.0,4.2,-0.4725007447041034,0.9522866709483172
2011-03-09T08:39:38.03,38.4179,143.2554,8.9,3.6,2011-03-11T04:11:30.84,38.5138,143.2679,15.0,3.7,-2.657486083333323,0.9377947538609936
2011-03-13T10:08:33.9,37.11,141.06,55.0,3.9,2011-06-28T16:17:14.14,37.0888,141.3003,17.4,3.9,3.1481111061178373,0.9538303138675628
2011-03-13T10:43:11.41,38.169,141.6165,68.0,4.4,2011-04-04T03:28:45.7,38.1477,141.7359,44.7,3.7,2.305108834868197,0.9605450454074614
2011-03-13T10:43:11.41,38.169,141.6165,68.0,4.4,2011-05-11T00:50:49.05,38.1672,141.7605,44.6,3.9,2.3379270336077544,0.9360595684382272
2011-03-13T10:43:11.41,38.169,141.6165,68.0,4.4,2011-08-18T05:34:39.63,38.1548,141.686,60.4,3.9,0.5913179571139379,0.9451457645626228
2011-03-13T14:01:17.2,36.841,141.3722,33.0,3.9,2011-03-26T14:15:10.65,36.932,141.1332,45.3,3.8,-3.437792368677093,0.9713407070025484
2011-03-13T14:01:17.2,36.841,141.3722,33.0,3.9,2011-04-22T15:58:15.35,36.9576,141.0919,46.7,3.7,-3.703096442473237,0.953560894382875
2011-03-13T14:01:17.2,36.841,141.3722,33.0,3.9,2011-05-27T08:51:47.3,36.9449,141.2819,39.6,3.5,-2.730395710991073,0.9417572493804272
2011-03-13T14:01:17.2,36.841,141.3722,33.0,3.9,2011-07-14T15:04:16.4,36.94,141.09,50.0,3.5,-4.00654475378614,0.9142737559644476
2011-03-13T20:04:32.15,35.9716,142.165,23.0,3.6,2011-06-02T00:05:59.25,36.0901,142.137,2.4,3.8,2.098149657081952,0.9025032452933548
2011-03-14T06:56:16.44,36.4312,140.6237,73.0,4.2,2011-07-26T19:07:13.41,36.4651,140.8766,46.7,3.8,2.4633976509859257,0.9677542698527056
2011-03-14T06:56:16.44,36.4312,140.6237,73.0,4.2,2012-04-13T19:00:21.22,36.4797,140.8562,50.9,3.8,2.0724132139753637,0.9708006501753202
2011-03-14T07:03:27.11,39.8645,143.6429,8.5,5.2,2011-07-22T00:56:26.36,39.8533,143.6063,19.2,4.8,-2.151353950272209,0.9037661960993304
2011-03-14T09:02:00.49,35.4762,140.9601,33.0,3.9,2011-07-02T10:33:51.97,35.5421,141.1317,15.5,3.9,2.1197779094685907,0.9963035977522714
2011-03-14T09:38:45.53,39.2958,142.3334,29.0,4.6,2011-03-20T01:05:28.67,39.2813,142.3093,29.7,4.2,-0.0766830008746385,0.950719191547562
2011-03-14T13:53:09.12,36.7286,142.1709,24.6,4.8,2011-06-10T18:33:23.56,36.817,142.1446,28.3,4.7,-0.5773831961726276,0.9515987148498622
2011-03-14T13:53:09.12,36.7286,142.1709,24.6,4.8,2011-09-10T06:21:40.26,36.7413,142.3261,19.0,4.5,0.8890548151662772,0.9458054968728284
2011-03-14T13:53:09.12,36.7286,142.1709,24.6,4.8,2012-03-09T05:31:48.78,36.8324,142.1271,28.8,4.7,-0.9662379910051838,0.907288567808726
2011-03-14T15:11:10.19,36.2277,142.1195,23.0,4.6,2011-03-25T17:35:21.28,36.271,142.0503,35.3,3.9,-2.1977571782732275,0.956864113602948
2011-03-14T15:11:10.19,36.2277,142.1195,23.0,4.6,2011-04-27T19:27:14.12,36.2921,141.9948,19.0,3.8,0.125074038194183,0.9314704526318062
2011-03-14T15:11:10.19,36.2277,142.1195,23.0,4.6,2011-06-08T10:44:52.72,36.2957,141.9451,19.0,3.5,-0.5450417365279399,0.9095682233399962
2011-03-14T15:42:56.85,36.1341,141.1121,25.4,3.9,2011-03-14T16:41:28.7,36.07,141.22,39.0,3.7,2.2164359267027445,0.955171204074878
2011-03-14T19:04:10.83,35.8956,141.0011,31.1,4.5,2011-05-01T01:27:44.62,35.8962,140.9588,31.6,4.5,-0.1216664550172734,0.980378614262162
2011-03-14T19:04:10.83,35.8956,141.0011,31.1,4.5,2012-01-05T20:55:47.41,35.8821,140.9612,47.9,4.5,-1.951808485121376,0.9802114363016888
2011-03-15T03:04:52.61,36.5138,141.8997,19.0,3.7,2011-03-30T07:34:24.09,36.7332,141.9973,1.2,3.8,2.758979479353605,0.9776677039214572
2011-03-15T03:04:52.61,36.5138,141.8997,19.0,3.7,2011-04-16T04:11:26.02,36.7824,141.9552,0.5,3.6,1.8349747603883195,0.9656404091461952
2011-03-15T03:04:52.61,36.5138,141.8997,19.0,3.7,2011-05-10T10:42:20.2,36.63,141.96,39.0,3.5,-0.0027777258837443,0.949450507191038
2011-03-15T05:28:38.3,35.9871,140.4462,58.8,3.9,2011-05-21T08:51:45.98,35.9411,140.4323,50.0,3.6,1.2662599746740413,0.9185239047523436
2011-03-15T05:28:38.3,35.9871,140.4462,58.8,3.9,2011-10-31T01:31:40.43,35.9959,140.3574,57.6,3.5,-0.1842588727720188,0.9808402126564804
2011-03-15T13:10:48.23,36.6541,140.8976,53.2,4.2,2011-12-09T15:23:10.27,36.6276,141.0392,43.9,4.1,0.9150272566611224,0.9831230668740886
2011-03-15T16:03:39.72,37.259,141.3441,52.1,3.9,2011-03-24T06:13:37.57,37.2826,141.525,42.7,3.6,2.052305171685324,0.933005074531625
2011-03-15T16:28:16.83,36.2133,139.9681,56.5,3.6,2011-04-02T07:55:52.83,36.1911,139.8979,52.6,5.0,0.6438728591151949,0.93682792458686
2011-03-15T16:28:16.83,36.2133,139.9681,56.5,3.6,2011-04-26T17:17:34.91,36.2071,139.9512,58.1,3.6,0.1337472287850661,0.995145738073681
2011-03-15T18:58:41.6,36.13,142.12,27.0,3.9,2011-03-30T18:31:12.07,36.0179,142.0215,23.0,4.0,-1.4963353510779682,0.9405510548968296
2011-03-15T18:58:41.6,36.13,142.12,27.0,3.9,2011-05-24T08:12:59.08,35.9488,142.1145,23.0,3.7,-0.954158357995927,0.9348526565800044
2011-03-15T18:58:41.6,36.13,142.12,27.0,3.9,2011-08-22T11:29:14.34,36.0757,142.0187,23.0,3.8,-1.8304979651212132,0.9423443696413724
2011-03-15T18:58:41.6,36.13,142.12,27.0,3.9,2011-11-16T22:21:54.86,36.0674,142.0263,23.0,3.6,-2.10183064957872,0.9323644411423722
2011-03-15T22:30:44.45,36.5613,141.93,43.1,4.1,2011-03-23T19:42:44.28,36.6152,142.0679,0.5,4.1,6.631983781290026,0.9901946145168252
2011-03-15T22:30:44.45,36.5613,141.93,43.1,4.1,2011-05-09T00:05:43.65,36.5153,142.0594,19.0,3.9,5.180414395407462,0.9593962662222628
2011-03-15T22:30:44.45,36.5613,141.93,43.1,4.1,2011-06-25T07:44:44.69,36.6811,141.985,19.0,3.8,4.1584097706393415,0.9594266116009692
2011-03-15T22:30:44.45,36.5613,141.93,43.1,4.1,2012-01-24T21:59:20.71,36.578,141.9476,19.0,3.7,4.161854893713123,0.9369169510335654
2011-03-15T23:10:15.54,37.2811,142.6395,21.0,3.8,2011-03-16T12:48:35.82,37.2778,142.7007,23.1,4.6,-0.1820475302944431,0.9487429236560214
2011-03-16T00:41:59.72,36.7337,141.7658,26.0,3.7,2011-03-21T05:31:12.82,36.7133,141.808,12.7,3.9,2.5831336971057333,0.9567078179814495
2011-03-16T00:41:59.72,36.7337,141.7658,26.0,3.7,2012-03-08T18:42:51.31,36.7837,141.6732,33.0,3.9,-1.5805100824176994,0.976733577238012
2011-03-16T10:06:38.97,36.2452,141.9671,23.0,3.5,2011-07-15T11:55:23.92,36.2481,142.0633,23.0,3.6,0.9134343459243044,0.946536327827216
2011-03-16T11:44:57.82,37.6174,141.5249,43.7,4.5,2011-04-04T15:47:05.54,37.5831,141.5902,51.0,4.0,-0.4157918707078339,0.9045776072524512
2011-03-16T11:44:57.82,37.6174,141.5249,43.7,4.5,2011-12-03T21:04:06.2,37.6057,141.5522,49.1,3.6,-0.4202454536208118,0.9071553256266895
2011-03-16T13:50:27.8,37.0866,141.3138,33.0,4.1,2011-06-20T22:26:38.85,37.0519,141.2859,42.4,3.8,-1.03321714921456,0.9792926760590964
2011-03-16T13:50:27.8,37.0866,141.3138,33.0,4.1,2012-03-06T09:58:02.68,37.0342,141.3792,23.3,3.5,1.666075991789727,0.9723468521134878
2011-03-16T14:46:09.02,38.5515,141.8561,43.7,5.3,2011-09-20T20:59:04.21,38.5593,141.8434,52.3,4.8,-1.2831663072830246,0.917661579035584
2011-03-16T14:46:09.02,38.5515,141.8561,43.7,5.3,2012-03-08T03:23:28.39,38.5739,141.8401,55.7,4.8,-1.6312909620695637,0.9054856541392776
2011-03-16T17:55:07.65,36.6378,142.2606,19.0,4.2,2011-04-03T16:52:47.3,36.7683,142.3262,15.0,4.2,1.4828540951476223,0.972802695828693
2011-03-16T17:55:07.65,36.6378,142.2606,19.0,4.2,2011-05-01T06:12:21.17,36.6952,142.244,26.2,4.1,-0.5589218099944734,0.9362290754894927
2011-03-16T17:55:07.65,36.6378,142.2606,19.0,4.2,2011-07-10T19:16:33.69,36.7152,142.2603,11.5,4.3,1.7434502056718362,0.9245763962079424
2011-03-16T18:56:23.18,37.1798,140.8288,13.2,4.4,2011-04-04T07:22:02.36,37.2179,140.8083,11.7,3.5,0.4658351049593376,0.9190919164135616
2011-03-17T02:38:00.36,36.6771,142.1826,25.2,4.4,2011-04-06T03:13:02.63,36.7605,142.0972,36.5,4.4,-2.2293053358567776,0.9877525657648868
2011-03-17T02:38:00.36,36.6771,142.1826,25.2,4.4,2011-06-13T11:39:23.68,36.736,142.0525,19.0,4.3,0.3939405178689419,0.9758478696281704
2011-03-17T02:38:00.36,36.6771,142.1826,25.2,4.4,2011-10-20T12:51:50.75,36.718,142.0932,8.1,4.4,1.9857961260140555,0.963669381543393
2011-03-17T08:51:12.99,37.0206,141.3563,39.5,3.8,2011-05-20T03:50:17.88,37.0434,141.3391,38.9,3.9,-0.0441439081713538,0.9883079087505066
2011-03-17T08:51:12.99,37.0206,141.3563,39.5,3.8,2011-08-23T20:04:45.98,37.0178,141.3806,44.8,3.9,0.1230021589670899,0.9237730415432142
2011-03-17T08:51:12.99,37.0206,141.3563,39.5,3.8,2012-01-24T08:07:43.8,37.0524,141.3215,40.8,4.0,-0.6646911801086497,0.9536077169728931
2011-03-17T08:51:12.99,37.0206,141.3563,39.5,3.8,2012-05-08T05:43:17.23,37.1048,141.2982,54.9,4.1,-1.4876869237217831,0.9674698845230604
2011-03-17T17:34:50.57,38.6541,142.0219,41.0,4.1,2011-04-07T22:33:06.77,38.6288,142.0215,41.0,3.7,-0.3860125627562322,0.940679410274596
2011-03-17T17:34:50.57,38.6541,142.0219,41.0,4.1,2011-05-12T20:24:34.86,38.5966,142.0721,44.7,3.8,0.5608984497048499,0.9447650739159662
2011-03-17T17:34:50.57,38.6541,142.0219,41.0,4.1,2011-07-10T02:21:58.75,38.6517,142.0206,44.6,3.7,-0.5145556178796281,0.92462267837936
2011-03-17T17:34:50.57,38.6541,142.0219,41.0,4.1,2011-09-23T13:08:58.84,38.6058,142.0237,44.2,3.8,-0.6785917388328244,0.9470181880699314
2011-03-17T17:34:50.57,38.6541,142.0219,41.0,4.1,2011-11-27T22:25:37.34,38.6361,141.9849,47.3,3.8,-0.8546746075864454,0.940612391582958
2011-03-17T17:34:50.57,38.6541,142.0219,41.0,4.1,2011-12-31T10:29:00.61,38.6187,142.1108,42.2,3.8,0.2665752064674275,0.9421321952614756
2011-03-17T17:34:50.57,38.6541,142.0219,41.0,4.1,2012-02-05T12:44:57.46,38.603,142.0346,45.6,3.9,-0.2369203632309746,0.9480557185349042
2011-03-17T17:34:50.57,38.6541,142.0219,41.0,4.1,2012-03-14T13:28:08.53,38.6288,141.9903,46.5,3.9,-0.3335545047197268,0.9401850342285892
2011-03-17T17:34:50.57,38.6541,142.0219,41.0,4.1,2012-05-01T22:07:48.82,38.6343,142.0099,45.2,3.6,-0.5583089282487288,0.9440061528646853
2011-03-17T18:13:57.26,36.7648,141.9552,19.0,4.1,2011-09-12T05:17:01.53,36.7224,141.6241,26.0,3.9,-1.4789140855725869,0.9846879205346312
2011-03-17T18:13:57.26,36.7648,141.9552,19.0,4.1,2011-11-02T19:50:18.2,36.7892,141.8547,19.0,3.6,-1.0191974355033575,0.903356453288271
2011-03-17T18:13:57.26,36.7648,141.9552,19.0,4.1,2012-02-12T02:34:42.91,36.5916,141.4581,26.0,3.9,-3.0006476764271914,0.9723649083881928
2011-03-17T22:39:19.87,36.6789,142.1496,19.0,3.5,2011-03-31T16:42:56.96,36.6256,142.291,15.0,3.9,2.7217929169834494,0.9020685913163042
2011-03-17T22:39:19.87,36.6789,142.1496,19.0,3.5,2011-04-06T20:23:25.2,36.69,142.43,19.0,3.5,3.907888736539929,0.9186166140415624
2011-03-17T22:39:19.87,36.6789,142.1496,19.0,3.5,2011-04-24T13:48:29.59,36.6587,142.3425,15.0,3.7,3.135138390091193,0.9081228274828091
2011-03-17T22:39:19.87,36.6789,142.1496,19.0,3.5,2011-06-07T00:06:50.92,36.7113,142.3545,10.0,3.6,3.348818316062333,0.9228227918610729
2011-03-17T22:39:19.87,36.6789,142.1496,19.0,3.5,2011-08-12T23:36:48.6,36.71,142.43,12.0,3.5,4.650027302817716,0.911793978566434
2011-03-18T11:14:22.3,36.2576,142.0053,19.0,3.8,2011-06-22T05:32:20.74,36.2763,141.8589,7.7,3.7,0.5470778535758475,0.959940331933102
2011-03-18T12:36:28.36,36.7198,140.5305,11.5,3.7,2011-04-26T02:27:18.08,36.7443,140.5953,14.6,3.9,0.0838481535725619,0.9070642770443617
2011-03-18T22:10:49.5,36.91,141.13,51.0,3.8,2011-03-19T00:21:07.3,36.91,141.13,51.0,3.7,0.0437446569629216,0.9110731860067102
2011-03-19T11:56:24.1,36.72,140.63,5.0,3.5,2011-03-20T03:04:55.62,36.7553,140.5977,8.4,3.6,0.9165627379458012,0.9500071313820287
2011-03-19T11:56:24.1,36.72,140.63,5.0,3.5,2011-04-04T19:50:01.83,36.7071,140.6396,10.7,3.8,0.5158540888453299,0.9337248716466574
2011-03-19T11:56:24.1,36.72,140.63,5.0,3.5,2011-05-26T11:12:49.83,36.7544,140.5001,7.4,4.0,0.6479734136547993,0.9759850028308716
2011-03-19T15:28:36.2,37.35,142.26,50.0,3.9,2011-03-20T09:28:03.36,37.241,142.2733,9.0,3.9,3.342588605841494,0.9105460285783414
2011-03-19T18:10:42.55,39.6935,142.4515,24.0,4.3,2011-04-05T19:43:39.21,39.7199,142.2783,45.8,4.3,-3.1684604453733334,0.9646275184684058
2011-03-19T18:10:42.55,39.6935,142.4515,24.0,4.3,2011-06-01T18:37:00.04,39.6913,142.3154,43.8,4.3,-3.3527033397624377,0.9551319945620076
2011-03-19T18:10:42.55,39.6935,142.4515,24.0,4.3,2011-09-15T14:25:08.65,39.7206,142.3578,48.0,4.1,-3.0516977327218577,0.9592230863322152
2011-03-19T23:24:47.1,38.66,142.17,39.0,3.8,2011-05-04T06:59:27.5,38.7414,142.2782,13.1,3.9,2.9847168305640586,0.9268299754299012
2011-03-19T23:32:16.3,38.6137,142.1961,41.0,3.9,2011-04-02T18:23:31.89,38.5805,142.0198,41.0,3.5,-1.2405135098380478,0.9770910465462764
2011-03-19T23:32:16.3,38.6137,142.1961,41.0,3.9,2011-05-19T14:01:45.84,38.5656,141.9498,45.0,3.8,-1.9355420749982404,0.9892234734269928
2011-03-19T23:32:16.3,38.6137,142.1961,41.0,3.9,2011-07-08T04:51:33.9,38.62,141.91,48.0,3.7,-2.452956026135697,0.98567928569942
2011-03-19T23:32:16.3,38.6137,142.1961,41.0,3.9,2011-10-18T09:06:01.09,38.6007,142.0317,47.6,4.1,-1.6219522183054176,0.9473749061725928
2011-03-19T23:32:16.3,38.6137,142.1961,41.0,3.9,2011-12-02T08:58:45.26,38.5951,141.9711,41.4,3.8,-2.14661076685014,0.944656611138142
2011-03-19T23:32:16.3,38.6137,142.1961,41.0,3.9,2012-01-18T08:55:38.94,38.6071,142.0718,43.8,4.3,-1.255894300799013,0.9119345929026804
2011-03-19T23:32:16.3,38.6137,142.1961,41.0,3.9,2012-03-21T18:25:03.96,38.5578,142.061,46.7,4.0,-1.50806970052623,0.9499640137943334
2011-03-20T00:58:44.04,38.2367,142.039,35.0,3.9,2011-07-28T22:22:01.93,38.2296,142.0012,30.0,3.8,0.666202773289156,0.9786787130110678
2011-03-20T02:11:28.82,37.7611,141.6247,45.6,4.1,2011-05-01T23:25:26.23,37.7351,141.8229,40.5,4.1,1.5635635069854723,0.9912625531660408
2011-03-20T03:04:55.62,36.7553,140.5977,8.4,3.6,2011-04-04T19:50:01.83,36.7071,140.6396,10.7,3.8,-0.4006794650957091,0.9859303717318896
2011-03-20T03:04:55.62,36.7553,140.5977,8.4,3.6,2011-05-26T11:12:49.83,36.7544,140.5001,7.4,4.0,-0.2675988189980582,0.9781765306920877
2011-03-20T04:17:40.0,36.7192,141.6077,23.0,4.0,2011-05-03T16:41:31.99,36.7444,141.582,24.2,3.5,-0.1473963141558834,0.9502285049358388
2011-03-20T11:20:18.7,35.7647,140.9702,9.2,3.6,2011-03-20T12:18:21.89,35.7273,140.8567,11.6,3.6,-0.6808131196739944,0.9219186138780706
2011-03-20T18:43:44.66,38.2578,141.9533,48.2,4.3,2011-09-17T15:13:23.3,38.2812,141.9233,49.1,4.3,-0.5158350540741421,0.943852467556087
2011-03-20T18:43:44.66,38.2578,141.9533,48.2,4.3,2012-03-10T01:33:34.16,38.3724,141.8628,51.4,4.1,-0.977861284483647,0.964549155864508
2011-03-21T00:00:25.51,36.5931,141.9927,28.3,4.2,2011-04-23T11:38:09.2,36.6499,142.1873,1.6,4.4,4.779474729405487,0.981612784669842
2011-03-21T00:00:25.51,36.5931,141.9927,28.3,4.2,2011-07-03T16:17:54.73,36.6755,142.2543,15.0,4.2,2.676774265655379,0.974663511333417
2011-03-21T00:00:25.51,36.5931,141.9927,28.3,4.2,2011-11-02T10:05:00.96,36.6322,142.1434,19.0,4.2,1.060331014922368,0.9675633929259946
2011-03-21T05:31:12.82,36.7133,141.808,12.7,3.9,2012-03-08T18:42:51.31,36.7837,141.6732,33.0,3.9,-4.160891464136736,0.9737363948260322
2011-03-21T05:54:10.72,36.2777,142.1008,23.5,5.1,2011-05-28T13:46:06.85,36.3154,142.155,31.5,5.0,-0.7939467640465065,0.9773186918853004
2011-03-22T00:08:53.37,37.2586,141.4702,39.2,3.7,2011-03-28T22:00:39.09,37.246,141.6449,26.8,3.5,2.7610980079503094,0.9846614921128112
2011-03-22T00:14:42.0,35.5211,141.725,22.0,3.8,2011-04-10T00:00:54.05,35.709,141.5009,25.0,3.9,-2.757362517597688,0.9914911314379554
2011-03-22T00:14:42.0,35.5211,141.725,22.0,3.8,2011-05-06T23:24:52.73,35.4453,141.6749,25.0,3.8,-0.916248644427916,0.9836346197455828
2011-03-22T00:14:42.0,35.5211,141.725,22.0,3.8,2011-07-18T12:37:10.7,35.5103,141.7596,10.8,3.8,1.3854933035239871,0.9848416872868068
2011-03-22T02:03:54.9,36.2188,141.8961,2.3,3.9,2011-06-27T18:10:05.52,36.2629,142.014,23.4,3.9,-2.652602440432048,0.9056277565172364
2011-03-22T05:15:12.69,37.2165,142.4466,9.0,4.0,2011-11-16T01:21:46.81,37.1782,142.3878,15.3,4.1,-0.7511033538331895,0.9326129692998908
2011-03-22T06:28:29.83,36.5162,142.4815,35.5,4.7,2011-04-14T23:50:08.28,36.5256,142.2766,50.0,4.7,-0.4578846778147987,0.9136288939434088
2011-03-22T07:04:58.59,36.5091,142.5472,15.0,4.7,2011-04-15T00:56:26.72,36.4472,142.5414,30.1,4.4,-2.0146754739916464,0.9218077803385618
2011-03-22T13:17:35.48,35.8582,140.8237,31.0,3.6,2011-05-05T04:28:54.41,35.8783,140.9333,46.3,3.6,-0.5345109425852816,0.9851179808429024
2011-03-22T13:17:35.48,35.8582,140.8237,31.0,3.6,2012-01-09T09:23:29.94,35.8873,140.9177,30.9,3.6,0.2064458656453246,0.9840770202703376
2011-03-22T18:21:13.52,37.215,141.8654,9.9,4.0,2011-03-22T20:50:10.14,37.2684,141.8156,29.8,4.3,-3.3972090374445765,0.9052992388411528
2011-03-23T00:21:12.59,38.8725,142.028,51.0,4.0,2011-04-03T05:40:19.91,38.829,142.0565,49.5,3.9,0.3789779917480026,0.9858236595680566
2011-03-23T00:21:12.59,38.8725,142.028,51.0,4.0,2011-04-20T06:05:20.4,38.84,142.03,45.0,4.0,0.4709716394368603,0.9192034564506096
2011-03-23T00:21:12.59,38.8725,142.028,51.0,4.0,2011-05-14T16:45:10.52,38.8205,142.1012,43.7,3.9,1.2228356021450195,0.9389096694139472
2011-03-23T00:21:12.59,38.8725,142.028,51.0,4.0,2011-06-15T15:36:32.64,38.8184,142.1405,46.5,3.8,0.8231245399607479,0.9728980573175912
2011-03-23T00:21:12.59,38.8725,142.028,51.0,4.0,2011-07-22T09:03:08.45,38.8735,142.0398,51.0,3.8,-0.3618712961347461,0.9761859061133518
2011-03-23T00:21:12.59,38.8725,142.028,51.0,4.0,2011-08-21T19:42:35.24,38.8174,142.1138,48.2,3.9,1.0726207713695532,0.9686744577657996
2011-03-23T00:21:12.59,38.8725,142.028,51.0,4.0,2011-11-11T17:24:20.31,38.8512,142.0722,43.8,4.0,0.5841391448069397,0.9759013811520292
2011-03-23T00:21:12.59,38.8725,142.028,51.0,4.0,2012-01-15T10:36:46.71,38.8009,142.1518,43.2,3.8,1.1810812194537328,0.9758053284007894
2011-03-23T00:21:12.59,38.8725,142.028,51.0,4.0,2012-03-30T03:37:07.2,38.8322,142.084,47.3,3.7,0.578059606588054,0.9694829869119136
2011-03-23T02:17:09.68,39.6169,143.6518,11.0,4.2,2011-04-13T22:50:38.89,39.5036,143.7829,8.9,4.2,0.6030458467174398,0.9145507061359576
2011-03-23T02:17:09.68,39.6169,143.6518,11.0,4.2,2011-07-20T23:56:10.63,39.5654,143.811,11.0,4.0,1.11135121434899,0.9239060395787936
2011-03-23T02:17:09.68,39.6169,143.6518,11.0,4.2,2012-02-01T03:45:35.95,39.5436,143.8122,11.0,3.9,1.4784793539023884,0.9234839414671157
2011-03-23T03:41:48.03,36.0138,143.3428,35.0,3.7,2011-03-23T18:03:02.09,36.0478,143.3699,35.0,4.1,0.1260414790664433,0.9176131341988728
2011-03-23T04:40:15.88,36.2726,141.0671,26.3,4.3,2011-04-10T02:01:27.81,36.323,141.0261,20.5,4.1,0.6339296302989327,0.9278780305374372
2011-03-23T09:22:56.45,36.8998,141.8176,19.0,3.9,2011-04-03T00:09:53.99,36.7086,141.8829,19.0,3.6,-0.2597529300893598,0.9661426550845588
2011-03-23T09:22:56.45,36.8998,141.8176,19.0,3.9,2011-05-28T08:36:11.07,36.7555,141.792,19.0,3.7,0.031698290080204,0.9696712029112792
2011-03-23T09:22:56.45,36.8998,141.8176,19.0,3.9,2011-07-27T19:10:30.7,36.74,141.81,45.0,3.5,-0.7586426243243094,0.952894682761752
2011-03-23T09:22:56.45,36.8998,141.8176,19.0,3.9,2011-11-02T19:50:18.2,36.7892,141.8547,19.0,3.6,-0.3579926952588736,0.9639529454976242
2011-03-23T15:46:41.6,34.8093,141.9353,29.0,3.6,2011-08-07T10:37:25.66,34.7442,141.9456,8.6,3.6,2.0777067920070227,0.923306202739779
2011-03-23T15:54:27.52,36.0996,142.0501,23.0,3.6,2011-08-17T13:49:01.45,36.0993,142.1382,23.0,4.1,-0.2117753042366564,0.9649704301228356
2011-03-23T16:17:44.51,35.7377,140.9013,10.9,3.6,2011-03-26T00:15:12.6,35.74,140.89,9.0,3.5,-0.4537763911581527,0.9486781403641004
2011-03-23T18:39:36.26,39.6336,143.4599,14.2,4.6,2012-05-19T19:16:38.33,39.6326,143.4703,7.4,4.5,0.5487474042792028,0.9093694796739976
2011-03-23T19:42:44.28,36.6152,142.0679,0.5,4.1,2011-05-09T00:05:43.65,36.5153,142.0594,19.0,3.9,-1.4538825369705437,0.9699790206731036
2011-03-23T19:42:44.28,36.6152,142.0679,0.5,4.1,2011-06-25T07:44:44.69,36.6811,141.985,19.0,3.8,-2.4745170254584834,0.9649354227291024
2011-03-23T19:42:44.28,36.6152,142.0679,0.5,4.1,2012-01-24T21:59:20.71,36.578,141.9476,19.0,3.7,-2.471714385192983,0.947256516029048
2011-03-24T01:05:32.34,36.4797,142.6807,15.0,3.7,2011-05-03T06:20:54.44,36.387,142.7469,15.0,3.6,0.2622014106674502,0.9671702408925876
2011-03-24T01:05:32.34,36.4797,142.6807,15.0,3.7,2011-08-13T09:09:31.73,36.4126,142.779,29.0,3.5,-1.427187392565115,0.9860324816497562
2011-03-24T01:05:32.34,36.4797,142.6807,15.0,3.7,2012-03-12T07:07:45.7,36.4411,142.6338,15.0,3.6,-0.3884911362432673,0.973847454526732
2011-03-24T12:29:58.08,37.2115,142.1342,1.4,4.0,2011-03-24T12:37:36.64,37.1344,142.2287,19.0,4.1,-2.1871962307000103,0.9047237263108452
2011-03-24T16:42:14.25,38.6574,142.0011,41.0,4.0,2011-04-16T20:54:09.33,38.632,141.9609,48.4,4.0,-0.50248993020093,0.9011422293523031
2011-03-24T16:42:14.25,38.6574,142.0011,41.0,4.0,2011-05-31T23:53:57.73,38.5904,142.0398,41.0,4.2,0.4275560351788364,0.9107801354779608
2011-03-24T16:42:14.25,38.6574,142.0011,41.0,4.0,2011-07-31T12:40:04.47,38.6341,141.9757,50.8,4.1,-0.8425224393911284,0.930615961211039
2011-03-24T16:42:14.25,38.6574,142.0011,41.0,4.0,2011-10-24T21:37:27.1,38.6219,141.9473,52.4,4.1,-0.8458529659997771,0.9271079160302622
2011-03-24T22:59:42.32,37.1203,142.3787,5.8,4.1,2011-04-19T07:18:28.3,37.14,142.43,18.0,3.8,-1.2066665377755883,0.9831585471683562
2011-03-24T22:59:42.32,37.1203,142.3787,5.8,4.1,2011-06-15T05:32:37.97,37.0738,142.3608,6.1,4.2,-0.139774339063905,0.991390913725956
2011-03-24T22:59:42.32,37.1203,142.3787,5.8,4.1,2011-09-15T04:35:51.4,37.17,142.42,3.0,4.0,0.5701226529258013,0.9887767126973256
2011-03-25T12:41:04.79,36.1475,143.3623,35.0,4.0,2011-03-31T04:28:29.75,36.1322,143.2774,35.0,3.5,-0.2968606734753066,0.9580886887629768
2011-03-25T16:10:21.73,36.5837,141.0837,19.8,3.7,2012-01-08T16:23:36.92,36.6299,141.0413,41.2,3.7,-2.5110351824524733,0.9859893875301604
2011-03-25T17:16:22.9,37.98,142.6,20.0,3.7,2012-04-28T10:23:10.2,37.99,142.62,27.0,3.5,-0.24009697470984,0.9382752440558456
2011-03-25T17:35:21.28,36.271,142.0503,35.3,3.9,2011-04-27T19:27:14.12,36.2921,141.9948,19.0,3.8,2.321759936876421,0.9624866427084902
2011-03-25T17:35:21.28,36.271,142.0503,35.3,3.9,2011-06-08T10:44:52.72,36.2957,141.9451,19.0,3.5,1.6479191790564214,0.942642964320342
2011-03-25T21:39:05.08,37.401,142.2653,24.0,4.4,2011-06-26T12:28:18.4,37.47,142.22,9.0,3.9,1.8513384166675988,0.9153063396373028
2011-03-25T23:16:39.72,38.1382,141.7684,45.4,3.6,2011-05-20T11:42:15.8,38.1607,141.8013,47.5,3.9,-0.2284653817220238,0.9457383493474528
2011-03-25T23:16:39.72,38.1382,141.7684,45.4,3.6,2011-09-16T21:42:36.11,38.1609,141.7852,47.4,4.1,-0.556932332473711,0.9341987800815348
2011-03-25T23:30:01.1,36.67,142.31,19.0,3.6,2011-04-24T09:08:09.73,36.723,142.2379,19.0,3.8,-1.004297312348013,0.9062441776973807
2011-03-25T23:30:01.1,36.67,142.31,19.0,3.6,2011-05-17T06:47:10.92,36.7415,142.1763,19.0,3.6,-1.3025416111185288,0.9091195741809776
2011-03-25T23:30:01.1,36.67,142.31,19.0,3.6,2011-06-21T17:49:31.52,36.6742,142.3134,15.0,3.5,0.0722013370935397,0.9165799257657822
2011-03-26T05:02:32.73,36.4274,140.7428,48.3,3.7,2011-03-28T11:08:10.85,36.7869,140.5158,8.4,4.0,-7.77508365692269,1.012976060723704
2011-03-26T10:42:25.13,36.2242,141.4667,26.9,4.7,2011-06-09T20:51:26.5,36.2601,141.5345,38.4,4.5,-1.1606808803627726,0.980367979898826
2011-03-26T10:42:25.13,36.2242,141.4667,26.9,4.7,2011-09-15T20:36:02.47,36.2366,141.5414,26.9,4.6,0.0177451207555289,0.9715294350162842
2011-03-26T14:10:59.38,36.7509,140.5069,9.5,4.3,2011-03-26T14:19:06.97,36.7496,140.5168,10.2,4.1,-0.0270680283288865,0.9251246281887494
2011-03-26T14:15:10.65,36.932,141.1332,45.3,3.8,2011-04-22T15:58:15.35,36.9576,141.0919,46.7,3.7,-0.2651047068762639,0.9896183874127789
2011-03-26T14:15:10.65,36.932,141.1332,45.3,3.8,2011-05-27T08:51:47.3,36.9449,141.2819,39.6,3.5,0.70968399374273,0.95606711972845
2011-03-26T14:15:10.65,36.932,141.1332,45.3,3.8,2011-07-14T15:04:16.4,36.94,141.09,50.0,3.5,-0.56610281424451,0.9181952433407083
2011-03-26T15:01:50.99,36.9675,141.1344,46.9,3.9,2011-05-05T11:02:10.47,36.9426,141.2762,41.0,3.9,0.9277479401796936,0.9968484988641684
2011-03-26T15:01:50.99,36.9675,141.1344,46.9,3.9,2011-06-29T14:19:34.05,36.9621,141.1264,46.4,3.9,-0.4861538558052047,0.989748214684024
2011-03-26T15:01:50.99,36.9675,141.1344,46.9,3.9,2011-09-29T18:29:59.67,36.9597,141.1662,48.5,3.9,0.5936620822270996,0.984031007330888
2011-03-26T15:01:50.99,36.9675,141.1344,46.9,3.9,2011-12-31T05:48:40.29,36.9568,141.1628,45.2,3.7,0.1238885278293664,0.981140100698144
2011-03-26T19:22:04.2,36.7191,141.7099,34.1,4.5,2011-04-25T06:41:23.13,36.7009,141.8118,26.3,4.5,1.1895487998179897,0.988915689778493
2011-03-27T06:00:32.68,39.8674,143.3703,6.0,4.2,2011-06-13T02:55:29.92,39.8075,143.4227,29.9,4.3,-2.608198021470189,0.9663060366555304
2011-03-27T06:00:32.68,39.8674,143.3703,6.0,4.2,2011-10-31T05:17:14.12,39.7897,143.332,25.4,4.2,-3.160706886277465,0.933571248503934
2011-03-27T12:18:17.72,39.8747,143.2609,6.0,4.2,2011-10-08T16:33:57.6,39.8933,143.3856,6.0,4.2,0.9456976982806476,0.9142017552609076
2011-03-27T14:43:05.94,39.416,143.783,11.0,4.4,2011-05-04T09:30:31.86,39.4403,143.6121,28.1,4.2,-2.5972911374903997,0.926687462028192
2011-03-27T14:43:05.94,39.416,143.783,11.0,4.4,2011-08-02T15:34:50.38,39.3265,144.0444,11.0,4.3,1.9548958433169248,0.9301589712280512
2011-03-27T14:43:05.94,39.416,143.783,11.0,4.4,2012-03-13T18:39:24.26,39.4741,143.7591,11.0,4.0,-0.6678442788670984,0.9065922666237792
2011-03-27T17:21:13.5,38.5044,144.7737,29.0,3.9,2011-05-11T22:31:44.52,38.6272,144.7429,35.0,3.7,-1.4354768367493698,0.9569983867106852
2011-03-27T17:21:13.5,38.5044,144.7737,29.0,3.9,2012-05-27T02:31:38.42,38.5711,144.7348,29.0,3.7,-0.8241856764739852,0.9602837903553738
2011-03-27T18:59:54.28,39.0832,142.9189,3.2,4.0,2011-05-05T22:20:02.14,39.1083,142.9893,37.7,3.9,-5.041314985820288,0.9142654301253794
2011-03-27T18:59:54.28,39.0832,142.9189,3.2,4.0,2011-12-01T13:53:36.95,39.1198,142.8744,9.8,4.2,-1.8304769464792143,0.9026599250835936
2011-03-28T02:07:52.02,38.4146,142.0875,35.0,4.0,2012-04-29T20:33:15.9,38.45,142.22,28.0,3.8,2.524175303633743,0.908748117447209
2011-03-28T14:13:55.96,39.2619,142.2898,42.6,4.1,2011-05-17T04:54:48.5,39.2989,142.2648,42.8,3.9,-0.5408554070827019,0.9655018501835282
2011-03-28T14:13:55.96,39.2619,142.2898,42.6,4.1,2011-07-05T02:00:48.12,39.2216,142.3432,28.8,3.8,1.834545423341137,0.9905389807941746
2011-03-28T14:13:55.96,39.2619,142.2898,42.6,4.1,2011-09-10T10:01:08.36,39.2427,142.4243,31.4,3.9,1.8456587321065996,0.9908908302965614
2011-03-28T14:13:55.96,39.2619,142.2898,42.6,4.1,2011-12-02T04:02:36.45,39.2897,142.3022,38.4,3.8,0.0236060288163595,0.9666090451125692
2011-03-28T14:13:55.96,39.2619,142.2898,42.6,4.1,2012-03-18T05:55:47.63,39.2806,142.4531,28.0,3.7,2.8187068559922315,0.9812791933406873
2011-03-29T04:46:28.87,36.7123,142.1391,23.8,3.8,2011-07-02T02:26:26.01,36.6439,142.1278,5.9,3.6,3.103849637331938,0.9927010772923884
2011-03-29T04:46:28.87,36.7123,142.1391,23.8,3.8,2011-09-12T01:50:03.78,36.7063,142.0973,1.4,4.0,2.5217673723531,0.9832252197366076
2011-03-29T04:46:28.87,36.7123,142.1391,23.8,3.8,2012-05-01T01:07:55.71,36.6832,141.8521,4.9,3.6,1.20685884367155,0.9901206290865138
2011-03-29T11:14:02.8,36.19,140.01,50.0,3.8,2011-04-10T03:21:53.66,36.1839,140.0242,54.2,3.5,0.494447602176814,0.9192945779490108
2011-03-29T20:40:46.06,37.0089,142.5627,9.0,3.6,2011-04-21T21:24:20.1,37.0086,142.6932,9.0,3.7,-0.8365546906124108,0.9795034101043067
2011-03-30T04:58:25.32,36.6705,140.9451,45.8,3.9,2011-12-22T09:40:12.97,36.6504,141.0033,40.8,3.8,0.8394013974184171,0.9615744042342356
2011-03-30T07:34:24.09,36.7332,141.9973,1.2,3.8,2011-04-16T04:11:26.02,36.7824,141.9552,0.5,3.6,-0.924752152912081,0.989148939599019
2011-03-30T07:34:24.09,36.7332,141.9973,1.2,3.8,2011-05-10T10:42:20.2,36.63,141.96,39.0,3.5,-2.763007283335997,0.9725979058322152
2011-03-30T09:42:49.21,39.0575,142.4556,15.0,4.1,2012-04-28T22:44:40.79,39.0484,142.3712,23.1,3.6,-1.264812302571387,0.9205729977663653
2011-03-30T18:31:12.07,36.0179,142.0215,23.0,4.0,2011-05-24T08:12:59.08,35.9488,142.1145,23.0,3.7,0.54150577205337,0.9918774883302338
2011-03-30T18:31:12.07,36.0179,142.0215,23.0,4.0,2011-08-22T11:29:14.34,36.0757,142.0187,23.0,3.8,-0.3333943384537431,0.9854388277700388
2011-03-30T18:31:12.07,36.0179,142.0215,23.0,4.0,2011-11-16T22:21:54.86,36.0674,142.0263,23.0,3.6,-0.6054457309924468,0.9799237777251604
2011-03-31T03:25:37.51,36.7626,141.7241,30.1,4.6,2011-05-03T23:58:07.59,36.9095,141.5524,33.0,4.1,-2.173559353252807,0.9244403276260084
2011-03-31T03:25:37.51,36.7626,141.7241,30.1,4.6,2011-08-23T14:56:21.5,36.7614,141.6951,25.9,3.9,0.4727892811008793,0.9047763283819116
2011-03-31T16:42:56.96,36.6256,142.291,15.0,3.9,2011-04-06T20:23:25.2,36.69,142.43,19.0,3.5,1.1842196183202414,0.9637369612077156
2011-03-31T16:42:56.96,36.6256,142.291,15.0,3.9,2011-04-24T13:48:29.59,36.6587,142.3425,15.0,3.7,0.4135512666823656,0.9956360140914589
2011-03-31T16:42:56.96,36.6256,142.291,15.0,3.9,2011-06-06T23:58:24.67,36.6638,142.3815,15.0,3.6,0.4145253412450354,0.9865362301227752
2011-03-31T16:42:56.96,36.6256,142.291,15.0,3.9,2011-06-07T00:06:50.92,36.7113,142.3545,10.0,3.6,0.6265370214376798,0.9654495194763149
2011-03-31T16:42:56.96,36.6256,142.291,15.0,3.9,2011-08-12T23:30:40.3,36.71,142.4,14.0,3.6,1.5639775906266329,0.9903148818401254
2011-03-31T16:42:56.96,36.6256,142.291,15.0,3.9,2011-08-12T23:36:48.6,36.71,142.43,12.0,3.5,1.9261135828575315,0.9645452641917308
2011-04-01T05:16:38.77,38.5338,141.7447,51.0,3.8,2011-05-23T21:55:27.53,38.5093,141.8342,51.1,3.8,0.5489769230152755,0.9874339238377972
2011-04-01T05:16:38.77,38.5338,141.7447,51.0,3.8,2011-07-13T19:35:41.9,38.4864,141.8268,53.8,3.8,0.912152374257124,0.9903787512105088
2011-04-01T05:16:38.77,38.5338,141.7447,51.0,3.8,2011-08-30T12:46:15.86,38.5099,141.8259,52.3,3.7,0.3938751708520692,0.9873114087308136
2011-04-01T05:16:38.77,38.5338,141.7447,51.0,3.8,2011-10-23T16:32:10.98,38.5134,141.819,51.8,3.9,0.4941222751893274,0.92618862848841
2011-04-01T05:16:38.77,38.5338,141.7447,51.0,3.8,2011-11-01T15:26:40.6,38.54,141.72,54.0,3.7,-0.122857868097016,0.992890913014032
2011-04-01T05:16:38.77,38.5338,141.7447,51.0,3.8,2011-12-26T22:28:50.84,38.5167,141.7922,52.6,3.7,0.5986662669240136,0.9844068667767678
2011-04-01T05:16:38.77,38.5338,141.7447,51.0,3.8,2012-02-22T11:03:23.44,38.5226,141.8087,48.2,3.6,0.5150687906802811,0.985565903926434
2011-04-01T05:16:38.77,38.5338,141.7447,51.0,3.8,2012-05-11T16:36:38.53,38.5256,141.8349,47.9,3.8,0.6877512609191299,0.9928641912598032
2011-04-01T21:58:59.64,38.6112,142.0206,41.0,3.9,2011-05-01T09:32:11.57,38.6688,141.9635,41.0,3.9,-0.908288412855576,0.9619252859862628
2011-04-01T21:58:59.64,38.6112,142.0206,41.0,3.9,2011-07-31T12:40:04.47,38.6341,141.9757,50.8,4.1,-1.3579367510583067,0.9012529302745276
2011-04-01T21:58:59.64,38.6112,142.0206,41.0,3.9,2011-10-24T21:37:27.1,38.6219,141.9473,52.4,4.1,-1.3598250397701293,0.9234700407898084
2011-04-02T07:55:52.83,36.1911,139.8979,52.6,5.0,2011-04-26T17:17:34.91,36.2071,139.9512,58.1,3.6,-0.5095461087736528,0.9302481012551432
2011-04-02T18:23:31.89,38.5805,142.0198,41.0,3.5,2011-05-19T14:01:45.84,38.5656,141.9498,45.0,3.8,-0.6949633263001985,0.982563178275425
2011-04-02T18:23:31.89,38.5805,142.0198,41.0,3.5,2011-07-08T04:51:33.9,38.62,141.91,48.0,3.7,-1.2132614918715472,0.9506819663892352
2011-04-02T18:23:31.89,38.5805,142.0198,41.0,3.5,2011-10-18T09:06:01.09,38.6007,142.0317,47.6,4.1,-0.3792409002740927,0.9153634928923946
2011-04-02T18:23:31.89,38.5805,142.0198,41.0,3.5,2011-12-02T08:58:45.26,38.5951,141.9711,41.4,3.8,-0.9029262724507692,0.9075529699191442
2011-04-02T18:23:31.89,38.5805,142.0198,41.0,3.5,2012-03-21T18:25:03.96,38.5578,142.061,46.7,4.0,-0.2664513124536828,0.9174414935377508
2011-04-03T00:09:53.99,36.7086,141.8829,19.0,3.6,2011-05-28T08:36:11.07,36.7555,141.792,19.0,3.7,0.2912252643251374,0.9896400514358916
2011-04-03T00:09:53.99,36.7086,141.8829,19.0,3.6,2011-07-27T19:10:30.7,36.74,141.81,45.0,3.5,-0.4997887977855015,0.975030634187362
2011-04-03T00:09:53.99,36.7086,141.8829,19.0,3.6,2011-09-12T05:17:01.53,36.7224,141.6241,26.0,3.9,-0.5588412717980082,0.9052449344094596
2011-04-03T00:09:53.99,36.7086,141.8829,19.0,3.6,2011-11-02T19:50:18.2,36.7892,141.8547,19.0,3.6,-0.0989034718543831,0.9908379501924662
2011-04-03T05:40:19.91,38.829,142.0565,49.5,3.9,2011-04-20T06:05:20.4,38.84,142.03,45.0,4.0,0.091889863467089,0.9332313092121064
2011-04-03T05:40:19.91,38.829,142.0565,49.5,3.9,2011-05-14T16:45:10.52,38.8205,142.1012,43.7,3.9,0.8436317125702496,0.9523961595101228
2011-04-03T05:40:19.91,38.829,142.0565,49.5,3.9,2011-06-15T15:36:32.64,38.8184,142.1405,46.5,3.8,0.4442006208219716,0.9895979913505136
2011-04-03T05:40:19.91,38.829,142.0565,49.5,3.9,2011-07-22T09:03:08.45,38.8735,142.0398,51.0,3.8,-0.7407685151225474,0.9943003287500854
2011-04-03T05:40:19.91,38.829,142.0565,49.5,3.9,2011-08-21T19:42:35.24,38.8174,142.1138,48.2,3.9,0.6935052966006231,0.9866457963747646
2011-04-03T05:40:19.91,38.829,142.0565,49.5,3.9,2011-11-11T17:24:20.31,38.8512,142.0722,43.8,4.0,0.2050283353596684,0.9907086895417784
2011-04-03T05:40:19.91,38.829,142.0565,49.5,3.9,2012-01-15T10:36:46.71,38.8009,142.1518,43.2,3.8,0.801853184998793,0.9929010990103444
2011-04-03T05:40:19.91,38.829,142.0565,49.5,3.9,2012-03-30T03:37:07.2,38.8322,142.084,47.3,3.7,0.1988481095319053,0.9864293043676028
2011-04-03T06:27:44.67,35.6994,141.1404,33.0,3.5,2011-07-07T01:47:53.88,35.6639,141.093,31.5,3.5,-0.1926198793744964,0.9617848601608102
2011-04-03T14:20:55.57,36.7812,140.5323,4.7,3.7,2012-03-09T18:15:45.09,36.7947,140.5517,1.1,3.7,-0.0673433066497998,0.9596793104404504
2011-04-03T16:52:47.3,36.7683,142.3262,15.0,4.2,2011-05-01T06:12:21.17,36.6952,142.244,26.2,4.1,-2.0437855058236813,0.9728510409921236
2011-04-03T16:52:47.3,36.7683,142.3262,15.0,4.2,2011-07-10T19:16:33.69,36.7152,142.2603,11.5,4.3,0.2635746325058312,0.9694939481177764
2011-04-03T16:52:47.3,36.7683,142.3262,15.0,4.2,2012-02-13T16:55:08.37,36.6807,142.3703,2.5,4.4,1.7246972535822125,0.9518018344031406
2011-04-04T03:28:45.7,38.1477,141.7359,44.7,3.7,2011-05-11T00:50:49.05,38.1672,141.7605,44.6,3.9,0.0325080862078152,0.9824328493165656
2011-04-04T03:28:45.7,38.1477,141.7359,44.7,3.7,2011-08-18T05:34:39.63,38.1548,141.686,60.4,3.9,-1.7128797489160628,0.971464987067254
2011-04-04T11:46:24.35,36.0846,140.0167,52.3,4.1,2011-04-05T04:32:28.92,36.1297,140.0255,48.8,3.8,-0.1600315283616601,0.9218569575538872
2011-04-04T12:56:59.56,37.0684,141.2699,42.2,3.6,2011-06-07T23:09:04.0,37.1,141.14,51.0,3.6,-0.9411134208431124,0.915198868003405
2011-04-04T15:47:05.54,37.5831,141.5902,51.0,4.0,2011-05-10T05:40:32.59,37.6111,141.5169,48.3,4.0,-0.3561318748989766,0.9957569706726234
2011-04-04T15:47:05.54,37.5831,141.5902,51.0,4.0,2011-08-14T05:14:46.45,37.5975,141.5622,52.6,3.8,0.0072253248318599,0.98815422815735
2011-04-04T15:47:05.54,37.5831,141.5902,51.0,4.0,2011-12-03T21:04:06.2,37.6057,141.5522,49.1,3.6,-0.0047816961668643,0.9941482176759042
2011-04-04T19:50:01.83,36.7071,140.6396,10.7,3.8,2011-05-26T11:12:49.83,36.7544,140.5001,7.4,4.0,0.1331384003250845,0.959808806614326
2011-04-04T21:52:56.25,38.2675,141.9058,50.7,4.1,2011-11-05T23:43:44.12,38.3183,141.9138,50.9,4.1,-0.5089354685220576,0.9744940601178624
2011-04-05T01:29:11.19,39.6765,142.1065,49.1,4.7,2012-04-11T20:29:17.58,39.6383,142.2162,45.8,4.5,1.1507000307966735,0.9771992100379242
2011-04-05T19:43:39.21,39.7199,142.2783,45.8,4.3,2011-06-01T18:37:00.04,39.6913,142.3154,43.8,4.3,-0.1832191728123455,0.9711903010741204
2011-04-05T19:43:39.21,39.7199,142.2783,45.8,4.3,2011-09-15T14:25:08.65,39.7206,142.3578,48.0,4.1,0.1175308470470212,0.977626547493714
2011-04-05T19:43:39.21,39.7199,142.2783,45.8,4.3,2012-03-03T20:45:40.28,39.7215,142.2423,45.4,3.5,-0.5138343951825506,0.922185138927767
2011-04-06T03:13:02.63,36.7605,142.0972,36.5,4.4,2011-06-13T11:39:23.68,36.736,142.0525,19.0,4.3,2.623257853334526,0.990671164033708
2011-04-06T03:13:02.63,36.7605,142.0972,36.5,4.4,2011-10-20T12:51:50.75,36.718,142.0932,8.1,4.4,4.214370586358736,0.9845691789190056
2011-04-06T20:23:25.2,36.69,142.43,19.0,3.5,2011-04-24T13:48:29.59,36.6587,142.3425,15.0,3.7,-0.7717621194163912,0.9663377830780516
2011-04-06T20:23:25.2,36.69,142.43,19.0,3.5,2011-06-06T23:58:24.67,36.6638,142.3815,15.0,3.6,-0.7699658036856544,0.9701062471265276
2011-04-06T20:23:25.2,36.69,142.43,19.0,3.5,2011-06-07T00:06:50.92,36.7113,142.3545,10.0,3.6,-0.5589871728321458,0.987706221634778
2011-04-06T20:23:25.2,36.69,142.43,19.0,3.5,2011-08-12T23:30:40.3,36.71,142.4,14.0,3.6,0.3802302109408482,0.9627098554290136
2011-04-06T20:23:25.2,36.69,142.43,19.0,3.5,2011-08-12T23:36:48.6,36.71,142.43,12.0,3.5,0.7425107299257987,0.988518490362186
2011-04-07T11:59:16.03,38.4416,142.2425,15.5,3.6,2011-04-07T12:10:31.89,38.3694,142.1584,19.5,4.0,-0.2732138448434373,0.9528165307240586
2011-04-07T15:14:55.7,36.5969,141.1426,14.7,3.8,2012-01-04T12:48:42.4,36.5952,141.129,10.0,4.2,0.1719842580919017,0.9080531520903938
2011-04-07T22:33:06.77,38.6288,142.0215,41.0,3.7,2011-05-12T20:24:34.86,38.5966,142.0721,44.7,3.8,0.9468168450111072,0.9830965486232686
2011-04-07T22:33:06.77,38.6288,142.0215,41.0,3.7,2011-06-22T10:16:01.56,38.589,141.9754,47.6,3.9,0.0847112400357534,0.9322026430043449
2011-04-07T22:33:06.77,38.6288,142.0215,41.0,3.7,2011-07-10T02:21:58.75,38.6517,142.0206,44.6,3.7,-0.1293298471757349,0.9615129588253886
2011-04-07T22:33:06.77,38.6288,142.0215,41.0,3.7,2011-09-23T13:08:58.84,38.6058,142.0237,44.2,3.8,-0.2937449653350796,0.9768565626442484
2011-04-07T22:33:06.77,38.6288,142.0215,41.0,3.7,2011-11-27T22:25:37.34,38.6361,141.9849,47.3,3.8,-0.4693117156196499,0.9756663625281188
2011-04-07T22:33:06.77,38.6288,142.0215,41.0,3.7,2011-12-31T10:29:00.61,38.6187,142.1108,42.2,3.8,0.652426361933722,0.9779182790719738
2011-04-07T22:33:06.77,38.6288,142.0215,41.0,3.7,2012-02-05T12:44:57.46,38.603,142.0346,45.6,3.9,0.1489654304982484,0.9819307040278012
2011-04-07T22:33:06.77,38.6288,142.0215,41.0,3.7,2012-03-14T13:28:08.53,38.6288,141.9903,46.5,3.9,0.0509241727122261,0.981285198303336
2011-04-07T22:33:06.77,38.6288,142.0215,41.0,3.7,2012-05-01T22:07:48.82,38.6343,142.0099,45.2,3.6,-0.1732435210510764,0.9751159209807164
2011-04-07T23:39:26.66,38.8808,142.0919,51.0,4.1,2011-05-10T19:58:10.22,38.886,141.9967,52.2,4.0,-0.1780697979978803,0.9865143200006008
2011-04-07T23:39:26.66,38.8808,142.0919,51.0,4.1,2011-06-15T12:48:26.66,38.8691,142.0062,54.3,4.0,-0.5916407937529753,0.9580462894180084
2011-04-07T23:39:26.66,38.8808,142.0919,51.0,4.1,2011-07-16T13:23:02.88,38.8939,141.9747,50.4,4.0,-0.4117546409387594,0.9512076381493416
2011-04-07T23:39:26.66,38.8808,142.0919,51.0,4.1,2011-08-25T23:34:08.83,38.8431,142.0464,46.1,3.9,0.3400798939460827,0.9798505232384976
2011-04-07T23:39:26.66,38.8808,142.0919,51.0,4.1,2011-11-11T07:52:11.62,38.9187,141.9048,50.1,3.9,-1.2803132526472956,0.9623025919497954
2011-04-07T23:39:26.66,38.8808,142.0919,51.0,4.1,2011-12-30T19:11:32.91,38.8454,141.9692,51.0,3.8,-0.2688233098728656,0.9773988009685622
2011-04-07T23:39:26.66,38.8808,142.0919,51.0,4.1,2012-03-03T13:26:18.41,38.8307,142.1137,48.1,3.9,0.1321029374910958,0.9824892018432576
2011-04-07T23:39:26.66,38.8808,142.0919,51.0,4.1,2012-05-03T07:15:45.5,38.888,141.9318,49.4,4.0,-0.8931464979937387,0.9675038935606524
2011-04-08T00:56:21.53,36.8355,142.1764,19.0,4.7,2011-06-11T23:13:54.46,36.5992,142.2289,25.3,4.4,0.4709766677206966,0.924218952553279
2011-04-08T02:24:38.7,38.2358,141.9542,56.5,4.0,2011-06-02T00:29:43.89,38.2302,141.9464,63.4,3.9,-0.2315467105488078,0.962513974356261
2011-04-08T03:00:05.66,37.1463,141.2148,46.1,4.1,2011-06-24T15:22:53.46,37.1009,141.2572,51.9,4.1,-0.0491540089604761,0.9447330704544512
2011-04-08T03:16:09.3,38.28,141.79,55.0,3.5,2011-04-28T05:09:04.2,38.28,141.8,54.0,3.8,-0.075761630062618,0.92391468064642
2011-04-08T11:07:20.57,38.3079,141.9372,47.4,3.7,2011-04-14T09:56:59.09,38.3585,141.877,49.2,4.1,-0.7121273795621246,0.9250440365269867
2011-04-08T15:05:14.5,36.95,141.05,50.0,3.7,2011-06-18T00:13:37.32,36.9044,141.2337,20.8,3.6,3.54605451880283,0.960691100846297
2011-04-08T15:05:14.5,36.95,141.05,50.0,3.7,2011-09-22T05:22:32.43,36.9243,141.1779,30.5,3.5,2.07381651699585,0.9605781924477536
2011-04-08T15:05:14.5,36.95,141.05,50.0,3.7,2012-03-28T00:34:07.76,36.9287,141.1974,42.7,3.5,1.1652592606180538,0.9546083572905576
2011-04-08T18:56:56.35,36.1596,140.056,54.7,4.1,2011-04-10T03:21:53.66,36.1839,140.0242,54.2,3.5,0.0981024153407857,0.9012381229734668
2011-04-09T02:33:49.5,39.8567,143.3467,28.3,4.5,2011-09-30T05:09:10.79,39.9554,143.349,14.2,4.4,1.1961035126591195,0.9540051505498358
2011-04-09T08:02:18.64,36.1993,140.0472,58.1,4.3,2012-05-26T12:35:40.35,36.2398,140.066,59.1,3.7,-0.3920395045875867,0.9845342493282886
2011-04-09T14:53:24.62,36.2759,141.8433,13.1,4.3,2011-06-21T21:22:25.46,36.2382,141.9388,27.4,3.9,-1.4934335859882408,0.9640954123873764
2011-04-09T14:53:24.62,36.2759,141.8433,13.1,4.3,2011-06-22T02:18:24.15,36.2075,142.0845,23.0,3.8,-0.1496713909386005,0.9450778452181838
2011-04-09T20:33:54.63,39.9161,142.581,2.4,3.9,2011-07-03T08:06:59.64,39.9614,142.4495,26.1,3.7,-4.549951218233726,0.902839495928954
2011-04-10T00:00:54.05,35.709,141.5009,25.0,3.9,2011-05-06T23:24:52.73,35.4453,141.6749,25.0,3.8,1.8417632993223445,0.9932935561509532
2011-04-10T00:00:54.05,35.709,141.5009,25.0,3.9,2011-07-18T12:37:10.7,35.5103,141.7596,10.8,3.8,4.143196118112612,0.9959251177945015
2011-04-10T07:56:00.58,36.3047,142.6163,15.0,3.8,2011-05-24T18:33:38.42,36.338,142.6923,15.0,3.7,0.1826528634617227,0.9634566265751564
2011-04-10T07:56:00.58,36.3047,142.6163,15.0,3.8,2011-08-29T14:19:59.84,36.3504,142.7004,15.0,3.8,0.4689081138687789,0.96213637535518
2011-04-10T07:56:00.58,36.3047,142.6163,15.0,3.8,2012-04-08T17:42:48.15,36.3198,142.6747,15.0,3.9,-0.1181506512341782,0.9622408591372444
2011-04-10T10:48:17.31,38.4344,142.3098,20.6,3.6,2011-07-20T13:09:39.46,38.4443,142.3506,17.3,4.4,-0.5333188179181237,0.9014517113521292
2011-04-10T10:48:17.31,38.4344,142.3098,20.6,3.6,2012-05-27T10:09:20.86,38.368,142.2455,10.0,4.1,0.4322178335465831,0.9179058655588638
2011-04-10T19:23:53.26,39.7287,142.566,34.6,4.4,2011-05-25T17:27:35.34,39.7662,142.3942,39.1,3.8,-1.2930379172004616,0.9241256563736224
2011-04-10T19:23:53.26,39.7287,142.566,34.6,4.4,2011-05-29T00:03:06.74,39.8076,142.4017,31.6,4.1,-0.9565726647974984,0.9493822452359684
2011-04-10T19:23:53.26,39.7287,142.566,34.6,4.4,2011-07-20T20:31:01.68,39.756,142.3972,44.3,3.7,-2.1252092993864893,0.9213104160563068
2011-04-10T19:23:53.26,39.7287,142.566,34.6,4.4,2011-08-03T23:51:51.25,39.7277,142.5954,39.2,4.1,-0.5051747699368212,0.95107449170172
2011-04-10T19:23:53.26,39.7287,142.566,34.6,4.4,2011-10-01T02:29:50.03,39.7213,142.2646,44.6,3.9,-2.5974129251464086,0.9099541172947035
2011-04-11T08:19:31.4,37.01,140.72,11.0,4.5,2011-04-11T15:55:12.84,37.0141,140.6845,12.1,4.1,0.1737046342495904,0.9177162776244164
2011-04-11T16:15:46.43,36.0153,141.9898,23.0,3.7,2011-06-25T16:29:17.72,36.0766,142.01,23.0,3.6,-0.2966828753475123,0.981172361118316
2011-04-11T16:15:46.43,36.0153,141.9898,23.0,3.7,2012-01-15T21:16:25.21,36.0499,142.1389,23.0,3.5,0.6254758620667291,0.90996907432829
2011-04-11T22:44:12.55,38.8517,142.0884,42.2,4.3,2011-05-12T20:03:04.68,38.8086,142.026,51.0,3.8,-0.7165198281101405,0.9791672623406024
2011-04-11T22:44:12.55,38.8517,142.0884,42.2,4.3,2011-06-24T01:21:44.96,38.8818,142.1235,51.0,3.6,-0.5686696189580928,0.966420216185182
2011-04-11T22:44:12.55,38.8517,142.0884,42.2,4.3,2011-07-31T08:28:53.47,38.8579,142.1698,41.8,3.8,-0.1377721305794224,0.975827294131938
2011-04-11T22:44:12.55,38.8517,142.0884,42.2,4.3,2011-11-10T05:49:23.88,38.8235,142.1085,41.4,3.5,0.0161493173478491,0.9430691307822456
2011-04-11T22:45:29.93,38.553,142.1371,34.4,4.2,2011-10-18T09:06:01.09,38.6007,142.0317,47.6,4.1,-1.5668123430526593,0.9115941640248916
2011-04-11T22:45:29.93,38.553,142.1371,34.4,4.2,2012-01-18T08:55:38.94,38.6071,142.0718,43.8,4.3,-1.2035525334170865,0.91103897747836
2011-04-11T22:45:29.93,38.553,142.1371,34.4,4.2,2012-03-21T18:25:03.96,38.5578,142.061,46.7,4.0,-1.452758137387138,0.9201821480996372
2011-04-11T23:03:13.61,36.9274,140.697,8.0,4.0,2011-04-13T06:35:54.26,36.9579,140.6823,12.0,3.5,-0.9911095969807552,0.9043658875306606
2011-04-11T23:29:51.92,37.0328,140.6912,9.8,3.5,2011-05-28T13:54:11.17,37.0404,140.6825,9.6,3.6,-0.2062005329060312,0.9568999660493924
2011-04-11T23:59:08.6,36.93,140.66,7.0,3.5,2012-03-11T02:14:16.96,36.9349,140.6585,13.5,3.6,0.3654051123874684,0.965821011707127
2011-04-12T14:04:23.4,35.69,140.96,8.0,3.5,2011-04-12T15:14:09.3,35.69,140.95,9.0,3.5,-0.268125245257844,0.949428602453493
2011-04-12T15:14:09.3,35.69,140.95,9.0,3.5,2011-04-19T11:52:34.9,35.7,140.93,10.0,3.7,-0.1926758043828992,0.9142031802674072
2011-04-12T19:34:39.62,37.076,140.6678,18.6,3.8,2011-04-13T23:43:40.34,37.0975,140.801,25.3,3.8,0.8483390853081267,0.9310033557707444
2011-04-13T04:03:11.7,37.34,141.36,46.0,3.5,2011-07-10T18:04:15.0,37.328,141.4139,28.4,3.6,1.804533865643582,0.9024924476850784
2011-04-13T06:35:54.26,36.9579,140.6823,12.0,3.5,2011-04-14T08:14:50.77,37.0341,140.5462,9.5,3.9,0.7329912235378894,0.9599804465783404
2011-04-13T08:26:05.8,38.6226,142.0393,44.4,4.2,2011-05-15T19:07:40.21,38.6425,141.9916,46.1,4.7,-0.2191332730167714,0.907539227572051
2011-04-13T14:04:13.52,37.0601,140.6731,14.1,3.9,2011-04-27T12:27:46.75,37.0912,140.527,8.9,3.9,0.5795310914332047,0.943135031395758
2011-04-13T20:02:30.28,39.5434,143.4931,14.8,5.3,2012-05-22T07:18:30.69,39.6696,143.3276,20.8,5.0,-2.311483469356684,0.942076642213696
2011-04-14T01:33:22.19,39.8057,143.3057,23.5,4.6,2012-04-30T06:31:21.85,39.7108,143.5866,32.6,4.3,-0.5282790756194777,0.9149425906653456
2011-04-14T02:15:39.16,39.6446,143.5514,11.0,4.1,2011-05-29T11:28:36.96,39.6987,143.3876,11.0,4.5,-0.7112934239784565,0.9032934543409228
2011-04-14T04:13:42.33,36.0878,142.1411,15.9,4.3,2011-06-02T00:05:59.25,36.0901,142.137,2.4,3.8,2.066098336585794,0.9753967582257878
2011-04-14T04:13:42.33,36.0878,142.1411,15.9,4.3,2012-01-07T21:30:09.91,36.0791,142.0999,23.4,4.2,-1.5308516924940296,0.966987019329026
2011-04-14T04:46:31.72,39.7411,142.9956,19.0,4.7,2011-09-23T18:35:09.66,39.6195,143.2089,26.9,4.7,0.0421469175437205,0.9000743717159926
2011-04-14T23:50:08.28,36.5256,142.2766,50.0,4.7,2011-05-31T11:26:39.05,36.5112,142.4834,26.3,4.1,2.595860242418525,0.9349830318885144
2011-04-14T23:50:08.28,36.5256,142.2766,50.0,4.7,2011-09-05T19:49:14.91,36.471,142.6035,23.4,4.6,3.277608458248453,0.9492103608242868
2011-04-14T23:50:08.28,36.5256,142.2766,50.0,4.7,2012-03-02T23:22:03.12,36.5132,142.4273,15.0,4.4,4.146135125726794,0.909697227005932
2011-04-15T00:56:26.72,36.4472,142.5414,30.1,4.4,2011-10-29T22:16:01.92,36.4796,142.5301,38.8,4.1,-1.254806661158946,0.9304437225377205
2011-04-15T23:40:10.86,36.7084,141.7117,15.6,3.6,2011-04-16T01:19:29.4,36.69,141.48,36.0,3.5,-3.7778852667510674,0.926163892124688
2011-04-16T04:11:26.02,36.7824,141.9552,0.5,3.6,2011-05-10T10:42:20.2,36.63,141.96,39.0,3.5,-1.83823802833186,0.9705939499949802
2011-04-16T13:36:37.69,39.5805,142.0666,50.5,3.8,2011-05-26T06:57:34.44,39.6139,142.1138,49.3,4.1,-0.2968521278041761,0.910882496101733
2011-04-16T13:36:37.69,39.5805,142.0666,50.5,3.8,2011-08-19T09:58:15.18,39.6245,142.2472,42.8,3.8,0.3349691755130519,0.9570112545833672
2011-04-16T13:36:37.69,39.5805,142.0666,50.5,3.8,2011-10-23T18:58:35.13,39.6388,142.2386,53.5,4.2,-0.0725451272446704,0.9122171534553096
2011-04-16T13:36:37.69,39.5805,142.0666,50.5,3.8,2011-10-26T16:44:02.45,39.6233,142.1234,47.4,3.9,-0.4877968429978145,0.952847582690952
2011-04-16T13:36:37.69,39.5805,142.0666,50.5,3.8,2012-02-03T21:51:35.25,39.6382,142.19,45.2,3.8,0.54717294635637,0.9487023532775336
2011-04-16T13:36:37.69,39.5805,142.0666,50.5,3.8,2012-05-15T00:09:06.0,39.6457,142.1157,47.0,4.0,-0.0254965151895005,0.9140558630383177
2011-04-16T20:54:09.33,38.632,141.9609,48.4,4.0,2011-05-31T23:53:57.73,38.5904,142.0398,41.0,4.2,0.9361642577263548,0.9835807816599528
2011-04-17T01:54:21.26,39.9778,143.5041,26.2,4.5,2011-09-06T10:47:26.71,39.9805,143.6495,18.6,4.5,0.7519605602395587,0.95960649317609
2011-04-17T01:54:21.26,39.9778,143.5041,26.2,4.5,2012-05-08T15:29:45.33,39.9442,143.6423,23.1,4.3,0.9037133928913664,0.9797614727938104
2011-04-18T00:19:18.96,38.8451,142.1655,10.0,3.6,2011-04-30T18:07:07.81,38.8002,142.0593,43.6,3.7,-2.0101730294397697,0.9187417944186204
2011-04-18T00:19:18.96,38.8451,142.1655,10.0,3.6,2011-05-11T15:17:01.33,38.858,142.0462,44.0,3.6,-2.284877688779289,0.919091863388085
2011-04-18T00:19:18.96,38.8451,142.1655,10.0,3.6,2011-05-28T22:09:32.05,38.804,142.1485,50.0,3.7,-1.1499248769935844,0.9237070268360148
2011-04-18T00:19:18.96,38.8451,142.1655,10.0,3.6,2011-06-15T06:07:44.63,38.7532,142.2196,9.3,3.6,3.532397806734666,0.9013837349111544
2011-04-18T00:19:18.96,38.8451,142.1655,10.0,3.6,2011-07-07T16:10:06.26,38.8635,142.0036,46.0,3.6,-2.507498953664302,0.9247740683227124
2011-04-18T00:19:18.96,38.8451,142.1655,10.0,3.6,2011-07-26T14:34:44.69,38.807,142.0519,51.0,3.6,-1.857440438717154,0.9339085933703792
2011-04-18T00:19:18.96,38.8451,142.1655,10.0,3.6,2011-08-16T12:36:05.28,38.822,142.1504,29.2,3.5,-0.2601014342825685,0.9377647472506508
2011-04-18T00:19:18.96,38.8451,142.1655,10.0,3.6,2011-09-11T15:14:22.05,38.8149,142.0422,51.0,3.6,-1.7728145352323024,0.9359582248409938
2011-04-18T00:19:18.96,38.8451,142.1655,10.0,3.6,2011-10-08T09:55:34.19,38.852,142.0983,42.9,3.6,-1.7776056131869002,0.9281135638859012
2011-04-18T00:19:18.96,38.8451,142.1655,10.0,3.6,2011-11-13T13:31:00.82,38.8403,142.0992,31.4,3.6,-1.404159504169891,0.93365399064076
2011-04-18T00:19:18.96,38.8451,142.1655,10.0,3.6,2012-03-25T00:16:13.7,38.85,142.06,46.0,3.5,-2.13970264754315,0.910689101061706
2011-04-18T00:19:18.96,38.8451,142.1655,10.0,3.6,2012-05-12T17:14:39.98,38.8345,142.0632,44.3,3.5,-1.9240458043583957,0.9119494671955508
2011-04-18T10:56:04.52,38.5057,141.9574,45.9,4.1,2011-07-25T10:08:14.16,38.5016,141.9001,47.8,3.6,0.0192594113683013,0.9121613017552276
2011-04-19T07:18:28.3,37.14,142.43,18.0,3.8,2011-06-15T05:32:37.97,37.0738,142.3608,6.1,4.2,1.067684454336782,0.989872498026648
2011-04-19T07:18:28.3,37.14,142.43,18.0,3.8,2011-09-15T04:35:51.4,37.17,142.42,3.0,4.0,1.7767975435570924,0.98502402309273
2011-04-19T19:29:22.85,37.0774,141.2301,50.9,4.4,2011-08-06T14:45:36.32,37.0478,141.2794,53.9,4.3,-0.2162919931114663,0.9887155568610552
2011-04-19T19:29:22.85,37.0774,141.2301,50.9,4.4,2012-01-26T12:22:13.38,36.9898,141.4008,29.7,4.2,2.785296107730204,0.9876175309020822
2011-04-20T06:05:20.4,38.84,142.03,45.0,4.0,2011-06-15T15:36:32.64,38.8184,142.1405,46.5,3.8,0.3530828376093987,0.9382164657692508
2011-04-20T06:05:20.4,38.84,142.03,45.0,4.0,2011-07-22T09:03:08.45,38.8735,142.0398,51.0,3.8,-0.832510310258691,0.9358103707839016
2011-04-20T06:05:20.4,38.84,142.03,45.0,4.0,2011-08-21T19:42:35.24,38.8174,142.1138,48.2,3.9,0.6024337381266227,0.9333871686399656
2011-04-20T06:05:20.4,38.84,142.03,45.0,4.0,2011-11-11T17:24:20.31,38.8512,142.0722,43.8,4.0,0.1136981691360908,0.9303839666258096
2011-04-20T06:05:20.4,38.84,142.03,45.0,4.0,2012-01-15T10:36:46.71,38.8009,142.1518,43.2,3.8,0.7101252196258276,0.9300740669277464
2011-04-20T06:05:20.4,38.84,142.03,45.0,4.0,2012-03-30T03:37:07.2,38.8322,142.084,47.3,3.7,0.1068655662338701,0.9314931637426556
2011-04-22T03:12:54.53,38.525,141.909,47.7,4.4,2011-07-25T20:39:54.83,38.5446,141.8238,43.3,4.6,0.140099235326089,0.9534803354525404
2011-04-22T03:12:54.53,38.525,141.909,47.7,4.4,2012-02-27T16:30:33.02,38.5401,141.9053,48.6,4.5,0.0359056195994974,0.9134962780843852
2011-04-22T15:58:15.35,36.9576,141.0919,46.7,3.7,2011-05-27T08:51:47.3,36.9449,141.2819,39.6,3.5,0.9779973045686232,0.9441378347033867
2011-04-22T15:58:15.35,36.9576,141.0919,46.7,3.7,2011-07-14T15:04:16.4,36.94,141.09,50.0,3.5,-0.2988153119171232,0.9101504543656947
2011-04-23T02:13:29.81,38.1695,141.7681,47.2,3.5,2011-07-09T13:35:25.8,38.1543,141.7318,46.8,3.7,-0.2557220405495914,0.9769946166974316
2011-04-23T02:13:29.81,38.1695,141.7681,47.2,3.5,2011-08-20T11:02:51.03,38.1667,141.7198,48.0,3.9,-0.3702356674647435,0.9229771555765576
2011-04-23T02:13:29.81,38.1695,141.7681,47.2,3.5,2011-11-07T22:13:18.32,38.1489,141.7726,46.1,3.7,0.114341872082515,0.9701118508617432
2011-04-23T05:36:53.21,39.9747,143.7705,16.0,3.9,2012-01-09T06:19:23.34,40.0048,143.6946,6.0,3.8,1.5907855425042472,0.9263493395134634
2011-04-23T11:38:09.2,36.6499,142.1873,1.6,4.4,2011-07-03T16:17:54.73,36.6755,142.2543,15.0,4.2,-2.103827756452658,0.9816286794154656
2011-04-23T11:38:09.2,36.6499,142.1873,1.6,4.4,2011-11-02T10:05:00.96,36.6322,142.1434,19.0,4.2,-3.719672482106876,0.9840877517248968
2011-04-23T14:45:34.76,37.313,141.4715,37.9,3.8,2011-07-10T18:04:15.0,37.328,141.4139,28.4,3.6,1.184325709996256,0.9886775987048916
2011-04-23T14:45:34.76,37.313,141.4715,37.9,3.8,2011-12-17T06:35:54.0,37.35,141.35,48.0,3.5,-0.6486258268081778,0.9903293017418204
2011-04-24T09:08:09.73,36.723,142.2379,19.0,3.8,2011-05-17T06:47:10.92,36.7415,142.1763,19.0,3.6,-0.2975583766950032,0.9952799712840792
2011-04-24T09:08:09.73,36.723,142.2379,19.0,3.8,2011-06-21T17:49:31.52,36.6742,142.3134,15.0,3.5,1.075013756316562,0.9891224962194032
2011-04-24T09:08:09.73,36.723,142.2379,19.0,3.8,2011-08-12T17:56:32.96,36.7205,142.3465,15.0,3.9,0.5222604885256584,0.974249499044646
2011-04-24T12:06:05.4,36.71,142.57,47.0,3.6,2011-06-26T08:41:23.5,36.6431,142.4634,15.0,3.8,-0.2617617252981896,0.9467259901208228
2011-04-24T13:48:29.59,36.6587,142.3425,15.0,3.7,2011-06-06T23:58:24.67,36.6638,142.3815,15.0,3.6,0.0017528385264992,0.9891242636803452
2011-04-24T13:48:29.59,36.6587,142.3425,15.0,3.7,2011-06-07T00:06:50.92,36.7113,142.3545,10.0,3.6,0.2132747998900848,0.9686097027207646
2011-04-24T13:48:29.59,36.6587,142.3425,15.0,3.7,2011-08-12T23:30:40.3,36.71,142.4,14.0,3.6,1.1504098638905933,0.9876514196538736
2011-04-24T13:48:29.59,36.6587,142.3425,15.0,3.7,2011-08-12T23:36:48.6,36.71,142.43,12.0,3.5,1.513363558477459,0.9627919581427344
2011-04-25T10:22:36.42,36.2576,141.0103,5.2,3.9,2011-06-23T16:25:29.89,36.0807,141.1876,5.4,3.5,2.161424809397493,0.9164664533914108
2011-04-26T02:16:43.64,39.8893,142.2361,46.0,3.7,2011-07-24T06:36:10.06,40.0227,142.5642,10.3,3.7,5.776975934297667,0.9027898499125911
2011-04-26T11:00:45.97,38.251,142.0064,31.9,3.6,2011-06-01T14:36:39.07,38.2685,141.9873,29.9,3.8,-0.8394958498437612,0.926770773842438
2011-04-26T18:06:28.08,36.4151,143.1903,29.0,4.1,2011-04-26T18:10:19.61,36.4438,143.2699,35.0,3.8,-0.7957522799180407,0.9030154852602992
2011-04-27T08:35:36.34,35.6774,140.8725,43.6,3.6,2011-08-22T21:09:00.47,35.6766,140.8147,46.4,3.5,-0.939151849974258,0.9977510367302038
2011-04-27T19:27:14.12,36.2921,141.9948,19.0,3.8,2011-06-08T10:44:52.72,36.2957,141.9451,19.0,3.5,-0.673808505817353,0.9512107498637395
2011-04-28T10:45:43.4,36.71,142.12,27.0,3.5,2011-04-28T16:40:45.65,36.6401,141.8181,19.0,3.8,-0.4909023975467645,0.902944359639722
2011-04-28T10:45:43.4,36.71,142.12,27.0,3.5,2011-05-05T20:10:56.14,36.6316,142.1721,1.3,4.1,3.132282110474464,0.9256679986577654
2011-04-28T10:45:43.4,36.71,142.12,27.0,3.5,2011-07-09T03:46:28.16,36.7412,142.0387,19.0,3.7,-0.0603904814181277,0.9102872106164606
2011-04-28T10:45:43.4,36.71,142.12,27.0,3.5,2012-02-23T12:26:29.66,36.681,142.0847,19.0,3.7,0.2536395704699743,0.9043421764404026
2011-04-28T16:40:45.65,36.6401,141.8181,19.0,3.8,2011-07-09T03:46:28.16,36.7412,142.0387,19.0,3.7,0.4320249019892022,0.9966552964483348
2011-04-28T16:40:45.65,36.6401,141.8181,19.0,3.8,2012-02-23T12:26:29.66,36.681,142.0847,19.0,3.7,0.7533204585891475,0.9567062039032176
2011-04-28T16:43:51.86,38.5809,141.9591,44.4,3.7,2011-06-07T18:30:41.39,38.5855,142.0409,45.5,3.8,0.3097357223623048,0.984397802442198
2011-04-28T16:43:51.86,38.5809,141.9591,44.4,3.7,2012-03-02T21:16:17.5,38.62,141.91,48.0,3.7,-0.4631183711650871,0.940838428722574
2011-04-28T20:20:03.7,36.7,142.1,27.0,3.7,2011-05-05T20:10:56.14,36.6316,142.1721,1.3,4.1,3.0083455827765446,0.9303818745030014
2011-04-28T20:20:03.7,36.7,142.1,27.0,3.7,2011-12-18T21:50:43.97,36.7521,142.0872,35.0,3.6,-2.976807786689284,0.989466558607914
2011-04-29T05:45:37.7,37.01,141.13,50.0,3.7,2011-05-23T10:37:47.29,37.001,141.2753,39.9,3.9,0.98496469878003,0.9154874708083984
2011-04-29T05:45:37.7,37.01,141.13,50.0,3.7,2012-03-01T14:49:53.72,37.0457,141.1883,49.1,4.1,0.0158841292711977,0.9222948334237476
2011-04-29T22:19:31.13,38.8624,142.0702,43.7,5.2,2011-07-24T15:07:09.31,38.8871,142.061,49.6,5.2,-0.3664709490896528,0.978362416139178
2011-04-29T22:19:31.13,38.8624,142.0702,43.7,5.2,2011-11-26T01:43:20.11,38.8117,142.2017,44.0,4.5,0.4950856340418549,0.9004424775153189
2011-04-30T11:13:50.97,35.1746,141.687,25.5,4.9,2011-10-31T09:02:29.62,35.1139,141.6598,34.9,4.7,-1.8568412619496768,0.9046711885807304
2011-04-30T18:07:07.81,38.8002,142.0593,43.6,3.7,2011-05-11T15:17:01.33,38.858,142.0462,44.0,3.6,-0.2733642330633131,0.95954834665561
2011-04-30T18:07:07.81,38.8002,142.0593,43.6,3.7,2011-05-28T22:09:32.05,38.804,142.1485,50.0,3.7,0.8600658593505517,0.958423084286039
2011-04-30T18:07:07.81,38.8002,142.0593,43.6,3.7,2011-06-15T06:07:44.63,38.7532,142.2196,9.3,3.6,5.544303066443752,0.9272238038937932
2011-04-30T18:07:07.81,38.8002,142.0593,43.6,3.7,2011-07-07T16:10:06.26,38.8635,142.0036,46.0,3.6,-0.4963997458260764,0.9622981618948958
2011-04-30T18:07:07.81,38.8002,142.0593,43.6,3.7,2011-07-26T14:34:44.69,38.807,142.0519,51.0,3.6,0.1542940028285604,0.9621627082995364
2011-04-30T18:07:07.81,38.8002,142.0593,43.6,3.7,2011-08-16T12:36:05.28,38.822,142.1504,29.2,3.5,1.7507245174732624,0.9567052095348916
2011-04-30T18:07:07.81,38.8002,142.0593,43.6,3.7,2011-09-11T15:14:22.05,38.8149,142.0422,51.0,3.6,0.2385353137603671,0.9542182335570172
2011-04-30T18:07:07.81,38.8002,142.0593,43.6,3.7,2011-10-08T09:55:34.19,38.852,142.0983,42.9,3.6,0.2335950946719814,0.9592543520655686
2011-04-30T18:07:07.81,38.8002,142.0593,43.6,3.7,2011-11-13T13:31:00.82,38.8403,142.0992,31.4,3.6,0.6057500453666371,0.9656197638564186
2011-04-30T18:07:07.81,38.8002,142.0593,43.6,3.7,2012-03-25T00:16:13.7,38.85,142.06,46.0,3.5,-0.1280130128335754,0.949543033815296
2011-04-30T18:07:07.81,38.8002,142.0593,43.6,3.7,2012-05-12T17:14:39.98,38.8345,142.0632,44.3,3.5,0.0862562182982271,0.942286740189099
2011-04-30T18:08:46.55,39.9323,143.5636,6.0,4.3,2011-09-14T01:09:13.64,39.8376,143.6992,6.0,4.3,0.3360824861186002,0.9114950112197594
2011-05-01T01:27:44.62,35.8962,140.9588,31.6,4.5,2012-01-05T20:55:47.41,35.8821,140.9612,47.9,4.5,-1.8303991700781648,0.9940333138048888
2011-05-01T06:12:21.17,36.6952,142.244,26.2,4.1,2011-07-10T19:16:33.69,36.7152,142.2603,11.5,4.3,2.31175978211902,0.961000243007352
2011-05-01T06:12:21.17,36.6952,142.244,26.2,4.1,2012-02-13T16:55:08.37,36.6807,142.3703,2.5,4.4,3.772727452969796,0.9426299892477398
2011-05-01T10:22:40.66,35.9031,140.7592,32.5,4.4,2011-12-25T17:41:37.8,35.9437,140.893,43.6,4.5,-0.8021529936505065,0.9575921719154578
2011-05-02T21:25:49.66,40.0658,142.6678,38.4,5.1,2011-12-20T06:26:21.37,40.1023,142.7107,41.7,5.0,-0.3525161086762443,0.9851538165266324
2011-05-03T06:20:54.44,36.387,142.7469,15.0,3.6,2011-08-13T09:09:31.73,36.4126,142.779,29.0,3.5,-1.689529024524472,0.9753980526486372
2011-05-03T06:20:54.44,36.387,142.7469,15.0,3.6,2012-03-12T07:07:45.7,36.4411,142.6338,15.0,3.6,-0.6515845541135719,0.9632385631166752
2011-05-03T11:44:08.76,37.4845,141.48,57.5,4.3,2011-08-25T19:12:34.4,37.4848,141.5242,43.9,4.1,1.0340563591639136,0.921657007820728
2011-05-03T11:44:08.76,37.4845,141.48,57.5,4.3,2012-01-01T12:06:40.45,37.5045,141.5147,41.3,3.5,1.178554749702537,0.9126691989059456
2011-05-03T11:44:08.76,37.4845,141.48,57.5,4.3,2012-04-20T01:34:07.44,37.5052,141.4787,45.8,3.9,0.7854070727648513,0.9436496314071764
2011-05-03T22:01:30.06,38.337,142.0704,42.3,4.2,2011-05-07T14:25:39.99,38.2698,142.0394,25.7,4.0,1.8794865688701488,0.9149214960246976
2011-05-03T23:58:07.59,36.9095,141.5524,33.0,4.1,2011-08-23T14:56:21.5,36.7614,141.6951,25.9,3.9,2.655006122024076,0.9503012392203825
2011-05-04T09:30:31.86,39.4403,143.6121,28.1,4.2,2011-08-02T15:34:50.38,39.3265,144.0444,11.0,4.3,4.551107642572156,0.947950676581251
2011-05-04T09:30:31.86,39.4403,143.6121,28.1,4.2,2012-03-13T18:39:24.26,39.4741,143.7591,11.0,4.0,1.928377329794001,0.9299355215208096
2011-05-04T12:12:16.8,37.38,142.28,8.0,3.5,2011-05-04T12:14:20.76,37.3491,142.2623,21.0,3.6,-2.105649770839406,0.9196971514101202
2011-05-04T13:18:49.37,38.9089,142.0262,44.0,4.2,2011-10-28T02:06:46.92,38.8556,142.001,55.0,3.9,-0.974707429972353,0.9105626207300764
2011-05-04T21:13:44.3,38.1706,141.7982,44.8,3.9,2011-08-13T05:15:06.59,38.1686,141.8185,42.7,3.8,-0.1670423529301108,0.9701520030379522
2011-05-04T21:13:44.3,38.1706,141.7982,44.8,3.9,2011-11-16T08:34:00.54,38.1787,141.7783,44.0,3.5,-0.1870509242897086,0.9656609322542224
2011-05-05T02:09:21.58,36.9824,142.3342,10.5,4.2,2011-08-12T19:01:20.3,37.0217,142.2011,37.8,3.9,-4.732354892359428,0.9927659897319074
2011-05-05T04:28:54.41,35.8783,140.9333,46.3,3.6,2012-01-09T09:23:29.94,35.8873,140.9177,30.9,3.6,0.7421424768149135,0.9769238722825376
2011-05-05T04:35:57.41,34.8002,142.9713,0.6,4.2,2011-05-28T01:39:19.53,34.7441,142.836,35.0,3.9,-6.364453574638702,0.9423410622526726
2011-05-05T06:07:25.09,37.4704,143.6089,35.0,3.5,2011-05-05T06:10:09.27,37.5128,143.4212,54.1,3.5,-1.7995631681661886,0.9055794488178432
2011-05-05T11:02:10.47,36.9426,141.2762,41.0,3.9,2011-06-29T14:19:34.05,36.9621,141.1264,46.4,3.9,-1.4146801111502805,0.9936982438621668
2011-05-05T11:02:10.47,36.9426,141.2762,41.0,3.9,2011-09-29T18:29:59.67,36.9597,141.1662,48.5,3.9,-0.3349939266233661,0.985994203437276
2011-05-05T11:02:10.47,36.9426,141.2762,41.0,3.9,2011-12-31T05:48:40.29,36.9568,141.1628,45.2,3.7,-0.804974813099744,0.9858214039827728
2011-05-05T13:23:39.35,38.8845,142.0132,49.0,3.9,2012-04-17T08:51:44.57,38.9087,142.0315,46.8,3.8,-0.4818700294713314,0.9312041520851392
2011-05-05T20:10:56.14,36.6316,142.1721,1.3,4.1,2011-12-18T21:50:43.97,36.7521,142.0872,35.0,3.6,-5.985430450437573,0.9265629667373364
2011-05-05T20:15:10.41,36.7282,142.3,15.0,4.2,2011-06-10T18:33:23.56,36.817,142.1446,28.3,4.7,-2.0889163898128387,0.9180606241549912
2011-05-05T20:15:10.41,36.7282,142.3,15.0,4.2,2011-09-10T06:21:40.26,36.7413,142.3261,19.0,4.5,-0.6198443699182349,0.9619299516926484
2011-05-05T20:15:10.41,36.7282,142.3,15.0,4.2,2012-03-09T05:31:48.78,36.8324,142.1271,28.8,4.7,-2.482321510742339,0.9346908697510716
2011-05-05T22:20:02.14,39.1083,142.9893,37.7,3.9,2011-07-03T21:47:23.04,39.0857,143.1583,27.5,3.8,3.100084069019043,0.9730691831946968
2011-05-05T22:20:02.14,39.1083,142.9893,37.7,3.9,2011-12-01T13:53:36.95,39.1198,142.8744,9.8,4.2,3.208547272258441,0.981695300345537
2011-05-06T06:43:53.27,38.3565,142.1262,22.0,4.2,2011-06-05T21:37:47.27,38.342,142.2465,4.3,3.6,1.7269048296916707,0.9022282965989472
2011-05-06T11:26:18.66,38.144,141.8624,37.5,3.7,2011-12-17T09:15:19.98,38.1721,141.7673,52.7,3.7,-1.5750598551592083,0.98632070917407
2011-05-06T23:24:52.73,35.4453,141.6749,25.0,3.8,2011-07-18T12:37:10.7,35.5103,141.7596,10.8,3.8,2.300658706078728,0.9942037864752976
2011-05-07T02:57:00.33,38.2847,141.9914,40.5,3.7,2012-01-18T14:11:23.96,38.2837,142.0295,35.8,3.7,0.0284767047834877,0.9809306249665092
2011-05-07T19:56:25.7,36.1235,141.927,23.0,3.9,2012-03-28T05:14:01.39,36.0276,141.9574,23.0,3.9,0.3112241274994319,0.9801200913082302
2011-05-07T22:45:35.64,39.5359,143.445,11.0,4.3,2012-03-09T17:16:09.25,39.5029,143.3196,11.0,4.4,-0.4965394359994819,0.965900528790631
2011-05-08T04:53:42.49,37.039,141.0768,50.8,4.4,2011-06-24T14:46:53.15,37.0139,141.1132,50.9,4.3,0.4263412510040901,0.9908562932711872
2011-05-09T00:05:43.65,36.5153,142.0594,19.0,3.9,2011-06-25T07:44:44.69,36.6811,141.985,19.0,3.8,-1.022531760778547,0.9937229401886296
2011-05-09T00:05:43.65,36.5153,142.0594,19.0,3.9,2012-01-24T21:59:20.71,36.578,141.9476,19.0,3.7,-1.019481500984453,0.980057251289606
2011-05-09T14:53:26.08,36.1407,141.9416,23.0,3.5,2011-10-06T12:30:21.06,36.1524,141.9604,23.0,3.6,-0.1659532625446595,0.988978620840642
2011-05-10T05:40:32.59,37.6111,141.5169,48.3,4.0,2011-08-14T05:14:46.45,37.5975,141.5622,52.6,3.8,0.3642495365228068,0.9888221575192392
2011-05-10T05:40:32.59,37.6111,141.5169,48.3,4.0,2011-12-03T21:04:06.2,37.6057,141.5522,49.1,3.6,0.3515717230399934,0.9927654289499166
2011-05-10T16:12:36.33,36.6892,142.0545,25.8,4.3,2011-07-29T18:27:47.13,36.699,141.94,24.8,4.7,-0.2039921492387362,0.970189431515344
2011-05-10T16:12:36.33,36.6892,142.0545,25.8,4.3,2012-01-11T01:33:38.03,36.6519,142.0174,24.2,4.3,-0.0906344984370408,0.9401555846805224
2011-05-10T19:58:10.22,38.886,141.9967,52.2,4.0,2011-06-15T12:48:26.66,38.8691,142.0062,54.3,4.0,-0.4104078480333765,0.9576445066277652
2011-05-10T19:58:10.22,38.886,141.9967,52.2,4.0,2011-07-16T13:23:02.88,38.8939,141.9747,50.4,4.0,-0.2324130889890329,0.9302170542811542
2011-05-10T19:58:10.22,38.886,141.9967,52.2,4.0,2011-08-25T23:34:08.83,38.8431,142.0464,46.1,3.9,0.5200762917470767,0.980092338954731
2011-05-10T19:58:10.22,38.886,141.9967,52.2,4.0,2011-11-11T07:52:11.62,38.9187,141.9048,50.1,3.9,-1.100466695164615,0.9617746669666152
2011-05-10T19:58:10.22,38.886,141.9967,52.2,4.0,2011-12-30T19:11:32.91,38.8454,141.9692,51.0,3.8,-0.0911058651363535,0.991544643952375
2011-05-10T19:58:10.22,38.886,141.9967,52.2,4.0,2012-03-03T13:26:18.41,38.8307,142.1137,48.1,3.9,0.3098547992611494,0.987415005612618
2011-05-10T19:58:10.22,38.886,141.9967,52.2,4.0,2012-05-03T07:15:45.5,38.888,141.9318,49.4,4.0,-0.7146424524798262,0.9807432024504632
2011-05-11T00:50:49.05,38.1672,141.7605,44.6,3.9,2011-08-18T05:34:39.63,38.1548,141.686,60.4,3.9,-1.7445081550545505,0.973767597570142
2011-05-11T15:17:01.33,38.858,142.0462,44.0,3.6,2011-05-28T22:09:32.05,38.804,142.1485,50.0,3.7,1.1338103325538154,0.9656296967112724
2011-05-11T15:17:01.33,38.858,142.0462,44.0,3.6,2011-06-15T06:07:44.63,38.7532,142.2196,9.3,3.6,5.816649197660719,0.9190418600107254
2011-05-11T15:17:01.33,38.858,142.0462,44.0,3.6,2011-07-07T16:10:06.26,38.8635,142.0036,46.0,3.6,-0.2226897258202833,0.9673381068353398
2011-05-11T15:17:01.33,38.858,142.0462,44.0,3.6,2011-07-26T14:34:44.69,38.807,142.0519,51.0,3.6,0.4279609650970422,0.9693020837778556
2011-05-11T15:17:01.33,38.858,142.0462,44.0,3.6,2011-08-16T12:36:05.28,38.822,142.1504,29.2,3.5,2.0251743309499743,0.9613230782492972
2011-05-11T15:17:01.33,38.858,142.0462,44.0,3.6,2011-09-11T15:14:22.05,38.8149,142.0422,51.0,3.6,0.5124737850812529,0.9607879209046264
2011-05-11T15:17:01.33,38.858,142.0462,44.0,3.6,2011-10-08T09:55:34.19,38.852,142.0983,42.9,3.6,0.5073793934675126,0.9685437621975728
2011-05-11T15:17:01.33,38.858,142.0462,44.0,3.6,2011-11-13T13:31:00.82,38.8403,142.0992,31.4,3.6,0.879487126381143,0.967989767033473
2011-05-11T15:17:01.33,38.858,142.0462,44.0,3.6,2011-12-20T02:13:17.48,38.8263,142.0479,51.0,3.6,0.1843815154933853,0.9040234266743932
2011-05-11T15:17:01.33,38.858,142.0462,44.0,3.6,2012-03-25T00:16:13.7,38.85,142.06,46.0,3.5,0.1463954580656072,0.9563244386573976
2011-05-11T15:17:01.33,38.858,142.0462,44.0,3.6,2012-05-12T17:14:39.98,38.8345,142.0632,44.3,3.5,0.3601339958733032,0.9506856334369364
2011-05-11T18:21:47.54,38.5256,141.8706,52.3,4.6,2011-09-20T20:59:04.21,38.5593,141.8434,52.3,4.8,-0.4264506044174063,0.9380686983699904
2011-05-11T18:21:47.54,38.5256,141.8706,52.3,4.6,2012-03-08T03:23:28.39,38.5739,141.8401,55.7,4.8,-0.7808010414371649,0.9332979919352704
2011-05-11T22:31:44.52,38.6272,144.7429,35.0,3.7,2012-05-27T02:31:38.42,38.5711,144.7348,29.0,3.7,0.6113065949500673,0.990562657332668
2011-05-12T20:03:04.68,38.8086,142.026,51.0,3.8,2011-06-24T01:21:44.96,38.8818,142.1235,51.0,3.6,0.1474565728345842,0.977045775743152
2011-05-12T20:03:04.68,38.8086,142.026,51.0,3.8,2011-07-31T08:28:53.47,38.8579,142.1698,41.8,3.8,0.5772042324649901,0.990766804729694
2011-05-12T20:03:04.68,38.8086,142.026,51.0,3.8,2011-11-10T05:49:23.88,38.8235,142.1085,41.4,3.5,0.7329146778089122,0.956736435472564
2011-05-12T20:24:34.86,38.5966,142.0721,44.7,3.8,2011-06-22T10:16:01.56,38.589,141.9754,47.6,3.9,-0.8605169804343906,0.9377804292159414
2011-05-12T20:24:34.86,38.5966,142.0721,44.7,3.8,2011-07-10T02:21:58.75,38.6517,142.0206,44.6,3.7,-1.074850129423086,0.9565176488903584
2011-05-12T20:24:34.86,38.5966,142.0721,44.7,3.8,2011-09-23T13:08:58.84,38.6058,142.0237,44.2,3.8,-1.239364961685132,0.9825578191601946
2011-05-12T20:24:34.86,38.5966,142.0721,44.7,3.8,2011-11-27T22:25:37.34,38.6361,141.9849,47.3,3.8,-1.4152076524814232,0.9745513236314118
2011-05-12T20:24:34.86,38.5966,142.0721,44.7,3.8,2011-12-31T10:29:00.61,38.6187,142.1108,42.2,3.8,-0.2936808355130388,0.9793950121028784
2011-05-12T20:24:34.86,38.5966,142.0721,44.7,3.8,2012-02-05T12:44:57.46,38.603,142.0346,45.6,3.9,-0.7978061067018691,0.9871221381971071
2011-05-12T20:24:34.86,38.5966,142.0721,44.7,3.8,2012-03-14T13:28:08.53,38.6288,141.9903,46.5,3.9,-0.8949017420483946,0.9785422719816482
2011-05-12T20:24:34.86,38.5966,142.0721,44.7,3.8,2012-05-01T22:07:48.82,38.6343,142.0099,45.2,3.6,-1.1188484139732668,0.9850840460759354
2011-05-13T02:29:48.83,38.6843,142.0775,41.0,3.9,2011-09-11T09:22:06.35,38.6294,142.1295,13.2,3.5,4.079781577217394,0.9709447977927832
2011-05-14T16:45:10.52,38.8205,142.1012,43.7,3.9,2011-06-15T15:36:32.64,38.8184,142.1405,46.5,3.8,-0.3998799275709424,0.948969712906185
2011-05-14T16:45:10.52,38.8205,142.1012,43.7,3.9,2011-07-22T09:03:08.45,38.8735,142.0398,51.0,3.8,-1.584598385305818,0.9596802801177012
2011-05-14T16:45:10.52,38.8205,142.1012,43.7,3.9,2011-08-21T19:42:35.24,38.8174,142.1138,48.2,3.9,-0.1505390432946104,0.9511215070271484
2011-05-14T16:45:10.52,38.8205,142.1012,43.7,3.9,2011-11-11T17:24:20.31,38.8512,142.0722,43.8,4.0,-0.6389860996406341,0.9535860346035212
2011-05-14T16:45:10.52,38.8205,142.1012,43.7,3.9,2012-01-15T10:36:46.71,38.8009,142.1518,43.2,3.8,-0.0418874207991791,0.9542301986038736
2011-05-14T16:45:10.52,38.8205,142.1012,43.7,3.9,2012-03-30T03:37:07.2,38.8322,142.084,47.3,3.7,-0.6452476061073464,0.9472603319268864
2011-05-15T04:39:27.12,34.9915,142.9161,35.0,3.5,2011-05-15T04:49:59.52,34.9571,142.9063,35.0,3.5,-0.3071510149560265,0.936233623001155
2011-05-15T04:39:27.12,34.9915,142.9161,35.0,3.5,2011-06-13T16:39:54.14,34.8842,142.8007,35.0,3.5,-1.700052595740185,0.9272485632382128
2011-05-15T04:49:59.52,34.9571,142.9063,35.0,3.5,2011-06-13T16:39:54.14,34.8842,142.8007,35.0,3.5,-1.3895038530163375,0.944102496090642
2011-05-16T21:51:58.91,36.7538,142.1151,19.0,3.8,2011-09-09T10:49:12.71,36.6779,142.2541,15.0,4.0,0.770674205610077,0.9908825929724312
2011-05-17T04:54:48.5,39.2989,142.2648,42.8,3.9,2011-07-05T02:00:48.12,39.2216,142.3432,28.8,3.8,2.3745680276829497,0.9609471973874676
2011-05-17T04:54:48.5,39.2989,142.2648,42.8,3.9,2011-09-10T10:01:08.36,39.2427,142.4243,31.4,3.9,2.385453042114847,0.9639164259103796
2011-05-17T04:54:48.5,39.2989,142.2648,42.8,3.9,2011-12-02T04:02:36.45,39.2897,142.3022,38.4,3.8,0.5636461281406004,0.9339475217460758
2011-05-17T04:54:48.5,39.2989,142.2648,42.8,3.9,2012-03-18T05:55:47.63,39.2806,142.4531,28.0,3.7,3.358064420396501,0.946295524831597
2011-05-17T06:47:10.92,36.7415,142.1763,19.0,3.6,2011-06-21T17:49:31.52,36.6742,142.3134,15.0,3.5,1.3731043131391651,0.9886615074814618
2011-05-17T06:47:10.92,36.7415,142.1763,19.0,3.6,2011-08-12T17:56:32.96,36.7205,142.3465,15.0,3.9,0.8204656831768453,0.9687865935470183
2011-05-17T08:49:17.15,39.8955,142.2056,45.5,3.5,2011-06-24T23:52:15.7,39.936,142.2791,44.0,3.7,0.5624803318816366,0.9094366576709152
2011-05-17T08:49:17.15,39.8955,142.2056,45.5,3.5,2011-07-24T06:36:10.06,40.0227,142.5642,10.3,3.7,5.914432878398032,0.9284650498031488
2011-05-17T08:49:17.15,39.8955,142.2056,45.5,3.5,2011-09-13T13:04:26.6,39.9059,142.3287,42.9,3.7,0.6587105079846106,0.9377681903041588
2011-05-17T18:35:13.57,39.754,141.8275,59.2,3.5,2011-12-18T00:04:26.1,39.7502,141.8136,54.0,3.5,-0.5497804149908263,0.9345009792545732
2011-05-18T11:16:37.5,38.3495,142.1846,6.5,4.0,2011-06-04T00:40:26.55,38.3682,142.2151,16.1,3.9,-2.1099424949471866,0.956877796453862
2011-05-19T14:01:45.84,38.5656,141.9498,45.0,3.8,2011-07-08T04:51:33.9,38.62,141.91,48.0,3.7,-0.5174941195903762,0.9743125634867336
2011-05-19T14:01:45.84,38.5656,141.9498,45.0,3.8,2011-10-18T09:06:01.09,38.6007,142.0317,47.6,4.1,0.3145209333856751,0.9391100529930672
2011-05-19T14:01:45.84,38.5656,141.9498,45.0,3.8,2011-12-02T08:58:45.26,38.5951,141.9711,41.4,3.8,-0.209782139259499,0.942668621972062
2011-05-19T14:01:45.84,38.5656,141.9498,45.0,3.8,2012-01-18T08:55:38.94,38.6071,142.0718,43.8,4.3,0.6805656385781612,0.9104830444911398
2011-05-19T14:01:45.84,38.5656,141.9498,45.0,3.8,2012-03-21T18:25:03.96,38.5578,142.061,46.7,4.0,0.428291691856121,0.9417229655778356
2011-05-20T03:50:17.88,37.0434,141.3391,38.9,3.9,2011-08-23T20:04:45.98,37.0178,141.3806,44.8,3.9,0.1666212824053226,0.925304291985395
2011-05-20T03:50:17.88,37.0434,141.3391,38.9,3.9,2012-01-24T08:07:43.8,37.0524,141.3215,40.8,4.0,-0.6217433059610801,0.9604508256538692
2011-05-20T03:50:17.88,37.0434,141.3391,38.9,3.9,2012-05-08T05:43:17.23,37.1048,141.2982,54.9,4.1,-1.443877248055084,0.973992021331579
2011-05-20T11:42:15.8,38.1607,141.8013,47.5,3.9,2011-09-16T21:42:36.11,38.1609,141.7852,47.4,4.1,-0.328561868881791,0.9833436608940964
2011-05-20T22:10:53.74,35.9959,141.8726,23.6,4.5,2011-08-22T12:11:24.97,36.01,141.8653,23.0,4.5,0.1908330109277184,0.9854512201420084
2011-05-21T08:51:45.98,35.9411,140.4323,50.0,3.6,2011-10-31T01:31:40.43,35.9959,140.3574,57.6,3.5,-1.4498918840214212,0.9600336285709604
2011-05-22T08:33:40.92,39.212,142.8443,34.7,4.7,2012-02-10T00:38:36.37,39.1914,142.8456,43.5,4.1,-0.5642769945465538,0.9066528593277956
2011-05-23T10:37:47.29,37.001,141.2753,39.9,3.9,2011-06-18T09:12:49.52,36.9695,141.2248,48.6,4.0,-0.7818201750496542,0.9282863321783784
2011-05-23T10:37:47.29,37.001,141.2753,39.9,3.9,2012-03-01T14:49:53.72,37.0457,141.1883,49.1,4.1,-0.9703270272172804,0.9729315905265562
2011-05-23T21:33:04.44,38.6129,144.7158,35.0,3.6,2011-10-18T06:35:21.48,38.6168,144.716,29.0,3.9,0.2367704617580507,0.9016790357599636
2011-05-23T21:55:27.53,38.5093,141.8342,51.1,3.8,2011-07-13T19:35:41.9,38.4864,141.8268,53.8,3.8,0.3631722764550952,0.9880132499240848
2011-05-23T21:55:27.53,38.5093,141.8342,51.1,3.8,2011-08-30T12:46:15.86,38.5099,141.8259,52.3,3.7,-0.156426976069535,0.9850287661039092
2011-05-23T21:55:27.53,38.5093,141.8342,51.1,3.8,2011-10-23T16:32:10.98,38.5134,141.819,51.8,3.9,-0.0554052450072056,0.9134828729787074
2011-05-23T21:55:27.53,38.5093,141.8342,51.1,3.8,2011-11-01T15:26:40.6,38.54,141.72,54.0,3.7,-0.671757205973828,0.9941451412849612
2011-05-23T21:55:27.53,38.5093,141.8342,51.1,3.8,2011-12-26T22:28:50.84,38.5167,141.7922,52.6,3.7,0.049341821745235,0.9889339123359754
2011-05-23T21:55:27.53,38.5093,141.8342,51.1,3.8,2012-02-22T11:03:23.44,38.5226,141.8087,48.2,3.6,-0.0348514696432534,0.9851545908601792
2011-05-23T21:55:27.53,38.5093,141.8342,51.1,3.8,2012-05-11T16:36:38.53,38.5256,141.8349,47.9,3.8,0.1387128481609722,0.990690939420562
2011-05-23T23:56:38.85,36.0546,141.2386,16.2,3.9,2011-06-07T10:06:40.47,35.9859,141.2932,26.0,3.8,0.1203361147677322,0.9396175093574952
2011-05-24T08:12:59.08,35.9488,142.1145,23.0,3.7,2011-08-22T11:29:14.34,36.0757,142.0187,23.0,3.8,-0.8750948486159884,0.9840317992584988
2011-05-24T08:12:59.08,35.9488,142.1145,23.0,3.7,2011-11-16T22:21:54.86,36.0674,142.0263,23.0,3.6,-1.1472749931830444,0.9914343725430924
2011-05-24T12:12:56.6,37.83,142.6,26.0,3.8,2011-05-24T21:41:55.76,37.878,142.658,14.0,4.1,0.0275744626420377,0.9217486164190491
2011-05-24T18:33:38.42,36.338,142.6923,15.0,3.7,2011-08-29T14:19:59.84,36.3504,142.7004,15.0,3.8,0.2853927747982623,0.9948407472787856
2011-05-24T18:33:38.42,36.338,142.6923,15.0,3.7,2012-04-08T17:42:48.15,36.3198,142.6747,15.0,3.9,-0.3010289648780005,0.9894343698015992
2011-05-25T00:19:14.41,35.8582,140.2012,58.7,4.5,2011-11-03T10:34:28.3,35.8745,140.1177,69.7,4.9,-1.002391876931281,0.951229578060094
2011-05-25T17:27:35.34,39.7662,142.3942,39.1,3.8,2011-07-20T20:31:01.68,39.756,142.3972,44.3,3.7,-0.8327477632826662,0.9775331533452788
2011-05-25T17:27:35.34,39.7662,142.3942,39.1,3.8,2011-10-01T02:29:50.03,39.7213,142.2646,44.6,3.9,-1.3033222734334742,0.9654294068644812
2011-05-25T17:27:35.34,39.7662,142.3942,39.1,3.8,2012-01-05T09:02:44.69,39.7846,142.5381,22.8,3.7,2.1236438149124024,0.9339647117823252
2011-05-26T06:57:34.44,39.6139,142.1138,49.3,4.1,2011-10-23T18:58:35.13,39.6388,142.2386,53.5,4.2,0.2265550111356367,0.9812266669030506
2011-05-26T06:57:34.44,39.6139,142.1138,49.3,4.1,2012-05-15T00:09:06.0,39.6457,142.1157,47.0,4.0,0.2718772676476836,0.9904338911416198
2011-05-26T23:34:46.27,37.0617,141.2807,19.0,4.3,2011-07-18T10:26:11.4,37.09,141.36,25.0,3.5,1.1566057712114646,0.9029763016786336
2011-05-27T08:51:47.3,36.9449,141.2819,39.6,3.5,2011-07-14T15:04:16.4,36.94,141.09,50.0,3.5,-1.2762935231807886,0.9647105300594784
2011-05-28T02:13:59.46,36.4496,140.6651,53.7,4.4,2011-07-16T08:56:38.64,36.4718,140.673,56.1,3.9,-0.4212215578425859,0.9146489789796328
2011-05-28T02:13:59.46,36.4496,140.6651,53.7,4.4,2012-02-25T14:26:58.14,36.4923,140.5403,55.3,3.7,-1.0884852286490854,0.9053519175446894
2011-05-28T08:36:11.07,36.7555,141.792,19.0,3.7,2011-07-27T19:10:30.7,36.74,141.81,45.0,3.5,-0.7899347392245274,0.9808588659916604
2011-05-28T08:36:11.07,36.7555,141.792,19.0,3.7,2011-09-12T05:17:01.53,36.7224,141.6241,26.0,3.9,-0.8494366065863939,0.9182100435962476
2011-05-28T08:36:11.07,36.7555,141.792,19.0,3.7,2011-11-02T19:50:18.2,36.7892,141.8547,19.0,3.6,-0.3893840443152899,0.9954784970832932
2011-05-28T10:01:57.6,36.3273,142.2313,22.6,4.2,2012-02-28T04:51:04.81,36.3092,142.1839,23.2,4.4,-0.0385149570030471,0.9579623949528364
2011-05-28T21:04:01.43,37.3215,141.5245,42.9,3.9,2011-08-22T04:21:13.2,37.34,141.35,47.0,3.5,-1.1208385214684065,0.9798455686492704
2011-05-28T22:09:32.05,38.804,142.1485,50.0,3.7,2011-06-15T06:07:44.63,38.7532,142.2196,9.3,3.6,4.682713054558609,0.9288712607327024
2011-05-28T22:09:32.05,38.804,142.1485,50.0,3.7,2011-07-07T16:10:06.26,38.8635,142.0036,46.0,3.6,-1.3565568423691043,0.9636339898152476
2011-05-28T22:09:32.05,38.804,142.1485,50.0,3.7,2011-07-26T14:34:44.69,38.807,142.0519,51.0,3.6,-0.7059963926907176,0.9722570869939476
2011-05-28T22:09:32.05,38.804,142.1485,50.0,3.7,2011-08-16T12:36:05.28,38.822,142.1504,29.2,3.5,0.8907171378673232,0.9652832226930926
2011-05-28T22:09:32.05,38.804,142.1485,50.0,3.7,2011-09-11T15:14:22.05,38.8149,142.0422,51.0,3.6,-0.6217726555825519,0.9631516777752456
2011-05-28T22:09:32.05,38.804,142.1485,50.0,3.7,2011-10-08T09:55:34.19,38.852,142.0983,42.9,3.6,-0.6264688240304943,0.9625391594458824
2011-05-28T22:09:32.05,38.804,142.1485,50.0,3.7,2011-11-13T13:31:00.82,38.8403,142.0992,31.4,3.6,-0.2543206938838121,0.9710591535485033
2011-05-28T22:09:32.05,38.804,142.1485,50.0,3.7,2012-03-25T00:16:13.7,38.85,142.06,46.0,3.5,-0.988174686799872,0.9514300930457515
2011-05-28T22:09:32.05,38.804,142.1485,50.0,3.7,2012-05-12T17:14:39.98,38.8345,142.0632,44.3,3.5,-0.773837106108587,0.9532205653314764
2011-05-29T00:03:06.74,39.8076,142.4017,31.6,4.1,2011-08-03T23:51:51.25,39.7277,142.5954,39.2,4.1,0.4506927487214557,0.984279480993438
2011-05-29T03:12:18.43,38.1686,141.7503,45.3,3.8,2011-10-22T08:57:37.69,38.1782,141.7948,46.2,3.9,-0.078313198633043,0.9169668010874772
2011-05-29T18:54:58.03,37.058,142.5165,9.0,3.6,2011-08-06T23:40:45.47,37.0441,142.5111,9.0,3.8,0.5457616603609325,0.9896264158542812
2011-05-29T18:54:58.03,37.058,142.5165,9.0,3.6,2011-10-25T10:44:29.51,37.0576,142.732,9.0,3.6,1.9167935150819089,0.9805582362355546
2011-05-29T18:54:58.03,37.058,142.5165,9.0,3.6,2012-04-28T04:11:15.73,37.0257,142.6561,9.0,3.6,1.8335248382092475,0.9864118025345776
2011-05-31T11:26:39.05,36.5112,142.4834,26.3,4.1,2011-09-05T19:49:14.91,36.471,142.6035,23.4,4.6,0.6830881433620608,0.9703418446032672
2011-05-31T17:15:16.94,38.8977,141.9995,44.6,4.1,2011-10-28T02:06:46.92,38.8556,142.001,55.0,3.9,-0.9727487257387906,0.9108185619116478
2011-06-01T04:00:05.55,36.7836,141.8735,29.4,4.5,2011-09-11T22:30:41.61,36.7306,142.1349,19.0,4.4,2.3680835081807654,0.9548182863574722
2011-06-01T04:00:05.55,36.7836,141.8735,29.4,4.5,2012-04-30T16:53:14.18,36.7106,142.2001,19.0,4.2,3.051147505943133,0.9147420542230532
2011-06-01T18:37:00.04,39.6913,142.3154,43.8,4.3,2011-09-15T14:25:08.65,39.7206,142.3578,48.0,4.1,0.3007491035410121,0.9899529252512498
2011-06-01T18:37:00.04,39.6913,142.3154,43.8,4.3,2012-03-03T20:45:40.28,39.7215,142.2423,45.4,3.5,-0.3297267532929617,0.9195273246597464
2011-06-01T22:17:05.6,38.7,142.24,38.0,3.7,2012-01-17T18:01:22.46,38.6844,142.3324,31.9,3.9,0.6035310022299342,0.9293627958910124
2011-06-02T00:05:59.25,36.0901,142.137,2.4,3.8,2012-01-07T21:30:09.91,36.0791,142.0999,23.4,4.2,-3.598337454129472,0.9449850229589646
2011-06-02T11:22:37.99,39.1101,142.2179,29.1,3.9,2011-06-02T11:26:42.94,39.065,142.3514,21.2,3.9,1.8255932770646832,0.9138315219261196
2011-06-05T04:52:04.47,39.862,143.5603,6.0,4.4,2011-10-31T14:09:22.59,39.8719,143.7088,6.0,4.3,0.2446892781256021,0.9343546703312188
2011-06-06T22:54:37.28,37.5855,143.7426,35.0,3.7,2011-06-06T23:19:21.6,37.6,143.6,46.0,3.6,0.1685766826449466,0.9012502656380854
2011-06-06T23:58:24.67,36.6638,142.3815,15.0,3.6,2011-06-07T00:06:50.92,36.7113,142.3545,10.0,3.6,0.2110956297784743,0.9722480859760758
2011-06-06T23:58:24.67,36.6638,142.3815,15.0,3.6,2011-08-12T23:30:40.3,36.71,142.4,14.0,3.6,1.1499926394230484,0.9902076942734568
2011-06-06T23:58:24.67,36.6638,142.3815,15.0,3.6,2011-08-12T23:36:48.6,36.71,142.43,12.0,3.5,1.5124854608417675,0.9745808639310434
2011-06-07T00:06:50.92,36.7113,142.3545,10.0,3.6,2011-08-12T23:30:40.3,36.71,142.4,14.0,3.6,0.9378857365896064,0.9683478866624567
2011-06-07T00:06:50.92,36.7113,142.3545,10.0,3.6,2011-08-12T23:36:48.6,36.71,142.43,12.0,3.5,1.3009943094227947,0.9919638094508249
2011-06-07T03:52:28.66,40.1994,143.4312,16.0,4.4,2011-09-16T20:20:46.77,40.1726,143.4586,15.4,4.3,0.301969265037538,0.9169060743293076
2011-06-07T09:22:20.56,36.9099,140.6516,9.6,3.5,2011-06-18T00:17:44.4,36.91,140.67,7.0,3.5,0.0778788289718107,0.9457370493272012
2011-06-07T18:30:41.39,38.5855,142.0409,45.5,3.8,2012-03-02T21:16:17.5,38.62,141.91,48.0,3.7,-0.7716376364274213,0.9647953418376048
2011-06-09T20:51:26.5,36.2601,141.5345,38.4,4.5,2011-09-15T20:36:02.47,36.2366,141.5414,26.9,4.6,1.177934715132954,0.9693687198328044
2011-06-10T13:39:45.07,38.6012,141.8984,53.6,4.4,2012-01-18T08:55:38.94,38.6071,142.0718,43.8,4.3,1.419713550167132,0.9103669454754688
2011-06-10T18:33:23.56,36.817,142.1446,28.3,4.7,2011-09-10T06:21:40.26,36.7413,142.3261,19.0,4.5,1.4660935385177534,0.9737381216020526
2011-06-10T18:33:23.56,36.817,142.1446,28.3,4.7,2012-03-09T05:31:48.78,36.8324,142.1271,28.8,4.7,-0.3873044964970906,0.9473901174336798
2011-06-13T00:25:29.27,39.9333,143.51,29.8,4.5,2012-04-10T23:16:14.76,39.9168,143.5588,23.5,4.5,1.4398738481849802,0.9783530117802254
2011-06-13T02:55:29.92,39.8075,143.4227,29.9,4.3,2011-10-31T05:17:14.12,39.7897,143.332,25.4,4.2,-0.5533200751179322,0.962668995458959
2011-06-13T11:39:23.68,36.736,142.0525,19.0,4.3,2011-10-20T12:51:50.75,36.718,142.0932,8.1,4.4,1.589819755687173,0.9944795854023268
2011-06-13T16:49:48.27,36.6455,142.0625,29.8,4.7,2012-01-12T15:26:28.22,36.6827,142.0301,25.5,4.7,0.1025021294341316,0.9904336658696749
2011-06-15T05:32:37.97,37.0738,142.3608,6.1,4.2,2011-09-15T04:35:51.4,37.17,142.42,3.0,4.0,0.709908672843636,0.9942568518102438
2011-06-15T06:07:44.63,38.7532,142.2196,9.3,3.6,2011-07-07T16:10:06.26,38.8635,142.0036,46.0,3.6,-6.039389544491567,0.9271598107083296
2011-06-15T06:07:44.63,38.7532,142.2196,9.3,3.6,2011-07-26T14:34:44.69,38.807,142.0519,51.0,3.6,-5.389391871434096,0.9337026619479882
2011-06-15T06:07:44.63,38.7532,142.2196,9.3,3.6,2011-08-16T12:36:05.28,38.822,142.1504,29.2,3.5,-3.7926321988245233,0.9389541684670766
2011-06-15T06:07:44.63,38.7532,142.2196,9.3,3.6,2011-09-11T15:14:22.05,38.8149,142.0422,51.0,3.6,-5.305500729788507,0.9315222211382286
2011-06-15T06:07:44.63,38.7532,142.2196,9.3,3.6,2011-10-08T09:55:34.19,38.852,142.0983,42.9,3.6,-5.308272096594616,0.9306837353205596
2011-06-15T06:07:44.63,38.7532,142.2196,9.3,3.6,2011-11-13T13:31:00.82,38.8403,142.0992,31.4,3.6,-4.9371557874871295,0.9453502429229338
2011-06-15T06:07:44.63,38.7532,142.2196,9.3,3.6,2012-03-25T00:16:13.7,38.85,142.06,46.0,3.5,-5.6703696048676,0.9307534395907494
2011-06-15T06:07:44.63,38.7532,142.2196,9.3,3.6,2012-05-12T17:14:39.98,38.8345,142.0632,44.3,3.5,-5.455513670708703,0.9268693416434512
2011-06-15T06:22:30.33,34.7693,142.6864,42.0,3.5,2011-11-12T05:46:54.15,34.7895,142.7316,35.0,3.8,0.2506784942991488,0.9252811881231026
2011-06-15T12:48:26.66,38.8691,142.0062,54.3,4.0,2011-07-16T13:23:02.88,38.8939,141.9747,50.4,4.0,0.1865369292759385,0.9436558960084966
2011-06-15T12:48:26.66,38.8691,142.0062,54.3,4.0,2011-08-25T23:34:08.83,38.8431,142.0464,46.1,3.9,0.932196134187278,0.9830362162501104
2011-06-15T12:48:26.66,38.8691,142.0062,54.3,4.0,2011-09-28T23:13:28.8,38.9114,141.953,51.8,3.8,-0.1213451513929997,0.9573575970333728
2011-06-15T12:48:26.66,38.8691,142.0062,54.3,4.0,2011-11-11T07:52:11.62,38.9187,141.9048,50.1,3.9,-0.6873135197097433,0.9852278668267528
2011-06-15T12:48:26.66,38.8691,142.0062,54.3,4.0,2011-12-30T19:11:32.91,38.8454,141.9692,51.0,3.8,0.3198159979541866,0.9441238128344565
2011-06-15T12:48:26.66,38.8691,142.0062,54.3,4.0,2012-03-03T13:26:18.41,38.8307,142.1137,48.1,3.9,0.7239377605289823,0.9417908110123212
2011-06-15T12:48:26.66,38.8691,142.0062,54.3,4.0,2012-05-03T07:15:45.5,38.888,141.9318,49.4,4.0,-0.3058478446792787,0.9578810166156811
2011-06-15T15:36:32.64,38.8184,142.1405,46.5,3.8,2011-07-22T09:03:08.45,38.8735,142.0398,51.0,3.8,-1.185103304386773,0.9893762882664862
2011-06-15T15:36:32.64,38.8184,142.1405,46.5,3.8,2011-08-21T19:42:35.24,38.8174,142.1138,48.2,3.9,0.2493462941001124,0.9968703712129108
2011-06-15T15:36:32.64,38.8184,142.1405,46.5,3.8,2011-11-11T17:24:20.31,38.8512,142.0722,43.8,4.0,-0.2387098755812015,0.9908655109192488
2011-06-15T15:36:32.64,38.8184,142.1405,46.5,3.8,2012-01-15T10:36:46.71,38.8009,142.1518,43.2,3.8,0.3578517497233916,0.9907741845169904
2011-06-15T15:36:32.64,38.8184,142.1405,46.5,3.8,2012-03-30T03:37:07.2,38.8322,142.084,47.3,3.7,-0.2465438307723174,0.9899699794713984
2011-06-18T00:13:37.32,36.9044,141.2337,20.8,3.6,2011-09-22T05:22:32.43,36.9243,141.1779,30.5,3.5,-1.4717702818916112,0.9927475423214992
2011-06-18T00:13:37.32,36.9044,141.2337,20.8,3.6,2012-03-28T00:34:07.76,36.9287,141.1974,42.7,3.5,-2.381851917099953,0.9938782018346916
2011-06-18T04:33:22.4,36.68,140.62,12.0,3.8,2012-01-27T10:50:35.42,36.6895,140.6014,17.7,3.8,1.3909535460579252,0.9658658113168548
2011-06-18T09:12:49.52,36.9695,141.2248,48.6,4.0,2012-03-01T14:49:53.72,37.0457,141.1883,49.1,4.1,-0.1841230617376439,0.9005686524692459
2011-06-18T11:47:37.13,37.291,143.5206,35.0,3.9,2011-06-18T20:46:38.6,37.3103,143.613,35.0,3.6,1.9438385066927737,0.9004513415486971
2011-06-20T03:40:51.93,37.444,142.6592,21.0,4.0,2011-12-07T09:35:33.8,37.45,142.56,21.0,3.5,1.1980898094288306,0.9008288489164744
2011-06-20T20:26:22.74,38.058,141.9757,33.3,3.7,2011-07-14T05:48:46.43,38.1088,141.8928,51.8,3.8,-1.8355229206851769,0.9008323548284972
2011-06-20T22:26:38.85,37.0519,141.2859,42.4,3.8,2012-03-06T09:58:02.68,37.0342,141.3792,23.3,3.5,2.698704030191592,0.9917506730946593
2011-06-20T23:10:03.35,40.0865,142.4269,46.3,4.0,2012-01-24T00:26:41.12,40.1831,142.5094,48.2,4.2,0.2706498520144154,0.9177528866679932
2011-06-21T17:49:31.52,36.6742,142.3134,15.0,3.5,2011-08-12T17:56:32.96,36.7205,142.3465,15.0,3.9,-0.5521672146431298,0.9574357868717354
2011-06-21T21:22:25.46,36.2382,141.9388,27.4,3.9,2011-06-22T02:18:24.15,36.2075,142.0845,23.0,3.8,1.348057510245109,0.920783093038887
2011-06-21T21:52:40.74,38.8436,142.1299,45.1,3.9,2011-06-29T03:58:36.09,38.8764,142.0542,48.1,3.8,-0.8993130796133635,0.9036967659161718
2011-06-21T21:52:40.74,38.8436,142.1299,45.1,3.9,2011-07-24T11:02:51.32,38.8832,142.0676,45.1,3.6,-0.6296845033933947,0.9732433615781112
2011-06-21T21:52:40.74,38.8436,142.1299,45.1,3.9,2012-02-03T23:41:13.06,38.8991,142.014,54.5,3.9,-2.019910791292957,0.9150420714363526
2011-06-22T10:16:01.56,38.589,141.9754,47.6,3.9,2011-07-10T02:21:58.75,38.6517,142.0206,44.6,3.7,-0.2142019172546942,0.9653162576354548
2011-06-22T10:16:01.56,38.589,141.9754,47.6,3.9,2011-09-23T13:08:58.84,38.6058,142.0237,44.2,3.8,-0.37915514467563,0.9610617452374626
2011-06-22T10:16:01.56,38.589,141.9754,47.6,3.9,2011-11-27T22:25:37.34,38.6361,141.9849,47.3,3.8,-0.5543082070344972,0.9596166223484192
2011-06-22T10:16:01.56,38.589,141.9754,47.6,3.9,2011-12-31T10:29:00.61,38.6187,142.1108,42.2,3.8,0.5661871819515176,0.962432260208032
2011-06-22T10:16:01.56,38.589,141.9754,47.6,3.9,2012-02-05T12:44:57.46,38.603,142.0346,45.6,3.9,0.0625057904577212,0.9447669492691548
2011-06-22T10:16:01.56,38.589,141.9754,47.6,3.9,2012-03-14T13:28:08.53,38.6288,141.9903,46.5,3.9,-0.0332534842504154,0.9368952977194208
2011-06-22T10:16:01.56,38.589,141.9754,47.6,3.9,2012-05-01T22:07:48.82,38.6343,142.0099,45.2,3.6,-0.258798898087662,0.9408660635952446
2011-06-22T11:35:09.55,35.5442,141.1039,33.2,3.9,2012-02-18T00:38:37.35,35.5706,141.0473,33.0,4.2,-0.4481568784510779,0.996272857755758
2011-06-24T01:21:44.96,38.8818,142.1235,51.0,3.6,2011-07-31T08:28:53.47,38.8579,142.1698,41.8,3.8,0.430758700995743,0.9796117202403798
2011-06-24T01:21:44.96,38.8818,142.1235,51.0,3.6,2011-11-10T05:49:23.88,38.8235,142.1085,41.4,3.5,0.5850091048177967,0.9508322324847082
2011-06-24T23:52:15.7,39.936,142.2791,44.0,3.7,2011-07-24T06:36:10.06,40.0227,142.5642,10.3,3.7,5.352856138404501,0.9573699132568184
2011-06-24T23:52:15.7,39.936,142.2791,44.0,3.7,2011-09-13T13:04:26.6,39.9059,142.3287,42.9,3.7,0.097597184995742,0.9513330380220616
2011-06-24T23:52:15.7,39.936,142.2791,44.0,3.7,2011-11-22T22:35:45.03,39.9429,142.4274,28.5,3.6,1.9489941211665904,0.9048827926169702
2011-06-25T03:46:14.38,37.5643,141.7939,8.2,4.1,2011-12-13T04:48:05.46,37.6155,141.8844,3.2,3.6,0.165421510009625,0.9251381725300236
2011-06-25T07:44:44.69,36.6811,141.985,19.0,3.8,2012-01-24T21:59:20.71,36.578,141.9476,19.0,3.7,0.0016835778419987,0.9824313585232252
2011-06-25T16:29:17.72,36.0766,142.01,23.0,3.6,2012-01-15T21:16:25.21,36.0499,142.1389,23.0,3.5,0.9259199468732372,0.9142132935500176
2011-06-28T08:11:07.59,38.4024,141.9971,51.4,3.6,2011-06-29T15:59:38.9,38.44,141.84,57.0,3.9,-1.1490899197417506,0.940516993651894
2011-06-28T08:11:07.59,38.4024,141.9971,51.4,3.6,2011-07-08T13:24:19.5,38.44,141.84,56.0,3.8,-1.1786544200347588,0.9185161158201424
2011-06-28T20:13:32.68,39.0456,142.2353,40.2,3.6,2011-08-02T17:16:57.44,39.0949,142.2277,47.6,3.6,0.3111844062285077,0.9703171226650894
2011-06-28T20:13:32.68,39.0456,142.2353,40.2,3.6,2011-09-30T09:50:37.93,39.1219,142.2211,40.8,3.6,-0.44650979981626,0.9578931809458084
2011-06-28T20:13:32.68,39.0456,142.2353,40.2,3.6,2011-11-19T07:16:59.88,39.1105,142.176,44.5,3.6,-0.3453456358515119,0.9610899948019254
2011-06-28T20:13:32.68,39.0456,142.2353,40.2,3.6,2012-02-08T15:27:28.76,39.1074,142.134,40.6,3.7,-1.3421045109984588,0.9718583250237064
2011-06-29T03:58:36.09,38.8764,142.0542,48.1,3.8,2011-07-24T11:02:51.32,38.8832,142.0676,45.1,3.6,0.2686972201944128,0.9258220363894574
2011-06-29T03:58:36.09,38.8764,142.0542,48.1,3.8,2011-07-29T23:44:11.56,38.8759,141.9913,45.9,3.9,-0.2830275930801226,0.992503899806198
2011-06-29T03:58:36.09,38.8764,142.0542,48.1,3.8,2011-08-29T21:32:23.76,38.8731,142.1,46.6,3.8,0.0220179653942312,0.9887862506799208
2011-06-29T03:58:36.09,38.8764,142.0542,48.1,3.8,2011-09-23T05:41:08.56,38.8842,142.0707,45.3,3.8,-0.211158063986273,0.9906407512712568
2011-06-29T03:58:36.09,38.8764,142.0542,48.1,3.8,2011-12-03T04:16:37.87,38.887,142.0837,47.9,4.4,0.4473249209796042,0.9137717916404888
2011-06-29T03:58:36.09,38.8764,142.0542,48.1,3.8,2012-03-04T16:32:40.53,38.8621,141.9765,49.4,3.8,-0.7137338861599822,0.9775301677847494
2011-06-29T03:58:36.09,38.8764,142.0542,48.1,3.8,2012-04-13T07:40:00.05,38.8793,141.9411,47.7,3.7,-0.4669904253796889,0.9878909294126416
2011-06-29T14:19:34.05,36.9621,141.1264,46.4,3.9,2011-09-29T18:29:59.67,36.9597,141.1662,48.5,3.9,1.0798587487986946,0.9947218096306452
2011-06-29T14:19:34.05,36.9621,141.1264,46.4,3.9,2011-12-31T05:48:40.29,36.9568,141.1628,45.2,3.7,0.6101793802647582,0.9930237724063156
2011-06-29T15:59:38.9,38.44,141.84,57.0,3.9,2012-02-02T12:25:40.37,38.4049,141.8778,51.4,3.8,0.5224642175709953,0.930789719297935
2011-07-02T02:26:26.01,36.6439,142.1278,5.9,3.6,2011-09-12T01:50:03.78,36.7063,142.0973,1.4,4.0,-0.5809096577735,0.9897548287921184
2011-07-02T02:26:26.01,36.6439,142.1278,5.9,3.6,2012-05-01T01:07:55.71,36.6832,141.8521,4.9,3.6,-1.8969665934961704,0.995267501969518
2011-07-03T16:17:54.73,36.6755,142.2543,15.0,4.2,2011-11-02T10:05:00.96,36.6322,142.1434,19.0,4.2,-1.6166147428869044,0.995338500574064
2011-07-03T21:47:23.04,39.0857,143.1583,27.5,3.8,2011-12-01T13:53:36.95,39.1198,142.8744,9.8,4.2,0.108618605275657,0.9655078211712051
2011-07-05T02:00:48.12,39.2216,142.3432,28.8,3.8,2011-09-10T10:01:08.36,39.2427,142.4243,31.4,3.9,0.010963201921005,0.9906011807128444
2011-07-05T02:00:48.12,39.2216,142.3432,28.8,3.8,2011-12-02T04:02:36.45,39.2897,142.3022,38.4,3.8,-1.8101292338826789,0.9599944317898232
2011-07-05T02:00:48.12,39.2216,142.3432,28.8,3.8,2012-03-18T05:55:47.63,39.2806,142.4531,28.0,3.7,0.9843254418049784,0.9818850013323284
2011-07-07T16:10:06.26,38.8635,142.0036,46.0,3.6,2011-07-26T14:34:44.69,38.807,142.0519,51.0,3.6,0.6500473873424951,0.9673365845541398
2011-07-07T16:10:06.26,38.8635,142.0036,46.0,3.6,2011-08-16T12:36:05.28,38.822,142.1504,29.2,3.5,2.2467920210323675,0.9656801698949428
2011-07-07T16:10:06.26,38.8635,142.0036,46.0,3.6,2011-09-11T15:14:22.05,38.8149,142.0422,51.0,3.6,0.7343597490726417,0.9645271923051728
2011-07-07T16:10:06.26,38.8635,142.0036,46.0,3.6,2011-10-08T09:55:34.19,38.852,142.0983,42.9,3.6,0.7297185336362966,0.9706999887592196
2011-07-07T16:10:06.26,38.8635,142.0036,46.0,3.6,2011-11-13T13:31:00.82,38.8403,142.0992,31.4,3.6,1.1018154432846756,0.9743388450377112
2011-07-07T16:10:06.26,38.8635,142.0036,46.0,3.6,2012-03-25T00:16:13.7,38.85,142.06,46.0,3.5,0.3687404099613098,0.9641918193138904
2011-07-07T16:10:06.26,38.8635,142.0036,46.0,3.6,2012-05-12T17:14:39.98,38.8345,142.0632,44.3,3.5,0.5829599999120655,0.9558244075161276
2011-07-08T04:51:33.9,38.62,141.91,48.0,3.7,2011-10-18T09:06:01.09,38.6007,142.0317,47.6,4.1,0.8304527424774981,0.9368659931506672
2011-07-08T04:51:33.9,38.62,141.91,48.0,3.7,2011-12-02T08:58:45.26,38.5951,141.9711,41.4,3.8,0.3040536653890655,0.9452227990001576
2011-07-08T04:51:33.9,38.62,141.91,48.0,3.7,2012-01-18T08:55:38.94,38.6071,142.0718,43.8,4.3,1.1977942701837092,0.9080596594138698
2011-07-08T04:51:33.9,38.62,141.91,48.0,3.7,2012-03-21T18:25:03.96,38.5578,142.061,46.7,4.0,0.9452535691001346,0.9449852036818922
2011-07-09T03:46:28.16,36.7412,142.0387,19.0,3.7,2012-02-23T12:26:29.66,36.681,142.0847,19.0,3.7,0.3210489289097433,0.9605968328802398
2011-07-09T13:35:25.8,38.1543,141.7318,46.8,3.7,2011-08-20T11:02:51.03,38.1667,141.7198,48.0,3.9,-0.1144061815007131,0.9339515222778088
2011-07-09T13:35:25.8,38.1543,141.7318,46.8,3.7,2011-11-07T22:13:18.32,38.1489,141.7726,46.1,3.7,0.3708089841050487,0.9890183429492656
2011-07-09T13:41:42.84,38.8748,142.0058,50.5,3.9,2011-08-09T18:29:47.62,38.858,141.9606,56.4,3.8,-0.9754482209849802,0.9884080342448688
2011-07-09T13:41:42.84,38.8748,142.0058,50.5,3.9,2012-01-01T07:49:49.71,38.8748,141.9791,50.8,3.7,-0.6055143764041849,0.9524297449461724
2011-07-09T13:41:42.84,38.8748,142.0058,50.5,3.9,2012-02-03T23:41:13.06,38.8991,142.014,54.5,3.9,-0.8141084010908445,0.9627369564016192
2011-07-09T13:41:42.84,38.8748,142.0058,50.5,3.9,2012-04-02T17:48:14.12,38.8335,142.1244,48.6,4.1,0.986005572011576,0.9715911236640916
2011-07-10T02:21:58.75,38.6517,142.0206,44.6,3.7,2011-09-23T13:08:58.84,38.6058,142.0237,44.2,3.8,-0.1645905128963674,0.9783081131165756
2011-07-10T02:21:58.75,38.6517,142.0206,44.6,3.7,2011-11-27T22:25:37.34,38.6361,141.9849,47.3,3.8,-0.3404554208022466,0.987424199863068
2011-07-10T02:21:58.75,38.6517,142.0206,44.6,3.7,2011-12-31T10:29:00.61,38.6187,142.1108,42.2,3.8,0.7811552945135826,0.987359476230228
2011-07-10T02:21:58.75,38.6517,142.0206,44.6,3.7,2012-02-05T12:44:57.46,38.603,142.0346,45.6,3.9,0.2775355892741928,0.965420468163752
2011-07-10T02:21:58.75,38.6517,142.0206,44.6,3.7,2012-03-14T13:28:08.53,38.6288,141.9903,46.5,3.9,0.1797887556830654,0.9572971146880777
2011-07-10T02:21:58.75,38.6517,142.0206,44.6,3.7,2012-05-01T22:07:48.82,38.6343,142.0099,45.2,3.6,-0.0445288431009824,0.9515867025759202
2011-07-10T05:14:34.19,38.0395,143.3713,28.2,4.7,2011-07-10T05:27:58.5,38.08,143.2,34.0,3.7,-0.5048476789582059,0.9177490720388856
2011-07-10T18:04:15.0,37.328,141.4139,28.4,3.6,2011-12-17T06:35:54.0,37.35,141.35,48.0,3.5,-1.834061578232035,0.9904410895603324
2011-07-10T19:16:33.69,36.7152,142.2603,11.5,4.3,2012-02-13T16:55:08.37,36.6807,142.3703,2.5,4.4,1.460951517095117,0.9939663482806692
2011-07-11T08:30:05.23,39.4136,143.7402,11.0,3.9,2012-03-06T22:52:30.98,39.4131,143.7409,11.0,4.2,-0.6364279169059541,0.9104865259697044
2011-07-11T09:13:31.5,38.1,143.4,35.0,3.5,2011-07-11T11:29:10.69,38.0039,143.3746,19.0,3.6,-0.1245222329621774,0.9218131297981188
2011-07-11T13:21:33.46,37.9239,143.4702,19.0,4.0,2011-07-14T09:15:04.45,37.992,143.4468,19.0,3.5,0.0909637704870907,0.9048533227407471
2011-07-12T20:06:32.3,38.9284,142.0442,50.0,3.8,2011-11-15T16:53:21.13,38.9344,142.0426,51.4,3.6,-0.2884233504522079,0.9354032988646538
2011-07-13T19:35:41.9,38.4864,141.8268,53.8,3.8,2011-08-30T12:46:15.86,38.5099,141.8259,52.3,3.7,-0.518199150740463,0.9942345858689982
2011-07-13T19:35:41.9,38.4864,141.8268,53.8,3.8,2011-10-23T16:32:10.98,38.5134,141.819,51.8,3.9,-0.4188654244278104,0.9125811735899506
2011-07-13T19:35:41.9,38.4864,141.8268,53.8,3.8,2011-11-01T15:26:40.6,38.54,141.72,54.0,3.7,-1.034997446248227,0.9930866335223468
2011-07-13T19:35:41.9,38.4864,141.8268,53.8,3.8,2011-12-26T22:28:50.84,38.5167,141.7922,52.6,3.7,-0.3124011724458611,0.9860482846492816
2011-07-13T19:35:41.9,38.4864,141.8268,53.8,3.8,2012-02-22T11:03:23.44,38.5226,141.8087,48.2,3.6,-0.3969555043452359,0.9925308565753962
2011-07-13T19:35:41.9,38.4864,141.8268,53.8,3.8,2012-05-11T16:36:38.53,38.5256,141.8349,47.9,3.8,-0.2243603123878834,0.9959825169256226
2011-07-14T15:29:46.76,36.7037,142.36,7.4,3.8,2011-07-14T15:37:17.14,36.7033,142.3549,15.0,3.8,-1.0323114311878856,0.9061062537072144
2011-07-16T08:56:38.64,36.4718,140.673,56.1,3.9,2012-02-25T14:26:58.14,36.4923,140.5403,55.3,3.7,-0.6676662718751468,0.9917193469635306
2011-07-16T13:23:02.88,38.8939,141.9747,50.4,4.0,2011-08-25T23:34:08.83,38.8431,142.0464,46.1,3.9,0.7492453222423956,0.9612508413592776
2011-07-16T13:23:02.88,38.8939,141.9747,50.4,4.0,2011-11-11T07:52:11.62,38.9187,141.9048,50.1,3.9,-0.8747959410323007,0.9661333111293444
2011-07-16T13:23:02.88,38.8939,141.9747,50.4,4.0,2011-12-30T19:11:32.91,38.8454,141.9692,51.0,3.8,0.1418870104281178,0.9190024308439824
2011-07-16T13:23:02.88,38.8939,141.9747,50.4,4.0,2012-03-03T13:26:18.41,38.8307,142.1137,48.1,3.9,0.5446662201069523,0.9540465397061616
2011-07-16T16:27:19.59,36.6033,140.8991,8.9,4.0,2011-07-16T16:41:57.36,36.5723,140.9993,5.7,3.8,0.1218413500011019,0.9741043719917428
2011-07-17T20:21:05.61,37.5265,141.4542,45.8,3.6,2011-12-28T07:33:05.64,37.5234,141.4862,46.4,3.5,0.3319329886482218,0.9951005595079794
2011-07-18T14:24:55.19,39.5326,143.6262,11.0,4.2,2012-05-19T22:15:48.93,39.5063,143.5751,23.5,4.2,-2.2939220600376142,0.979731626338048
2011-07-18T18:39:57.26,37.0571,140.8908,8.9,3.5,2011-07-18T18:41:45.39,37.0806,140.9167,12.8,3.5,0.0863295286703913,0.917473564403235
2011-07-19T20:06:36.18,36.8159,141.8156,10.0,3.6,2012-03-08T18:42:51.31,36.7837,141.6732,33.0,3.9,-4.183907688646933,0.9166090372875108
2011-07-20T13:09:39.46,38.4443,142.3506,17.3,4.4,2012-05-27T10:09:20.86,38.368,142.2455,10.0,4.1,0.9698811777215884,0.904586933537233
2011-07-20T20:31:01.68,39.756,142.3972,44.3,3.7,2011-10-01T02:29:50.03,39.7213,142.2646,44.6,3.9,-0.4713573534278219,0.9572898655101256
2011-07-20T20:31:01.68,39.756,142.3972,44.3,3.7,2012-01-05T09:02:44.69,39.7846,142.5381,22.8,3.7,2.95485820578838,0.9290818605887065
2011-07-20T23:56:10.63,39.5654,143.811,11.0,4.0,2012-02-01T03:45:35.95,39.5436,143.8122,11.0,3.9,0.3669690221505364,0.9438574750740476
2011-07-22T09:03:08.45,38.8735,142.0398,51.0,3.8,2011-08-21T19:42:35.24,38.8174,142.1138,48.2,3.9,1.4345215373504567,0.988036414516248
2011-07-22T09:03:08.45,38.8735,142.0398,51.0,3.8,2011-11-11T17:24:20.31,38.8512,142.0722,43.8,4.0,0.945800158943133,0.9928213298691002
2011-07-22T09:03:08.45,38.8735,142.0398,51.0,3.8,2012-01-15T10:36:46.71,38.8009,142.1518,43.2,3.8,1.542774934027087,0.9949865710397784
2011-07-22T09:03:08.45,38.8735,142.0398,51.0,3.8,2012-03-30T03:37:07.2,38.8322,142.084,47.3,3.7,0.9396946918852812,0.989212882307021
2011-07-24T06:36:10.06,40.0227,142.5642,10.3,3.7,2011-09-13T13:04:26.6,39.9059,142.3287,42.9,3.7,-5.255124352965835,0.9668277836988436
2011-07-24T06:36:10.06,40.0227,142.5642,10.3,3.7,2011-11-22T22:35:45.03,39.9429,142.4274,28.5,3.6,-3.405347524171354,0.9318101693800598
2011-07-24T09:59:07.37,37.5502,141.5737,32.4,3.6,2012-01-01T12:06:40.45,37.5045,141.5147,41.3,3.5,-1.01747964699016,0.9026363598302168
2011-07-24T11:02:51.32,38.8832,142.0676,45.1,3.6,2011-07-29T23:44:11.56,38.8759,141.9913,45.9,3.9,-0.5522792270452034,0.9210569851714748
2011-07-24T11:02:51.32,38.8832,142.0676,45.1,3.6,2011-09-23T05:41:08.56,38.8842,142.0707,45.3,3.8,-0.4795754961937291,0.9040661889652412
2011-07-24T11:02:51.32,38.8832,142.0676,45.1,3.6,2011-12-03T04:16:37.87,38.887,142.0837,47.9,4.4,0.1794767377112323,0.9062945555734664
2011-07-24T11:02:51.32,38.8832,142.0676,45.1,3.6,2012-02-03T23:41:13.06,38.8991,142.014,54.5,3.9,-1.3901829122516152,0.925053509442288
2011-07-24T11:02:51.32,38.8832,142.0676,45.1,3.6,2012-03-04T16:32:40.53,38.8621,141.9765,49.4,3.8,-0.98164965147238,0.910685238302655
2011-07-24T11:02:51.32,38.8832,142.0676,45.1,3.6,2012-04-02T17:48:14.12,38.8335,142.1244,48.6,4.1,0.4002662040896261,0.9013977550266
2011-07-24T15:07:09.31,38.8871,142.061,49.6,5.2,2011-11-26T01:43:20.11,38.8117,142.2017,44.0,4.5,0.860660451758453,0.9006875394698166
2011-07-25T20:39:54.83,38.5446,141.8238,43.3,4.6,2012-02-27T16:30:33.02,38.5401,141.9053,48.6,4.5,-0.1033296184865419,0.986686729746911
2011-07-26T14:34:44.69,38.807,142.0519,51.0,3.6,2011-08-16T12:36:05.28,38.822,142.1504,29.2,3.5,1.5981613587063488,0.9799066389706784
2011-07-26T14:34:44.69,38.807,142.0519,51.0,3.6,2011-09-11T15:14:22.05,38.8149,142.0422,51.0,3.6,0.0850602421202133,0.9754663376309546
2011-07-26T14:34:44.69,38.807,142.0519,51.0,3.6,2011-10-08T09:55:34.19,38.852,142.0983,42.9,3.6,0.081009596023253,0.9736903649647912
2011-07-26T14:34:44.69,38.807,142.0519,51.0,3.6,2011-11-13T13:31:00.82,38.8403,142.0992,31.4,3.6,0.4532516631163692,0.9811705588818802
2011-07-26T14:34:44.69,38.807,142.0519,51.0,3.6,2011-12-20T02:13:17.48,38.8263,142.0479,51.0,3.6,-0.2434977550468273,0.9046174913938057
2011-07-26T14:34:44.69,38.807,142.0519,51.0,3.6,2012-03-25T00:16:13.7,38.85,142.06,46.0,3.5,-0.2808846781657145,0.9572144156144864
2011-07-26T14:34:44.69,38.807,142.0519,51.0,3.6,2012-05-12T17:14:39.98,38.8345,142.0632,44.3,3.5,-0.0672403421346506,0.957905373743786
2011-07-26T19:07:13.41,36.4651,140.8766,46.7,3.8,2012-04-13T19:00:21.22,36.4797,140.8562,50.9,3.8,-0.3909703544638392,0.9872259244115454
2011-07-26T21:13:14.6,38.57,144.63,41.0,3.8,2011-07-26T22:47:43.6,38.5587,144.7181,29.0,4.0,0.1412089701897343,0.9162071455716136
2011-07-26T23:01:47.26,39.9159,142.4333,30.8,3.7,2011-10-02T01:15:56.29,39.992,142.5748,23.2,3.6,2.559098068604537,0.9177694763997708
2011-07-26T23:01:47.26,39.9159,142.4333,30.8,3.7,2012-01-03T01:24:30.4,39.8581,142.3095,47.7,3.6,-1.0361134996088583,0.9088647044639858
2011-07-27T19:10:30.7,36.74,141.81,45.0,3.5,2011-09-12T05:17:01.53,36.7224,141.6241,26.0,3.9,-0.0597591332204605,0.9185687568190052
2011-07-27T19:10:30.7,36.74,141.81,45.0,3.5,2011-11-02T19:50:18.2,36.7892,141.8547,19.0,3.6,0.4005935629377781,0.9821632794810846
2011-07-29T18:27:47.13,36.699,141.94,24.8,4.7,2012-01-11T01:33:38.03,36.6519,142.0174,24.2,4.3,0.1161294101285579,0.933154353043722
2011-07-29T23:26:14.89,35.7252,141.1461,13.8,4.0,2011-11-19T23:10:32.2,35.77,141.13,17.0,3.6,-0.2494902296270468,0.9220226349200225
2011-07-29T23:44:11.56,38.8759,141.9913,45.9,3.9,2011-08-29T21:32:23.76,38.8731,142.1,46.6,3.8,0.3044666467895185,0.9926484906946542
2011-07-29T23:44:11.56,38.8759,141.9913,45.9,3.9,2011-09-23T05:41:08.56,38.8842,142.0707,45.3,3.8,0.07238666131092,0.9847983568885104
2011-07-29T23:44:11.56,38.8759,141.9913,45.9,3.9,2011-12-03T04:16:37.87,38.887,142.0837,47.9,4.4,0.73081418452118,0.9177501344461748
2011-07-29T23:44:11.56,38.8759,141.9913,45.9,3.9,2012-03-04T16:32:40.53,38.8621,141.9765,49.4,3.8,-0.4300449863768695,0.981400343199031
2011-07-29T23:44:11.56,38.8759,141.9913,45.9,3.9,2012-04-13T07:40:00.05,38.8793,141.9411,47.7,3.7,-0.1843790684225246,0.9871823700071144
2011-07-30T12:08:22.77,39.0971,142.9696,16.0,4.4,2011-12-05T21:04:13.51,39.1431,142.8881,35.9,4.3,-3.440354334191692,0.9788017784508288
2011-07-31T08:28:53.47,38.8579,142.1698,41.8,3.8,2011-11-10T05:49:23.88,38.8235,142.1085,41.4,3.5,0.1543819389710357,0.9615658889739652
2011-07-31T12:40:04.47,38.6341,141.9757,50.8,4.1,2011-10-24T21:37:27.1,38.6219,141.9473,52.4,4.1,-0.001470430827235,0.9899606799731936
2011-08-01T06:54:59.31,38.6439,142.1882,40.3,4.6,2011-12-18T06:08:57.86,38.648,142.2672,42.2,4.5,0.2940208465667385,0.9489395168712804
2011-08-02T01:46:13.29,37.6499,139.9277,9.2,3.5,2011-08-02T04:39:38.26,37.6937,140.0155,5.9,3.6,0.9032437979777206,0.9144956071312728
2011-08-02T15:34:50.38,39.3265,144.0444,11.0,4.3,2012-03-13T18:39:24.26,39.4741,143.7591,11.0,4.0,-2.6241639310836,0.964537116938624
2011-08-02T17:16:57.44,39.0949,142.2277,47.6,3.6,2011-09-30T09:50:37.93,39.1219,142.2211,40.8,3.6,-0.7575858643551268,0.9639236912891188
2011-08-02T17:16:57.44,39.0949,142.2277,47.6,3.6,2011-11-19T07:16:59.88,39.1105,142.176,44.5,3.6,-0.656239699073937,0.9675480631373764
2011-08-02T17:16:57.44,39.0949,142.2277,47.6,3.6,2012-02-08T15:27:28.76,39.1074,142.134,40.6,3.7,-1.6550054946607262,0.9740277646668888
2011-08-05T13:45:12.2,38.46,142.27,26.0,3.6,2011-10-28T19:32:18.44,38.363,142.2262,10.7,3.9,1.8447964027275128,0.904134273538985
2011-08-06T07:29:19.7,35.79,140.93,11.0,3.5,2012-03-17T09:11:30.63,35.7778,140.9496,15.3,3.7,0.9329456336623316,0.9760772940385196
2011-08-06T14:45:36.32,37.0478,141.2794,53.9,4.3,2012-01-26T12:22:13.38,36.9898,141.4008,29.7,4.2,3.0012695582603603,0.9967319999569532
2011-08-06T23:40:45.47,37.0441,142.5111,9.0,3.8,2011-10-25T10:44:29.51,37.0576,142.732,9.0,3.6,1.3718964750509406,0.9838463075109704
2011-08-06T23:40:45.47,37.0441,142.5111,9.0,3.8,2012-04-28T04:11:15.73,37.0257,142.6561,9.0,3.6,1.288389194291305,0.9892060904847004
2011-08-07T00:27:18.96,39.429,143.712,11.0,4.4,2012-05-24T17:40:53.03,39.3924,143.69,11.0,4.4,0.2518879984177523,0.9561141786412948
2011-08-07T20:08:50.08,39.7354,141.8496,58.6,3.7,2012-03-31T22:30:16.3,39.7366,141.8262,61.8,4.2,-0.4470554432350962,0.9548446971355904
2011-08-09T18:29:47.62,38.858,141.9606,56.4,3.8,2012-01-01T07:49:49.71,38.8748,141.9791,50.8,3.7,0.3695124244794743,0.9408661869225572
2011-08-09T18:29:47.62,38.858,141.9606,56.4,3.8,2012-02-03T23:41:13.06,38.8991,142.014,54.5,3.9,0.1610030348413345,0.9848935703434488
2011-08-09T18:29:47.62,38.858,141.9606,56.4,3.8,2012-04-02T17:48:14.12,38.8335,142.1244,48.6,4.1,1.9602791897438008,0.9871444009331074
2011-08-12T23:30:40.3,36.71,142.4,14.0,3.6,2011-08-12T23:36:48.6,36.71,142.43,12.0,3.5,0.3618616706014529,0.9730886958926238
2011-08-13T05:15:06.59,38.1686,141.8185,42.7,3.8,2011-11-16T08:34:00.54,38.1787,141.7783,44.0,3.5,-0.0198419161167574,0.9750232254678676
2011-08-13T09:09:31.73,36.4126,142.779,29.0,3.5,2012-03-12T07:07:45.7,36.4411,142.6338,15.0,3.6,1.037613195653282,0.9929238922992456
2011-08-14T05:14:46.45,37.5975,141.5622,52.6,3.8,2011-12-03T21:04:06.2,37.6057,141.5522,49.1,3.6,-0.0115175970712053,0.993369158434688
2011-08-16T10:11:40.97,38.9864,142.319,45.2,3.6,2012-05-11T00:14:53.6,38.9888,142.3752,48.2,3.9,0.1238655975781554,0.9007069008642615
2011-08-16T12:36:05.28,38.822,142.1504,29.2,3.5,2011-09-11T15:14:22.05,38.8149,142.0422,51.0,3.6,-1.5131269872129482,0.9741463988181966
2011-08-16T12:36:05.28,38.822,142.1504,29.2,3.5,2011-10-08T09:55:34.19,38.852,142.0983,42.9,3.6,-1.516560433007598,0.97567133473774
2011-08-16T12:36:05.28,38.822,142.1504,29.2,3.5,2011-11-13T13:31:00.82,38.8403,142.0992,31.4,3.6,-1.1446526697973485,0.9816204709061088
2011-08-16T12:36:05.28,38.822,142.1504,29.2,3.5,2012-03-25T00:16:13.7,38.85,142.06,46.0,3.5,-1.878235770889038,0.9605182476370356
2011-08-16T12:36:05.28,38.822,142.1504,29.2,3.5,2012-05-12T17:14:39.98,38.8345,142.0632,44.3,3.5,-1.6637299409283353,0.9553492477079768
2011-08-19T05:01:00.18,38.3975,142.076,12.7,4.0,2012-05-06T19:04:27.79,38.4059,142.2102,16.9,3.7,-0.9574487568916432,0.9024983674231868
2011-08-19T09:58:15.18,39.6245,142.2472,42.8,3.8,2011-10-26T16:44:02.45,39.6233,142.1234,47.4,3.9,-0.8224818435322684,0.940807274465126
2011-08-19T09:58:15.18,39.6245,142.2472,42.8,3.8,2012-02-03T21:51:35.25,39.6382,142.19,45.2,3.8,0.2134233485594061,0.9247559510956184
2011-08-20T11:02:51.03,38.1667,141.7198,48.0,3.9,2011-11-07T22:13:18.32,38.1489,141.7726,46.1,3.7,0.4848637140443473,0.9297093845794786
2011-08-21T04:27:39.74,37.4782,142.7404,24.4,4.3,2011-11-15T21:16:14.96,37.5659,142.7472,36.5,3.7,-1.1262236562522756,0.9133016849840024
2011-08-21T19:42:35.24,38.8174,142.1138,48.2,3.9,2011-11-11T17:24:20.31,38.8512,142.0722,43.8,4.0,-0.4881370050603204,0.9912992411651812
2011-08-21T19:42:35.24,38.8174,142.1138,48.2,3.9,2012-01-15T10:36:46.71,38.8009,142.1518,43.2,3.8,0.1085351145981003,0.9917256210865644
2011-08-21T19:42:35.24,38.8174,142.1138,48.2,3.9,2012-03-30T03:37:07.2,38.8322,142.084,47.3,3.7,-0.4960151804472021,0.9907113645111252
2011-08-22T11:29:14.34,36.0757,142.0187,23.0,3.8,2011-11-16T22:21:54.86,36.0674,142.0263,23.0,3.6,-0.2717607810474323,0.983342746651639
2011-08-23T20:04:45.98,37.0178,141.3806,44.8,3.9,2012-01-24T08:07:43.8,37.0524,141.3215,40.8,4.0,-0.7933841543142569,0.9515278152379378
2011-08-23T20:04:45.98,37.0178,141.3806,44.8,3.9,2012-05-08T05:43:17.23,37.1048,141.2982,54.9,4.1,-1.6114954350002382,0.9773331067340372
2011-08-24T02:53:29.72,39.5988,143.4463,11.0,3.8,2012-05-25T09:40:55.7,39.58,143.56,21.0,3.5,0.9413596916118964,0.9024149660577024
2011-08-25T19:12:34.4,37.4848,141.5242,43.9,4.1,2012-01-01T12:06:40.45,37.5045,141.5147,41.3,3.5,0.148046366185066,0.9834283190004414
2011-08-25T23:34:08.83,38.8431,142.0464,46.1,3.9,2011-09-28T23:13:28.8,38.9114,141.953,51.8,3.8,-1.0535439058306664,0.9226010888246924
2011-08-25T23:34:08.83,38.8431,142.0464,46.1,3.9,2011-11-11T07:52:11.62,38.9187,141.9048,50.1,3.9,-1.620788314673331,0.9838215084801152
2011-08-25T23:34:08.83,38.8431,142.0464,46.1,3.9,2011-12-30T19:11:32.91,38.8454,141.9692,51.0,3.8,-0.6110786343221387,0.9706964335154008
2011-08-25T23:34:08.83,38.8431,142.0464,46.1,3.9,2012-03-03T13:26:18.41,38.8307,142.1137,48.1,3.9,-0.2087289777023937,0.9731415295204142
2011-08-25T23:34:08.83,38.8431,142.0464,46.1,3.9,2012-05-03T07:15:45.5,38.888,141.9318,49.4,4.0,-1.2349861835102949,0.9641396117744578
2011-08-29T03:00:43.64,39.9086,142.3592,32.1,3.8,2012-03-25T22:43:57.38,39.8694,142.1742,50.1,3.8,-1.8065997095845288,0.9466476221825054
2011-08-29T14:19:59.84,36.3504,142.7004,15.0,3.8,2012-04-08T17:42:48.15,36.3198,142.6747,15.0,3.9,-0.5869874879920141,0.9936385801780002
2011-08-29T21:32:23.76,38.8731,142.1,46.6,3.8,2011-09-23T05:41:08.56,38.8842,142.0707,45.3,3.8,-0.2328760226634715,0.9871122997370566
2011-08-29T21:32:23.76,38.8731,142.1,46.6,3.8,2011-12-03T04:16:37.87,38.887,142.0837,47.9,4.4,0.4247576673606446,0.9110780755788992
2011-08-29T21:32:23.76,38.8731,142.1,46.6,3.8,2012-03-04T16:32:40.53,38.8621,141.9765,49.4,3.8,-0.7351549628513647,0.9731328757137502
2011-08-29T21:32:23.76,38.8731,142.1,46.6,3.8,2012-04-13T07:40:00.05,38.8793,141.9411,47.7,3.7,-0.4890077153558111,0.9890747837946854
2011-08-30T12:46:15.86,38.5099,141.8259,52.3,3.7,2011-10-23T16:32:10.98,38.5134,141.819,51.8,3.9,0.100406999126252,0.9157343002824624
2011-08-30T12:46:15.86,38.5099,141.8259,52.3,3.7,2011-11-01T15:26:40.6,38.54,141.72,54.0,3.7,-0.5157971176294796,0.9884450150388876
2011-08-30T12:46:15.86,38.5099,141.8259,52.3,3.7,2011-12-26T22:28:50.84,38.5167,141.7922,52.6,3.7,0.2065674472699531,0.9913046021717858
2011-08-30T12:46:15.86,38.5099,141.8259,52.3,3.7,2012-02-22T11:03:23.44,38.5226,141.8087,48.2,3.6,0.1212368296216482,0.9946789035975784
2011-08-30T12:46:15.86,38.5099,141.8259,52.3,3.7,2012-05-11T16:36:38.53,38.5256,141.8349,47.9,3.8,0.2938835752640092,0.9937081704899694
2011-09-02T19:16:38.92,38.4278,142.2446,13.0,3.5,2011-09-04T12:21:58.47,38.4036,142.3207,7.1,3.8,1.0322557661442893,0.9795611695253168
2011-09-06T10:47:26.71,39.9805,143.6495,18.6,4.5,2012-05-08T15:29:45.33,39.9442,143.6423,23.1,4.3,0.1521575690599094,0.9576258686765544
2011-09-09T16:01:40.6,37.51,141.5,45.0,3.5,2012-03-30T09:36:56.6,37.51,141.51,44.0,3.6,0.0468480616943147,0.9951093765250116
2011-09-10T06:21:40.26,36.7413,142.3261,19.0,4.5,2012-03-09T05:31:48.78,36.8324,142.1271,28.8,4.7,-1.8576492668303664,0.9446041624829364
2011-09-10T10:01:08.36,39.2427,142.4243,31.4,3.9,2011-12-02T04:02:36.45,39.2897,142.3022,38.4,3.8,-1.8212899698132836,0.96098942856045
2011-09-10T10:01:08.36,39.2427,142.4243,31.4,3.9,2012-03-18T05:55:47.63,39.2806,142.4531,28.0,3.7,0.9732592809248763,0.9849644028487764
2011-09-11T15:14:22.05,38.8149,142.0422,51.0,3.6,2011-10-08T09:55:34.19,38.852,142.0983,42.9,3.6,-0.0037530066471668,0.9747713884300868
2011-09-11T15:14:22.05,38.8149,142.0422,51.0,3.6,2011-11-13T13:31:00.82,38.8403,142.0992,31.4,3.6,0.368519287148105,0.9765124492597578
2011-09-11T15:14:22.05,38.8149,142.0422,51.0,3.6,2012-03-25T00:16:13.7,38.85,142.06,46.0,3.5,-0.3652930626219139,0.9552191599357628
2011-09-11T15:14:22.05,38.8149,142.0422,51.0,3.6,2012-05-12T17:14:39.98,38.8345,142.0632,44.3,3.5,-0.1515865187920621,0.9481184030805708
2011-09-11T22:30:41.61,36.7306,142.1349,19.0,4.4,2012-04-30T16:53:14.18,36.7106,142.2001,19.0,4.2,0.6884033174773304,0.912112574530634
2011-09-12T01:50:03.78,36.7063,142.0973,1.4,4.0,2012-05-01T01:07:55.71,36.6832,141.8521,4.9,3.6,-1.316108601508024,0.990756593345874
2011-09-12T05:17:01.53,36.7224,141.6241,26.0,3.9,2011-11-02T19:50:18.2,36.7892,141.8547,19.0,3.6,0.4599074091611554,0.9247332665430784
2011-09-12T05:17:01.53,36.7224,141.6241,26.0,3.9,2012-02-12T02:34:42.91,36.5916,141.4581,26.0,3.9,-1.5216218250558335,0.9770634658603928
2011-09-13T01:34:01.5,38.8616,142.1319,52.3,3.9,2012-04-02T17:48:14.12,38.8335,142.1244,48.6,4.1,-0.1035871232993067,0.9206459851184556
2011-09-13T13:04:26.6,39.9059,142.3287,42.9,3.7,2011-11-22T22:35:45.03,39.9429,142.4274,28.5,3.6,1.8514858799843608,0.9228218926954894
2011-09-15T14:25:08.65,39.7206,142.3578,48.0,4.1,2012-03-03T20:45:40.28,39.7215,142.2423,45.4,3.5,-0.6308146820785862,0.9361384141473664
2011-09-17T15:13:23.3,38.2812,141.9233,49.1,4.3,2012-03-10T01:33:34.16,38.3724,141.8628,51.4,4.1,-0.4612184210089644,0.9763990959202804
2011-09-20T20:59:04.21,38.5593,141.8434,52.3,4.8,2012-03-08T03:23:28.39,38.5739,141.8401,55.7,4.8,-0.3496208879891956,0.975851346421856
2011-09-21T17:48:25.0,34.7406,142.7162,10.0,4.0,2011-10-09T05:14:10.21,34.7238,142.6316,42.0,3.8,-2.889427504892048,0.9748508120085504
2011-09-21T23:02:40.2,38.49,142.26,28.0,3.6,2012-05-27T10:09:20.86,38.368,142.2455,10.0,4.1,2.148548536220528,0.9226011479897596
2011-09-22T05:22:32.43,36.9243,141.1779,30.5,3.5,2012-03-28T00:34:07.76,36.9287,141.1974,42.7,3.5,-0.9095929783798796,0.9886415983580796
2011-09-23T05:41:08.56,38.8842,142.0707,45.3,3.8,2011-12-03T04:16:37.87,38.887,142.0837,47.9,4.4,0.6564158914489283,0.9147284452032924
2011-09-23T05:41:08.56,38.8842,142.0707,45.3,3.8,2012-03-04T16:32:40.53,38.8621,141.9765,49.4,3.8,-0.5039427973757529,0.9780576827076264
2011-09-23T05:41:08.56,38.8842,142.0707,45.3,3.8,2012-04-13T07:40:00.05,38.8793,141.9411,47.7,3.7,-0.2560702040271133,0.9859882411585668
2011-09-23T13:08:58.84,38.6058,142.0237,44.2,3.8,2011-11-27T22:25:37.34,38.6361,141.9849,47.3,3.8,-0.1756792283666778,0.9872776092661896
2011-09-23T13:08:58.84,38.6058,142.0237,44.2,3.8,2011-12-31T10:29:00.61,38.6187,142.1108,42.2,3.8,0.945192302884914,0.9918829070164056
2011-09-23T13:08:58.84,38.6058,142.0237,44.2,3.8,2012-02-05T12:44:57.46,38.603,142.0346,45.6,3.9,0.441564185292801,0.9903383444287976
2011-09-23T13:08:58.84,38.6058,142.0237,44.2,3.8,2012-03-14T13:28:08.53,38.6288,141.9903,46.5,3.9,0.3457201916280399,0.9836911784322042
2011-09-23T13:08:58.84,38.6058,142.0237,44.2,3.8,2012-05-01T22:07:48.82,38.6343,142.0099,45.2,3.6,0.1201877673150925,0.986010953138353
2011-09-24T03:29:33.13,39.0966,142.2335,9.9,3.6,2011-12-16T09:46:17.56,39.1154,142.1878,43.0,3.7,-2.236385816077505,0.9675766887924884
2011-09-24T03:29:33.13,39.0966,142.2335,9.9,3.6,2012-04-24T12:34:19.45,39.0917,142.2797,50.2,3.9,-2.3624412531014585,0.9697758446675424
2011-09-28T23:13:28.8,38.9114,141.953,51.8,3.8,2011-11-11T07:52:11.62,38.9187,141.9048,50.1,3.9,-0.5641053787667336,0.9474123307524914
2011-09-29T18:29:59.67,36.9597,141.1662,48.5,3.9,2011-12-31T05:48:40.29,36.9568,141.1628,45.2,3.7,-0.4693350176129919,0.9924459751529352
2011-09-30T09:50:37.93,39.1219,142.2211,40.8,3.6,2011-11-19T07:16:59.88,39.1105,142.176,44.5,3.6,0.1021275503892459,0.9540476819222428
2011-09-30T09:50:37.93,39.1219,142.2211,40.8,3.6,2012-02-08T15:27:28.76,39.1074,142.134,40.6,3.7,-0.8955116724716179,0.9635352333303878
2011-10-01T02:29:50.03,39.7213,142.2646,44.6,3.9,2012-01-05T09:02:44.69,39.7846,142.5381,22.8,3.7,3.4267807344870187,0.9237332149946188
2011-10-02T01:15:56.29,39.992,142.5748,23.2,3.6,2012-01-03T01:24:30.4,39.8581,142.3095,47.7,3.6,-3.5945808392358787,0.9185023554563828
2011-10-04T20:41:03.68,38.1767,142.0879,18.2,3.8,2011-11-23T00:13:51.5,38.29,142.04,49.0,3.7,-2.9522311130233065,0.9106476556857396
2011-10-08T09:55:34.19,38.852,142.0983,42.9,3.6,2011-11-13T13:31:00.82,38.8403,142.0992,31.4,3.6,0.372007561742517,0.982590860707298
2011-10-08T09:55:34.19,38.852,142.0983,42.9,3.6,2011-12-20T02:13:17.48,38.8263,142.0479,51.0,3.6,-0.3242956912515019,0.9095620715105892
2011-10-08T09:55:34.19,38.852,142.0983,42.9,3.6,2012-03-25T00:16:13.7,38.85,142.06,46.0,3.5,-0.3614534448378163,0.9625920864929534
2011-10-08T09:55:34.19,38.852,142.0983,42.9,3.6,2012-05-12T17:14:39.98,38.8345,142.0632,44.3,3.5,-0.1468194002783991,0.957601979369192
2011-10-16T14:07:14.4,37.5,141.45,46.0,3.5,2012-03-31T18:50:44.23,37.4999,141.5548,41.5,3.9,0.9228930413336494,0.9942658682357592
2011-10-17T09:15:18.48,37.737,141.9946,4.5,4.3,2011-10-28T16:36:14.5,37.73,141.92,23.0,3.5,-1.6752818541505388,0.900690034581823
2011-10-18T09:06:01.09,38.6007,142.0317,47.6,4.1,2011-12-02T08:58:45.26,38.5951,141.9711,41.4,3.8,-0.5271811342316907,0.9512583989724858
2011-10-18T09:06:01.09,38.6007,142.0317,47.6,4.1,2012-01-18T08:55:38.94,38.6071,142.0718,43.8,4.3,0.3618502951952628,0.9649062282423404
2011-10-18T09:06:01.09,38.6007,142.0317,47.6,4.1,2012-03-21T18:25:03.96,38.5578,142.061,46.7,4.0,0.1137924731756115,0.9881857433152044
2011-10-19T07:05:01.47,37.0661,140.5216,8.0,4.1,2011-10-20T11:53:48.65,36.9862,140.6135,1.4,3.8,0.2586657970826616,0.9070602036458582
2011-10-23T16:32:10.98,38.5134,141.819,51.8,3.9,2011-11-01T15:26:40.6,38.54,141.72,54.0,3.7,-0.6166621257720876,0.9229390617118394
2011-10-23T16:32:10.98,38.5134,141.819,51.8,3.9,2011-12-26T22:28:50.84,38.5167,141.7922,52.6,3.7,0.1049362381485597,0.9099215822728496
2011-10-23T16:32:10.98,38.5134,141.819,51.8,3.9,2012-02-22T11:03:23.44,38.5226,141.8087,48.2,3.6,0.0211093001520875,0.906965787120116
2011-10-23T16:32:10.98,38.5134,141.819,51.8,3.9,2012-05-11T16:36:38.53,38.5256,141.8349,47.9,3.8,0.1940238372692368,0.9214736211803708
2011-10-23T18:58:35.13,39.6388,142.2386,53.5,4.2,2012-02-03T21:51:35.25,39.6382,142.19,45.2,3.8,0.6237506313272795,0.9089034666225404
2011-10-23T18:58:35.13,39.6388,142.2386,53.5,4.2,2012-05-15T00:09:06.0,39.6457,142.1157,47.0,4.0,0.0442219848193785,0.9876889032139048
2011-10-25T10:44:29.51,37.0576,142.732,9.0,3.6,2012-04-28T04:11:15.73,37.0257,142.6561,9.0,3.6,-0.0829638220458992,0.9907735667813168
2011-10-26T16:44:02.45,39.6233,142.1234,47.4,3.9,2012-02-03T21:51:35.25,39.6382,142.19,45.2,3.8,1.0374903286664157,0.9233784019433484
2011-10-30T01:01:19.93,38.2097,141.8512,50.3,3.8,2011-12-22T17:25:25.2,38.2,141.76,55.0,3.5,-0.5981180399792426,0.9074444413268588
2011-10-30T19:36:07.7,36.8464,140.5974,6.6,3.5,2012-05-09T22:02:42.83,36.813,140.6266,8.2,4.0,0.820392403806035,0.9025774183015748
2011-11-01T15:26:40.6,38.54,141.72,54.0,3.7,2011-12-26T22:28:50.84,38.5167,141.7922,52.6,3.7,0.7211497679313571,0.9924709809288996
2011-11-01T15:26:40.6,38.54,141.72,54.0,3.7,2012-02-22T11:03:23.44,38.5226,141.8087,48.2,3.6,0.6371942455943455,0.9884253658024148
2011-11-01T15:26:40.6,38.54,141.72,54.0,3.7,2012-05-11T16:36:38.53,38.5256,141.8349,47.9,3.8,0.8105487781816296,0.9962338224658008
2011-11-11T07:52:11.62,38.9187,141.9048,50.1,3.9,2011-12-30T19:11:32.91,38.8454,141.9692,51.0,3.8,1.0098029644241873,0.9524054695269136
2011-11-11T07:52:11.62,38.9187,141.9048,50.1,3.9,2012-03-03T13:26:18.41,38.8307,142.1137,48.1,3.9,1.413596812883383,0.9593291049784508
2011-11-11T07:52:11.62,38.9187,141.9048,50.1,3.9,2012-05-03T07:15:45.5,38.888,141.9318,49.4,4.0,0.3829199543012784,0.9506418803423968
2011-11-11T17:24:20.31,38.8512,142.0722,43.8,4.0,2012-01-15T10:36:46.71,38.8009,142.1518,43.2,3.8,0.5970355194113344,0.9960958858027888
2011-11-11T17:24:20.31,38.8512,142.0722,43.8,4.0,2012-03-30T03:37:07.2,38.8322,142.084,47.3,3.7,-0.0064045474707961,0.9873149336856356
2011-11-13T13:31:00.82,38.8403,142.0992,31.4,3.6,2011-12-20T02:13:17.48,38.8263,142.0479,51.0,3.6,-0.6969389708095527,0.9079271843924682
2011-11-13T13:31:00.82,38.8403,142.0992,31.4,3.6,2012-03-25T00:16:13.7,38.85,142.06,46.0,3.5,-0.7335551090206557,0.966433406011663
2011-11-13T13:31:00.82,38.8403,142.0992,31.4,3.6,2012-05-12T17:14:39.98,38.8345,142.0632,44.3,3.5,-0.5191309636710725,0.9622807612178378
2011-11-14T05:25:06.4,36.23,141.05,36.0,3.6,2011-11-14T08:31:33.2,36.23,141.05,38.0,3.5,0.0555472163103331,0.9230906491237302
2011-11-19T07:16:59.88,39.1105,142.176,44.5,3.6,2012-02-08T15:27:28.76,39.1074,142.134,40.6,3.7,-0.9975120693274148,0.9674837876749544
2011-11-19T10:06:57.27,37.0121,140.5042,11.2,4.2,2011-11-28T23:02:36.74,36.9995,140.5616,10.7,3.5,1.0871269934204952,0.928872369634237
2011-11-19T10:06:57.27,37.0121,140.5042,11.2,4.2,2011-12-24T19:54:43.96,36.9992,140.5768,13.2,3.6,0.3174201456872553,0.9025817638950798
2011-11-26T01:43:20.11,38.8117,142.2017,44.0,4.5,2012-04-10T02:57:37.98,38.8586,142.1159,41.3,4.3,-0.2985718686864846,0.990727684482288
2011-11-27T22:25:37.34,38.6361,141.9849,47.3,3.8,2011-12-31T10:29:00.61,38.6187,142.1108,42.2,3.8,1.1215885887536226,0.9966511949493166
2011-11-27T22:25:37.34,38.6361,141.9849,47.3,3.8,2012-02-05T12:44:57.46,38.603,142.0346,45.6,3.9,0.6176750554325787,0.9848877308940368
2011-11-27T22:25:37.34,38.6361,141.9849,47.3,3.8,2012-03-14T13:28:08.53,38.6288,141.9903,46.5,3.9,0.5199281925164109,0.9785959617140793
2011-11-27T22:25:37.34,38.6361,141.9849,47.3,3.8,2012-05-01T22:07:48.82,38.6343,142.0099,45.2,3.6,0.2955346987128313,0.9734645441187894
2011-11-28T18:53:30.78,38.612,142.0461,46.1,4.4,2012-01-08T04:41:20.35,38.6191,142.0065,54.2,4.1,-0.9067120916135488,0.9468949253547642
2011-12-02T00:50:29.46,38.2356,141.7559,54.0,4.6,2011-12-04T19:20:04.16,38.2163,141.866,53.7,4.4,0.5927191226440929,0.9009270514520886
2011-12-02T04:02:36.45,39.2897,142.3022,38.4,3.8,2012-03-18T05:55:47.63,39.2806,142.4531,28.0,3.7,2.793264232739487,0.9581622720098332
2011-12-02T08:58:45.26,38.5951,141.9711,41.4,3.8,2012-01-18T08:55:38.94,38.6071,142.0718,43.8,4.3,0.8926037130020782,0.93340582299388
2011-12-02T08:58:45.26,38.5951,141.9711,41.4,3.8,2012-03-21T18:25:03.96,38.5578,142.061,46.7,4.0,0.6421175789186824,0.943804442156552
2011-12-03T04:16:37.87,38.887,142.0837,47.9,4.4,2012-03-04T16:32:40.53,38.8621,141.9765,49.4,3.8,-1.1607636860308657,0.917825380689066
2011-12-03T04:16:37.87,38.887,142.0837,47.9,4.4,2012-04-13T07:40:00.05,38.8793,141.9411,47.7,3.7,-0.9143977908344216,0.9048823666366432
2011-12-10T06:08:16.57,38.6307,141.8736,41.2,4.7,2011-12-20T16:56:44.7,38.63,141.82,45.0,3.7,0.1567548017515573,0.9080857111554728
2011-12-16T09:46:17.56,39.1154,142.1878,43.0,3.7,2012-04-24T12:34:19.45,39.0917,142.2797,50.2,3.9,-0.1262451362750138,0.9920894790374748
2011-12-26T22:28:50.84,38.5167,141.7922,52.6,3.7,2012-02-22T11:03:23.44,38.5226,141.8087,48.2,3.6,-0.0852359950170141,0.9893395911579
2011-12-26T22:28:50.84,38.5167,141.7922,52.6,3.7,2012-05-11T16:36:38.53,38.5256,141.8349,47.9,3.8,0.0888284037992024,0.9885805953021564
2011-12-29T00:30:39.42,36.8397,140.5835,3.1,3.6,2011-12-29T00:49:47.5,36.84,140.61,10.0,3.5,0.0206392330208502,0.9381209386407128
2011-12-30T19:11:32.91,38.8454,141.9692,51.0,3.8,2012-03-03T13:26:18.41,38.8307,142.1137,48.1,3.9,0.4011257514406816,0.9835994530508856
2011-12-30T19:11:32.91,38.8454,141.9692,51.0,3.8,2012-05-03T07:15:45.5,38.888,141.9318,49.4,4.0,-0.6230192732550354,0.9753954709105792
2011-12-31T10:29:00.61,38.6187,142.1108,42.2,3.8,2012-02-05T12:44:57.46,38.603,142.0346,45.6,3.9,-0.503797962146183,0.9901093999964944
2011-12-31T10:29:00.61,38.6187,142.1108,42.2,3.8,2012-03-14T13:28:08.53,38.6288,141.9903,46.5,3.9,-0.6011349941129565,0.978068823566465
2011-12-31T10:29:00.61,38.6187,142.1108,42.2,3.8,2012-05-01T22:07:48.82,38.6343,142.0099,45.2,3.6,-0.8251205739849652,0.9796769481952228
2012-01-01T07:49:49.71,38.8748,141.9791,50.8,3.7,2012-02-03T23:41:13.06,38.8991,142.014,54.5,3.9,-0.2082489002736406,0.905640652268947
2012-01-01T07:49:49.71,38.8748,141.9791,50.8,3.7,2012-04-02T17:48:14.12,38.8335,142.1244,48.6,4.1,1.5917178656606323,0.9416275700418848
2012-01-15T10:36:46.71,38.8009,142.1518,43.2,3.8,2012-03-30T03:37:07.2,38.8322,142.084,47.3,3.7,-0.6032511984828066,0.991491025151536
2012-01-18T08:55:38.94,38.6071,142.0718,43.8,4.3,2012-03-21T18:25:03.96,38.5578,142.061,46.7,4.0,-0.2497074172293217,0.9767100131236804
2012-01-24T08:07:43.8,37.0524,141.3215,40.8,4.0,2012-05-08T05:43:17.23,37.1048,141.2982,54.9,4.1,-0.8204041180137697,0.9765605569946108
2012-02-03T21:51:35.25,39.6382,142.19,45.2,3.8,2012-04-30T20:00:04.96,39.6365,142.1289,46.7,3.8,-0.7653831355000054,0.9476648529037052
2012-02-03T23:41:13.06,38.8991,142.014,54.5,3.9,2012-04-02T17:48:14.12,38.8335,142.1244,48.6,4.1,1.7964810131879685,0.9610628928385896
2012-02-05T12:44:57.46,38.603,142.0346,45.6,3.9,2012-03-14T13:28:08.53,38.6288,141.9903,46.5,3.9,-0.0970633891063467,0.9856677311278697
2012-02-05T12:44:57.46,38.603,142.0346,45.6,3.9,2012-05-01T22:07:48.82,38.6343,142.0099,45.2,3.6,-0.3213840907568954,0.9915632889008774
2012-02-15T15:03:18.05,36.1409,143.4018,35.0,3.6,2012-02-15T19:06:36.78,36.0562,143.4404,35.0,3.6,-0.5021794174314582,0.9366764717466568
2012-02-18T04:56:31.95,35.5549,140.1194,15.8,3.8,2012-02-18T05:13:10.58,35.5346,140.058,14.6,4.2,-0.0526196227058821,0.9620242239198388
2012-02-22T11:03:23.44,38.5226,141.8087,48.2,3.6,2012-05-11T16:36:38.53,38.5256,141.8349,47.9,3.8,0.1725915851264574,0.9915925730404872
2012-03-03T13:26:18.41,38.8307,142.1137,48.1,3.9,2012-05-03T07:15:45.5,38.888,141.9318,49.4,4.0,-1.0249240474840715,0.9612756240537976
2012-03-04T16:32:40.53,38.8621,141.9765,49.4,3.8,2012-04-13T07:40:00.05,38.8793,141.9411,47.7,3.7,0.2463229505326535,0.976192642528818
2012-03-14T12:27:04.0,35.78,140.91,13.0,3.6,2012-03-14T13:25:39.4,35.78,140.91,14.0,3.5,0.0589606437044452,0.9606585301389394
2012-03-14T13:25:39.4,35.78,140.91,14.0,3.5,2012-03-14T13:29:53.21,35.7646,140.8834,12.4,4.3,-0.3043593536853605,0.905860724234052
2012-03-14T13:28:08.53,38.6288,141.9903,46.5,3.9,2012-05-01T22:07:48.82,38.6343,142.0099,45.2,3.6,-0.2254637373465425,0.9892684943105567
2012-03-25T00:16:13.7,38.85,142.06,46.0,3.5,2012-05-12T17:14:39.98,38.8345,142.0632,44.3,3.5,0.2149249953638297,0.9460004540677108
2012-04-05T18:29:31.52,35.6363,140.865,14.4,3.8,2012-04-13T01:38:06.1,35.7,141.0,14.0,3.5,0.4687946374610666,0.9452694239841468
2012-04-19T21:54:10.2,37.0958,141.4213,12.4,3.9,2012-04-22T03:52:06.82,37.0882,141.364,9.9,3.8,0.1472628520867577,0.9032798784856938
2012-05-11T14:18:50.52,35.7313,140.8826,14.1,3.7,2012-05-12T14:59:06.7,35.75,140.93,12.0,3.6,-0.2778055185637993,0.900916896891002
