event1,latitude1,longitude1,depth1,magnitude1,event2,latitude2,longitude2,depth2,magnitude2,Δτ,cc
1997-05-03T16:41:48.18,39.9503,142.5397,30.8,3.8,2013-02-26T17:31:16.66,40.0135,142.4851,28.0,4.1,0.6271598394848633,0.9084441416856628
1997-05-03T16:41:48.18,39.9503,142.5397,30.8,3.8,2015-07-31T02:04:10.23,39.9974,142.4976,47.1,4.0,-1.1561062101910484,0.930081983825816
1997-05-03T16:41:48.18,39.9503,142.5397,30.8,3.8,2017-12-10T13:23:44.49,39.9658,142.4285,24.8,3.8,0.6493791692799018,0.9233127704883392
1997-05-03T16:41:48.18,39.9503,142.5397,30.8,3.8,2019-12-12T08:43:58.35,39.9787,142.3707,31.8,3.7,-0.8976549599593158,0.9055643600416432
1997-06-22T08:25:53.12,39.8198,143.362,26.5,4.2,2013-07-27T09:04:45.87,39.8947,143.225,24.8,4.5,-0.598533382381262,0.9460261988648644
1997-06-22T08:25:53.12,39.8198,143.362,26.5,4.2,2014-12-12T05:41:43.18,39.913,143.1393,12.0,4.3,0.9554968673686518,0.9270682505402242
1997-06-22T08:25:53.12,39.8198,143.362,26.5,4.2,2019-03-16T08:00:59.07,39.8941,143.2588,12.0,4.3,1.7113333663243204,0.9376913211249632
1997-06-24T00:41:53.0,40.36,142.09,48.0,3.5,2014-12-29T00:14:40.77,40.3362,142.0102,45.0,3.6,-1.5334313225498226,0.9041254268357328
1997-06-24T00:41:53.0,40.36,142.09,48.0,3.5,2015-12-17T22:58:20.7,40.35,142.18,45.0,3.5,0.3045404508525303,0.9269301312793524
1997-06-24T00:41:53.0,40.36,142.09,48.0,3.5,2016-12-04T02:59:08.87,40.383,142.2331,44.9,3.6,1.0688722280289702,0.9319532121651676
1997-08-24T12:05:00.88,39.6457,142.2096,32.4,3.5,1998-08-30T06:10:27.92,39.6422,142.1852,46.8,4.1,0.2720440981363589,0.9614475979243724
1998-06-08T01:47:41.8,40.37,142.09,52.0,4.0,1998-07-23T22:26:53.9,40.37,142.08,52.0,3.6,-0.0807547951053612,0.9534779095699863
1998-07-23T22:26:53.9,40.37,142.08,52.0,3.6,1998-09-15T00:15:40.1,40.37,142.09,52.0,3.6,-0.0208082783336776,0.9074492571466694
1998-08-30T06:10:27.92,39.6422,142.1852,46.8,4.1,1998-10-16T04:40:11.46,39.632,142.1668,45.1,4.0,-0.1717708496440633,0.9374142539346152
1998-09-02T02:13:19.1,40.29,142.35,33.0,3.7,1998-09-06T02:42:13.6,40.27,142.34,32.0,3.9,-0.4201419392944591,0.9726660536225852
1998-09-02T02:13:19.1,40.29,142.35,33.0,3.7,1998-09-09T18:58:43.58,40.2391,142.2779,27.2,4.1,-1.0906679279606764,0.95528737665612
1998-09-06T02:42:13.6,40.27,142.34,32.0,3.9,1998-09-09T18:58:43.58,40.2391,142.2779,27.2,4.1,-0.6710515915573538,0.9460899986772154
1998-10-27T10:21:50.5,42.0,142.46,57.0,3.5,1999-07-01T11:12:40.4,41.9672,142.5221,61.6,4.1,0.1320631644131463,0.9021175602810448
1999-03-02T19:08:17.0,40.37,142.16,48.0,3.5,2000-02-16T08:56:13.7,40.38,142.2,50.0,3.5,0.3830830417910344,0.9440281155940294
1999-03-31T21:49:40.5,40.88,142.08,52.0,3.5,1999-05-01T12:26:49.18,40.8951,142.0588,54.4,3.6,-0.718390324409086,0.9192340971770668
1999-04-08T02:29:18.0,40.37,142.07,53.0,3.8,2000-02-20T07:41:31.5,40.38,142.09,55.0,3.8,0.2833508868937309,0.9942319016003964
2000-11-20T11:45:02.4,40.37,142.09,52.0,3.6,2001-01-29T12:25:48.7,40.36,142.1,51.0,3.9,-0.1549187569381417,0.9044344597701052
2000-11-20T11:45:02.4,40.37,142.09,52.0,3.6,2001-08-15T11:46:00.6,40.36,142.1,51.0,3.7,-0.1577455055371379,0.9920315843830694
2001-01-29T12:25:48.7,40.36,142.1,51.0,3.9,2001-07-10T09:04:44.1,40.37,142.1,51.0,3.8,-0.0778110669317075,0.9254031320664924
2001-01-29T12:25:48.7,40.36,142.1,51.0,3.9,2001-08-15T11:46:00.6,40.36,142.1,51.0,3.7,-0.0018261217415802,0.9129043812119442
2001-01-29T12:25:48.7,40.36,142.1,51.0,3.9,2001-11-04T04:21:14.0,40.35,142.08,51.0,3.9,-0.3054040519650287,0.9846839123798172
2001-05-26T15:57:53.5,41.98,142.28,54.0,3.5,2001-06-28T21:37:39.81,41.9731,142.3107,67.7,4.1,-0.0631432672969602,0.9691050913437836
2001-07-10T09:04:44.1,40.37,142.1,51.0,3.8,2001-11-04T04:21:14.0,40.35,142.08,51.0,3.9,-0.2294458263106747,0.917311417646498
2001-12-21T16:57:20.5,40.22,143.36,11.0,3.8,2001-12-21T17:12:30.6,40.23,143.33,9.0,3.7,-0.0597010446072133,0.934373208518078
2002-06-09T23:00:35.86,40.2368,142.3736,30.4,4.0,2003-07-18T08:46:33.2,40.15,142.42,35.0,3.8,0.1855258313935396,0.9000839909402254
2002-06-15T09:13:27.96,41.548,142.0811,63.6,3.7,2003-05-06T14:17:05.0,41.4913,142.0734,64.7,3.8,0.5189667720197617,0.9292206086708756
2002-06-17T06:31:42.45,41.9317,142.2966,68.9,4.2,2002-08-31T17:50:23.19,41.9018,142.2756,66.4,4.2,0.6234794584371863,0.9221043082905256
2002-06-25T01:15:23.9,38.96,142.53,29.0,3.8,2002-10-11T04:01:01.63,38.9315,142.3464,17.4,4.1,-1.248559925487996,0.9024805674091796
2002-07-12T13:35:03.71,40.3923,142.2939,49.9,4.3,2002-07-14T03:06:29.2,40.37,142.27,40.0,3.8,-0.2802763890905519,0.9027322280835146
2002-08-27T00:30:38.43,41.9277,142.3133,62.6,3.6,2002-11-07T04:39:49.83,41.951,142.2932,60.3,3.5,-0.311556688900013,0.9367683717795916
2002-10-13T17:07:02.62,40.3817,142.0504,50.3,3.8,2002-11-02T00:52:29.48,40.367,141.9947,48.9,3.7,-0.7534083632833881,0.9281424935811016
2002-10-13T17:07:02.62,40.3817,142.0504,50.3,3.8,2003-06-20T18:11:55.4,40.34,142.08,50.0,3.7,-0.3167545101850573,0.9763598269502838
2002-10-13T17:07:02.62,40.3817,142.0504,50.3,3.8,2003-08-11T02:51:44.68,40.4352,142.1534,42.8,3.5,0.5098124174630378,0.9316343610703316
2002-11-02T00:52:29.48,40.367,141.9947,48.9,3.7,2003-06-20T18:11:55.4,40.34,142.08,50.0,3.7,0.4357419265869867,0.943103603663694
2002-11-02T00:52:29.48,40.367,141.9947,48.9,3.7,2003-08-11T02:51:44.68,40.4352,142.1534,42.8,3.5,1.2631017280071843,0.9960154451524617
2002-11-23T20:14:39.87,39.6443,142.072,46.6,4.1,2003-03-26T10:36:09.3,39.6679,142.1969,45.1,3.8,0.1256060146915756,0.9670402336986036
2003-01-08T02:23:11.83,41.9805,142.3121,66.1,3.5,2003-06-15T11:12:15.06,41.9451,142.3074,69.4,4.0,0.7423632480352857,0.9878196436053812
2003-04-03T08:38:23.21,36.3475,141.9708,19.0,3.7,2003-07-25T14:31:53.63,36.335,141.8511,19.0,3.7,-0.8094363991406852,0.9284042778722028
2003-05-26T18:10:31.4,38.82,141.6,74.0,3.6,2003-05-27T20:24:07.9,38.7712,141.7654,75.3,4.0,0.7449726011724334,0.9068029559220334
2003-06-20T18:11:55.4,40.34,142.08,50.0,3.7,2003-08-11T02:51:44.68,40.4352,142.1534,42.8,3.5,0.8271398829743017,0.9500371943414508
2006-12-02T20:26:03.07,41.4696,142.0384,63.1,3.5,2007-09-29T05:53:40.77,41.4878,142.0445,66.8,3.8,-0.5678698790662993,0.9036700464582702
2007-05-28T22:36:09.43,39.6336,142.1172,50.5,4.0,2007-12-15T04:18:16.54,39.6236,142.0184,46.8,3.7,-0.3553347839999844,0.946666598564836
2007-09-25T17:14:38.53,41.4578,142.114,66.2,3.7,2007-09-29T05:53:40.77,41.4878,142.0445,66.8,3.8,-0.6644249285894697,0.9194678124010496
2007-11-29T22:42:33.76,41.7311,143.6926,31.0,3.6,2007-11-30T00:07:51.99,41.8463,143.5734,43.0,3.5,-2.2311063942804115,0.9460028781228949
2012-11-08T14:03:10.59,39.5562,143.6798,11.0,4.0,2015-06-10T12:36:10.79,39.5362,143.7019,11.0,4.2,0.9876185490380602,0.9474309934294688
2012-11-08T14:03:10.59,39.5562,143.6798,11.0,4.0,2019-08-12T17:14:45.27,39.5911,143.5683,11.0,4.0,-0.9336693843807512,0.9504514012733728
2012-11-11T06:03:12.23,38.6355,142.0193,47.2,3.8,2013-06-25T12:10:59.44,38.6209,142.02,46.8,3.7,-0.516823084002304,0.9270117044626528
2012-11-11T06:03:12.23,38.6355,142.0193,47.2,3.8,2013-08-21T08:59:44.3,38.64,141.9,48.0,3.5,-1.3565862967217983,0.9200189459353972
2012-11-11T06:03:12.23,38.6355,142.0193,47.2,3.8,2019-06-03T07:45:15.93,38.638,141.9042,47.0,3.6,-1.4935810404932597,0.9185655981502328
2012-11-12T00:32:34.27,39.6497,142.2174,45.9,3.9,2012-11-21T00:02:19.28,39.6163,142.102,50.4,4.1,-0.6179582720035409,0.9533595385784
2012-11-12T00:32:34.27,39.6497,142.2174,45.9,3.9,2013-02-25T20:12:56.39,39.6387,142.1355,48.5,4.0,-0.5007540180130063,0.9870325468515346
2012-11-12T00:32:34.27,39.6497,142.2174,45.9,3.9,2013-05-18T15:51:01.28,39.6298,142.1197,53.3,4.0,-0.6388391790137772,0.9526360365819262
2012-11-12T00:32:34.27,39.6497,142.2174,45.9,3.9,2013-06-05T17:29:03.88,39.6391,142.2969,46.2,3.8,0.7405463331709174,0.9618978678711876
2012-11-12T00:32:34.27,39.6497,142.2174,45.9,3.9,2013-08-12T06:16:59.64,39.633,142.1778,48.3,3.6,0.1609793963989782,0.9073830887310304
2012-11-12T00:32:34.27,39.6497,142.2174,45.9,3.9,2013-09-12T11:28:52.01,39.6507,142.2124,46.5,3.6,-0.0847346466341705,0.9680308417065782
2012-11-12T00:32:34.27,39.6497,142.2174,45.9,3.9,2013-11-21T08:59:23.22,39.5994,142.2982,43.2,4.1,0.7745491032082923,0.9513060102984618
2012-11-12T00:32:34.27,39.6497,142.2174,45.9,3.9,2014-02-02T08:13:25.39,39.6237,142.0189,46.8,3.9,-0.4520476456356812,0.9676891672561064
2012-11-12T00:32:34.27,39.6497,142.2174,45.9,3.9,2014-07-27T09:24:15.45,39.6279,142.1824,48.6,4.1,-0.167222714673713,0.9696141282012324
2012-11-12T00:32:34.27,39.6497,142.2174,45.9,3.9,2014-08-25T11:04:35.93,39.6218,142.1878,44.3,3.9,-0.1085414892576165,0.9713055157341376
2012-11-12T00:32:34.27,39.6497,142.2174,45.9,3.9,2015-01-29T10:45:18.93,39.6108,142.0683,46.5,3.9,-0.5576057579025882,0.9720890621091456
2012-11-12T00:32:34.27,39.6497,142.2174,45.9,3.9,2015-03-23T13:56:48.72,39.6415,142.0922,47.4,4.2,-0.0190225626546608,0.9646952152768768
2012-11-12T00:32:34.27,39.6497,142.2174,45.9,3.9,2015-05-09T19:15:44.03,39.6173,142.1756,47.7,3.9,-0.0512484369324229,0.992088400765398
2012-11-12T00:32:34.27,39.6497,142.2174,45.9,3.9,2015-09-06T02:00:10.78,39.6328,142.1218,45.3,3.6,-0.7884494142165671,0.9266974394738337
2012-11-12T00:32:34.27,39.6497,142.2174,45.9,3.9,2015-09-28T16:33:55.17,39.5984,142.1289,50.4,3.9,-0.1602186071660356,0.972702820986726
2012-11-12T00:32:34.27,39.6497,142.2174,45.9,3.9,2015-12-31T18:53:18.29,39.629,142.2132,51.4,3.9,-0.2054743199894257,0.9416659270020932
2012-11-12T00:32:34.27,39.6497,142.2174,45.9,3.9,2016-04-26T10:21:46.87,39.6199,142.1361,47.3,3.8,-0.3585428572944283,0.9888698523150096
2012-11-12T00:32:34.27,39.6497,142.2174,45.9,3.9,2016-07-03T09:06:01.44,39.6391,142.159,50.0,4.1,-0.3967691893539036,0.9517868764140128
2012-11-12T00:32:34.27,39.6497,142.2174,45.9,3.9,2016-09-09T04:47:04.68,39.6328,142.1661,48.1,3.8,-0.3984410102861888,0.9675415696389552
2012-11-12T00:32:34.27,39.6497,142.2174,45.9,3.9,2016-11-29T03:46:36.5,39.6371,142.1238,48.6,3.9,-0.8704591282594778,0.9308928706363376
2012-11-12T00:32:34.27,39.6497,142.2174,45.9,3.9,2016-12-20T15:27:27.24,39.6184,142.096,47.9,3.5,-0.9379898815170684,0.9583867098263896
2012-11-12T00:32:34.27,39.6497,142.2174,45.9,3.9,2017-04-05T20:00:13.64,39.611,142.0494,51.1,4.2,-0.6273178378974082,0.9703412177589564
2012-11-12T00:32:34.27,39.6497,142.2174,45.9,3.9,2017-09-13T07:13:41.23,39.6106,142.1044,49.8,4.0,-0.6899767285928068,0.9719529081802796
2012-11-12T00:32:34.27,39.6497,142.2174,45.9,3.9,2018-01-09T04:43:21.69,39.6236,142.1095,53.2,4.3,-0.6097589263060375,0.95502778712142
2012-11-12T00:32:34.27,39.6497,142.2174,45.9,3.9,2018-05-14T22:46:33.01,39.619,142.1095,49.3,3.9,-0.6387086992895559,0.9718574044752072
2012-11-12T00:32:34.27,39.6497,142.2174,45.9,3.9,2018-10-22T23:44:17.78,39.6408,142.1573,47.5,3.5,0.1129409032924323,0.954486406434596
2012-11-12T00:32:34.27,39.6497,142.2174,45.9,3.9,2018-11-16T02:49:11.8,39.6082,142.1445,51.3,4.2,-0.22888613744586,0.9534181910038936
2012-11-12T00:32:34.27,39.6497,142.2174,45.9,3.9,2019-02-01T03:39:59.76,39.6428,142.138,47.7,3.7,-0.410564655562757,0.9476299971011628
2012-11-12T00:32:34.27,39.6497,142.2174,45.9,3.9,2019-09-04T10:54:41.84,39.605,142.1095,53.7,3.9,-0.9177279377964902,0.9236112188516176
2012-11-12T00:32:34.27,39.6497,142.2174,45.9,3.9,2019-09-07T08:01:45.88,39.6172,142.2201,48.8,4.2,-0.1630996709826305,0.990384953164012
2012-11-12T00:32:34.27,39.6497,142.2174,45.9,3.9,2020-09-03T15:33:35.63,39.6053,142.1558,50.9,3.6,-0.0756102547036929,0.9162388222294432
2012-11-12T00:32:34.27,39.6497,142.2174,45.9,3.9,2020-09-09T02:45:26.39,39.6114,142.1588,48.3,3.9,0.0063396969120529,0.95389406197888
2012-11-12T17:16:02.01,40.2932,142.3174,26.0,3.5,2012-11-13T06:34:33.5,40.27,142.33,31.0,3.7,-0.6419385143475539,0.956271001397908
2012-11-12T20:00:02.71,36.1495,142.5702,12.5,3.6,2017-08-02T15:11:50.66,36.2543,142.7858,35.0,3.7,-2.151624826494792,0.9523547501156262
2012-11-21T00:02:19.28,39.6163,142.102,50.4,4.1,2013-02-25T20:12:56.39,39.6387,142.1355,48.5,4.0,0.1196942026719671,0.9576920417497592
2012-11-21T00:02:19.28,39.6163,142.102,50.4,4.1,2013-05-18T15:51:01.28,39.6298,142.1197,53.3,4.0,-0.0201666517132654,0.9946340276827068
2012-11-21T00:02:19.28,39.6163,142.102,50.4,4.1,2013-06-05T17:29:03.88,39.6391,142.2969,46.2,3.8,1.3592336664219538,0.9756563605726476
2012-11-21T00:02:19.28,39.6163,142.102,50.4,4.1,2013-08-12T06:16:59.64,39.633,142.1778,48.3,3.6,0.7834785138540556,0.945783244124642
2012-11-21T00:02:19.28,39.6163,142.102,50.4,4.1,2013-09-12T11:28:52.01,39.6507,142.2124,46.5,3.6,0.5329225797446996,0.9728057577379762
2012-11-21T00:02:19.28,39.6163,142.102,50.4,4.1,2013-11-21T08:59:23.22,39.5994,142.2982,43.2,4.1,1.393909866746511,0.9954916381496932
2012-11-21T00:02:19.28,39.6163,142.102,50.4,4.1,2014-02-02T08:13:25.39,39.6237,142.0189,46.8,3.9,0.1671898000515463,0.9687687008155172
2012-11-21T00:02:19.28,39.6163,142.102,50.4,4.1,2014-07-27T09:24:15.45,39.6279,142.1824,48.6,4.1,0.4528191395692966,0.9710652836785988
2012-11-21T00:02:19.28,39.6163,142.102,50.4,4.1,2014-08-25T11:04:35.93,39.6218,142.1878,44.3,3.9,0.5095575576473342,0.9731279697991768
2012-11-21T00:02:19.28,39.6163,142.102,50.4,4.1,2015-01-29T10:45:18.93,39.6108,142.0683,46.5,3.9,0.0615582380113088,0.9734538244289956
2012-11-21T00:02:19.28,39.6163,142.102,50.4,4.1,2015-03-23T13:56:48.72,39.6415,142.0922,47.4,4.2,0.600920919279935,0.9808980270895452
2012-11-21T00:02:19.28,39.6163,142.102,50.4,4.1,2015-05-09T19:15:44.03,39.6173,142.1756,47.7,3.9,0.5686073881706175,0.960365076926067
2012-11-21T00:02:19.28,39.6163,142.102,50.4,4.1,2015-09-06T02:00:10.78,39.6328,142.1218,45.3,3.6,-0.1698787897095544,0.9377610347044648
2012-11-21T00:02:19.28,39.6163,142.102,50.4,4.1,2015-09-28T16:33:55.17,39.5984,142.1289,50.4,3.9,0.4581518438224911,0.9768923657033932
2012-11-21T00:02:19.28,39.6163,142.102,50.4,4.1,2015-12-31T18:53:18.29,39.629,142.2132,51.4,3.9,0.4161580094151735,0.9713106359735526
2012-11-21T00:02:19.28,39.6163,142.102,50.4,4.1,2016-04-26T10:21:46.87,39.6199,142.1361,47.3,3.8,0.2593624363790143,0.9626829263194724
2012-11-21T00:02:19.28,39.6163,142.102,50.4,4.1,2016-07-03T09:06:01.44,39.6391,142.159,50.0,4.1,0.2216072135422718,0.9941400429307604
2012-11-21T00:02:19.28,39.6163,142.102,50.4,4.1,2016-09-09T04:47:04.68,39.6328,142.1661,48.1,3.8,0.220197851993196,0.9701096517576652
2012-11-21T00:02:19.28,39.6163,142.102,50.4,4.1,2016-11-29T03:46:36.5,39.6371,142.1238,48.6,3.9,-0.2496506284145742,0.971418145701877
2012-11-21T00:02:19.28,39.6163,142.102,50.4,4.1,2016-12-20T15:27:27.24,39.6184,142.096,47.9,3.5,-0.3184261315329563,0.9704793065932076
2012-11-21T00:02:19.28,39.6163,142.102,50.4,4.1,2017-04-05T20:00:13.64,39.611,142.0494,51.1,4.2,-0.0071970372230046,0.9697830629848724
2012-11-21T00:02:19.28,39.6163,142.102,50.4,4.1,2017-09-13T07:13:41.23,39.6106,142.1044,49.8,4.0,-0.0704651990052349,0.9692091019216514
2012-11-21T00:02:19.28,39.6163,142.102,50.4,4.1,2018-01-09T04:43:21.69,39.6236,142.1095,53.2,4.3,0.009454050992721,0.9939415823467947
2012-11-21T00:02:19.28,39.6163,142.102,50.4,4.1,2018-05-14T22:46:33.01,39.619,142.1095,49.3,3.9,-0.0200760869463142,0.9756882532700062
2012-11-21T00:02:19.28,39.6163,142.102,50.4,4.1,2018-10-22T23:44:17.78,39.6408,142.1573,47.5,3.5,0.7330332066182392,0.9599152257915936
2012-11-21T00:02:19.28,39.6163,142.102,50.4,4.1,2018-11-16T02:49:11.8,39.6082,142.1445,51.3,4.2,0.3895620464338993,0.9982871893828292
2012-11-21T00:02:19.28,39.6163,142.102,50.4,4.1,2019-02-01T03:39:59.76,39.6428,142.138,47.7,3.7,0.2075229023719525,0.9636080199822606
2012-11-21T00:02:19.28,39.6163,142.102,50.4,4.1,2019-09-04T10:54:41.84,39.605,142.1095,53.7,3.9,-0.3003030819456594,0.9892851017520704
2012-11-21T00:02:19.28,39.6163,142.102,50.4,4.1,2019-09-07T08:01:45.88,39.6172,142.2201,48.8,4.2,0.4563684640221699,0.96462790531048
2012-11-21T00:02:19.28,39.6163,142.102,50.4,4.1,2020-09-03T15:33:35.63,39.6053,142.1558,50.9,3.6,0.5460918543348721,0.9403608334509408
2012-11-21T00:02:19.28,39.6163,142.102,50.4,4.1,2020-09-09T02:45:26.39,39.6114,142.1588,48.3,3.9,0.6259707100726293,0.988915590837768
2012-11-21T17:42:36.97,38.4942,141.8832,41.8,5.0,2013-11-25T15:43:02.38,38.5255,141.8496,52.9,4.9,-1.147658028212076,0.9453180630042752
2012-11-22T23:26:47.56,39.0998,142.3712,44.6,4.7,2012-11-23T12:16:47.5,39.0945,142.3473,43.1,4.0,-0.4383500346372992,0.9516244213608116
2012-11-23T15:51:47.28,36.0619,139.9117,54.3,4.4,2017-08-03T04:45:05.03,36.0668,139.9285,54.8,4.6,-0.8044512438434682,0.9106453892506228
2012-11-24T08:59:47.62,35.5635,140.0021,73.4,4.8,2018-01-05T15:54:13.56,35.5985,140.0302,70.4,4.8,0.6408704845548379,0.97712544486569
2012-11-26T18:20:38.46,39.326,142.0842,45.9,3.9,2013-08-22T08:02:47.62,39.3261,142.0361,46.8,3.8,0.3493636172055162,0.9422404634348944
2012-11-26T18:20:38.46,39.326,142.0842,45.9,3.9,2018-02-02T14:52:09.71,39.3348,142.1194,47.5,4.1,-0.0003612215153015,0.918559528091464
2012-11-26T18:20:38.46,39.326,142.0842,45.9,3.9,2019-09-12T17:09:36.39,39.3388,142.101,46.0,3.6,-0.069848560678356,0.9336738122523462
2012-11-26T18:20:38.46,39.326,142.0842,45.9,3.9,2020-07-24T10:35:20.94,39.3079,142.1305,49.3,3.5,0.5618002630041681,0.9346577137055933
2012-11-27T04:36:54.14,39.7627,141.871,59.0,3.6,2013-07-30T11:32:31.57,39.7671,141.9003,62.1,3.6,0.4017228994616828,0.9014829733528352
2012-11-27T04:36:54.14,39.7627,141.871,59.0,3.6,2014-06-05T21:10:30.68,39.7562,141.8367,58.0,3.6,-0.421011714602547,0.9143678325921228
2012-11-27T04:36:54.14,39.7627,141.871,59.0,3.6,2017-07-05T21:40:16.04,39.7374,141.8889,64.8,3.5,0.5309470208321593,0.9089274217318218
2012-11-27T04:36:54.14,39.7627,141.871,59.0,3.6,2017-12-16T18:50:16.25,39.7454,141.8577,58.8,3.6,-0.0488569728441312,0.9016150959964856
2012-11-27T04:36:54.14,39.7627,141.871,59.0,3.6,2018-10-15T18:52:11.05,39.7598,141.8232,56.7,3.5,-0.4341383014987433,0.9070816355303096
2012-11-27T04:36:54.14,39.7627,141.871,59.0,3.6,2020-01-21T19:34:31.95,39.7627,141.8302,57.2,3.7,-0.2468495151464699,0.9014957700946298
2012-11-27T05:12:25.71,39.9061,143.4246,6.0,3.7,2015-03-22T19:35:27.22,39.822,143.3206,15.9,3.6,-2.664271035962697,0.935590370324817
2012-11-27T05:12:25.71,39.9061,143.4246,6.0,3.7,2019-07-18T16:28:02.99,39.8538,143.3231,35.0,3.6,-5.249421119517394,0.9278393439055987
2012-11-29T07:54:25.1,39.6338,143.529,1.6,3.7,2015-03-19T18:40:12.64,39.648,143.6233,16.9,4.0,-1.596004357087655,0.933116870874849
2012-12-03T04:14:06.64,38.5814,141.8972,48.8,4.0,2013-06-03T20:01:23.61,38.6419,141.9306,47.0,4.2,0.5233225573066517,0.9880007389925924
2012-12-03T04:14:06.64,38.5814,141.8972,48.8,4.0,2013-12-03T19:55:50.02,38.5841,142.025,46.5,4.2,1.0719534031878737,0.9541760202040211
2012-12-03T04:14:06.64,38.5814,141.8972,48.8,4.0,2014-06-18T12:40:58.67,38.5603,142.0314,44.0,4.2,1.4219842697107854,0.9795249381115836
2012-12-03T04:14:06.64,38.5814,141.8972,48.8,4.0,2015-02-05T20:28:42.76,38.6077,141.9812,55.6,4.1,0.30609906674009,0.981130603926812
2012-12-03T04:14:06.64,38.5814,141.8972,48.8,4.0,2015-11-18T13:42:32.37,38.5565,142.1536,44.0,4.1,2.0056312658840154,0.9794867446209068
2012-12-03T04:14:06.64,38.5814,141.8972,48.8,4.0,2016-06-13T18:17:25.85,38.5899,141.961,51.8,3.9,0.160256677008762,0.978311804202704
2012-12-03T04:14:06.64,38.5814,141.8972,48.8,4.0,2016-12-08T04:25:10.3,38.5752,142.022,40.6,4.1,1.983495574077038,0.9789564436407688
2012-12-03T04:14:06.64,38.5814,141.8972,48.8,4.0,2017-07-01T18:53:11.37,38.6039,141.9678,49.1,4.1,0.7830613341784125,0.9856270269372792
2012-12-03T04:14:06.64,38.5814,141.8972,48.8,4.0,2018-02-02T10:44:48.31,38.5609,142.1253,39.0,4.1,1.852310795902567,0.9790298484471311
2012-12-03T04:14:06.64,38.5814,141.8972,48.8,4.0,2018-08-16T10:44:09.3,38.5708,141.9456,49.2,3.9,0.3202444446922092,0.9740026675662372
2012-12-03T04:14:06.64,38.5814,141.8972,48.8,4.0,2019-04-01T12:17:32.96,38.5938,141.9946,50.0,4.0,0.1808914984804632,0.9848005045053422
2012-12-03T04:14:06.64,38.5814,141.8972,48.8,4.0,2019-10-20T22:53:33.32,38.5649,142.08,43.8,3.9,1.5732803534520656,0.9785160232098038
2012-12-11T15:48:32.16,40.8794,142.0505,57.3,3.7,2014-09-02T05:44:14.74,40.8599,142.0169,51.0,3.6,-0.3674410603770899,0.9956217642920284
2012-12-11T15:48:32.16,40.8794,142.0505,57.3,3.7,2017-01-01T14:55:06.99,40.9032,142.0374,55.6,3.7,0.193274704841339,0.9913533550750524
2012-12-11T15:48:32.16,40.8794,142.0505,57.3,3.7,2018-08-29T03:25:50.72,40.8935,142.1536,51.3,3.5,0.9682277749186156,0.991398342088787
2012-12-11T15:48:32.16,40.8794,142.0505,57.3,3.7,2020-10-03T21:25:04.54,40.8801,142.0388,57.0,3.7,-0.3300557374691065,0.993650350050811
2012-12-19T22:40:10.87,39.6811,143.454,11.0,4.5,2015-03-19T23:30:20.14,39.6907,143.4828,20.2,4.6,-1.238190281928365,0.9227894541284448
2012-12-20T15:31:14.79,37.0845,141.21,54.0,4.1,2014-07-30T14:57:06.66,37.0936,141.2082,48.8,3.9,0.0600289752287132,0.938915138867444
2012-12-20T15:31:14.79,37.0845,141.21,54.0,4.1,2018-09-27T19:32:24.08,37.0924,141.2521,48.6,4.2,0.6550010629521504,0.9041823259677518
2012-12-20T21:57:41.25,39.686,143.5383,11.0,3.9,2015-03-19T06:53:46.16,39.6884,143.4015,11.0,3.9,-0.4414135151404722,0.9563096362590606
2012-12-21T17:44:26.53,39.6997,143.5042,12.0,3.8,2013-10-19T10:04:51.57,39.6596,143.5757,11.0,4.1,0.2134626474934466,0.9632666836329355
2012-12-21T17:44:26.53,39.6997,143.5042,12.0,3.8,2014-08-21T15:20:44.36,39.5624,143.7844,11.0,4.3,1.5934025577797972,0.9510692895804476
2012-12-21T22:01:19.39,41.5416,142.0835,58.6,3.5,2015-04-09T09:29:58.85,41.5483,142.0781,64.6,3.7,-0.5062330051633719,0.9234111470552794
2012-12-21T22:01:19.39,41.5416,142.0835,58.6,3.5,2017-01-17T15:28:24.78,41.5442,142.106,66.5,3.8,-0.8500523723883671,0.9166609802591872
2012-12-21T22:01:19.39,41.5416,142.0835,58.6,3.5,2017-05-05T10:51:59.31,41.5174,142.1351,64.8,3.8,-0.5476996909104991,0.9935475215854216
2012-12-21T22:01:19.39,41.5416,142.0835,58.6,3.5,2018-08-23T20:52:45.12,41.5504,142.0818,61.0,3.5,-0.5729339432282233,0.986231908524373
2012-12-22T06:20:23.03,41.3395,142.651,40.7,4.4,2016-11-28T10:30:26.68,41.2829,142.7171,29.9,3.6,0.7541214170635113,0.9428689883061036
2012-12-22T06:20:23.03,41.3395,142.651,40.7,4.4,2018-08-22T15:06:27.24,41.3998,142.6132,46.3,4.9,-0.6047500929558545,0.9173687546190316
2012-12-22T06:20:23.03,41.3395,142.651,40.7,4.4,2020-08-12T23:31:56.53,41.3175,142.7078,48.1,4.3,-0.6465188486531339,0.927684782706458
2012-12-22T20:38:37.32,39.4449,143.855,11.0,4.3,2015-02-12T02:42:37.98,39.4622,143.6174,12.2,4.1,-1.3956416802897156,0.9700169201477944
2013-01-03T13:56:22.7,40.3488,142.0315,53.5,3.8,2013-05-02T12:03:54.26,40.3635,142.1033,52.4,3.8,0.2551142488184185,0.90091894509058
2013-01-03T13:56:22.7,40.3488,142.0315,53.5,3.8,2014-02-05T14:30:58.11,40.3936,142.1642,52.6,3.7,1.2531846628374943,0.992794472747019
2013-01-03T13:56:22.7,40.3488,142.0315,53.5,3.8,2014-02-25T11:29:40.37,40.3489,141.9956,55.5,3.7,0.2824186976420056,0.9143055972525248
2013-01-03T13:56:22.7,40.3488,142.0315,53.5,3.8,2015-03-09T18:41:25.26,40.3875,142.0479,48.6,3.8,0.2436326786450741,0.9152305541253176
2013-01-03T13:56:22.7,40.3488,142.0315,53.5,3.8,2015-10-25T17:18:43.26,40.3777,142.0937,52.6,3.9,0.4699344868576921,0.9909423696751674
2013-01-03T13:56:22.7,40.3488,142.0315,53.5,3.8,2017-02-26T11:34:09.63,40.3526,142.1316,53.1,3.8,0.3661276989232002,0.9151066866311772
2013-01-03T13:56:22.7,40.3488,142.0315,53.5,3.8,2017-04-01T15:40:45.25,40.385,142.0448,50.4,3.7,0.082706054970309,0.993655296989323
2013-01-03T13:56:22.7,40.3488,142.0315,53.5,3.8,2018-07-19T20:07:40.71,40.3627,142.0637,53.1,3.8,0.3315700620039615,0.9955948119725336
2013-01-03T13:56:22.7,40.3488,142.0315,53.5,3.8,2019-06-01T14:04:15.9,40.3712,142.1048,50.7,3.7,0.0915811706396337,0.9346271267323096
2013-01-05T16:47:09.8,38.9155,142.038,60.9,3.9,2013-04-01T19:09:37.88,38.8929,142.0591,49.1,4.2,1.0356002616968123,0.9098320125889072
2013-01-05T16:47:09.8,38.9155,142.038,60.9,3.9,2013-06-13T13:35:16.66,38.938,142.0434,46.1,3.7,0.5604201366235051,0.922446468195282
2013-01-05T16:47:09.8,38.9155,142.038,60.9,3.9,2019-09-27T11:11:01.95,38.8949,141.9515,48.9,4.0,0.6808574221041672,0.9017772673241096
2013-01-10T12:48:20.2,37.5342,141.4335,50.7,5.0,2014-02-07T17:18:33.51,37.5468,141.438,57.2,5.0,-0.4965265160907192,0.9769996423417796
2013-01-16T15:52:52.47,36.2776,142.6554,15.0,3.8,2014-04-16T11:23:10.56,36.2696,142.7817,35.0,3.7,-1.0767707168332217,0.9876365467692604
2013-01-16T15:52:52.47,36.2776,142.6554,15.0,3.8,2015-12-14T20:32:56.65,36.3929,142.5603,15.0,3.6,-0.2073576588627399,0.9879619834582458
2013-01-16T15:52:52.47,36.2776,142.6554,15.0,3.8,2018-02-26T08:44:37.0,36.3658,142.6509,35.0,3.8,-3.1092403025553272,0.9825800020853308
2013-01-18T03:02:01.56,40.2609,143.87,25.3,4.6,2016-10-24T20:52:17.47,40.2272,143.9009,16.0,4.8,1.9792193362107728,0.9762595721345132
2013-01-22T12:15:17.95,39.3601,143.505,11.0,3.9,2019-01-02T15:11:14.46,39.3867,143.5707,11.0,4.2,0.0457850825492018,0.917352234569127
2013-01-22T16:18:17.25,41.5504,142.0556,61.3,3.5,2015-05-25T22:09:05.16,41.55,142.0539,64.1,3.5,0.2593600259984933,0.9972957499287926
2013-01-22T16:18:17.25,41.5504,142.0556,61.3,3.5,2017-02-07T13:03:18.58,41.5411,142.1004,62.2,3.7,0.6445661815043235,0.9905811671945896
2013-01-22T16:18:17.25,41.5504,142.0556,61.3,3.5,2019-10-09T15:52:43.42,41.5627,142.0603,63.0,3.8,-0.0770060304468686,0.9967550157859104
2013-01-23T21:31:07.73,37.8123,141.6655,50.3,4.8,2014-02-04T00:35:31.06,37.8098,141.6766,45.6,4.7,0.5121428562758543,0.9641541652448548
2013-01-27T00:42:58.31,41.825,142.7025,52.5,3.6,2016-04-18T20:50:57.2,41.818,142.7129,54.6,3.6,-0.1601971668885687,0.9033233446367048
2013-01-31T16:04:47.1,36.0255,139.8822,49.6,4.3,2017-12-01T15:12:29.26,36.0324,139.9155,54.7,4.3,-0.2501048853871888,0.9539548992398916
2013-02-01T15:06:55.17,38.888,141.9774,55.3,3.9,2013-06-25T18:23:10.76,38.8394,142.0308,43.1,3.7,1.4191300530544009,0.9389738512553816
2013-02-01T15:06:55.17,38.888,141.9774,55.3,3.9,2013-09-03T05:16:33.87,38.8655,141.9652,46.8,3.8,1.0428674496047017,0.975899751010243
2013-02-01T15:06:55.17,38.888,141.9774,55.3,3.9,2014-02-27T14:04:58.75,38.8498,142.0177,49.9,4.0,1.180319836541761,0.9119658465754812
2013-02-01T15:06:55.17,38.888,141.9774,55.3,3.9,2015-05-19T17:17:39.52,38.8762,142.0788,50.5,4.0,1.5585811964242104,0.9083059107261504
2013-02-01T15:06:55.17,38.888,141.9774,55.3,3.9,2015-12-12T21:05:51.61,38.8977,142.0347,48.3,4.0,1.413590940658895,0.9196883536429236
2013-02-01T15:06:55.17,38.888,141.9774,55.3,3.9,2016-04-24T21:51:22.54,38.8291,142.1441,45.2,3.8,2.7292584226327787,0.906318627203786
2013-02-01T15:06:55.17,38.888,141.9774,55.3,3.9,2016-08-13T08:49:41.24,38.8588,142.1239,49.1,4.2,1.7067739102111823,0.9197872943318453
2013-02-01T15:06:55.17,38.888,141.9774,55.3,3.9,2016-12-30T08:33:10.0,38.8661,141.9908,45.5,4.0,1.3472122834899654,0.9060153103979444
2013-02-01T15:06:55.17,38.888,141.9774,55.3,3.9,2017-08-07T22:35:14.81,38.8689,141.9697,51.6,4.1,1.2190459764682955,0.9060252466511116
2013-02-01T15:06:55.17,38.888,141.9774,55.3,3.9,2018-01-07T02:23:11.64,38.8522,142.0152,49.7,3.9,1.080720974929397,0.9033264399024828
2013-02-01T15:06:55.17,38.888,141.9774,55.3,3.9,2018-07-14T09:13:51.33,38.8582,142.0765,48.0,4.2,1.65069589377557,0.9295952180589144
2013-02-01T15:06:55.17,38.888,141.9774,55.3,3.9,2019-03-06T18:43:45.28,38.822,142.0917,46.3,3.9,2.2075687364127017,0.9157141030145106
2013-02-01T15:06:55.17,38.888,141.9774,55.3,3.9,2020-07-11T13:11:54.05,38.8783,142.0117,55.9,3.9,0.5304916204641077,0.9250406949111056
2013-02-04T02:40:32.04,36.1252,142.0746,23.0,4.4,2019-10-16T01:07:08.01,36.0603,142.1043,23.0,3.8,0.5632675183932883,0.9344838095215996
2013-02-04T09:18:44.07,40.3547,142.1865,52.7,4.1,2013-10-16T09:16:10.34,40.349,142.1926,51.3,4.3,-0.3088697292682515,0.9878378696531872
2013-02-04T09:18:44.07,40.3547,142.1865,52.7,4.1,2015-04-11T21:42:58.89,40.3456,142.2232,50.6,3.7,0.1397390956963523,0.977658555374326
2013-02-04T09:18:44.07,40.3547,142.1865,52.7,4.1,2015-04-30T07:33:40.09,40.3383,142.1575,50.9,3.6,-0.0087644373159944,0.97888106834898
2013-02-04T09:18:44.07,40.3547,142.1865,52.7,4.1,2016-07-20T07:17:36.68,40.3521,142.2627,53.0,4.4,0.2926420181928968,0.9959678173985814
2013-02-04T09:18:44.07,40.3547,142.1865,52.7,4.1,2017-10-21T00:19:30.79,40.3775,142.2752,39.6,3.5,0.3941215702705508,0.939232634080731
2013-02-04T09:18:44.07,40.3547,142.1865,52.7,4.1,2018-08-24T21:30:28.05,40.4004,142.2845,51.9,4.5,0.1619753785238344,0.9919740640173468
2013-02-04T20:44:32.16,40.3775,142.2506,48.3,3.8,2014-03-22T07:49:01.94,40.3702,142.1002,44.8,3.6,-1.7893333132664022,0.9865725714413072
2013-02-04T20:44:32.16,40.3775,142.2506,48.3,3.8,2015-04-11T21:42:58.89,40.3456,142.2232,50.6,3.7,-0.7390310845505295,0.9098341730837324
2013-02-04T20:44:32.16,40.3775,142.2506,48.3,3.8,2016-07-20T14:57:03.35,40.3708,142.2653,40.8,3.8,-0.511840562933559,0.9863486091218856
2013-02-04T20:44:32.16,40.3775,142.2506,48.3,3.8,2018-08-19T11:32:35.07,40.3689,142.1598,45.7,3.5,-1.0684428045159595,0.9812980798631964
2013-02-05T13:31:03.18,38.6625,142.1138,47.3,4.6,2018-11-08T21:51:39.18,38.648,142.2043,43.3,4.6,0.4761476580519416,0.9748581748435624
2013-02-08T00:40:25.73,39.1314,142.8701,13.5,4.0,2013-08-18T23:27:58.75,39.0913,143.0067,6.2,3.8,2.0978873287601667,0.949163474668618
2013-02-08T00:40:25.73,39.1314,142.8701,13.5,4.0,2014-07-08T12:52:47.73,39.2105,142.8305,6.5,4.1,-0.4396706209780514,0.974195822999357
2013-02-08T00:40:25.73,39.1314,142.8701,13.5,4.0,2016-04-19T17:37:44.85,39.11,142.9654,16.0,4.0,-0.2058909403506742,0.9675895152940156
2013-02-08T00:40:25.73,39.1314,142.8701,13.5,4.0,2018-05-10T10:21:45.85,39.0732,143.0294,39.9,4.2,-1.855266943881216,0.97156022218962
2013-02-08T00:54:16.46,39.1328,142.9347,41.7,4.5,2014-12-18T15:16:56.83,39.1586,142.8582,42.1,4.1,-0.5138668350070887,0.9631879180741842
2013-02-08T00:54:16.46,39.1328,142.9347,41.7,4.5,2016-09-24T03:19:30.53,39.1909,142.7439,29.0,4.0,0.1684465403038628,0.9795496155259882
2013-02-08T00:54:16.46,39.1328,142.9347,41.7,4.5,2018-05-10T04:54:08.46,39.132,142.9069,16.0,3.9,3.6053358970448,0.9845411126917544
2013-02-08T00:54:16.46,39.1328,142.9347,41.7,4.5,2020-12-01T17:11:55.05,39.1489,142.9864,27.7,4.0,2.2485918982724398,0.9809396144568442
2013-02-09T19:28:02.52,40.8943,142.0653,57.4,3.5,2014-02-01T00:49:57.62,40.898,142.0265,59.2,3.8,-0.5208269763785767,0.9156120823948805
2013-02-09T19:28:02.52,40.8943,142.0653,57.4,3.5,2015-09-24T21:07:26.77,40.8792,142.0285,55.0,3.7,-0.4096500231796869,0.9194831103329107
2013-02-09T19:28:02.52,40.8943,142.0653,57.4,3.5,2017-04-27T16:39:04.02,40.8882,142.0704,55.0,3.7,-0.3428226373885275,0.9174533203661268
2013-02-09T19:28:02.52,40.8943,142.0653,57.4,3.5,2019-01-21T22:50:36.38,40.873,142.0567,56.5,3.7,0.0748144600499573,0.915471925227654
2013-02-09T19:28:02.52,40.8943,142.0653,57.4,3.5,2019-11-13T06:20:10.28,40.9393,142.2571,49.4,3.7,1.649380900315511,0.9146409090993652
2013-02-17T15:33:06.11,39.9577,144.0628,16.0,3.8,2019-06-05T11:16:59.45,39.9835,144.1259,16.0,3.8,0.0696430507951962,0.989822258108491
2013-02-18T11:06:42.93,38.8421,142.1455,43.7,4.2,2014-01-08T12:28:20.03,38.8485,142.1928,46.3,4.0,-0.6264118323624417,0.9706820167367468
2013-02-18T11:06:42.93,38.8421,142.1455,43.7,4.2,2014-11-08T12:09:27.04,38.8164,142.2867,40.8,4.0,0.641932024229429,0.9686671779611042
2013-02-18T11:06:42.93,38.8421,142.1455,43.7,4.2,2016-12-24T07:04:32.57,38.8069,142.1666,39.0,4.1,0.1256539502949914,0.9681674675146886
2013-02-18T11:06:42.93,38.8421,142.1455,43.7,4.2,2018-06-17T15:43:42.62,38.8022,142.1996,46.5,4.1,-0.0630678653033722,0.9776470206594768
2013-02-18T11:06:42.93,38.8421,142.1455,43.7,4.2,2020-08-27T00:48:42.33,38.8381,142.1809,42.6,4.2,0.4153748365393973,0.9796272558894764
2013-02-25T20:12:56.39,39.6387,142.1355,48.5,4.0,2013-05-18T15:51:01.28,39.6298,142.1197,53.3,4.0,-0.1397698029929784,0.9638283087169988
2013-02-25T20:12:56.39,39.6387,142.1355,48.5,4.0,2013-06-05T17:29:03.88,39.6391,142.2969,46.2,3.8,1.240771869899552,0.9677283168054664
2013-02-25T20:12:56.39,39.6387,142.1355,48.5,4.0,2013-08-12T06:16:59.64,39.633,142.1778,48.3,3.6,0.6612565444868063,0.9228061404515364
2013-02-25T20:12:56.39,39.6387,142.1355,48.5,4.0,2013-09-12T11:28:52.01,39.6507,142.2124,46.5,3.6,0.4155837956918078,0.9775638657520866
2013-02-25T20:12:56.39,39.6387,142.1355,48.5,4.0,2013-11-21T08:59:23.22,39.5994,142.2982,43.2,4.1,1.274487784824707,0.9633065826916932
2013-02-25T20:12:56.39,39.6387,142.1355,48.5,4.0,2014-02-02T08:13:25.39,39.6237,142.0189,46.8,3.9,0.0479368717964714,0.9818524759542516
2013-02-25T20:12:56.39,39.6387,142.1355,48.5,4.0,2014-07-27T09:24:15.45,39.6279,142.1824,48.6,4.1,0.3334077573884325,0.9721433372528658
2013-02-25T20:12:56.39,39.6387,142.1355,48.5,4.0,2014-08-25T11:04:35.93,39.6218,142.1878,44.3,3.9,0.3916116633531389,0.9817574990062218
2013-02-25T20:12:56.39,39.6387,142.1355,48.5,4.0,2015-01-29T10:45:18.93,39.6108,142.0683,46.5,3.9,-0.0573142744028091,0.9815294404839634
2013-02-25T20:12:56.39,39.6387,142.1355,48.5,4.0,2015-03-23T13:56:48.72,39.6415,142.0922,47.4,4.2,0.4801310173774095,0.9713468242663272
2013-02-25T20:12:56.39,39.6387,142.1355,48.5,4.0,2015-05-09T19:15:44.03,39.6173,142.1756,47.7,3.9,0.4498955572354903,0.9946999954210198
2013-02-25T20:12:56.39,39.6387,142.1355,48.5,4.0,2015-09-06T02:00:10.78,39.6328,142.1218,45.3,3.6,-0.288146580740382,0.9373386227552526
2013-02-25T20:12:56.39,39.6387,142.1355,48.5,4.0,2015-09-28T16:33:55.17,39.5984,142.1289,50.4,3.9,0.3385359091037582,0.97075374378695
2013-02-25T20:12:56.39,39.6387,142.1355,48.5,4.0,2015-12-31T18:53:18.29,39.629,142.2132,51.4,3.9,0.295076466295083,0.951269914122144
2013-02-25T20:12:56.39,39.6387,142.1355,48.5,4.0,2016-04-26T10:21:46.87,39.6199,142.1361,47.3,3.8,0.140832747076936,0.9886651903201223
2013-02-25T20:12:56.39,39.6387,142.1355,48.5,4.0,2016-07-03T09:06:01.44,39.6391,142.159,50.0,4.1,0.1024512755611525,0.9611929407706186
2013-02-25T20:12:56.39,39.6387,142.1355,48.5,4.0,2016-09-09T04:47:04.68,39.6328,142.1661,48.1,3.8,0.1019076376727815,0.979881738179469
2013-02-25T20:12:56.39,39.6387,142.1355,48.5,4.0,2016-11-29T03:46:36.5,39.6371,142.1238,48.6,3.9,-0.3708671498955603,0.9406769586018056
2013-02-25T20:12:56.39,39.6387,142.1355,48.5,4.0,2016-12-20T15:27:27.24,39.6184,142.096,47.9,3.5,-0.4385182505601271,0.9775044728067038
2013-02-25T20:12:56.39,39.6387,142.1355,48.5,4.0,2017-04-05T20:00:13.64,39.611,142.0494,51.1,4.2,-0.1279768522574524,0.96658280487899
2013-02-25T20:12:56.39,39.6387,142.1355,48.5,4.0,2017-09-13T07:13:41.23,39.6106,142.1044,49.8,4.0,-0.1895298180336139,0.9832383370170452
2013-02-25T20:12:56.39,39.6387,142.1355,48.5,4.0,2018-01-09T04:43:21.69,39.6236,142.1095,53.2,4.3,-0.1099850518940748,0.9615818761484096
2013-02-25T20:12:56.39,39.6387,142.1355,48.5,4.0,2018-05-14T22:46:33.01,39.619,142.1095,49.3,3.9,-0.1388009762259883,0.980294742449136
2013-02-25T20:12:56.39,39.6387,142.1355,48.5,4.0,2018-10-22T23:44:17.78,39.6408,142.1573,47.5,3.5,0.6134531347611698,0.9738038728482464
2013-02-25T20:12:56.39,39.6387,142.1355,48.5,4.0,2018-11-16T02:49:11.8,39.6082,142.1445,51.3,4.2,0.2699061292041667,0.9572219220490404
2013-02-25T20:12:56.39,39.6387,142.1355,48.5,4.0,2019-02-01T03:39:59.76,39.6428,142.138,47.7,3.7,0.088744518912257,0.9633579307550112
2013-02-25T20:12:56.39,39.6387,142.1355,48.5,4.0,2019-09-04T10:54:41.84,39.605,142.1095,53.7,3.9,-0.4191603799000375,0.9294959037547632
2013-02-25T20:12:56.39,39.6387,142.1355,48.5,4.0,2019-09-07T08:01:45.88,39.6172,142.2201,48.8,4.2,0.3370149443301677,0.993463368291958
2013-02-25T20:12:56.39,39.6387,142.1355,48.5,4.0,2020-09-03T15:33:35.63,39.6053,142.1558,50.9,3.6,0.4225243437765201,0.9271117190460932
2013-02-25T20:12:56.39,39.6387,142.1355,48.5,4.0,2020-09-09T02:45:26.39,39.6114,142.1588,48.3,3.9,0.5060372481994841,0.9651160076018284
2013-02-26T13:55:14.55,39.8053,143.4812,2.2,3.8,2015-07-04T04:45:44.8,39.76,143.5,30.0,3.5,-2.0354713783161964,0.9685022202117975
2013-02-26T13:55:14.55,39.8053,143.4812,2.2,3.8,2016-12-25T22:52:59.53,39.8359,143.3617,6.0,4.1,-1.7003885295324834,0.9634505648461852
2013-02-26T13:55:14.55,39.8053,143.4812,2.2,3.8,2019-04-19T00:38:07.52,39.7099,143.5191,24.2,4.1,-2.7021246687202365,0.9750666708523036
2013-02-26T17:31:16.66,40.0135,142.4851,28.0,4.1,2015-07-31T02:04:10.23,39.9974,142.4976,47.1,4.0,-1.7818983331597178,0.9790490767117204
2013-02-26T17:31:16.66,40.0135,142.4851,28.0,4.1,2017-12-10T13:23:44.49,39.9658,142.4285,24.8,3.8,0.0240205859666795,0.989369980860796
2013-02-26T17:31:16.66,40.0135,142.4851,28.0,4.1,2019-12-12T08:43:58.35,39.9787,142.3707,31.8,3.7,-1.012276154816491,0.9787597117147124
2013-02-27T10:24:11.95,41.4759,142.0645,73.3,4.1,2015-06-09T11:08:47.43,41.4531,142.0615,66.0,3.9,0.526946691405912,0.9172332143323504
2013-02-27T10:24:11.95,41.4759,142.0645,73.3,4.1,2015-06-26T10:38:01.48,41.4848,142.1043,61.8,4.4,1.2489950306266449,0.968420584340174
2013-02-27T10:24:11.95,41.4759,142.0645,73.3,4.1,2019-03-30T23:20:34.66,41.4624,142.0132,62.6,3.6,0.6487090565933484,0.9186662862330034
2013-02-27T10:24:11.95,41.4759,142.0645,73.3,4.1,2019-08-24T18:51:01.96,41.4625,142.1309,57.0,4.4,2.251942790015788,0.9927486813599188
2013-03-01T19:56:19.08,39.4752,143.7474,11.0,3.7,2016-06-08T16:39:16.98,39.4057,143.7371,11.0,3.7,0.4835527425118941,0.9267334052501428
2013-03-17T21:53:38.82,36.4516,140.546,55.9,4.4,2016-01-14T19:28:53.52,36.4695,140.7515,57.0,4.3,0.7971655798859553,0.9714666720390062
2013-03-17T21:53:38.82,36.4516,140.546,55.9,4.4,2018-12-12T08:49:55.75,36.4997,140.6295,55.7,4.7,0.0974786785604583,0.9583655740594518
2013-03-19T11:06:31.48,40.2858,142.4932,25.5,3.9,2014-04-02T20:54:40.0,40.3,142.29,38.0,3.7,-3.220991212834755,0.9932876268361484
2013-03-19T11:06:31.48,40.2858,142.4932,25.5,3.9,2015-04-26T14:42:17.9,40.29,142.29,38.0,3.7,-3.2877001740896814,0.9823614278267272
2013-03-19T11:06:31.48,40.2858,142.4932,25.5,3.9,2016-05-27T13:29:45.32,40.2933,142.2917,37.8,3.7,-3.2910262807724977,0.9878826741321955
2013-03-19T11:06:31.48,40.2858,142.4932,25.5,3.9,2017-06-18T11:10:46.85,40.2684,142.2364,30.6,3.6,-2.7859965343643536,0.9900767368924438
2013-03-19T11:06:31.48,40.2858,142.4932,25.5,3.9,2018-08-03T01:30:41.99,40.2935,142.2867,37.9,3.6,-3.324487205529266,0.9867285367192824
2013-03-19T11:06:31.48,40.2858,142.4932,25.5,3.9,2019-06-22T05:15:01.78,40.2955,142.2958,37.6,3.6,-3.266188028731952,0.9889338376594552
2013-03-19T11:06:31.48,40.2858,142.4932,25.5,3.9,2020-12-10T15:08:46.58,40.2867,142.2447,44.1,3.5,-3.474143011863687,0.9819268753609528
2013-03-30T04:22:32.89,39.0622,142.2136,43.8,4.0,2014-07-06T19:28:38.81,39.0566,142.4013,42.9,4.0,1.6727488811426738,0.9807419801950128
2013-03-30T04:22:32.89,39.0622,142.2136,43.8,4.0,2015-05-01T06:34:41.45,39.0501,142.2038,43.6,3.8,0.2723424513657813,0.9736572141324484
2013-03-30T04:22:32.89,39.0622,142.2136,43.8,4.0,2015-10-22T00:51:50.79,39.0642,142.2358,43.5,3.9,0.8071737021407893,0.9755250481637016
2013-03-30T04:22:32.89,39.0622,142.2136,43.8,4.0,2016-08-04T12:01:16.08,39.0857,142.2882,42.3,3.9,0.8381735028215929,0.9682324212758524
2013-03-30T04:22:32.89,39.0622,142.2136,43.8,4.0,2017-07-16T10:23:01.17,39.0864,142.2035,45.3,3.9,0.2888139195614408,0.9778981255897607
2013-03-30T04:22:32.89,39.0622,142.2136,43.8,4.0,2018-05-27T03:22:15.63,39.0906,142.2065,51.0,3.8,-0.3198883339363991,0.9723422286975084
2013-03-30T04:22:32.89,39.0622,142.2136,43.8,4.0,2019-05-16T16:04:43.87,39.0514,142.3237,45.3,3.9,0.668949679052305,0.9781120872139292
2013-04-01T19:09:37.88,38.8929,142.0591,49.1,4.2,2013-06-13T13:35:16.66,38.938,142.0434,46.1,3.7,-0.4767131810120557,0.9240809908018331
2013-04-01T19:09:37.88,38.8929,142.0591,49.1,4.2,2013-08-26T05:24:27.41,38.9137,141.9411,53.2,3.9,-0.6175051945145855,0.9768179556254228
2013-04-01T19:09:37.88,38.8929,142.0591,49.1,4.2,2014-01-11T15:46:13.72,38.9308,142.0529,48.9,4.0,0.2705528226749755,0.929262330140336
2013-04-01T19:09:37.88,38.8929,142.0591,49.1,4.2,2014-05-04T07:10:54.85,38.8913,141.9651,52.5,3.9,-0.3308598371194103,0.9182374185769104
2013-04-01T19:09:37.88,38.8929,142.0591,49.1,4.2,2014-11-19T04:32:32.52,38.9022,141.9462,48.9,3.9,-0.1020820747592264,0.925203330143903
2013-04-01T19:09:37.88,38.8929,142.0591,49.1,4.2,2015-05-02T05:59:36.29,38.8732,141.8997,48.1,4.0,-0.6101371731987772,0.954076415272777
2013-04-01T19:09:37.88,38.8929,142.0591,49.1,4.2,2015-08-14T12:13:16.53,38.9145,142.0782,46.6,3.8,0.4178738465630008,0.9204882268089292
2013-04-01T19:09:37.88,38.8929,142.0591,49.1,4.2,2015-12-15T22:41:36.38,38.9033,141.9771,49.6,3.8,-0.4154743060856765,0.9629008315146628
2013-04-01T19:09:37.88,38.8929,142.0591,49.1,4.2,2016-04-19T05:55:13.08,38.8978,142.1055,46.3,3.9,0.9697691739535718,0.9421196701176792
2013-04-01T19:09:37.88,38.8929,142.0591,49.1,4.2,2016-07-31T16:35:03.05,38.8875,141.9726,51.6,3.8,-0.394125057173273,0.9481689558552682
2013-04-01T19:09:37.88,38.8929,142.0591,49.1,4.2,2017-08-06T17:55:48.2,38.8687,141.9708,53.1,3.9,0.2050866557561999,0.948525726112611
2013-04-01T19:09:37.88,38.8929,142.0591,49.1,4.2,2017-12-14T12:12:12.98,38.8917,141.9808,54.3,3.8,-0.2362427095303141,0.9567353819930028
2013-04-01T19:09:37.88,38.8929,142.0591,49.1,4.2,2018-07-02T11:47:04.2,38.8656,142.0237,52.9,3.9,-0.2093688983925065,0.9758123151240706
2013-04-01T19:09:37.88,38.8929,142.0591,49.1,4.2,2018-11-26T13:04:01.92,38.8991,141.9159,49.2,3.9,-0.942563099823334,0.9387378940154868
2013-04-01T19:09:37.88,38.8929,142.0591,49.1,4.2,2019-05-06T05:13:25.06,38.8708,142.0552,49.6,3.8,0.7324940349264133,0.960983690732228
2013-04-01T19:09:37.88,38.8929,142.0591,49.1,4.2,2019-09-27T11:11:01.95,38.8949,141.9515,48.9,4.0,-0.3576774387987614,0.9617111385365616
2013-04-01T19:09:37.88,38.8929,142.0591,49.1,4.2,2020-07-28T10:46:30.15,38.8999,141.9835,52.8,3.9,-0.256213639303062,0.9344887567472576
2013-04-02T04:32:19.7,39.5523,143.254,11.0,4.1,2016-03-16T05:23:06.03,39.6166,143.2034,6.4,4.3,-0.3902209595457205,0.9911620479552308
2013-04-02T13:06:00.02,39.5637,143.3699,17.3,4.5,2016-03-16T04:09:24.53,39.5449,143.2551,33.2,4.5,-2.939688299639297,0.9869312779887166
2013-04-02T13:26:35.53,39.428,143.4984,17.1,4.0,2017-09-11T19:36:44.51,39.4457,143.7762,36.0,3.8,2.671433653466293,0.96151298566367
2013-04-03T14:29:42.8,39.0433,142.3348,29.6,4.0,2013-09-15T09:39:59.17,39.0326,142.3766,22.5,3.7,0.4209314827824153,0.9154604430470952
2013-04-03T20:48:26.26,39.4748,143.4512,11.0,4.1,2017-02-15T12:02:55.54,39.5023,143.4652,11.0,3.8,0.3626546000958517,0.9768939695665124
2013-04-05T14:42:23.36,36.7711,142.2527,10.0,4.4,2015-06-21T01:57:49.4,36.7053,142.359,10.0,4.4,1.5625391459129678,0.9862960759012712
2013-04-05T14:42:23.36,36.7711,142.2527,10.0,4.4,2019-03-13T04:45:05.98,36.7824,142.2695,35.0,4.2,-3.3425436175092464,0.982002188523232
2013-04-17T01:00:48.41,38.1715,141.7876,53.3,3.9,2014-06-20T08:49:00.9,38.1765,141.7737,44.1,3.9,0.6649248252746427,0.9601477115886404
2013-04-17T01:00:48.41,38.1715,141.7876,53.3,3.9,2015-03-26T17:28:26.71,38.1334,141.7882,44.5,3.9,1.1476335018171486,0.9243835564092197
2013-04-17T01:00:48.41,38.1715,141.7876,53.3,3.9,2016-03-13T08:44:10.19,38.1587,141.7287,47.7,3.8,0.6473940091575437,0.9630206335778916
2013-04-17T01:00:48.41,38.1715,141.7876,53.3,3.9,2017-07-28T22:25:11.01,38.1491,141.7745,45.4,4.2,1.6772211580432077,0.9468424333375238
2013-04-17T01:00:48.41,38.1715,141.7876,53.3,3.9,2019-04-07T18:00:03.03,38.1289,141.7481,47.7,4.0,1.6522926608907351,0.9364579228813372
2013-04-17T14:13:35.49,38.8608,142.0534,46.4,4.1,2013-11-27T00:06:58.64,38.8414,142.2042,48.7,3.9,0.6510658007065154,0.9098975039368165
2013-04-17T14:13:35.49,38.8608,142.0534,46.4,4.1,2014-02-27T14:04:58.75,38.8498,142.0177,49.9,4.0,-0.2333485255902909,0.984125940774607
2013-04-17T14:13:35.49,38.8608,142.0534,46.4,4.1,2014-08-09T05:49:36.94,38.8642,141.9685,49.9,3.9,-0.8223215085611111,0.9604728413017648
2013-04-17T14:13:35.49,38.8608,142.0534,46.4,4.1,2015-05-19T17:17:39.52,38.8762,142.0788,50.5,4.0,0.148829783489345,0.962671512012462
2013-04-17T14:13:35.49,38.8608,142.0534,46.4,4.1,2015-08-21T14:55:09.47,38.9142,142.0314,49.6,3.7,0.1691508828340573,0.9078687952377986
2013-04-17T14:13:35.49,38.8608,142.0534,46.4,4.1,2015-12-12T21:05:51.61,38.8977,142.0347,48.3,4.0,0.0007098272433399,0.9523219077104064
2013-04-17T14:13:35.49,38.8608,142.0534,46.4,4.1,2016-04-24T21:51:22.54,38.8291,142.1441,45.2,3.8,1.317863182670754,0.9394089749348764
2013-04-17T14:13:35.49,38.8608,142.0534,46.4,4.1,2016-08-13T08:49:41.24,38.8588,142.1239,49.1,4.2,0.2946244659355665,0.959885256642466
2013-04-17T14:13:35.49,38.8608,142.0534,46.4,4.1,2016-12-30T08:33:10.0,38.8661,141.9908,45.5,4.0,-0.0637894316931425,0.9191255304597076
2013-04-17T14:13:35.49,38.8608,142.0534,46.4,4.1,2017-08-07T22:35:14.81,38.8689,141.9697,51.6,4.1,-0.1948929275267608,0.9426030725127562
2013-04-17T14:13:35.49,38.8608,142.0534,46.4,4.1,2018-07-14T09:13:51.33,38.8582,142.0765,48.0,4.2,0.2376808015472571,0.9531059650482068
2013-04-17T14:13:35.49,38.8608,142.0534,46.4,4.1,2019-03-06T18:43:45.28,38.822,142.0917,46.3,3.9,0.7987858399272698,0.9048636379545884
2013-04-17T14:13:35.49,38.8608,142.0534,46.4,4.1,2019-08-23T16:39:30.56,38.8799,142.2948,28.1,3.9,3.8318666211114,0.9167444462570958
2013-04-17T14:13:35.49,38.8608,142.0534,46.4,4.1,2020-07-11T13:11:54.05,38.8783,142.0117,55.9,3.9,-0.8789755010776574,0.9272386516863776
2013-04-20T19:41:48.92,38.6129,142.1998,30.5,3.7,2013-06-25T12:10:59.44,38.6209,142.02,46.8,3.7,-2.8719498122745737,0.9418058950047592
2013-04-20T19:41:48.92,38.6129,142.1998,30.5,3.7,2013-08-21T08:59:44.3,38.64,141.9,48.0,3.5,-3.711095048234624,0.9112308553935092
2013-04-20T19:41:48.92,38.6129,142.1998,30.5,3.7,2014-05-11T01:34:26.8,38.5468,142.0134,28.0,3.6,-2.325273086101993,0.9104618381340308
2013-04-20T19:41:48.92,38.6129,142.1998,30.5,3.7,2014-07-26T13:24:09.92,38.6134,141.9902,45.8,3.9,-3.023759760611989,0.9062182850268652
2013-04-20T19:41:48.92,38.6129,142.1998,30.5,3.7,2015-05-03T09:58:22.53,38.6151,142.0094,46.4,3.6,-2.352062441368752,0.9345425847474584
2013-04-20T19:41:48.92,38.6129,142.1998,30.5,3.7,2019-06-03T07:45:15.93,38.638,141.9042,47.0,3.6,-3.848096697710032,0.9352123638504332
2013-04-25T07:51:51.06,41.7275,143.9207,27.0,3.9,2017-07-03T08:29:45.43,41.6171,143.9756,14.7,3.8,2.4354945301237594,0.9960190216409736
2013-04-27T08:29:02.44,41.944,142.3342,65.4,3.7,2016-02-03T15:35:58.09,41.9468,142.3249,65.8,3.5,0.2805724413660078,0.9929240424821668
2013-04-27T08:29:02.44,41.944,142.3342,65.4,3.7,2018-07-28T21:49:55.11,41.9237,142.35,68.7,3.5,0.2121837458148609,0.9886589799551548
2013-04-27T23:54:22.51,36.7985,142.1611,29.0,4.7,2017-02-28T08:08:27.75,36.7804,142.19,35.0,4.6,-0.6284189325830538,0.9012455490677078
2013-04-29T07:40:32.87,40.3512,142.1517,49.5,3.8,2016-05-12T07:32:57.06,40.3893,142.2021,43.3,3.7,0.1568009261541058,0.989107645642801
2013-04-29T07:40:32.87,40.3512,142.1517,49.5,3.8,2018-07-01T13:38:42.46,40.3834,142.2689,45.4,3.8,0.5099977063046622,0.9956306040356074
2013-04-29T07:40:32.87,40.3512,142.1517,49.5,3.8,2018-08-24T21:43:42.53,40.4103,142.3866,30.1,3.5,3.011623750689872,0.9428427917422392
2013-04-29T07:40:32.87,40.3512,142.1517,49.5,3.8,2020-11-21T20:05:57.39,40.4037,142.2352,49.0,3.8,0.3427880746811369,0.9926381518069932
2013-05-02T12:03:54.26,40.3635,142.1033,52.4,3.8,2014-01-27T19:22:08.42,40.3776,142.0179,52.0,3.5,-0.2548009147326127,0.9331589722668197
2013-05-02T12:03:54.26,40.3635,142.1033,52.4,3.8,2014-02-05T14:30:58.11,40.3936,142.1642,52.6,3.7,0.9971652437695752,0.9056382722051256
2013-05-02T12:03:54.26,40.3635,142.1033,52.4,3.8,2014-02-25T11:29:40.37,40.3489,141.9956,55.5,3.7,0.023880030899489,0.9789771788265614
2013-05-02T12:03:54.26,40.3635,142.1033,52.4,3.8,2014-12-02T16:57:36.55,40.367,142.0871,52.5,3.6,0.203137647905578,0.9431347064061768
2013-05-02T12:03:54.26,40.3635,142.1033,52.4,3.8,2015-03-09T18:41:25.26,40.3875,142.0479,48.6,3.8,-0.0149197547364545,0.9841341474165226
2013-05-02T12:03:54.26,40.3635,142.1033,52.4,3.8,2015-10-17T16:16:33.8,40.3701,142.1151,52.5,3.9,-0.1388211057427022,0.9512203815678412
2013-05-02T12:03:54.26,40.3635,142.1033,52.4,3.8,2015-10-25T17:18:43.26,40.3777,142.0937,52.6,3.9,0.2137615949169353,0.9013689081289408
2013-05-02T12:03:54.26,40.3635,142.1033,52.4,3.8,2016-02-16T05:33:01.99,40.3772,142.0292,49.8,3.8,-0.3043124056529718,0.9946133585182284
2013-05-02T12:03:54.26,40.3635,142.1033,52.4,3.8,2016-10-01T06:44:58.13,40.3906,142.148,51.0,3.9,0.5510948078868771,0.9533388262908152
2013-05-02T12:03:54.26,40.3635,142.1033,52.4,3.8,2017-02-26T11:34:09.63,40.3526,142.1316,53.1,3.8,0.111330571462705,0.9926818744673934
2013-05-02T12:03:54.26,40.3635,142.1033,52.4,3.8,2017-10-29T04:41:43.79,40.3672,142.0631,50.7,3.6,-0.0658599219651962,0.9816922352918412
2013-05-02T12:03:54.26,40.3635,142.1033,52.4,3.8,2018-05-12T22:22:35.0,40.3662,142.0368,51.6,3.5,-0.2923451543390267,0.9433453662427346
2013-05-02T12:03:54.26,40.3635,142.1033,52.4,3.8,2018-06-26T03:00:49.85,40.3716,142.0061,50.3,3.6,-0.5988775459889706,0.9937563337220304
2013-05-02T12:03:54.26,40.3635,142.1033,52.4,3.8,2018-07-19T20:07:40.71,40.3627,142.0637,53.1,3.8,0.0752791079709839,0.9040716064296592
2013-05-02T12:03:54.26,40.3635,142.1033,52.4,3.8,2019-02-10T00:54:22.04,40.3749,141.9931,53.3,3.7,-0.6669963656223323,0.9411720591982308
2013-05-02T12:03:54.26,40.3635,142.1033,52.4,3.8,2019-06-01T14:04:15.9,40.3712,142.1048,50.7,3.7,-0.163386715374387,0.9851383298026196
2013-05-02T12:03:54.26,40.3635,142.1033,52.4,3.8,2019-12-17T03:21:52.99,40.3807,142.0357,49.9,3.5,-0.2209926817989872,0.9717564202672212
2013-05-02T12:03:54.26,40.3635,142.1033,52.4,3.8,2020-07-26T16:32:19.44,40.3575,142.0955,53.7,3.8,-0.173851983608829,0.9419606331919808
2013-05-02T12:03:54.26,40.3635,142.1033,52.4,3.8,2020-10-18T00:05:55.24,40.3513,141.9848,55.8,3.6,-0.2846013486387151,0.9972874182495198
2013-05-16T07:39:53.03,37.0428,141.3346,49.5,4.1,2015-01-21T23:05:26.5,37.0085,141.3157,41.6,4.0,1.084727341192215,0.9079747147911836
2013-05-16T07:39:53.03,37.0428,141.3346,49.5,4.1,2017-10-19T12:50:27.83,37.0376,141.2357,38.5,4.6,0.8444862527514176,0.9610216870606888
2013-05-18T13:49:45.68,39.738,141.8557,60.2,3.8,2013-10-08T13:50:00.88,39.7772,141.8957,59.3,3.7,0.1171196421579057,0.948859675501966
2013-05-18T13:49:45.68,39.738,141.8557,60.2,3.8,2014-03-19T15:48:37.7,39.7373,141.7907,61.5,3.9,-0.0963052861583316,0.9401081686398248
2013-05-18T13:49:45.68,39.738,141.8557,60.2,3.8,2014-08-25T19:51:01.18,39.7479,141.8577,60.0,3.8,-0.0557983839573767,0.9232850643451148
2013-05-18T13:49:45.68,39.738,141.8557,60.2,3.8,2015-01-29T22:18:37.64,39.7467,141.8603,61.9,3.6,0.6769869512101013,0.9569606552548156
2013-05-18T13:49:45.68,39.738,141.8557,60.2,3.8,2016-04-15T18:01:04.21,39.7262,141.8222,59.6,4.1,0.1317453517906066,0.9271331332751772
2013-05-18T13:49:45.68,39.738,141.8557,60.2,3.8,2017-05-06T08:18:54.37,39.7415,141.9147,59.4,4.1,0.0872543243338694,0.9402258303887516
2013-05-18T13:49:45.68,39.738,141.8557,60.2,3.8,2017-12-12T03:47:27.11,39.7392,141.8298,60.1,4.0,-0.1757802565665109,0.9344316599302404
2013-05-18T13:49:45.68,39.738,141.8557,60.2,3.8,2019-02-18T11:41:44.95,39.7387,141.8496,61.4,3.7,-0.099859378530791,0.946027637304694
2013-05-18T13:49:45.68,39.738,141.8557,60.2,3.8,2019-10-23T03:43:19.5,39.7583,141.8449,57.7,4.3,-0.0122999444768509,0.9261622946539272
2013-05-18T13:49:45.68,39.738,141.8557,60.2,3.8,2020-11-26T20:54:28.28,39.7188,142.1233,66.1,3.9,2.234541972689221,0.9706123806846364
2013-05-18T15:51:01.28,39.6298,142.1197,53.3,4.0,2013-06-05T17:29:03.88,39.6391,142.2969,46.2,3.8,1.380298070271656,0.975977965415215
2013-05-18T15:51:01.28,39.6298,142.1197,53.3,4.0,2013-08-12T06:16:59.64,39.633,142.1778,48.3,3.6,0.8033192369307061,0.9410453314791588
2013-05-18T15:51:01.28,39.6298,142.1197,53.3,4.0,2013-09-12T11:28:52.01,39.6507,142.2124,46.5,3.6,0.5541444592936225,0.9745784801289
2013-05-18T15:51:01.28,39.6298,142.1197,53.3,4.0,2013-11-21T08:59:23.22,39.5994,142.2982,43.2,4.1,1.413952295450283,0.9972302773255434
2013-05-18T15:51:01.28,39.6298,142.1197,53.3,4.0,2014-02-02T08:13:25.39,39.6237,142.0189,46.8,3.9,0.1874875535016147,0.9761615549297824
2013-05-18T15:51:01.28,39.6298,142.1197,53.3,4.0,2014-07-27T09:24:15.45,39.6279,142.1824,48.6,4.1,0.4734524984901307,0.9747868585126216
2013-05-18T15:51:01.28,39.6298,142.1197,53.3,4.0,2014-08-25T11:04:35.93,39.6218,142.1878,44.3,3.9,0.5306133213007946,0.9746619089434336
2013-05-18T15:51:01.28,39.6298,142.1197,53.3,4.0,2015-01-29T10:45:18.93,39.6108,142.0683,46.5,3.9,0.0826780911934586,0.975389650450222
2013-05-18T15:51:01.28,39.6298,142.1197,53.3,4.0,2015-03-23T13:56:48.72,39.6415,142.0922,47.4,4.2,0.6206430378318958,0.9808408728603408
2013-05-18T15:51:01.28,39.6298,142.1197,53.3,4.0,2015-05-09T19:15:44.03,39.6173,142.1756,47.7,3.9,0.5896871852606751,0.9628389988374272
2013-05-18T15:51:01.28,39.6298,142.1197,53.3,4.0,2015-09-06T02:00:10.78,39.6328,142.1218,45.3,3.6,-0.1495832900207479,0.9460362638565376
2013-05-18T15:51:01.28,39.6298,142.1197,53.3,4.0,2015-09-28T16:33:55.17,39.5984,142.1289,50.4,3.9,0.4778120472939802,0.9766403623215288
2013-05-18T15:51:01.28,39.6298,142.1197,53.3,4.0,2015-12-31T18:53:18.29,39.629,142.2132,51.4,3.9,0.4369218095217517,0.9712333511422852
2013-05-18T15:51:01.28,39.6298,142.1197,53.3,4.0,2016-04-26T10:21:46.87,39.6199,142.1361,47.3,3.8,0.2791673305174974,0.9637259897500876
2013-05-18T15:51:01.28,39.6298,142.1197,53.3,4.0,2016-07-03T09:06:01.44,39.6391,142.159,50.0,4.1,0.2419533557393067,0.9979198380039368
2013-05-18T15:51:01.28,39.6298,142.1197,53.3,4.0,2016-09-09T04:47:04.68,39.6328,142.1661,48.1,3.8,0.2413061021022556,0.9741716006800034
2013-05-18T15:51:01.28,39.6298,142.1197,53.3,4.0,2016-11-29T03:46:36.5,39.6371,142.1238,48.6,3.9,-0.2285908592947493,0.9676540926741136
2013-05-18T15:51:01.28,39.6298,142.1197,53.3,4.0,2016-12-20T15:27:27.24,39.6184,142.096,47.9,3.5,-0.2985939886136297,0.9717425707319922
2013-05-18T15:51:01.28,39.6298,142.1197,53.3,4.0,2017-04-05T20:00:13.64,39.611,142.0494,51.1,4.2,0.0124487546312699,0.968161389488433
2013-05-18T15:51:01.28,39.6298,142.1197,53.3,4.0,2017-09-13T07:13:41.23,39.6106,142.1044,49.8,4.0,-0.0501109574534005,0.9756170536890754
2013-05-18T15:51:01.28,39.6298,142.1197,53.3,4.0,2018-01-09T04:43:21.69,39.6236,142.1095,53.2,4.3,0.0305483522920936,0.9942651798049884
2013-05-18T15:51:01.28,39.6298,142.1197,53.3,4.0,2018-05-14T22:46:33.01,39.619,142.1095,49.3,3.9,0.0007524042559488,0.975355943588356
2013-05-18T15:51:01.28,39.6298,142.1197,53.3,4.0,2018-10-22T23:44:17.78,39.6408,142.1573,47.5,3.5,0.7533795663880065,0.9636480835851248
2013-05-18T15:51:01.28,39.6298,142.1197,53.3,4.0,2018-11-16T02:49:11.8,39.6082,142.1445,51.3,4.2,0.4103049579202789,0.993676235915403
2013-05-18T15:51:01.28,39.6298,142.1197,53.3,4.0,2019-02-01T03:39:59.76,39.6428,142.138,47.7,3.7,0.2275151662204839,0.9685254690709916
2013-05-18T15:51:01.28,39.6298,142.1197,53.3,4.0,2019-09-04T10:54:41.84,39.605,142.1095,53.7,3.9,-0.2794626587950399,0.985657635309241
2013-05-18T15:51:01.28,39.6298,142.1197,53.3,4.0,2019-09-07T08:01:45.88,39.6172,142.2201,48.8,4.2,0.4766805558673989,0.9624574853216172
2013-05-18T15:51:01.28,39.6298,142.1197,53.3,4.0,2020-09-03T15:33:35.63,39.6053,142.1558,50.9,3.6,0.5656620380874049,0.9332584786162872
2013-05-18T15:51:01.28,39.6298,142.1197,53.3,4.0,2020-09-09T02:45:26.39,39.6114,142.1588,48.3,3.9,0.6458891972257044,0.99165345219267
2013-05-30T23:31:11.3,39.91,143.62,15.0,3.5,2015-02-20T16:56:12.11,39.8521,143.6649,6.0,3.5,1.178956726104143,0.9783769081317304
2013-06-01T07:49:41.4,40.32,142.33,37.0,3.7,2013-06-01T07:57:57.98,40.2766,142.146,48.2,3.9,-1.1191783283225178,0.9200675441399656
2013-06-01T07:49:41.4,40.32,142.33,37.0,3.7,2017-11-24T21:35:06.55,40.3343,142.1752,45.6,3.8,-1.2123303761314346,0.9850961985823616
2013-06-01T07:57:57.98,40.2766,142.146,48.2,3.9,2017-07-21T05:55:34.58,40.3277,142.3292,36.5,3.5,1.0882805314764052,0.948764049290484
2013-06-01T07:57:57.98,40.2766,142.146,48.2,3.9,2017-11-24T21:35:06.55,40.3343,142.1752,45.6,3.8,-0.0940933217235538,0.904114035804319
2013-06-01T08:07:55.6,40.33,142.33,37.0,3.5,2017-07-21T05:55:34.58,40.3277,142.3292,36.5,3.5,-0.0257951475267327,0.9653992722003936
2013-06-03T20:01:23.61,38.6419,141.9306,47.0,4.2,2013-12-03T19:55:50.02,38.5841,142.025,46.5,4.2,0.5468747730786524,0.9597442844791558
2013-06-03T20:01:23.61,38.6419,141.9306,47.0,4.2,2014-06-18T12:40:58.67,38.5603,142.0314,44.0,4.2,0.8975386777946653,0.9817936200170652
2013-06-03T20:01:23.61,38.6419,141.9306,47.0,4.2,2015-02-05T20:28:42.76,38.6077,141.9812,55.6,4.1,-0.2179034497815358,0.9843876982773476
2013-06-03T20:01:23.61,38.6419,141.9306,47.0,4.2,2015-11-18T13:42:32.37,38.5565,142.1536,44.0,4.1,1.4814614521160665,0.9880076562241926
2013-06-03T20:01:23.61,38.6419,141.9306,47.0,4.2,2016-06-13T18:17:25.85,38.5899,141.961,51.8,3.9,-0.3647019782577287,0.9790429055671168
2013-06-03T20:01:23.61,38.6419,141.9306,47.0,4.2,2016-12-08T04:25:10.3,38.5752,142.022,40.6,4.1,1.458888933023848,0.973243817264456
2013-06-03T20:01:23.61,38.6419,141.9306,47.0,4.2,2017-07-01T18:53:11.37,38.6039,141.9678,49.1,4.1,0.2589544784157597,0.9824909480589082
2013-06-03T20:01:23.61,38.6419,141.9306,47.0,4.2,2018-02-02T10:44:48.31,38.5609,142.1253,39.0,4.1,1.3280174132344078,0.9765958088877033
2013-06-03T20:01:23.61,38.6419,141.9306,47.0,4.2,2018-08-16T10:44:09.3,38.5708,141.9456,49.2,3.9,-0.2030858471938776,0.9704662050967084
2013-06-03T20:01:23.61,38.6419,141.9306,47.0,4.2,2019-04-01T12:17:32.96,38.5938,141.9946,50.0,4.0,-0.343896545571426,0.9827233152972096
2013-06-03T20:01:23.61,38.6419,141.9306,47.0,4.2,2019-10-20T22:53:33.32,38.5649,142.08,43.8,3.9,1.048270140444478,0.9803233624692133
2013-06-04T08:33:21.41,37.1984,141.4259,44.9,4.7,2017-11-17T01:02:47.64,37.1791,141.4406,47.2,4.7,-0.0611362889072215,0.9830568056366578
2013-06-05T17:29:03.88,39.6391,142.2969,46.2,3.8,2013-08-12T06:16:59.64,39.633,142.1778,48.3,3.6,-0.5753869707765775,0.90158393241269
2013-06-05T17:29:03.88,39.6391,142.2969,46.2,3.8,2013-09-12T11:28:52.01,39.6507,142.2124,46.5,3.6,-0.8259060700807461,0.9950802742704508
2013-06-05T17:29:03.88,39.6391,142.2969,46.2,3.8,2013-11-21T08:59:23.22,39.5994,142.2982,43.2,4.1,0.0339661521196426,0.9726156601844308
2013-06-05T17:29:03.88,39.6391,142.2969,46.2,3.8,2014-02-02T08:13:25.39,39.6237,142.0189,46.8,3.9,-1.1937051190561063,0.9925612674751744
2013-06-05T17:29:03.88,39.6391,142.2969,46.2,3.8,2014-07-27T09:24:15.45,39.6279,142.1824,48.6,4.1,-0.9076089385708526,0.9489959547232224
2013-06-05T17:29:03.88,39.6391,142.2969,46.2,3.8,2014-08-25T11:04:35.93,39.6218,142.1878,44.3,3.9,-0.849552730672076,0.9927374772909726
2013-06-05T17:29:03.88,39.6391,142.2969,46.2,3.8,2015-01-29T10:45:18.93,39.6108,142.0683,46.5,3.9,-1.2980835003306443,0.98650445299604
2013-06-05T17:29:03.88,39.6391,142.2969,46.2,3.8,2015-03-23T13:56:48.72,39.6415,142.0922,47.4,4.2,-0.7591641613130452,0.953216482218709
2013-06-05T17:29:03.88,39.6391,142.2969,46.2,3.8,2015-05-09T19:15:44.03,39.6173,142.1756,47.7,3.9,-0.7911032344624984,0.9691645443212108
2013-06-05T17:29:03.88,39.6391,142.2969,46.2,3.8,2015-09-06T02:00:10.78,39.6328,142.1218,45.3,3.6,-1.5318273671166232,0.98721642482997
2013-06-05T17:29:03.88,39.6391,142.2969,46.2,3.8,2015-09-28T16:33:55.17,39.5984,142.1289,50.4,3.9,-0.9024988452941292,0.9633815716600236
2013-06-05T17:29:03.88,39.6391,142.2969,46.2,3.8,2015-12-31T18:53:18.29,39.629,142.2132,51.4,3.9,-0.9433670286224534,0.938719826949772
2013-06-05T17:29:03.88,39.6391,142.2969,46.2,3.8,2016-04-26T10:21:46.87,39.6199,142.1361,47.3,3.8,-1.100557265910515,0.9767117140483969
2013-06-05T17:29:03.88,39.6391,142.2969,46.2,3.8,2016-07-03T09:06:01.44,39.6391,142.159,50.0,4.1,-1.138435219586546,0.971063214648716
2013-06-05T17:29:03.88,39.6391,142.2969,46.2,3.8,2016-09-09T04:47:04.68,39.6328,142.1661,48.1,3.8,-1.1393503496360038,0.9906550611279544
2013-06-05T17:29:03.88,39.6391,142.2969,46.2,3.8,2016-11-29T03:46:36.5,39.6371,142.1238,48.6,3.9,-1.608679504677397,0.9402877837372072
2013-06-05T17:29:03.88,39.6391,142.2969,46.2,3.8,2016-12-20T15:27:27.24,39.6184,142.096,47.9,3.5,-1.6780240585183996,0.9850983270925132
2013-06-05T17:29:03.88,39.6391,142.2969,46.2,3.8,2017-04-05T20:00:13.64,39.611,142.0494,51.1,4.2,-1.3680231759060109,0.9476701404547392
2013-06-05T17:29:03.88,39.6391,142.2969,46.2,3.8,2017-09-13T07:13:41.23,39.6106,142.1044,49.8,4.0,-1.4311118959912388,0.9874934510538091
2013-06-05T17:29:03.88,39.6391,142.2969,46.2,3.8,2018-01-09T04:43:21.69,39.6236,142.1095,53.2,4.3,-1.3505035514997583,0.970367475999694
2013-06-05T17:29:03.88,39.6391,142.2969,46.2,3.8,2018-05-14T22:46:33.01,39.619,142.1095,49.3,3.9,-1.3798860886013076,0.993981604910538
2013-06-05T17:29:03.88,39.6391,142.2969,46.2,3.8,2018-10-22T23:44:17.78,39.6408,142.1573,47.5,3.5,-0.6262203860802225,0.976115891299734
2013-06-05T17:29:03.88,39.6391,142.2969,46.2,3.8,2018-11-16T02:49:11.8,39.6082,142.1445,51.3,4.2,-0.9695699025631588,0.97550745297553
2013-06-05T17:29:03.88,39.6391,142.2969,46.2,3.8,2019-02-01T03:39:59.76,39.6428,142.138,47.7,3.7,-1.1532020962811147,0.9875130001575048
2013-06-05T17:29:03.88,39.6391,142.2969,46.2,3.8,2019-09-04T10:54:41.84,39.605,142.1095,53.7,3.9,-1.6592260872606108,0.977463034058412
2013-06-05T17:29:03.88,39.6391,142.2969,46.2,3.8,2019-09-07T08:01:45.88,39.6172,142.2201,48.8,4.2,-0.9030304974444958,0.9718070355632498
2013-06-05T17:29:03.88,39.6391,142.2969,46.2,3.8,2020-09-03T15:33:35.63,39.6053,142.1558,50.9,3.6,-0.8121651080689486,0.9068372785406528
2013-06-05T17:29:03.88,39.6391,142.2969,46.2,3.8,2020-09-09T02:45:26.39,39.6114,142.1588,48.3,3.9,-0.7352330612949617,0.961472704923806
2013-06-12T18:45:49.38,38.2943,141.8972,42.9,3.8,2014-05-02T01:04:18.95,38.2666,141.9926,41.0,3.8,1.012277876820696,0.9063437802324664
2013-06-12T18:45:49.38,38.2943,141.8972,42.9,3.8,2016-08-03T05:56:18.72,38.2702,141.9426,50.7,3.7,1.2105359153615245,0.9003472035482688
2013-06-13T13:35:16.66,38.938,142.0434,46.1,3.7,2013-08-26T05:24:27.41,38.9137,141.9411,53.2,3.9,-0.1408909727468604,0.9103166881041114
2013-06-13T13:35:16.66,38.938,142.0434,46.1,3.7,2014-03-31T02:59:14.94,38.9099,141.9532,47.3,3.8,-0.1914601006439317,0.9351407335483553
2013-06-13T13:35:16.66,38.938,142.0434,46.1,3.7,2014-06-29T08:18:54.7,38.911,141.9575,45.8,3.8,-0.9182727278145804,0.9279715265185342
2013-06-13T13:35:16.66,38.938,142.0434,46.1,3.7,2015-08-05T02:34:37.97,38.8839,141.9625,51.2,3.5,0.0789050280138036,0.9181040656969408
2013-06-13T13:35:16.66,38.938,142.0434,46.1,3.7,2015-12-15T22:41:36.38,38.9033,141.9771,49.6,3.8,0.0616698592626741,0.91252745241145
2013-06-13T13:35:16.66,38.938,142.0434,46.1,3.7,2016-07-12T03:01:22.18,38.8704,142.0281,49.2,3.5,0.4019414166910074,0.9375575003955368
2013-06-13T13:35:16.66,38.938,142.0434,46.1,3.7,2017-07-31T04:20:12.58,38.8873,142.0092,50.1,3.8,-0.0483689306551989,0.9342848700288724
2013-06-13T13:35:16.66,38.938,142.0434,46.1,3.7,2018-07-02T11:47:04.2,38.8656,142.0237,52.9,3.9,0.2704866254897027,0.9018855049832676
2013-06-13T13:35:16.66,38.938,142.0434,46.1,3.7,2019-05-06T05:13:25.06,38.8708,142.0552,49.6,3.8,1.2144277656088245,0.9161423553429604
2013-06-13T13:35:16.66,38.938,142.0434,46.1,3.7,2019-09-27T11:11:01.95,38.8949,141.9515,48.9,4.0,0.1215684423985025,0.9088721306633378
2013-06-15T13:49:26.61,38.4004,141.9708,58.8,4.0,2013-08-31T01:34:51.25,38.3672,142.0972,54.4,3.8,0.787571886113427,0.9246584540007954
2013-06-19T11:29:29.6,38.86,142.05,46.0,3.6,2019-05-31T18:19:18.38,38.852,142.0729,43.6,3.6,0.2076540553621385,0.9182710493213097
2013-06-23T10:20:22.02,39.4318,143.568,22.8,4.6,2017-02-27T17:52:13.57,39.4096,143.6387,11.0,4.8,2.0841225336978635,0.9748606223875906
2013-06-24T23:12:25.28,41.5075,142.0842,59.1,4.2,2015-10-18T00:47:39.44,41.4685,142.0357,59.9,4.4,-0.1557487023147162,0.9366640870225263
2013-06-24T23:12:25.28,41.5075,142.0842,59.1,4.2,2018-08-05T08:44:17.03,41.4745,142.0808,65.1,4.4,-0.6075707792534376,0.9272647912183832
2013-06-25T07:47:07.3,39.63,143.59,27.0,3.6,2015-05-09T11:50:03.5,39.65,143.53,29.0,3.6,-0.7763697563168376,0.9752513542945448
2013-06-25T12:10:59.44,38.6209,142.02,46.8,3.7,2013-08-21T08:59:44.3,38.64,141.9,48.0,3.5,-0.838468574891974,0.963922586453859
2013-06-25T12:10:59.44,38.6209,142.02,46.8,3.7,2014-05-11T01:34:26.8,38.5468,142.0134,28.0,3.6,0.5494852478860217,0.9591125152563392
2013-06-25T12:10:59.44,38.6209,142.02,46.8,3.7,2014-07-26T13:24:09.92,38.6134,141.9902,45.8,3.9,-0.149748553675239,0.9587949718532416
2013-06-25T12:10:59.44,38.6209,142.02,46.8,3.7,2015-05-03T09:58:22.53,38.6151,142.0094,46.4,3.6,0.5229262720385632,0.9688292450499478
2013-06-25T12:10:59.44,38.6209,142.02,46.8,3.7,2016-07-08T04:03:37.17,38.6387,141.9384,46.0,3.5,-0.5615729257437249,0.9119626749273
2013-06-25T12:10:59.44,38.6209,142.02,46.8,3.7,2017-05-12T04:35:17.81,38.6362,141.9067,48.1,3.5,-0.8501796925092591,0.9437053779333332
2013-06-25T12:10:59.44,38.6209,142.02,46.8,3.7,2019-06-03T07:45:15.93,38.638,141.9042,47.0,3.6,-0.9764443478354108,0.9706916921126554
2013-06-25T18:23:10.76,38.8394,142.0308,43.1,3.7,2013-09-03T05:16:33.87,38.8655,141.9652,46.8,3.8,-0.3761434875954089,0.9646734474762838
2013-06-26T22:53:52.0,39.68,143.64,25.0,3.5,2015-01-03T21:08:37.2,39.6659,143.6166,11.0,4.1,0.1709686751737695,0.9025059690295552
2013-07-01T09:28:05.03,41.9756,142.5119,67.7,4.2,2020-09-02T09:07:22.8,41.9924,142.5379,65.9,3.5,1.3850928071080202,0.9488146916684068
2013-07-01T20:01:57.49,41.53,142.0859,67.5,3.9,2015-04-09T09:29:58.85,41.5483,142.0781,64.6,3.7,0.9306719425394344,0.9082903867987344
2013-07-08T20:02:43.32,38.5003,141.841,49.8,3.7,2019-05-27T06:02:56.62,38.4956,141.8407,57.9,3.7,-0.1357565397957226,0.9003304511490223
2013-07-08T20:02:43.32,38.5003,141.841,49.8,3.7,2020-07-16T09:07:46.99,38.514,141.7966,53.1,3.6,-0.3460350684602233,0.923094435387986
2013-07-12T11:40:33.86,39.0204,142.5868,10.2,3.9,2013-07-31T08:39:52.41,39.0017,142.6857,3.5,4.1,1.2239211075221132,0.935097845424639
2013-07-13T19:20:31.8,39.11,142.44,30.0,3.6,2013-07-23T13:57:29.7,39.0289,142.5327,14.7,3.9,2.469871180686699,0.9499035754278023
2013-07-14T17:35:37.92,39.1736,142.9602,10.8,4.1,2018-09-26T23:18:45.43,39.2192,142.937,19.0,3.9,-1.6600951889979614,0.9796955354249935
2013-07-18T17:05:03.6,38.39,141.8889,44.6,4.3,2015-11-29T07:38:31.91,38.284,141.9378,48.6,4.1,-0.006209822299297,0.9106994198923304
2013-07-18T17:05:03.6,38.39,141.8889,44.6,4.3,2018-05-28T15:47:04.05,38.2713,141.9966,44.6,4.5,0.6912568408468499,0.9915209171320644
2013-07-25T19:05:06.35,40.1818,142.4692,43.0,4.9,2018-04-19T11:38:23.98,40.1446,142.5004,33.1,4.8,1.377204947282059,0.9492927614301996
2013-07-27T09:04:45.87,39.8947,143.225,24.8,4.5,2014-12-12T05:41:43.18,39.913,143.1393,12.0,4.3,1.5548535383076922,0.964382385661517
2013-07-27T09:04:45.87,39.8947,143.225,24.8,4.5,2019-03-16T08:00:59.07,39.8941,143.2588,12.0,4.3,1.8049626771299727,0.9801076329140012
2013-07-29T18:26:29.2,40.1989,142.6056,30.3,4.1,2014-10-09T05:55:55.19,40.2159,142.4895,26.0,3.8,-0.2044435730515147,0.954780960459059
2013-07-29T18:26:29.2,40.1989,142.6056,30.3,4.1,2016-02-08T10:21:59.56,40.1911,142.5108,18.0,3.9,0.7944733596691508,0.9612273416245218
2013-07-29T18:26:29.2,40.1989,142.6056,30.3,4.1,2017-02-05T00:16:52.17,40.1396,142.406,44.2,4.1,-2.595328024059868,0.9679576270109268
2013-07-29T18:26:29.2,40.1989,142.6056,30.3,4.1,2017-04-08T01:46:07.98,40.2038,142.5934,25.2,4.0,1.1463346762308158,0.9655399773946064
2013-07-29T18:26:29.2,40.1989,142.6056,30.3,4.1,2018-10-07T14:51:31.78,40.2539,142.6949,14.5,4.0,2.3997180372950506,0.9629757311452584
2013-07-29T18:26:29.2,40.1989,142.6056,30.3,4.1,2020-08-20T00:38:29.24,40.1872,142.3914,41.4,3.8,-1.865566766792742,0.9558981121241388
2013-07-30T11:32:31.57,39.7671,141.9003,62.1,3.6,2014-06-05T21:10:30.68,39.7562,141.8367,58.0,3.6,-0.821198078806542,0.9827544923077352
2013-07-30T11:32:31.57,39.7671,141.9003,62.1,3.6,2015-04-06T15:48:03.38,39.7675,141.9172,60.6,3.6,-0.6479889459199499,0.9456167193534456
2013-07-30T11:32:31.57,39.7671,141.9003,62.1,3.6,2016-03-06T23:02:58.92,39.7608,141.9049,59.9,3.7,-0.8344383056058247,0.96590801757824
2013-07-30T11:32:31.57,39.7671,141.9003,62.1,3.6,2016-12-29T12:46:51.63,39.7577,141.8853,58.9,3.6,-0.8976166437217329,0.9632353794832162
2013-07-30T11:32:31.57,39.7671,141.9003,62.1,3.6,2017-07-05T21:40:16.04,39.7374,141.8889,64.8,3.5,0.1299701225285642,0.9789175338887064
2013-07-30T11:32:31.57,39.7671,141.9003,62.1,3.6,2017-12-16T18:50:16.25,39.7454,141.8577,58.8,3.6,-0.4488993338218772,0.9765195426216028
2013-07-30T11:32:31.57,39.7671,141.9003,62.1,3.6,2018-10-15T18:52:11.05,39.7598,141.8232,56.7,3.5,-0.8343293067399912,0.981319265223762
2013-07-30T11:32:31.57,39.7671,141.9003,62.1,3.6,2020-01-21T19:34:31.95,39.7627,141.8302,57.2,3.7,-0.6472937381628522,0.9797406286600427
2013-07-30T18:14:43.22,39.5511,143.6144,15.6,4.3,2015-09-06T08:29:43.9,39.4988,143.5962,25.2,4.3,-1.3316852436498252,0.994136655565534
2013-08-12T00:51:10.09,41.9778,142.3344,56.1,4.8,2015-04-23T12:23:44.25,41.9237,142.353,68.2,4.4,-0.806094232596645,0.9146398605661196
2013-08-12T06:16:59.64,39.633,142.1778,48.3,3.6,2013-09-12T11:28:52.01,39.6507,142.2124,46.5,3.6,-0.2502799562323601,0.9013313372732648
2013-08-12T06:16:59.64,39.633,142.1778,48.3,3.6,2013-11-21T08:59:23.22,39.5994,142.2982,43.2,4.1,0.6101282502873906,0.9473425899679252
2013-08-12T06:16:59.64,39.633,142.1778,48.3,3.6,2014-07-27T09:24:15.45,39.6279,142.1824,48.6,4.1,-0.3254446193028807,0.9517536318706284
2013-08-12T06:16:59.64,39.633,142.1778,48.3,3.6,2014-08-25T11:04:35.93,39.6218,142.1878,44.3,3.9,-0.2738981993003578,0.9082988085973916
2013-08-12T06:16:59.64,39.633,142.1778,48.3,3.6,2015-01-29T10:45:18.93,39.6108,142.0683,46.5,3.9,-0.7217296409182937,0.9207173343763256
2013-08-12T06:16:59.64,39.633,142.1778,48.3,3.6,2015-03-23T13:56:48.72,39.6415,142.0922,47.4,4.2,-0.1791293431655748,0.9625688669507284
2013-08-12T06:16:59.64,39.633,142.1778,48.3,3.6,2015-05-09T19:15:44.03,39.6173,142.1756,47.7,3.9,-0.211854281882479,0.9274968070662728
2013-08-12T06:16:59.64,39.633,142.1778,48.3,3.6,2015-09-28T16:33:55.17,39.5984,142.1289,50.4,3.9,-0.3219651691748714,0.918161428349878
2013-08-12T06:16:59.64,39.633,142.1778,48.3,3.6,2015-12-31T18:53:18.29,39.629,142.2132,51.4,3.9,-0.3659408198774739,0.984409290389751
2013-08-12T06:16:59.64,39.633,142.1778,48.3,3.6,2016-07-03T09:06:01.44,39.6391,142.159,50.0,4.1,-0.5611089370589324,0.9387379875141698
2013-08-12T06:16:59.64,39.633,142.1778,48.3,3.6,2016-09-09T04:47:04.68,39.6328,142.1661,48.1,3.8,-0.5634187185536446,0.9014200581274986
2013-08-12T06:16:59.64,39.633,142.1778,48.3,3.6,2016-11-29T03:46:36.5,39.6371,142.1238,48.6,3.9,-1.0321752238171338,0.9821506223547264
2013-08-12T06:16:59.64,39.633,142.1778,48.3,3.6,2016-12-20T15:27:27.24,39.6184,142.096,47.9,3.5,-1.1028552176630575,0.9087183288769088
2013-08-12T06:16:59.64,39.633,142.1778,48.3,3.6,2017-04-05T20:00:13.64,39.611,142.0494,51.1,4.2,-0.7864086894270432,0.9425410475791184
2013-08-12T06:16:59.64,39.633,142.1778,48.3,3.6,2017-09-13T07:13:41.23,39.6106,142.1044,49.8,4.0,-0.8539307670519496,0.9071037061548302
2013-08-12T06:16:59.64,39.633,142.1778,48.3,3.6,2018-01-09T04:43:21.69,39.6236,142.1095,53.2,4.3,-0.7728965457776154,0.9481161280292332
2013-08-12T06:16:59.64,39.633,142.1778,48.3,3.6,2018-05-14T22:46:33.01,39.619,142.1095,49.3,3.9,-0.8037863804401948,0.9093007998834484
2013-08-12T06:16:59.64,39.633,142.1778,48.3,3.6,2018-10-22T23:44:17.78,39.6408,142.1573,47.5,3.5,-0.0507934402589111,0.9151499861009648
2013-08-12T06:16:59.64,39.633,142.1778,48.3,3.6,2018-11-16T02:49:11.8,39.6082,142.1445,51.3,4.2,-0.3940897809387174,0.951639545144104
2013-08-12T06:16:59.64,39.633,142.1778,48.3,3.6,2019-09-04T10:54:41.84,39.605,142.1095,53.7,3.9,-1.0860223976055488,0.9220467681104488
2013-08-12T06:16:59.64,39.633,142.1778,48.3,3.6,2019-09-07T08:01:45.88,39.6172,142.2201,48.8,4.2,-0.3247928908812491,0.9296338772873431
2013-08-12T06:16:59.64,39.633,142.1778,48.3,3.6,2020-09-03T15:33:35.63,39.6053,142.1558,50.9,3.6,-0.2360691833113628,0.97562432207118
2013-08-12T06:16:59.64,39.633,142.1778,48.3,3.6,2020-09-09T02:45:26.39,39.6114,142.1588,48.3,3.9,-0.155354471129903,0.9464387259728376
2013-08-18T23:27:58.75,39.0913,143.0067,6.2,3.8,2014-07-08T12:52:47.73,39.2105,142.8305,6.5,4.1,-2.53708265074809,0.9585034621934893
2013-08-18T23:27:58.75,39.0913,143.0067,6.2,3.8,2016-04-19T17:37:44.85,39.11,142.9654,16.0,4.0,-2.303828487921704,0.9511098921811296
2013-08-18T23:27:58.75,39.0913,143.0067,6.2,3.8,2018-05-10T10:21:45.85,39.0732,143.0294,39.9,4.2,-3.9527061879515344,0.9494925014931684
2013-08-20T05:02:49.03,39.8734,142.306,15.4,3.8,2013-08-23T06:03:44.12,39.7563,142.326,16.9,3.6,0.4120501999327767,0.9199612878290824
2013-08-20T06:25:55.1,40.2131,142.4199,16.9,3.6,2018-04-20T00:11:47.0,40.1689,142.5419,27.5,3.8,-0.0022329656993213,0.9979410332471176
2013-08-21T08:59:44.3,38.64,141.9,48.0,3.5,2014-05-11T01:34:26.8,38.5468,142.0134,28.0,3.6,1.3887743409707942,0.936939127239455
2013-08-21T08:59:44.3,38.64,141.9,48.0,3.5,2014-07-26T13:24:09.92,38.6134,141.9902,45.8,3.9,0.6891338428227981,0.9504242852852224
2013-08-21T08:59:44.3,38.64,141.9,48.0,3.5,2015-05-03T09:58:22.53,38.6151,142.0094,46.4,3.6,1.361842682381867,0.9425696498413672
2013-08-21T08:59:44.3,38.64,141.9,48.0,3.5,2017-05-12T04:35:17.81,38.6362,141.9067,48.1,3.5,-0.0109675605788503,0.9352328871921954
2013-08-21T08:59:44.3,38.64,141.9,48.0,3.5,2019-06-03T07:45:15.93,38.638,141.9042,47.0,3.6,-0.1374067233557032,0.9522207546900552
2013-08-21T16:14:19.88,36.4871,140.5758,57.4,3.6,2014-08-29T04:05:26.52,36.474,140.6947,58.6,3.9,0.8585726558506452,0.9220163612803612
2013-08-22T08:02:47.62,39.3261,142.0361,46.8,3.8,2016-01-06T17:47:34.44,39.3329,142.1326,47.3,3.7,-0.3666326299830847,0.9402015726819376
2013-08-22T08:02:47.62,39.3261,142.0361,46.8,3.8,2018-02-02T14:52:09.71,39.3348,142.1194,47.5,4.1,-0.3482505663909765,0.9385433186116452
2013-08-22T08:02:47.62,39.3261,142.0361,46.8,3.8,2019-09-12T17:09:36.39,39.3388,142.101,46.0,3.6,-0.4216091911223815,0.949375439754308
2013-08-22T08:02:47.62,39.3261,142.0361,46.8,3.8,2020-07-24T10:35:20.94,39.3079,142.1305,49.3,3.5,0.2121470781782637,0.9470804767169022
2013-08-26T05:24:27.41,38.9137,141.9411,53.2,3.9,2014-01-11T15:46:13.72,38.9308,142.0529,48.9,4.0,0.8883352435982531,0.940037883706554
2013-08-26T05:24:27.41,38.9137,141.9411,53.2,3.9,2014-05-04T07:10:54.85,38.8913,141.9651,52.5,3.9,0.2872385848045307,0.9151980515866284
2013-08-26T05:24:27.41,38.9137,141.9411,53.2,3.9,2014-11-19T04:32:32.52,38.9022,141.9462,48.9,3.9,0.515843686806608,0.9480267088017263
2013-08-26T05:24:27.41,38.9137,141.9411,53.2,3.9,2015-05-02T05:59:36.29,38.8732,141.8997,48.1,4.0,0.0090620742492573,0.9739989683175028
2013-08-26T05:24:27.41,38.9137,141.9411,53.2,3.9,2015-08-14T12:13:16.53,38.9145,142.0782,46.6,3.8,1.0352183714021868,0.947110232578628
2013-08-26T05:24:27.41,38.9137,141.9411,53.2,3.9,2015-12-15T22:41:36.38,38.9033,141.9771,49.6,3.8,0.2019166132082828,0.9677203855833382
2013-08-26T05:24:27.41,38.9137,141.9411,53.2,3.9,2016-04-19T05:55:13.08,38.8978,142.1055,46.3,3.9,1.5868744767356824,0.9673960160189574
2013-08-26T05:24:27.41,38.9137,141.9411,53.2,3.9,2016-07-31T16:35:03.05,38.8875,141.9726,51.6,3.8,0.2236956527136556,0.9716245334242772
2013-08-26T05:24:27.41,38.9137,141.9411,53.2,3.9,2016-11-12T15:46:11.45,38.8788,142.0019,49.8,3.5,0.4131539830362061,0.9032295538233376
2013-08-26T05:24:27.41,38.9137,141.9411,53.2,3.9,2017-08-06T17:55:48.2,38.8687,141.9708,53.1,3.9,0.8228274291826815,0.9745039301790898
2013-08-26T05:24:27.41,38.9137,141.9411,53.2,3.9,2017-12-14T12:12:12.98,38.8917,141.9808,54.3,3.8,0.3799524403601276,0.9731828630147318
2013-08-26T05:24:27.41,38.9137,141.9411,53.2,3.9,2018-07-02T11:47:04.2,38.8656,142.0237,52.9,3.9,0.4075490617440273,0.9872196040324764
2013-08-26T05:24:27.41,38.9137,141.9411,53.2,3.9,2018-11-26T13:04:01.92,38.8991,141.9159,49.2,3.9,-0.3277924414576287,0.9491678273271296
2013-08-26T05:24:27.41,38.9137,141.9411,53.2,3.9,2019-05-06T05:13:25.06,38.8708,142.0552,49.6,3.8,1.349997369730304,0.973943631091668
2013-08-26T05:24:27.41,38.9137,141.9411,53.2,3.9,2019-09-27T11:11:01.95,38.8949,141.9515,48.9,4.0,0.2584843225637193,0.9735096988260236
2013-08-26T05:24:27.41,38.9137,141.9411,53.2,3.9,2020-07-28T10:46:30.15,38.8999,141.9835,52.8,3.9,0.3621465467205176,0.9559716102601108
2013-09-03T05:16:33.87,38.8655,141.9652,46.8,3.8,2015-12-12T21:05:51.61,38.8977,142.0347,48.3,4.0,0.3719238677726685,0.9120708046386512
2013-09-03T05:16:33.87,38.8655,141.9652,46.8,3.8,2016-08-13T08:49:41.24,38.8588,142.1239,49.1,4.2,0.6654999446050607,0.911081441724884
2013-09-03T05:16:33.87,38.8655,141.9652,46.8,3.8,2018-07-14T09:13:51.33,38.8582,142.0765,48.0,4.2,0.6086993141700185,0.9202570822632684
2013-09-03T05:16:33.87,38.8655,141.9652,46.8,3.8,2019-03-06T18:43:45.28,38.822,142.0917,46.3,3.9,1.1660082397661735,0.9079225955267034
2013-09-03T05:16:33.87,38.8655,141.9652,46.8,3.8,2020-07-11T13:11:54.05,38.8783,142.0117,55.9,3.9,-0.5117586955322593,0.9140633561577488
2013-09-03T08:33:35.62,40.2504,142.3867,46.0,3.9,2015-07-17T22:54:06.87,40.3366,142.6761,5.2,3.8,6.8434304966189,0.9949785802181336
2013-09-03T08:33:35.62,40.2504,142.3867,46.0,3.9,2016-11-17T06:50:04.99,40.2919,142.5925,3.1,3.9,5.893924494232617,0.9860444785544624
2013-09-03T08:33:35.62,40.2504,142.3867,46.0,3.9,2017-10-26T12:50:58.86,40.2501,142.479,26.0,3.8,2.7776567806960504,0.997174277727628
2013-09-03T08:33:35.62,40.2504,142.3867,46.0,3.9,2020-01-17T20:21:31.31,40.3207,142.5303,26.0,3.9,2.7640928042598607,0.99839751677083
2013-09-06T13:45:54.03,40.9559,141.9071,59.7,3.5,2015-07-31T04:16:08.2,40.9445,141.9703,58.2,3.6,0.5561106081123595,0.9942056416663853
2013-09-12T11:28:52.01,39.6507,142.2124,46.5,3.6,2013-11-21T08:59:23.22,39.5994,142.2982,43.2,4.1,0.8598663278454408,0.973451994128349
2013-09-12T11:28:52.01,39.6507,142.2124,46.5,3.6,2014-02-02T08:13:25.39,39.6237,142.0189,46.8,3.9,-0.3680776289531273,0.9950614511829674
2013-09-12T11:28:52.01,39.6507,142.2124,46.5,3.6,2014-07-27T09:24:15.45,39.6279,142.1824,48.6,4.1,-0.0819551414339373,0.9512860362087416
2013-09-12T11:28:52.01,39.6507,142.2124,46.5,3.6,2014-08-25T11:04:35.93,39.6218,142.1878,44.3,3.9,-0.0236324570931279,0.9959882064474064
2013-09-12T11:28:52.01,39.6507,142.2124,46.5,3.6,2015-01-29T10:45:18.93,39.6108,142.0683,46.5,3.9,-0.4722164723336211,0.9906567933812164
2013-09-12T11:28:52.01,39.6507,142.2124,46.5,3.6,2015-03-23T13:56:48.72,39.6415,142.0922,47.4,4.2,0.0661865998385254,0.9532248954700444
2013-09-12T11:28:52.01,39.6507,142.2124,46.5,3.6,2015-05-09T19:15:44.03,39.6173,142.1756,47.7,3.9,0.0344463083224911,0.9787355005045462
2013-09-12T11:28:52.01,39.6507,142.2124,46.5,3.6,2015-09-06T02:00:10.78,39.6328,142.1218,45.3,3.6,-0.7055936830162096,0.9770974407436686
2013-09-12T11:28:52.01,39.6507,142.2124,46.5,3.6,2015-09-28T16:33:55.17,39.5984,142.1289,50.4,3.9,-0.0771145477264414,0.9620814565568064
2013-09-12T11:28:52.01,39.6507,142.2124,46.5,3.6,2015-12-31T18:53:18.29,39.629,142.2132,51.4,3.9,-0.1178119211123344,0.9405016033887884
2013-09-12T11:28:52.01,39.6507,142.2124,46.5,3.6,2016-04-26T10:21:46.87,39.6199,142.1361,47.3,3.8,-0.2752395066459225,0.9785008296735592
2013-09-12T11:28:52.01,39.6507,142.2124,46.5,3.6,2016-07-03T09:06:01.44,39.6391,142.159,50.0,4.1,-0.3122953144277256,0.9711799239877656
2013-09-12T11:28:52.01,39.6507,142.2124,46.5,3.6,2016-09-09T04:47:04.68,39.6328,142.1661,48.1,3.8,-0.3135665329158592,0.9948415029106626
2013-09-12T11:28:52.01,39.6507,142.2124,46.5,3.6,2016-11-29T03:46:36.5,39.6371,142.1238,48.6,3.9,-0.7826358740426276,0.9392969709925454
2013-09-12T11:28:52.01,39.6507,142.2124,46.5,3.6,2016-12-20T15:27:27.24,39.6184,142.096,47.9,3.5,-0.8525937216895197,0.9897790083933088
2013-09-12T11:28:52.01,39.6507,142.2124,46.5,3.6,2017-04-05T20:00:13.64,39.611,142.0494,51.1,4.2,-0.5425659474272393,0.9454609195520942
2013-09-12T11:28:52.01,39.6507,142.2124,46.5,3.6,2017-09-13T07:13:41.23,39.6106,142.1044,49.8,4.0,-0.6055430817361503,0.992954780998244
2013-09-12T11:28:52.01,39.6507,142.2124,46.5,3.6,2018-01-09T04:43:21.69,39.6236,142.1095,53.2,4.3,-0.5244790364343896,0.9691392325870586
2013-09-12T11:28:52.01,39.6507,142.2124,46.5,3.6,2018-05-14T22:46:33.01,39.619,142.1095,49.3,3.9,-0.5539949817139385,0.9966664764913792
2013-09-12T11:28:52.01,39.6507,142.2124,46.5,3.6,2018-10-22T23:44:17.78,39.6408,142.1573,47.5,3.5,0.1994643800749152,0.9843957652617864
2013-09-12T11:28:52.01,39.6507,142.2124,46.5,3.6,2018-11-16T02:49:11.8,39.6082,142.1445,51.3,4.2,-0.1433479375569909,0.9735497558496942
2013-09-12T11:28:52.01,39.6507,142.2124,46.5,3.6,2019-02-01T03:39:59.76,39.6428,142.138,47.7,3.7,-0.3270364061674431,0.9846165920787274
2013-09-12T11:28:52.01,39.6507,142.2124,46.5,3.6,2019-09-04T10:54:41.84,39.605,142.1095,53.7,3.9,-0.8322932105066303,0.96743386894079
2013-09-12T11:28:52.01,39.6507,142.2124,46.5,3.6,2019-09-07T08:01:45.88,39.6172,142.2201,48.8,4.2,-0.0776215687226264,0.9802339887236377
2013-09-12T11:28:52.01,39.6507,142.2124,46.5,3.6,2020-09-03T15:33:35.63,39.6053,142.1558,50.9,3.6,0.0122235925116036,0.9069326615162716
2013-09-12T11:28:52.01,39.6507,142.2124,46.5,3.6,2020-09-09T02:45:26.39,39.6114,142.1588,48.3,3.9,0.0909094336263665,0.9624003832535262
2013-09-13T01:10:15.65,41.994,142.5529,63.1,3.5,2020-10-11T13:58:43.31,41.9884,142.5987,69.2,3.7,-0.8125011509968145,0.9959967448554978
2013-09-14T08:44:32.59,35.4814,140.8958,30.9,4.5,2018-10-18T05:18:22.07,35.4631,140.9005,32.9,4.8,0.2528290753248443,0.9431443434276864
2013-09-19T18:00:04.68,39.8322,143.516,1.8,4.3,2014-03-25T23:38:32.26,39.8545,143.5742,8.7,3.6,-0.6671858665517317,0.9432882463177328
2013-09-19T18:00:04.68,39.8322,143.516,1.8,4.3,2017-05-17T12:20:56.8,39.9516,143.5381,6.0,4.1,-0.7507786263621259,0.9455374256015836
2013-09-19T18:00:04.68,39.8322,143.516,1.8,4.3,2019-10-02T14:54:20.27,39.8591,143.731,6.0,4.0,0.00887568149546,0.9595878243461398
2013-09-20T14:40:49.78,40.8595,143.0745,32.5,4.0,2018-07-11T17:13:40.24,40.8284,142.9802,30.0,4.1,0.6330394276581756,0.9913808992175268
2013-09-21T15:11:46.6,40.16,142.47,34.0,3.8,2015-11-27T12:51:03.44,40.2014,142.4506,40.2,4.4,-0.5997714887755347,0.9485643602044626
2013-09-21T15:11:46.6,40.16,142.47,34.0,3.8,2017-10-01T14:20:26.07,40.1519,142.5437,45.0,4.4,-0.1540084308637254,0.9040083192780808
2013-09-25T19:57:21.47,39.7638,143.3626,23.2,3.8,2015-07-10T10:55:08.64,39.7896,143.4307,6.0,4.0,1.9297459991161725,0.941732812891812
2013-10-08T13:50:00.88,39.7772,141.8957,59.3,3.7,2014-03-19T15:48:37.7,39.7373,141.7907,61.5,3.9,-0.2139188692159067,0.995928809584932
2013-10-08T13:50:00.88,39.7772,141.8957,59.3,3.7,2014-08-25T19:51:01.18,39.7479,141.8577,60.0,3.8,-0.1763787726694844,0.9846506727897596
2013-10-08T13:50:00.88,39.7772,141.8957,59.3,3.7,2015-01-29T22:18:37.64,39.7467,141.8603,61.9,3.6,0.5576758684191598,0.9930792055840824
2013-10-08T13:50:00.88,39.7772,141.8957,59.3,3.7,2015-06-18T07:36:33.49,39.748,141.8479,61.5,4.0,-0.6848899476884117,0.9583439350222088
2013-10-08T13:50:00.88,39.7772,141.8957,59.3,3.7,2015-10-30T10:32:06.09,39.7488,141.8364,57.8,3.7,-0.6495745332202961,0.9657404123157388
2013-10-08T13:50:00.88,39.7772,141.8957,59.3,3.7,2016-04-15T18:01:04.21,39.7262,141.8222,59.6,4.1,0.0151552709874086,0.9915890906610594
2013-10-08T13:50:00.88,39.7772,141.8957,59.3,3.7,2016-11-29T01:02:57.17,39.7907,141.8676,60.2,4.1,-0.1395712923864885,0.9772897158785092
2013-10-08T13:50:00.88,39.7772,141.8957,59.3,3.7,2017-05-06T08:18:54.37,39.7415,141.9147,59.4,4.1,-0.029194919098232,0.9819245120188228
2013-10-08T13:50:00.88,39.7772,141.8957,59.3,3.7,2017-12-12T03:47:27.11,39.7392,141.8298,60.1,4.0,-0.2935901515989632,0.9900465013316908
2013-10-08T13:50:00.88,39.7772,141.8957,59.3,3.7,2018-07-27T06:24:50.23,39.7356,141.8829,65.5,4.2,-1.0521527975629286,0.979005061226375
2013-10-08T13:50:00.88,39.7772,141.8957,59.3,3.7,2019-02-18T11:41:44.95,39.7387,141.8496,61.4,3.7,-0.219485537275462,0.9831657764922108
2013-10-08T13:50:00.88,39.7772,141.8957,59.3,3.7,2019-10-23T03:43:19.5,39.7583,141.8449,57.7,4.3,-0.1291290973826058,0.9914174741385896
2013-10-08T13:50:00.88,39.7772,141.8957,59.3,3.7,2020-11-26T20:54:28.28,39.7188,142.1233,66.1,3.9,2.11588297249788,0.983507298080562
2013-10-09T22:46:38.45,40.0482,142.1702,59.5,4.4,2016-05-24T09:48:03.35,40.0766,142.0986,48.7,4.8,1.006951011183317,0.9986376834754164
2013-10-09T22:46:38.45,40.0482,142.1702,59.5,4.4,2019-05-08T00:20:00.47,40.0415,142.1341,50.4,4.8,0.4713564288948075,0.995518683067304
2013-10-16T09:16:10.34,40.349,142.1926,51.3,4.3,2015-04-11T21:42:58.89,40.3456,142.2232,50.6,3.7,0.4502069551823221,0.9560733299459262
2013-10-16T09:16:10.34,40.349,142.1926,51.3,4.3,2015-04-30T07:33:40.09,40.3383,142.1575,50.9,3.6,0.2989307543835301,0.988307293320771
2013-10-16T09:16:10.34,40.349,142.1926,51.3,4.3,2016-07-20T07:17:36.68,40.3521,142.2627,53.0,4.4,0.6019345841316155,0.9951233574835984
2013-10-16T09:16:10.34,40.349,142.1926,51.3,4.3,2017-10-21T00:19:30.79,40.3775,142.2752,39.6,3.5,0.7012371596946759,0.9590325723714952
2013-10-16T09:16:10.34,40.349,142.1926,51.3,4.3,2018-08-24T21:30:28.05,40.4004,142.2845,51.9,4.5,0.4714709402892443,0.994614320348854
2013-10-18T05:17:56.52,39.9618,143.4761,25.3,4.4,2014-11-03T02:20:45.94,39.9706,143.4986,32.2,4.0,-1.0033888347520468,0.9008453039202124
2013-10-18T05:17:56.52,39.9618,143.4761,25.3,4.4,2015-03-27T03:21:31.6,39.9554,143.6185,23.8,4.3,1.0478742933809675,0.9784805701592254
2013-10-18T05:17:56.52,39.9618,143.4761,25.3,4.4,2016-05-03T12:06:08.18,39.9573,143.6644,9.5,4.1,3.1886468906380463,0.9875456052895232
2013-10-18T05:17:56.52,39.9618,143.4761,25.3,4.4,2017-05-21T05:05:33.09,39.9074,143.7425,17.1,4.3,2.569873282453339,0.9870057364966308
2013-10-18T09:40:46.03,37.4776,141.7177,43.1,4.4,2015-08-15T23:44:19.58,37.4799,141.6645,47.1,4.4,-0.2810891269212853,0.9503106079849354
2013-10-18T09:40:46.03,37.4776,141.7177,43.1,4.4,2017-08-24T17:18:53.27,37.492,141.6957,45.1,4.5,0.0259775879875703,0.9545536357465512
2013-10-19T05:44:49.87,36.671,141.9703,19.0,4.2,2015-10-05T00:26:19.15,36.6471,142.0795,15.2,4.3,0.6966270522390684,0.9641122879291304
2013-10-19T05:44:49.87,36.671,141.9703,19.0,4.2,2017-07-24T17:53:44.73,36.7343,142.2315,19.0,4.0,1.1100878756301154,0.949672432196951
2013-10-19T10:04:51.57,39.6596,143.5757,11.0,4.1,2014-08-21T15:20:44.36,39.5624,143.7844,11.0,4.3,1.3785955962260288,0.9895874471924924
2013-10-20T01:07:29.81,36.411,140.7788,58.5,4.3,2017-01-18T08:19:25.82,36.4248,140.7243,57.3,4.3,-0.184703199961793,0.9839477264828204
2013-10-20T01:07:29.81,36.411,140.7788,58.5,4.3,2020-01-21T10:17:54.71,36.4743,140.6827,53.8,4.4,-0.2622615664326465,0.9217657998774632
2013-10-30T13:12:44.84,39.8818,143.7285,24.1,3.8,2015-03-18T21:08:43.73,39.811,143.8364,10.0,3.9,2.5729170134797603,0.9895576593386228
2013-10-30T13:12:44.84,39.8818,143.7285,24.1,3.8,2017-02-26T05:39:04.21,39.9009,143.6663,35.0,3.8,-1.925853446224582,0.9864565163781834
2013-11-09T05:03:17.97,39.8669,143.6099,6.0,4.4,2015-03-08T10:35:24.31,39.9054,143.5959,16.4,4.5,-1.701794739242606,0.967163191687348
2013-11-09T05:03:17.97,39.8669,143.6099,6.0,4.4,2019-10-03T03:55:43.34,39.8503,143.6217,20.4,4.2,-2.34062332406831,0.9914122181894462
2013-11-11T20:54:26.71,38.7103,142.2679,47.8,4.5,2015-08-24T18:24:37.6,38.7426,142.1893,47.0,4.6,-0.3138728079381679,0.9829888692198088
2013-11-14T12:39:07.45,39.8808,143.1429,30.5,4.7,2015-05-29T13:24:02.1,39.9449,143.1901,27.2,4.3,0.0916486423572373,0.9735821376761732
2013-11-14T12:39:07.45,39.8808,143.1429,30.5,4.7,2017-03-07T19:51:53.98,39.8433,143.1754,27.5,4.7,0.8767970624326347,0.9771095882358168
2013-11-14T12:39:07.45,39.8808,143.1429,30.5,4.7,2018-09-20T08:08:08.01,39.9567,143.1324,12.0,4.3,1.9683330084449544,0.9739201012724704
2013-11-21T08:59:23.22,39.5994,142.2982,43.2,4.1,2014-02-02T08:13:25.39,39.6237,142.0189,46.8,3.9,-1.2272366611968906,0.975244865238201
2013-11-21T08:59:23.22,39.5994,142.2982,43.2,4.1,2014-07-27T09:24:15.45,39.6279,142.1824,48.6,4.1,-0.939986325221379,0.9734999342721794
2013-11-21T08:59:23.22,39.5994,142.2982,43.2,4.1,2014-08-25T11:04:35.93,39.6218,142.1878,44.3,3.9,-0.8839056364877794,0.9743045207816948
2013-11-21T08:59:23.22,39.5994,142.2982,43.2,4.1,2015-01-29T10:45:18.93,39.6108,142.0683,46.5,3.9,-1.332145232726066,0.9740229660248276
2013-11-21T08:59:23.22,39.5994,142.2982,43.2,4.1,2015-03-23T13:56:48.72,39.6415,142.0922,47.4,4.2,-0.7927852184906533,0.9809655221838082
2013-11-21T08:59:23.22,39.5994,142.2982,43.2,4.1,2015-05-09T19:15:44.03,39.6173,142.1756,47.7,3.9,-0.8246264774337562,0.9630586450563292
2013-11-21T08:59:23.22,39.5994,142.2982,43.2,4.1,2015-09-06T02:00:10.78,39.6328,142.1218,45.3,3.6,-1.565499994748179,0.9509666633547866
2013-11-21T08:59:23.22,39.5994,142.2982,43.2,4.1,2015-09-28T16:33:55.17,39.5984,142.1289,50.4,3.9,-0.9364981865681172,0.976340661019833
2013-11-21T08:59:23.22,39.5994,142.2982,43.2,4.1,2015-12-31T18:53:18.29,39.629,142.2132,51.4,3.9,-0.9763130958267292,0.9745655362287096
2013-11-21T08:59:23.22,39.5994,142.2982,43.2,4.1,2016-04-26T10:21:46.87,39.6199,142.1361,47.3,3.8,-1.1354132731050528,0.9632236254550016
2013-11-21T08:59:23.22,39.5994,142.2982,43.2,4.1,2016-07-03T09:06:01.44,39.6391,142.159,50.0,4.1,-1.1719580240519287,0.9957213403318814
2013-11-21T08:59:23.22,39.5994,142.2982,43.2,4.1,2016-09-09T04:47:04.68,39.6328,142.1661,48.1,3.8,-1.1733736069098577,0.974384085525522
2013-11-21T08:59:23.22,39.5994,142.2982,43.2,4.1,2016-11-29T03:46:36.5,39.6371,142.1238,48.6,3.9,-1.6415613114599354,0.9723268284450072
2013-11-21T08:59:23.22,39.5994,142.2982,43.2,4.1,2016-12-20T15:27:27.24,39.6184,142.096,47.9,3.5,-1.7130884316073094,0.9727869906930896
2013-11-21T08:59:23.22,39.5994,142.2982,43.2,4.1,2017-04-05T20:00:13.64,39.611,142.0494,51.1,4.2,-1.4017735478254936,0.9678070462035908
2013-11-21T08:59:23.22,39.5994,142.2982,43.2,4.1,2017-09-13T07:13:41.23,39.6106,142.1044,49.8,4.0,-1.4648703471370526,0.9755852419899174
2013-11-21T08:59:23.22,39.5994,142.2982,43.2,4.1,2018-01-09T04:43:21.69,39.6236,142.1095,53.2,4.3,-1.3835370130193547,0.992937493415976
2013-11-21T08:59:23.22,39.5994,142.2982,43.2,4.1,2018-05-14T22:46:33.01,39.619,142.1095,49.3,3.9,-1.414521953239526,0.9769271370738164
2013-11-21T08:59:23.22,39.5994,142.2982,43.2,4.1,2018-10-22T23:44:17.78,39.6408,142.1573,47.5,3.5,-0.6604379827692115,0.9640851299442252
2013-11-21T08:59:23.22,39.5994,142.2982,43.2,4.1,2018-11-16T02:49:11.8,39.6082,142.1445,51.3,4.2,-1.003902950300522,0.99394408903897
2013-11-21T08:59:23.22,39.5994,142.2982,43.2,4.1,2019-02-01T03:39:59.76,39.6428,142.138,47.7,3.7,-1.1872362657484985,0.9682262439853384
2013-11-21T08:59:23.22,39.5994,142.2982,43.2,4.1,2019-09-04T10:54:41.84,39.605,142.1095,53.7,3.9,-1.6940538955242612,0.9875892894258208
2013-11-21T08:59:23.22,39.5994,142.2982,43.2,4.1,2019-09-07T08:01:45.88,39.6172,142.2201,48.8,4.2,-0.9376203818723416,0.9642652219695264
2013-11-21T08:59:23.22,39.5994,142.2982,43.2,4.1,2020-09-03T15:33:35.63,39.6053,142.1558,50.9,3.6,-0.8465388728218666,0.9447698978471436
2013-11-21T08:59:23.22,39.5994,142.2982,43.2,4.1,2020-09-09T02:45:26.39,39.6114,142.1588,48.3,3.9,-0.7682503559550734,0.9907822571239414
2013-11-27T00:06:58.64,38.8414,142.2042,48.7,3.9,2014-02-27T14:04:58.75,38.8498,142.0177,49.9,4.0,-0.8854629299038672,0.9235826648908708
2013-11-27T00:06:58.64,38.8414,142.2042,48.7,3.9,2014-08-09T05:49:36.94,38.8642,141.9685,49.9,3.9,-1.4740060263799812,0.9403674122289524
2013-11-27T00:06:58.64,38.8414,142.2042,48.7,3.9,2015-05-19T17:17:39.52,38.8762,142.0788,50.5,4.0,-0.5024361907078623,0.9288246412831144
2013-11-27T00:06:58.64,38.8414,142.2042,48.7,3.9,2015-12-12T21:05:51.61,38.8977,142.0347,48.3,4.0,-0.6503396668017102,0.9355047386264694
2013-11-27T00:06:58.64,38.8414,142.2042,48.7,3.9,2016-04-24T21:51:22.54,38.8291,142.1441,45.2,3.8,0.6670336221704403,0.9245700026904132
2013-11-27T00:06:58.64,38.8414,142.2042,48.7,3.9,2016-08-13T08:49:41.24,38.8588,142.1239,49.1,4.2,-0.3569890422619464,0.9446223616555784
2013-11-27T00:06:58.64,38.8414,142.2042,48.7,3.9,2017-08-07T22:35:14.81,38.8689,141.9697,51.6,4.1,-0.845973432817315,0.930332908944374
2013-11-27T00:06:58.64,38.8414,142.2042,48.7,3.9,2018-07-14T09:13:51.33,38.8582,142.0765,48.0,4.2,-0.4139457164018585,0.9410613729246402
2013-11-27T00:06:58.64,38.8414,142.2042,48.7,3.9,2019-03-06T18:43:45.28,38.822,142.0917,46.3,3.9,0.1480906273100288,0.9015608321039992
2013-11-27T00:06:58.64,38.8414,142.2042,48.7,3.9,2019-08-23T16:39:30.56,38.8799,142.2948,28.1,3.9,3.174725221853961,0.9171151418119968
2013-11-27T00:06:58.64,38.8414,142.2042,48.7,3.9,2020-07-11T13:11:54.05,38.8783,142.0117,55.9,3.9,-1.5310894295231985,0.9268848968879352
2013-12-03T19:55:50.02,38.5841,142.025,46.5,4.2,2014-06-18T12:40:58.67,38.5603,142.0314,44.0,4.2,0.3502027025750913,0.9862680835185867
2013-12-03T19:55:50.02,38.5841,142.025,46.5,4.2,2015-02-05T20:28:42.76,38.6077,141.9812,55.6,4.1,-0.7660004148192373,0.9670369436891268
2013-12-03T19:55:50.02,38.5841,142.025,46.5,4.2,2015-11-18T13:42:32.37,38.5565,142.1536,44.0,4.1,0.9347615970982176,0.9545191072004084
2013-12-03T19:55:50.02,38.5841,142.025,46.5,4.2,2016-06-13T18:17:25.85,38.5899,141.961,51.8,3.9,-0.9121739753499016,0.9732171102881456
2013-12-03T19:55:50.02,38.5841,142.025,46.5,4.2,2016-12-08T04:25:10.3,38.5752,142.022,40.6,4.1,0.9116738228616648,0.9529178172087782
2013-12-03T19:55:50.02,38.5841,142.025,46.5,4.2,2017-07-01T18:53:11.37,38.6039,141.9678,49.1,4.1,-0.2894010577613937,0.974577683608689
2013-12-03T19:55:50.02,38.5841,142.025,46.5,4.2,2018-02-02T10:44:48.31,38.5609,142.1253,39.0,4.1,0.7806301638227806,0.9688731614627336
2013-12-03T19:55:50.02,38.5841,142.025,46.5,4.2,2018-08-16T10:44:09.3,38.5708,141.9456,49.2,3.9,-0.7516292235388264,0.9628815384272889
2013-12-03T19:55:50.02,38.5841,142.025,46.5,4.2,2019-04-01T12:17:32.96,38.5938,141.9946,50.0,4.0,-0.8912357226901104,0.957204828056716
2013-12-03T19:55:50.02,38.5841,142.025,46.5,4.2,2019-10-20T22:53:33.32,38.5649,142.08,43.8,3.9,0.5011051804223103,0.968754325483188
2013-12-04T18:43:27.83,37.1967,141.4917,46.9,4.2,2016-07-09T00:54:36.25,37.1216,141.5202,44.2,4.7,0.5121857711685764,0.9800828088695924
2013-12-04T18:43:27.83,37.1967,141.4917,46.9,4.2,2019-07-16T15:25:43.74,37.181,141.4745,48.1,4.7,0.3940698410272394,0.9726378347578974
2013-12-09T11:42:18.15,39.0921,142.432,9.5,3.9,2018-10-01T19:29:21.34,39.0187,142.5094,14.2,4.3,1.32931573950452,0.9005563285191301
2013-12-09T13:51:04.57,41.9941,142.5782,63.2,3.7,2018-04-02T13:23:52.22,41.9941,142.596,65.4,3.9,-0.9106032920214692,0.9838579970269103
2013-12-15T09:21:35.42,38.9052,142.0086,51.5,3.9,2016-07-12T03:01:22.18,38.8704,142.0281,49.2,3.5,0.338387813577902,0.909010614187683
2013-12-15T09:21:35.42,38.9052,142.0086,51.5,3.9,2017-07-31T04:20:12.58,38.8873,142.0092,50.1,3.8,-0.1115880919050426,0.9067812102463813
2013-12-19T04:22:01.11,39.4358,143.7062,16.0,3.7,2018-04-19T20:26:35.4,39.4347,143.658,11.0,3.6,0.4935869490626776,0.9553470919901248
2013-12-19T04:22:01.11,39.4358,143.7062,16.0,3.7,2018-04-19T20:37:40.72,39.3978,143.8787,10.0,3.9,4.186958624912611,0.9471021416871944
2014-01-08T00:00:22.1,40.35,142.18,45.0,3.5,2014-12-29T00:14:40.77,40.3362,142.0102,45.0,3.6,-1.4635162875745662,0.958179823087979
2014-01-08T00:00:22.1,40.35,142.18,45.0,3.5,2015-12-17T22:58:20.7,40.35,142.18,45.0,3.5,-0.1031513738604928,0.957244204587738
2014-01-08T00:00:22.1,40.35,142.18,45.0,3.5,2016-12-04T02:59:08.87,40.383,142.2331,44.9,3.6,0.6595100291380286,0.9599754002310832
2014-01-08T12:28:20.03,38.8485,142.1928,46.3,4.0,2014-11-08T12:09:27.04,38.8164,142.2867,40.8,4.0,1.2685404555504456,0.9709841092913571
2014-01-08T12:28:20.03,38.8485,142.1928,46.3,4.0,2016-12-24T07:04:32.57,38.8069,142.1666,39.0,4.1,0.7536390448828416,0.9671742406761938
2014-01-08T12:28:20.03,38.8485,142.1928,46.3,4.0,2018-06-17T15:43:42.62,38.8022,142.1996,46.5,4.1,0.563736389422943,0.9862148969186744
2014-01-08T12:28:20.03,38.8485,142.1928,46.3,4.0,2020-08-27T00:48:42.33,38.8381,142.1809,42.6,4.2,1.0428530595716805,0.9838759849443678
2014-01-11T15:46:13.72,38.9308,142.0529,48.9,4.0,2014-05-04T07:10:54.85,38.8913,141.9651,52.5,3.9,-0.6022188886922638,0.9080865581163882
2014-01-11T15:46:13.72,38.9308,142.0529,48.9,4.0,2014-11-19T04:32:32.52,38.9022,141.9462,48.9,3.9,-0.3741854460689919,0.9378969146109236
2014-01-11T15:46:13.72,38.9308,142.0529,48.9,4.0,2015-05-02T05:59:36.29,38.8732,141.8997,48.1,4.0,-0.8812234529051275,0.9574772562179528
2014-01-11T15:46:13.72,38.9308,142.0529,48.9,4.0,2015-08-14T12:13:16.53,38.9145,142.0782,46.6,3.8,0.1461938997447761,0.918612253137441
2014-01-11T15:46:13.72,38.9308,142.0529,48.9,4.0,2015-12-15T22:41:36.38,38.9033,141.9771,49.6,3.8,-0.6865259451809903,0.90946580139471
2014-01-11T15:46:13.72,38.9308,142.0529,48.9,4.0,2016-04-19T05:55:13.08,38.8978,142.1055,46.3,3.9,0.6969065690199785,0.953655453816927
2014-01-11T15:46:13.72,38.9308,142.0529,48.9,4.0,2016-07-31T16:35:03.05,38.8875,141.9726,51.6,3.8,-0.6657233143932016,0.9514332280123844
2014-01-11T15:46:13.72,38.9308,142.0529,48.9,4.0,2016-11-12T15:46:11.45,38.8788,142.0019,49.8,3.5,-0.4762610550256064,0.9023001467741132
2014-01-11T15:46:13.72,38.9308,142.0529,48.9,4.0,2017-08-06T17:55:48.2,38.8687,141.9708,53.1,3.9,-0.0665297385651799,0.9521955196400198
2014-01-11T15:46:13.72,38.9308,142.0529,48.9,4.0,2017-12-14T12:12:12.98,38.8917,141.9808,54.3,3.8,-0.5085679398578707,0.9085610272667494
2014-01-11T15:46:13.72,38.9308,142.0529,48.9,4.0,2018-07-02T11:47:04.2,38.8656,142.0237,52.9,3.9,-0.481521203760106,0.9291923761428674
2014-01-11T15:46:13.72,38.9308,142.0529,48.9,4.0,2019-05-06T05:13:25.06,38.8708,142.0552,49.6,3.8,0.4606822964369425,0.9035482320379132
2014-01-11T15:46:13.72,38.9308,142.0529,48.9,4.0,2019-09-27T11:11:01.95,38.8949,141.9515,48.9,4.0,-0.6290328690328435,0.9045716962281845
2014-01-11T15:46:13.72,38.9308,142.0529,48.9,4.0,2020-07-28T10:46:30.15,38.8999,141.9835,52.8,3.9,-0.5278638395933635,0.9606676222821132
2014-01-15T12:04:39.55,35.9442,140.9239,41.2,3.7,2016-11-19T23:09:27.44,35.8538,140.9332,41.9,3.6,0.8989707928008086,0.926354404861679
2014-01-15T23:11:41.16,41.9449,142.3441,69.6,4.0,2017-03-08T01:55:15.32,41.9054,142.3536,70.8,3.8,0.3506719281089197,0.9580327942771288
2014-01-16T01:12:15.39,40.0813,142.7638,27.9,5.1,2015-10-13T04:24:10.21,40.0247,142.9119,32.5,4.5,0.3553517132941337,0.9022988584639616
2014-01-16T01:12:15.39,40.0813,142.7638,27.9,5.1,2018-05-14T10:31:17.85,40.0799,142.7253,32.5,5.0,-0.6061293442406948,0.9943613222976456
2014-01-16T01:12:15.39,40.0813,142.7638,27.9,5.1,2020-10-27T07:01:13.79,40.0145,142.7161,33.5,4.1,-0.8805601480340559,0.903451120352686
2014-01-25T08:48:19.65,41.918,142.4871,63.8,3.8,2019-09-06T19:04:44.71,41.9179,142.473,63.5,3.7,0.9723568254008522,0.9952371014904332
2014-01-27T19:22:08.42,40.3776,142.0179,52.0,3.5,2014-02-25T11:29:40.37,40.3489,141.9956,55.5,3.7,0.2750125885450254,0.9023581443470012
2014-01-27T19:22:08.42,40.3776,142.0179,52.0,3.5,2014-12-02T16:57:36.55,40.367,142.0871,52.5,3.6,0.4542634651048385,0.9735439149110904
2014-01-27T19:22:08.42,40.3776,142.0179,52.0,3.5,2015-03-09T18:41:25.26,40.3875,142.0479,48.6,3.8,0.2367764440800767,0.9152215689448596
2014-01-27T19:22:08.42,40.3776,142.0179,52.0,3.5,2015-10-17T16:16:33.8,40.3701,142.1151,52.5,3.9,0.1148010847775324,0.9907309190021996
2014-01-27T19:22:08.42,40.3776,142.0179,52.0,3.5,2016-02-16T05:33:01.99,40.3772,142.0292,49.8,3.8,-0.0500410497914245,0.9342048898246365
2014-01-27T19:22:08.42,40.3776,142.0179,52.0,3.5,2016-10-01T06:44:58.13,40.3906,142.148,51.0,3.9,0.8049909157678015,0.986807985100827
2014-01-27T19:22:08.42,40.3776,142.0179,52.0,3.5,2017-02-26T11:34:09.63,40.3526,142.1316,53.1,3.8,0.3660944939052871,0.9200350358085484
2014-01-27T19:22:08.42,40.3776,142.0179,52.0,3.5,2017-10-29T04:41:43.79,40.3672,142.0631,50.7,3.6,0.1863054608898107,0.917632962185144
2014-01-27T19:22:08.42,40.3776,142.0179,52.0,3.5,2018-05-12T22:22:35.0,40.3662,142.0368,51.6,3.5,-0.0413402182084609,0.9733084924660652
2014-01-27T19:22:08.42,40.3776,142.0179,52.0,3.5,2018-06-26T03:00:49.85,40.3716,142.0061,50.3,3.6,-0.3429172415732434,0.923588267791406
2014-01-27T19:22:08.42,40.3776,142.0179,52.0,3.5,2019-02-10T00:54:22.04,40.3749,141.9931,53.3,3.7,-0.4144560903635966,0.9862533043186484
2014-01-27T19:22:08.42,40.3776,142.0179,52.0,3.5,2019-12-17T03:21:52.99,40.3807,142.0357,49.9,3.5,0.0304849230469897,0.9068710851655808
2014-01-27T19:22:08.42,40.3776,142.0179,52.0,3.5,2020-07-26T16:32:19.44,40.3575,142.0955,53.7,3.8,0.0797454181602941,0.9931257984039268
2014-01-27T19:22:08.42,40.3776,142.0179,52.0,3.5,2020-10-18T00:05:55.24,40.3513,141.9848,55.8,3.6,-0.0295590913175608,0.930837823416951
2014-01-27T20:25:27.01,36.2591,141.2728,28.1,4.3,2016-11-08T12:43:18.41,36.3354,141.1599,32.8,4.0,-1.2223557821760178,0.9163551532188978
2014-01-27T20:25:27.01,36.2591,141.2728,28.1,4.3,2020-07-19T12:01:29.9,36.3232,141.1821,35.0,4.1,-2.259524667671241,0.976676074162005
2014-02-01T00:49:57.62,40.898,142.0265,59.2,3.8,2015-09-24T21:07:26.77,40.8792,142.0285,55.0,3.7,0.1114095051999253,0.9967592463066512
2014-02-01T00:49:57.62,40.898,142.0265,59.2,3.8,2017-04-27T16:39:04.02,40.8882,142.0704,55.0,3.7,0.1789087354598793,0.9923563735235488
2014-02-01T00:49:57.62,40.898,142.0265,59.2,3.8,2019-01-21T22:50:36.38,40.873,142.0567,56.5,3.7,0.5959424595156493,0.995767553148694
2014-02-02T08:13:25.39,39.6237,142.0189,46.8,3.9,2014-07-27T09:24:15.45,39.6279,142.1824,48.6,4.1,0.2850141187145664,0.9539561080935532
2014-02-02T08:13:25.39,39.6237,142.0189,46.8,3.9,2014-08-25T11:04:35.93,39.6218,142.1878,44.3,3.9,0.3442010842856213,0.9934312310651277
2014-02-02T08:13:25.39,39.6237,142.0189,46.8,3.9,2015-01-29T10:45:18.93,39.6108,142.0683,46.5,3.9,-0.104600468479877,0.9886620116498236
2014-02-02T08:13:25.39,39.6237,142.0189,46.8,3.9,2015-03-23T13:56:48.72,39.6415,142.0922,47.4,4.2,0.432148015943939,0.95717425438186
2014-02-02T08:13:25.39,39.6237,142.0189,46.8,3.9,2015-05-09T19:15:44.03,39.6173,142.1756,47.7,3.9,0.402192200296139,0.978886785531418
2014-02-02T08:13:25.39,39.6237,142.0189,46.8,3.9,2015-09-06T02:00:10.78,39.6328,142.1218,45.3,3.6,-0.3360898233352952,0.974121385734936
2014-02-02T08:13:25.39,39.6237,142.0189,46.8,3.9,2015-09-28T16:33:55.17,39.5984,142.1289,50.4,3.9,0.2894161695893268,0.9684895365313676
2014-02-02T08:13:25.39,39.6237,142.0189,46.8,3.9,2015-12-31T18:53:18.29,39.629,142.2132,51.4,3.9,0.2487857460928768,0.9364130523590882
2014-02-02T08:13:25.39,39.6237,142.0189,46.8,3.9,2016-04-26T10:21:46.87,39.6199,142.1361,47.3,3.8,0.091781007073679,0.9832576563590398
2014-02-02T08:13:25.39,39.6237,142.0189,46.8,3.9,2016-07-03T09:06:01.44,39.6391,142.159,50.0,4.1,0.0545845711456977,0.9716927827650216
2014-02-02T08:13:25.39,39.6237,142.0189,46.8,3.9,2016-09-09T04:47:04.68,39.6328,142.1661,48.1,3.8,0.0544954508528318,0.9930354660692152
2014-02-02T08:13:25.39,39.6237,142.0189,46.8,3.9,2016-11-29T03:46:36.5,39.6371,142.1238,48.6,3.9,-0.4170790564970042,0.9314241966586708
2014-02-02T08:13:25.39,39.6237,142.0189,46.8,3.9,2016-12-20T15:27:27.24,39.6184,142.096,47.9,3.5,-0.4856319841599328,0.9896667582834168
2014-02-02T08:13:25.39,39.6237,142.0189,46.8,3.9,2017-04-05T20:00:13.64,39.611,142.0494,51.1,4.2,-0.1762613096532982,0.9493529255211258
2014-02-02T08:13:25.39,39.6237,142.0189,46.8,3.9,2017-09-13T07:13:41.23,39.6106,142.1044,49.8,4.0,-0.2373163022162177,0.9947598554032098
2014-02-02T08:13:25.39,39.6237,142.0189,46.8,3.9,2018-01-09T04:43:21.69,39.6236,142.1095,53.2,4.3,-0.1576346927018447,0.9690297560728592
2014-02-02T08:13:25.39,39.6237,142.0189,46.8,3.9,2018-05-14T22:46:33.01,39.619,142.1095,49.3,3.9,-0.1863160078755568,0.9937858662119788
2014-02-02T08:13:25.39,39.6237,142.0189,46.8,3.9,2018-10-22T23:44:17.78,39.6408,142.1573,47.5,3.5,0.5670688959055442,0.9811746957973408
2014-02-02T08:13:25.39,39.6237,142.0189,46.8,3.9,2018-11-16T02:49:11.8,39.6082,142.1445,51.3,4.2,0.2228055060951522,0.9674934599636764
2014-02-02T08:13:25.39,39.6237,142.0189,46.8,3.9,2019-02-01T03:39:59.76,39.6428,142.138,47.7,3.7,0.040917476559464,0.9873404013346122
2014-02-02T08:13:25.39,39.6237,142.0189,46.8,3.9,2019-09-04T10:54:41.84,39.605,142.1095,53.7,3.9,-0.4659659176457125,0.9580922636481236
2014-02-02T08:13:25.39,39.6237,142.0189,46.8,3.9,2019-09-07T08:01:45.88,39.6172,142.2201,48.8,4.2,0.2894210712052301,0.97847729839735
2014-02-02T08:13:25.39,39.6237,142.0189,46.8,3.9,2020-09-03T15:33:35.63,39.6053,142.1558,50.9,3.6,0.3762088454644885,0.903781769319849
2014-02-02T08:13:25.39,39.6237,142.0189,46.8,3.9,2020-09-09T02:45:26.39,39.6114,142.1588,48.3,3.9,0.4579664013112109,0.9671940364642212
2014-02-05T14:30:58.11,40.3936,142.1642,52.6,3.7,2014-02-25T11:29:40.37,40.3489,141.9956,55.5,3.7,-0.969964830831574,0.9209892855518136
2014-02-05T14:30:58.11,40.3936,142.1642,52.6,3.7,2014-12-02T16:57:36.55,40.367,142.0871,52.5,3.6,-0.7886572640021702,0.9011764777579128
2014-02-05T14:30:58.11,40.3936,142.1642,52.6,3.7,2015-03-09T18:41:25.26,40.3875,142.0479,48.6,3.8,-1.0091646583601404,0.917961045246762
2014-02-05T14:30:58.11,40.3936,142.1642,52.6,3.7,2015-10-25T17:18:43.26,40.3777,142.0937,52.6,3.9,-0.7841219649435709,0.9944986121425952
2014-02-05T14:30:58.11,40.3936,142.1642,52.6,3.7,2017-02-26T11:34:09.63,40.3526,142.1316,53.1,3.8,-0.8865415650879783,0.9120255015924928
2014-02-05T14:30:58.11,40.3936,142.1642,52.6,3.7,2017-04-01T15:40:45.25,40.385,142.0448,50.4,3.7,-1.1713025836311162,0.9959577053003325
2014-02-05T14:30:58.11,40.3936,142.1642,52.6,3.7,2017-10-29T04:41:43.79,40.3672,142.0631,50.7,3.6,-1.06007083419546,0.904640385593514
2014-02-05T14:30:58.11,40.3936,142.1642,52.6,3.7,2018-05-12T22:22:35.0,40.3662,142.0368,51.6,3.5,-1.2842142445930302,0.9129026954551994
2014-02-05T14:30:58.11,40.3936,142.1642,52.6,3.7,2018-06-26T03:00:49.85,40.3716,142.0061,50.3,3.6,-1.5977944592387872,0.9014820055152644
2014-02-05T14:30:58.11,40.3936,142.1642,52.6,3.7,2018-07-19T20:07:40.71,40.3627,142.0637,53.1,3.8,-0.922309302291948,0.9941368810587626
2014-02-05T14:30:58.11,40.3936,142.1642,52.6,3.7,2019-06-01T14:04:15.9,40.3712,142.1048,50.7,3.7,-1.1615973480976298,0.931250719739942
2014-02-05T14:30:58.11,40.3936,142.1642,52.6,3.7,2020-10-18T00:05:55.24,40.3513,141.9848,55.8,3.6,-1.282407435049463,0.900383774845835
2014-02-08T02:34:23.01,37.0685,141.247,54.5,4.8,2015-05-15T03:30:34.14,37.0554,141.2792,40.6,5.0,2.115056304663912,0.9734026863264224
2014-02-10T10:30:47.28,39.6841,143.4596,13.4,4.6,2015-03-17T05:45:53.37,39.621,143.6503,11.0,4.5,1.757829701573432,0.9167681254560668
2014-02-11T06:05:30.92,41.9629,142.2942,66.5,4.6,2018-03-29T14:05:58.75,41.9269,142.3237,64.0,4.4,0.3626209944944919,0.9095318573400089
2014-02-11T06:05:30.92,41.9629,142.2942,66.5,4.6,2018-11-29T04:29:40.06,41.9482,142.3483,70.8,3.6,-0.126832803877196,0.9125126946344304
2014-02-23T18:57:25.09,39.4923,143.7148,11.0,3.9,2015-12-17T08:49:23.65,39.4806,143.7423,11.0,3.8,0.398936768460649,0.9496786267373166
2014-02-23T18:57:25.09,39.4923,143.7148,11.0,3.9,2018-07-27T06:30:50.41,39.4806,143.4789,35.0,3.7,-4.20196460795712,0.9404384309133064
2014-02-25T11:29:40.37,40.3489,141.9956,55.5,3.7,2014-12-02T16:57:36.55,40.367,142.0871,52.5,3.6,0.181110698108096,0.9406982213612736
2014-02-25T11:29:40.37,40.3489,141.9956,55.5,3.7,2015-03-09T18:41:25.26,40.3875,142.0479,48.6,3.8,-0.0385078106526111,0.997664739203098
2014-02-25T11:29:40.37,40.3489,141.9956,55.5,3.7,2015-10-17T16:16:33.8,40.3701,142.1151,52.5,3.9,-0.1606082321941285,0.9293989259999385
2014-02-25T11:29:40.37,40.3489,141.9956,55.5,3.7,2015-10-25T17:18:43.26,40.3777,142.0937,52.6,3.9,0.1865617953838205,0.917237890966874
2014-02-25T11:29:40.37,40.3489,141.9956,55.5,3.7,2016-02-16T05:33:01.99,40.3772,142.0292,49.8,3.8,-0.3271107126787219,0.9788674228920892
2014-02-25T11:29:40.37,40.3489,141.9956,55.5,3.7,2016-10-01T06:44:58.13,40.3906,142.148,51.0,3.9,0.5300662828380407,0.930890000088663
2014-02-25T11:29:40.37,40.3489,141.9956,55.5,3.7,2017-02-26T11:34:09.63,40.3526,142.1316,53.1,3.8,0.0870204674975114,0.9786411574477522
2014-02-25T11:29:40.37,40.3489,141.9956,55.5,3.7,2017-04-01T15:40:45.25,40.385,142.0448,50.4,3.7,-0.20080934353506,0.912454217934637
2014-02-25T11:29:40.37,40.3489,141.9956,55.5,3.7,2017-10-29T04:41:43.79,40.3672,142.0631,50.7,3.6,-0.0881716637363317,0.990581520254792
2014-02-25T11:29:40.37,40.3489,141.9956,55.5,3.7,2018-05-12T22:22:35.0,40.3662,142.0368,51.6,3.5,-0.3144082692144249,0.9378185528341852
2014-02-25T11:29:40.37,40.3489,141.9956,55.5,3.7,2018-06-26T03:00:49.85,40.3716,142.0061,50.3,3.6,-0.6234887221564303,0.968023994852199
2014-02-25T11:29:40.37,40.3489,141.9956,55.5,3.7,2018-07-19T20:07:40.71,40.3627,142.0637,53.1,3.8,0.0487900681391927,0.9208617911465576
2014-02-25T11:29:40.37,40.3489,141.9956,55.5,3.7,2019-02-10T00:54:22.04,40.3749,141.9931,53.3,3.7,-0.687802709139238,0.9266200156841404
2014-02-25T11:29:40.37,40.3489,141.9956,55.5,3.7,2019-06-01T14:04:15.9,40.3712,142.1048,50.7,3.7,-0.1884433124637987,0.9808480623236232
2014-02-25T11:29:40.37,40.3489,141.9956,55.5,3.7,2019-12-17T03:21:52.99,40.3807,142.0357,49.9,3.5,-0.2431846497040302,0.9901583881687256
2014-02-25T11:29:40.37,40.3489,141.9956,55.5,3.7,2020-07-26T16:32:19.44,40.3575,142.0955,53.7,3.8,-0.1947444434816201,0.919501558776221
2014-02-25T11:29:40.37,40.3489,141.9956,55.5,3.7,2020-10-18T00:05:55.24,40.3513,141.9848,55.8,3.6,-0.3085771002244185,0.9758680409033949
2014-02-26T10:57:03.59,37.1615,141.4438,39.3,3.9,2017-07-03T02:27:25.18,37.1267,141.4957,31.7,4.2,1.0529464150898988,0.9270650571013692
2014-02-26T10:57:03.59,37.1615,141.4438,39.3,3.9,2019-04-27T00:57:29.03,37.1869,141.3486,45.0,4.3,-0.8930726564865723,0.9161381584364738
2014-02-27T14:04:58.75,38.8498,142.0177,49.9,4.0,2014-08-09T05:49:36.94,38.8642,141.9685,49.9,3.9,-0.5885492157809398,0.9826067551258694
2014-02-27T14:04:58.75,38.8498,142.0177,49.9,4.0,2015-02-02T21:19:03.33,38.8469,142.0469,49.7,3.9,0.2465277313199599,0.9006978573617607
2014-02-27T14:04:58.75,38.8498,142.0177,49.9,4.0,2015-05-19T17:17:39.52,38.8762,142.0788,50.5,4.0,0.3823505867526788,0.9741727633037398
2014-02-27T14:04:58.75,38.8498,142.0177,49.9,4.0,2015-08-21T14:55:09.47,38.9142,142.0314,49.6,3.7,0.4026424117282249,0.915362526512394
2014-02-27T14:04:58.75,38.8498,142.0177,49.9,4.0,2015-12-12T21:05:51.61,38.8977,142.0347,48.3,4.0,0.2353424216005717,0.971274473136955
2014-02-27T14:04:58.75,38.8498,142.0177,49.9,4.0,2016-04-24T21:51:22.54,38.8291,142.1441,45.2,3.8,1.5529299337690603,0.9569385774304854
2014-02-27T14:04:58.75,38.8498,142.0177,49.9,4.0,2016-08-13T08:49:41.24,38.8588,142.1239,49.1,4.2,0.527849878111481,0.9781085387454328
2014-02-27T14:04:58.75,38.8498,142.0177,49.9,4.0,2016-12-30T08:33:10.0,38.8661,141.9908,45.5,4.0,0.169251211338813,0.9348910699630846
2014-02-27T14:04:58.75,38.8498,142.0177,49.9,4.0,2017-08-07T22:35:14.81,38.8689,141.9697,51.6,4.1,0.0398793215407744,0.9685992476151388
2014-02-27T14:04:58.75,38.8498,142.0177,49.9,4.0,2018-01-07T02:23:11.64,38.8522,142.0152,49.7,3.9,-0.0951094817169023,0.9028798681365336
2014-02-27T14:04:58.75,38.8498,142.0177,49.9,4.0,2018-07-14T09:13:51.33,38.8582,142.0765,48.0,4.2,0.4718166424271615,0.9798279948504504
2014-02-27T14:04:58.75,38.8498,142.0177,49.9,4.0,2019-03-06T18:43:45.28,38.822,142.0917,46.3,3.9,1.0316380989023783,0.9309426598133664
2014-02-27T14:04:58.75,38.8498,142.0177,49.9,4.0,2019-08-23T16:39:30.56,38.8799,142.2948,28.1,3.9,4.063830468958876,0.9371614220059324
2014-02-27T14:04:58.75,38.8498,142.0177,49.9,4.0,2020-07-11T13:11:54.05,38.8783,142.0117,55.9,3.9,-0.6455039753655362,0.9547987625497109
2014-03-10T06:53:06.87,38.6871,142.333,39.7,4.3,2015-12-08T06:07:33.97,38.6934,142.3225,24.0,4.1,1.6889258780741545,0.9301328313301056
2014-03-16T13:17:13.8,41.7061,144.3666,8.0,3.9,2018-02-19T09:24:38.49,41.7139,144.2757,8.1,4.0,-0.8773411410017293,0.9980433666242982
2014-03-18T02:34:30.95,39.7819,141.8678,56.8,3.7,2015-06-18T07:36:33.49,39.748,141.8479,61.5,4.0,-0.3243299559629062,0.9064662331601918
2014-03-18T02:34:30.95,39.7819,141.8678,56.8,3.7,2015-10-06T09:09:24.99,39.7457,141.8613,57.9,3.7,-0.3369231989796307,0.9919986483832872
2014-03-18T02:34:30.95,39.7819,141.8678,56.8,3.7,2016-08-19T23:58:24.38,39.7494,141.9035,61.6,3.8,0.5810888164631443,0.9894204422488988
2014-03-18T02:34:30.95,39.7819,141.8678,56.8,3.7,2018-03-29T16:30:55.64,39.7444,141.8396,58.5,3.7,0.0730931963853187,0.9842278710987444
2014-03-18T02:34:30.95,39.7819,141.8678,56.8,3.7,2019-02-16T08:42:43.25,39.7698,141.8782,58.5,3.7,0.0753442422554904,0.949390550441949
2014-03-18T02:34:30.95,39.7819,141.8678,56.8,3.7,2019-11-13T10:22:16.76,39.7522,141.9135,61.0,3.7,0.0861987700347939,0.985462143866708
2014-03-18T02:34:30.95,39.7819,141.8678,56.8,3.7,2020-10-16T00:38:33.97,39.7659,141.8763,58.4,3.7,0.1895079567493708,0.9809789680978106
2014-03-19T15:48:37.7,39.7373,141.7907,61.5,3.9,2014-08-25T19:51:01.18,39.7479,141.8577,60.0,3.8,0.0367810790180078,0.9891539846945376
2014-03-19T15:48:37.7,39.7373,141.7907,61.5,3.9,2015-01-29T22:18:37.64,39.7467,141.8603,61.9,3.6,0.7711975549810849,0.9921541883974522
2014-03-19T15:48:37.7,39.7373,141.7907,61.5,3.9,2015-06-18T07:36:33.49,39.748,141.8479,61.5,4.0,-0.4711146955446303,0.96566343171194
2014-03-19T15:48:37.7,39.7373,141.7907,61.5,3.9,2015-10-30T10:32:06.09,39.7488,141.8364,57.8,3.7,-0.4366527412161222,0.9649775400146684
2014-03-19T15:48:37.7,39.7373,141.7907,61.5,3.9,2016-04-15T18:01:04.21,39.7262,141.8222,59.6,4.1,0.2292682397629592,0.9940300464153928
2014-03-19T15:48:37.7,39.7373,141.7907,61.5,3.9,2016-11-29T01:02:57.17,39.7907,141.8676,60.2,4.1,0.0736770541275999,0.9787723085827214
2014-03-19T15:48:37.7,39.7373,141.7907,61.5,3.9,2017-05-06T08:18:54.37,39.7415,141.9147,59.4,4.1,0.1847566260793296,0.9831857624638876
2014-03-19T15:48:37.7,39.7373,141.7907,61.5,3.9,2017-12-12T03:47:27.11,39.7392,141.8298,60.1,4.0,-0.0805506074470358,0.9897209258019866
2014-03-19T15:48:37.7,39.7373,141.7907,61.5,3.9,2018-07-27T06:24:50.23,39.7356,141.8829,65.5,4.2,-0.8385875970463801,0.9838046021936822
2014-03-19T15:48:37.7,39.7373,141.7907,61.5,3.9,2019-02-18T11:41:44.95,39.7387,141.8496,61.4,3.7,-0.0063400440234343,0.9799690827342884
2014-03-19T15:48:37.7,39.7373,141.7907,61.5,3.9,2019-10-23T03:43:19.5,39.7583,141.8449,57.7,4.3,0.0844902479652972,0.9929347752395692
2014-03-19T15:48:37.7,39.7373,141.7907,61.5,3.9,2020-11-26T20:54:28.28,39.7188,142.1233,66.1,3.9,2.329466307259379,0.9807536052893956
2014-03-22T07:49:01.94,40.3702,142.1002,44.8,3.6,2015-04-11T21:42:58.89,40.3456,142.2232,50.6,3.7,1.0510525468140457,0.9177249776957568
2014-03-22T07:49:01.94,40.3702,142.1002,44.8,3.6,2016-07-20T14:57:03.35,40.3708,142.2653,40.8,3.8,1.2782242484769415,0.9925258685480428
2014-03-22T07:49:01.94,40.3702,142.1002,44.8,3.6,2018-08-19T11:32:35.07,40.3689,142.1598,45.7,3.5,0.7213117850194501,0.9895691005191304
2014-03-22T13:38:43.77,36.3972,142.5673,15.0,3.9,2019-11-03T01:37:55.92,36.4661,142.6718,14.2,3.9,0.6387944962153048,0.944415427273348
2014-03-25T23:38:32.26,39.8545,143.5742,8.7,3.6,2017-05-17T12:20:56.8,39.9516,143.5381,6.0,4.1,-0.0822701500077572,0.9043917577671364
2014-03-25T23:38:32.26,39.8545,143.5742,8.7,3.6,2019-10-02T14:54:20.27,39.8591,143.731,6.0,4.0,0.6814222572184001,0.9008371531056812
2014-03-30T03:23:35.46,35.8047,140.1902,60.3,3.9,2017-06-12T19:04:22.72,35.7329,140.1591,71.4,3.8,-0.5281990913784596,0.9085396756045166
2014-03-31T02:59:14.94,38.9099,141.9532,47.3,3.8,2014-06-29T08:18:54.7,38.911,141.9575,45.8,3.8,-0.7268559523983669,0.935501198628035
2014-03-31T02:59:14.94,38.9099,141.9532,47.3,3.8,2015-08-05T02:34:37.97,38.8839,141.9625,51.2,3.5,0.269888255484535,0.9170835508581552
2014-03-31T02:59:14.94,38.9099,141.9532,47.3,3.8,2016-07-12T03:01:22.18,38.8704,142.0281,49.2,3.5,0.5940059283884607,0.9294060711102932
2014-03-31T02:59:14.94,38.9099,141.9532,47.3,3.8,2017-03-06T15:39:55.45,38.9047,141.9909,48.5,3.6,-0.0237104365263556,0.9155939466374536
2014-03-31T02:59:14.94,38.9099,141.9532,47.3,3.8,2017-07-31T04:20:12.58,38.8873,142.0092,50.1,3.8,0.1448510136360582,0.9389583215112786
2014-04-02T20:54:40.0,40.3,142.29,38.0,3.7,2015-04-26T14:42:17.9,40.29,142.29,38.0,3.7,-0.0669017674023483,0.9892509626712608
2014-04-02T20:54:40.0,40.3,142.29,38.0,3.7,2016-05-27T13:29:45.32,40.2933,142.2917,37.8,3.7,-0.0701822917411518,0.994771374478152
2014-04-02T20:54:40.0,40.3,142.29,38.0,3.7,2017-06-18T11:10:46.85,40.2684,142.2364,30.6,3.6,0.4349246471760621,0.9950730319752012
2014-04-02T20:54:40.0,40.3,142.29,38.0,3.7,2018-08-03T01:30:41.99,40.2935,142.2867,37.9,3.6,-0.1035365650869842,0.9913132121825458
2014-04-02T20:54:40.0,40.3,142.29,38.0,3.7,2019-06-22T05:15:01.78,40.2955,142.2958,37.6,3.6,-0.0453828699612678,0.9932187625724024
2014-04-02T20:54:40.0,40.3,142.29,38.0,3.7,2020-12-10T15:08:46.58,40.2867,142.2447,44.1,3.5,-0.2531458934798997,0.986705909802554
2014-04-16T11:23:10.56,36.2696,142.7817,35.0,3.7,2015-12-14T20:32:56.65,36.3929,142.5603,15.0,3.6,0.8690487015994897,0.9864908455850788
2014-04-16T11:23:10.56,36.2696,142.7817,35.0,3.7,2018-02-26T08:44:37.0,36.3658,142.6509,35.0,3.8,-2.032616019775838,0.9843902338309192
2014-04-21T19:36:15.65,38.6462,142.1155,43.6,4.0,2017-01-16T22:35:22.69,38.6447,142.1329,42.6,4.1,-0.1857190723380806,0.9727899776268558
2014-04-21T20:11:38.95,38.175,141.7341,52.8,3.8,2015-01-26T01:31:54.71,38.1497,141.74,47.8,3.8,0.9358132395537436,0.9019075864482716
2014-04-24T23:43:21.98,36.4641,140.8529,47.1,4.1,2018-07-16T19:42:52.17,36.4576,140.773,52.3,4.1,-0.9210158034713056,0.9576298281103311
2014-04-25T01:28:37.13,40.2043,142.5274,15.8,4.0,2016-07-21T16:21:34.45,40.1267,142.5947,24.7,3.9,-1.2294928447229647,0.9963892000019186
2014-04-26T20:08:58.31,41.8444,142.1907,65.0,3.8,2016-09-26T02:24:38.24,41.8576,142.1923,73.4,4.8,-0.1883426588003088,0.943189265803985
2014-05-04T07:10:54.85,38.8913,141.9651,52.5,3.9,2014-11-19T04:32:32.52,38.9022,141.9462,48.9,3.9,0.2283841276936593,0.9186358553022036
2014-05-04T07:10:54.85,38.8913,141.9651,52.5,3.9,2015-05-02T05:59:36.29,38.8732,141.8997,48.1,4.0,-0.2789456400287879,0.9223579015130166
2014-05-04T07:10:54.85,38.8913,141.9651,52.5,3.9,2015-08-14T12:13:16.53,38.9145,142.0782,46.6,3.8,0.7485328446018454,0.914206372597561
2014-05-04T07:10:54.85,38.8913,141.9651,52.5,3.9,2016-04-19T05:55:13.08,38.8978,142.1055,46.3,3.9,1.2992836225090396,0.9173783064306852
2014-05-04T07:10:54.85,38.8913,141.9651,52.5,3.9,2016-07-31T16:35:03.05,38.8875,141.9726,51.6,3.8,-0.0630060047707586,0.9241333819289318
2014-05-04T07:10:54.85,38.8913,141.9651,52.5,3.9,2017-08-06T17:55:48.2,38.8687,141.9708,53.1,3.9,0.5360877297183035,0.9340924255811456
2014-05-04T07:10:54.85,38.8913,141.9651,52.5,3.9,2018-07-02T11:47:04.2,38.8656,142.0237,52.9,3.9,0.119575143935577,0.9076916264777248
2014-05-04T07:10:54.85,38.8913,141.9651,52.5,3.9,2020-07-28T10:46:30.15,38.8999,141.9835,52.8,3.9,0.0753895460619112,0.9170864236655374
2014-05-11T01:34:26.8,38.5468,142.0134,28.0,3.6,2014-07-26T13:24:09.92,38.6134,141.9902,45.8,3.9,-0.7000415938463143,0.9387958307119584
2014-05-11T01:34:26.8,38.5468,142.0134,28.0,3.6,2015-05-03T09:58:22.53,38.6151,142.0094,46.4,3.6,-0.0260519683089675,0.929995308387061
2014-05-11T01:34:26.8,38.5468,142.0134,28.0,3.6,2016-07-08T04:03:37.17,38.6387,141.9384,46.0,3.5,-1.1100307921150052,0.9094973208656024
2014-05-11T01:34:26.8,38.5468,142.0134,28.0,3.6,2017-05-12T04:35:17.81,38.6362,141.9067,48.1,3.5,-1.3994211297631742,0.924613619337431
2014-05-11T01:34:26.8,38.5468,142.0134,28.0,3.6,2019-06-03T07:45:15.93,38.638,141.9042,47.0,3.6,-1.5261859564082505,0.9498896358646296
2014-05-11T17:20:33.42,38.349,141.7922,51.3,3.8,2016-03-23T07:56:22.73,38.3282,141.7376,52.2,3.8,-0.2697887120011801,0.920636913089523
2014-05-11T17:20:33.42,38.349,141.7922,51.3,3.8,2019-07-02T01:00:09.09,38.3578,141.8514,53.4,4.0,0.2295692718776238,0.9879589410263748
2014-05-13T23:03:23.38,41.9854,142.5619,60.2,4.5,2016-03-13T02:07:37.58,41.9777,142.571,65.1,4.2,-0.5313379817234172,0.906462214755223
2014-05-13T23:03:23.38,41.9854,142.5619,60.2,4.5,2019-01-17T02:23:36.84,41.9571,142.6011,68.3,4.4,-0.7220260627674081,0.9190378958536372
2014-05-23T07:50:17.39,39.5723,143.6038,11.0,4.6,2016-08-20T05:52:42.3,39.5287,143.6629,15.6,4.5,-0.5147219150239263,0.9779732054125092
2014-06-03T11:30:24.12,41.9455,142.5648,61.6,3.8,2016-02-23T09:17:46.06,41.9969,142.6044,66.7,3.6,0.5932448123694869,0.9963061109687814
2014-06-03T11:30:24.12,41.9455,142.5648,61.6,3.8,2018-04-02T13:23:52.22,41.9941,142.596,65.4,3.9,-0.5863861036878376,0.9203952240790498
2014-06-03T11:30:24.12,41.9455,142.5648,61.6,3.8,2018-10-18T08:41:01.88,41.9991,142.5976,60.5,3.5,-0.2342736635166803,0.9040091764830988
2014-06-05T21:10:30.68,39.7562,141.8367,58.0,3.6,2015-04-06T15:48:03.38,39.7675,141.9172,60.6,3.6,0.1737267810413869,0.950090033513228
2014-06-05T21:10:30.68,39.7562,141.8367,58.0,3.6,2016-03-06T23:02:58.92,39.7608,141.9049,59.9,3.7,-0.0131566273492315,0.964366188143986
2014-06-05T21:10:30.68,39.7562,141.8367,58.0,3.6,2016-12-29T12:46:51.63,39.7577,141.8853,58.9,3.6,-0.0759755051688724,0.965364567692614
2014-06-05T21:10:30.68,39.7562,141.8367,58.0,3.6,2017-07-05T21:40:16.04,39.7374,141.8889,64.8,3.5,0.9508501694862932,0.9789636094870022
2014-06-05T21:10:30.68,39.7562,141.8367,58.0,3.6,2017-12-16T18:50:16.25,39.7454,141.8577,58.8,3.6,0.372522833522423,0.9790930354687364
2014-06-05T21:10:30.68,39.7562,141.8367,58.0,3.6,2018-10-15T18:52:11.05,39.7598,141.8232,56.7,3.5,-0.012732765277609,0.9852402820868024
2014-06-05T21:10:30.68,39.7562,141.8367,58.0,3.6,2020-01-21T19:34:31.95,39.7627,141.8302,57.2,3.7,0.1742144499988257,0.982918084790924
2014-06-18T12:40:58.67,38.5603,142.0314,44.0,4.2,2015-02-05T20:28:42.76,38.6077,141.9812,55.6,4.1,-1.1167083594520275,0.9874310631607156
2014-06-18T12:40:58.67,38.5603,142.0314,44.0,4.2,2015-11-18T13:42:32.37,38.5565,142.1536,44.0,4.1,0.58409064307398,0.9734777832154816
2014-06-18T12:40:58.67,38.5603,142.0314,44.0,4.2,2016-06-13T18:17:25.85,38.5899,141.961,51.8,3.9,-1.2624203554925373,0.9838236849734018
2014-06-18T12:40:58.67,38.5603,142.0314,44.0,4.2,2016-12-08T04:25:10.3,38.5752,142.022,40.6,4.1,0.5609756030242987,0.9756829950981708
2014-06-18T12:40:58.67,38.5603,142.0314,44.0,4.2,2017-07-01T18:53:11.37,38.6039,141.9678,49.1,4.1,-0.639233775383897,0.9906454585113867
2014-06-18T12:40:58.67,38.5603,142.0314,44.0,4.2,2018-02-02T10:44:48.31,38.5609,142.1253,39.0,4.1,0.4296604370503505,0.9874824446489322
2014-06-18T12:40:58.67,38.5603,142.0314,44.0,4.2,2018-08-16T10:44:09.3,38.5708,141.9456,49.2,3.9,-1.1016343424956083,0.9771593806131992
2014-06-18T12:40:58.67,38.5603,142.0314,44.0,4.2,2019-04-01T12:17:32.96,38.5938,141.9946,50.0,4.0,-1.2421474584474592,0.9817810662025408
2014-06-18T12:40:58.67,38.5603,142.0314,44.0,4.2,2019-10-20T22:53:33.32,38.5649,142.08,43.8,3.9,0.1511203294619697,0.985878209107684
2014-06-19T09:50:14.45,38.159,141.8289,43.1,3.8,2016-06-29T05:01:36.37,38.1588,141.7405,45.6,4.3,-0.6208998224870867,0.9605945461022556
2014-06-19T16:43:45.94,35.5475,140.1323,64.0,4.4,2017-12-27T13:05:29.65,35.4968,140.1464,67.4,4.6,-0.4802936071515361,0.9040567052526236
2014-06-20T08:49:00.9,38.1765,141.7737,44.1,3.9,2015-03-26T17:28:26.71,38.1334,141.7882,44.5,3.9,0.4830121663708188,0.9262931781354358
2014-06-20T08:49:00.9,38.1765,141.7737,44.1,3.9,2016-03-13T08:44:10.19,38.1587,141.7287,47.7,3.8,-0.0184068887130564,0.9769407727986776
2014-06-20T08:49:00.9,38.1765,141.7737,44.1,3.9,2017-07-28T22:25:11.01,38.1491,141.7745,45.4,4.2,1.011332750972532,0.9388588542055548
2014-06-20T08:49:00.9,38.1765,141.7737,44.1,3.9,2019-04-07T18:00:03.03,38.1289,141.7481,47.7,4.0,0.98788270538649,0.955180756682496
2014-06-25T09:07:37.95,39.0721,142.2478,38.7,3.7,2015-07-24T08:39:01.84,39.0886,142.1091,43.4,3.7,-1.1514063190823831,0.9414770029626
2014-06-25T09:07:37.95,39.0721,142.2478,38.7,3.7,2018-08-12T23:26:20.36,39.1066,142.2233,29.5,3.5,0.8658377924157974,0.932171317327271
2014-06-28T07:11:49.56,35.9408,140.889,34.7,4.5,2018-01-05T02:02:25.5,35.8597,140.7852,39.6,4.6,-0.0168754270525766,0.9883019837026594
2014-06-29T08:18:54.7,38.911,141.9575,45.8,3.8,2015-08-05T02:34:37.97,38.8839,141.9625,51.2,3.5,0.9969831754579735,0.9201716105733506
2014-06-29T08:18:54.7,38.911,141.9575,45.8,3.8,2016-07-12T03:01:22.18,38.8704,142.0281,49.2,3.5,1.320713352434297,0.9679046573950668
2014-06-29T08:18:54.7,38.911,141.9575,45.8,3.8,2017-07-31T04:20:12.58,38.8873,142.0092,50.1,3.8,0.8697662682733648,0.9545026545469784
2014-07-03T06:28:20.84,39.0854,142.4583,27.6,4.2,2014-07-22T22:48:52.61,39.155,142.4417,31.3,3.7,-0.1168006490299675,0.9081671309975374
2014-07-06T19:28:38.81,39.0566,142.4013,42.9,4.0,2015-05-01T06:34:41.45,39.0501,142.2038,43.6,3.8,-1.398744487498319,0.9813604347385536
2014-07-06T19:28:38.81,39.0566,142.4013,42.9,4.0,2015-10-22T00:51:50.79,39.0642,142.2358,43.5,3.9,-0.865915880854558,0.9797914725386676
2014-07-06T19:28:38.81,39.0566,142.4013,42.9,4.0,2016-08-04T12:01:16.08,39.0857,142.2882,42.3,3.9,-0.8341429708465952,0.9754050326184706
2014-07-06T19:28:38.81,39.0566,142.4013,42.9,4.0,2017-07-16T10:23:01.17,39.0864,142.2035,45.3,3.9,-1.3819510574616158,0.9871615727859572
2014-07-06T19:28:38.81,39.0566,142.4013,42.9,4.0,2018-05-27T03:22:15.63,39.0906,142.2065,51.0,3.8,-1.9899426749404785,0.981621957831251
2014-07-06T19:28:38.81,39.0566,142.4013,42.9,4.0,2019-05-16T16:04:43.87,39.0514,142.3237,45.3,3.9,-1.0029207232481745,0.9915081497137698
2014-07-07T02:40:42.89,41.9582,142.3706,76.4,4.1,2017-02-13T19:18:56.94,41.969,142.328,71.2,4.0,0.3595426331050506,0.9979422729417452
2014-07-07T02:40:42.89,41.9582,142.3706,76.4,4.1,2019-04-08T13:22:02.91,41.9641,142.3554,70.2,4.3,0.9012075571367998,0.9954858888710596
2014-07-08T12:52:47.73,39.2105,142.8305,6.5,4.1,2016-04-19T17:37:44.85,39.11,142.9654,16.0,4.0,0.2335759558926213,0.9907635270047886
2014-07-08T12:52:47.73,39.2105,142.8305,6.5,4.1,2018-05-10T10:21:45.85,39.0732,143.0294,39.9,4.2,-1.4156796745080196,0.9918416228659024
2014-07-26T13:24:09.92,38.6134,141.9902,45.8,3.9,2015-05-03T09:58:22.53,38.6151,142.0094,46.4,3.6,0.6740876450947537,0.9408411103784672
2014-07-26T13:24:09.92,38.6134,141.9902,45.8,3.9,2017-05-12T04:35:17.81,38.6362,141.9067,48.1,3.5,-0.7000667240289637,0.919689501200135
2014-07-26T13:24:09.92,38.6134,141.9902,45.8,3.9,2019-06-03T07:45:15.93,38.638,141.9042,47.0,3.6,-0.8250581715001888,0.9395547536682692
2014-07-27T09:24:15.45,39.6279,142.1824,48.6,4.1,2014-08-25T11:04:35.93,39.6218,142.1878,44.3,3.9,0.0582670732756175,0.9545980057440066
2014-07-27T09:24:15.45,39.6279,142.1824,48.6,4.1,2015-01-29T10:45:18.93,39.6108,142.0683,46.5,3.9,-0.3906001045606818,0.9614039878521228
2014-07-27T09:24:15.45,39.6279,142.1824,48.6,4.1,2015-03-23T13:56:48.72,39.6415,142.0922,47.4,4.2,0.1469165904266722,0.9942002400668116
2014-07-27T09:24:15.45,39.6279,142.1824,48.6,4.1,2015-05-09T19:15:44.03,39.6173,142.1756,47.7,3.9,0.1164454822012171,0.9755879432115638
2014-07-27T09:24:15.45,39.6279,142.1824,48.6,4.1,2015-09-06T02:00:10.78,39.6328,142.1218,45.3,3.6,-0.620992517361893,0.9120113508329522
2014-07-27T09:24:15.45,39.6279,142.1824,48.6,4.1,2015-09-28T16:33:55.17,39.5984,142.1289,50.4,3.9,0.0057730568148925,0.9847129441665669
2014-07-27T09:24:15.45,39.6279,142.1824,48.6,4.1,2015-12-31T18:53:18.29,39.629,142.2132,51.4,3.9,-0.0393352987158902,0.9764046905322632
2014-07-27T09:24:15.45,39.6279,142.1824,48.6,4.1,2016-04-26T10:21:46.87,39.6199,142.1361,47.3,3.8,-0.1921667243882212,0.965616359748704
2014-07-27T09:24:15.45,39.6279,142.1824,48.6,4.1,2016-07-03T09:06:01.44,39.6391,142.159,50.0,4.1,-0.231404597033084,0.9754678273919328
2014-07-27T09:24:15.45,39.6279,142.1824,48.6,4.1,2016-09-09T04:47:04.68,39.6328,142.1661,48.1,3.8,-0.2313393863329249,0.9537737489072546
2014-07-27T09:24:15.45,39.6279,142.1824,48.6,4.1,2016-11-29T03:46:36.5,39.6371,142.1238,48.6,3.9,-0.7046823930858171,0.9663938158534224
2014-07-27T09:24:15.45,39.6279,142.1824,48.6,4.1,2016-12-20T15:27:27.24,39.6184,142.096,47.9,3.5,-0.7715226066213936,0.9451341967821482
2014-07-27T09:24:15.45,39.6279,142.1824,48.6,4.1,2017-04-05T20:00:13.64,39.611,142.0494,51.1,4.2,-0.4605397361357981,0.9934558358757252
2014-07-27T09:24:15.45,39.6279,142.1824,48.6,4.1,2017-09-13T07:13:41.23,39.6106,142.1044,49.8,4.0,-0.5231958579201168,0.9573889159472976
2014-07-27T09:24:15.45,39.6279,142.1824,48.6,4.1,2018-01-09T04:43:21.69,39.6236,142.1095,53.2,4.3,-0.4432923788293532,0.98196072410866
2014-07-27T09:24:15.45,39.6279,142.1824,48.6,4.1,2018-05-14T22:46:33.01,39.619,142.1095,49.3,3.9,-0.4717517764001583,0.9579297548767124
2014-07-27T09:24:15.45,39.6279,142.1824,48.6,4.1,2018-10-22T23:44:17.78,39.6408,142.1573,47.5,3.5,0.2796786732518045,0.94043624175792
2014-07-27T09:24:15.45,39.6279,142.1824,48.6,4.1,2018-11-16T02:49:11.8,39.6082,142.1445,51.3,4.2,-0.0632081320675269,0.9724078475325004
2014-07-27T09:24:15.45,39.6279,142.1824,48.6,4.1,2019-02-01T03:39:59.76,39.6428,142.138,47.7,3.7,-0.2445727690241445,0.9361994770558664
2014-07-27T09:24:15.45,39.6279,142.1824,48.6,4.1,2019-09-04T10:54:41.84,39.605,142.1095,53.7,3.9,-0.7525186221127219,0.9413094182358404
2014-07-27T09:24:15.45,39.6279,142.1824,48.6,4.1,2019-09-07T08:01:45.88,39.6172,142.2201,48.8,4.2,0.0041619115836017,0.9727576857881982
2014-07-27T09:24:15.45,39.6279,142.1824,48.6,4.1,2020-09-03T15:33:35.63,39.6053,142.1558,50.9,3.6,0.088876450755748,0.9489563268407494
2014-07-27T09:24:15.45,39.6279,142.1824,48.6,4.1,2020-09-09T02:45:26.39,39.6114,142.1588,48.3,3.9,0.1725342963729624,0.9874686985296488
2014-07-29T20:05:15.74,35.6064,140.2046,66.4,3.6,2016-11-16T16:01:55.46,35.5811,140.2553,56.3,4.3,0.8234398230595689,0.9242849352834992
2014-07-30T14:57:06.66,37.0936,141.2082,48.8,3.9,2015-11-19T03:39:22.78,37.0822,141.174,52.6,4.0,0.2746249350012457,0.9496047733709374
2014-07-30T14:57:06.66,37.0936,141.2082,48.8,3.9,2018-09-27T19:32:24.08,37.0924,141.2521,48.6,4.2,0.5929094333623173,0.937650469579066
2014-08-04T05:58:23.44,39.3129,142.1386,48.3,4.1,2019-09-15T03:02:39.78,39.3066,142.1863,49.2,4.3,-0.07261587289394,0.9678751654746596
2014-08-04T05:58:23.44,39.3129,142.1386,48.3,4.1,2020-09-17T00:18:00.83,39.3665,141.9841,64.6,4.6,-1.8621642198576465,0.9420793142490824
2014-08-06T15:12:03.52,38.8881,142.1217,46.4,4.2,2019-07-10T20:19:14.9,38.8501,142.1909,43.9,4.1,0.8377318051231425,0.9514410693808564
2014-08-09T05:49:36.94,38.8642,141.9685,49.9,3.9,2015-02-02T21:19:03.33,38.8469,142.0469,49.7,3.9,0.8342835058226352,0.9099318944644544
2014-08-09T05:49:36.94,38.8642,141.9685,49.9,3.9,2015-05-19T17:17:39.52,38.8762,142.0788,50.5,4.0,0.9711792327874686,0.9689042231249168
2014-08-09T05:49:36.94,38.8642,141.9685,49.9,3.9,2015-08-21T14:55:09.47,38.9142,142.0314,49.6,3.7,0.9916820445777724,0.9287581655971352
2014-08-09T05:49:36.94,38.8642,141.9685,49.9,3.9,2015-12-12T21:05:51.61,38.8977,142.0347,48.3,4.0,0.8238957963744492,0.977213897096042
2014-08-09T05:49:36.94,38.8642,141.9685,49.9,3.9,2016-04-24T21:51:22.54,38.8291,142.1441,45.2,3.8,2.1416082410247665,0.9617296715070338
2014-08-09T05:49:36.94,38.8642,141.9685,49.9,3.9,2016-08-13T08:49:41.24,38.8588,142.1239,49.1,4.2,1.1162569656195274,0.97961738444148
2014-08-09T05:49:36.94,38.8642,141.9685,49.9,3.9,2016-12-30T08:33:10.0,38.8661,141.9908,45.5,4.0,0.757174169576607,0.9371153090043252
2014-08-09T05:49:36.94,38.8642,141.9685,49.9,3.9,2017-08-07T22:35:14.81,38.8689,141.9697,51.6,4.1,0.6282057934659249,0.970086300932432
2014-08-09T05:49:36.94,38.8642,141.9685,49.9,3.9,2018-01-07T02:23:11.64,38.8522,142.0152,49.7,3.9,0.4936039407817081,0.9004673388680395
2014-08-09T05:49:36.94,38.8642,141.9685,49.9,3.9,2018-07-14T09:13:51.33,38.8582,142.0765,48.0,4.2,1.0601105903466372,0.984035615939777
2014-08-09T05:49:36.94,38.8642,141.9685,49.9,3.9,2019-03-06T18:43:45.28,38.822,142.0917,46.3,3.9,1.6202714202697497,0.9301883501121192
2014-08-09T05:49:36.94,38.8642,141.9685,49.9,3.9,2019-08-23T16:39:30.56,38.8799,142.2948,28.1,3.9,4.650281382405418,0.935269709362522
2014-08-09T05:49:36.94,38.8642,141.9685,49.9,3.9,2020-07-11T13:11:54.05,38.8783,142.0117,55.9,3.9,-0.0572236709595143,0.9553763491729624
2014-08-15T20:25:04.25,36.7543,142.2875,7.4,3.8,2016-07-12T17:46:31.08,36.6475,142.2437,10.0,3.7,-1.3813189329609086,0.936494181346162
2014-08-17T19:24:00.68,39.5585,143.8852,11.0,4.2,2015-10-10T22:17:45.17,39.5474,143.7748,11.0,4.2,-0.5919016037364215,0.950326814104352
2014-08-24T08:26:50.97,36.0118,139.9027,82.4,4.3,2018-09-18T08:11:11.43,36.0058,139.8,95.5,4.6,-1.669910192425403,0.959991363168916
2014-08-25T11:04:35.93,39.6218,142.1878,44.3,3.9,2015-01-29T10:45:18.93,39.6108,142.0683,46.5,3.9,-0.4483747625671709,0.9924813508423536
2014-08-25T11:04:35.93,39.6218,142.1878,44.3,3.9,2015-03-23T13:56:48.72,39.6415,142.0922,47.4,4.2,0.0899166733646004,0.9570373838802292
2014-08-25T11:04:35.93,39.6218,142.1878,44.3,3.9,2015-05-09T19:15:44.03,39.6173,142.1756,47.7,3.9,0.0582182180537112,0.9824691644825906
2014-08-25T11:04:35.93,39.6218,142.1878,44.3,3.9,2015-09-06T02:00:10.78,39.6328,142.1218,45.3,3.6,-0.6811979309914851,0.9710158720591476
2014-08-25T11:04:35.93,39.6218,142.1878,44.3,3.9,2015-09-28T16:33:55.17,39.5984,142.1289,50.4,3.9,-0.0532583171065227,0.9642868366655468
2014-08-25T11:04:35.93,39.6218,142.1878,44.3,3.9,2015-12-31T18:53:18.29,39.629,142.2132,51.4,3.9,-0.0947987505646803,0.94372565114692
2014-08-25T11:04:35.93,39.6218,142.1878,44.3,3.9,2016-04-26T10:21:46.87,39.6199,142.1361,47.3,3.8,-0.2510952420826466,0.98271340809496
2014-08-25T11:04:35.93,39.6218,142.1878,44.3,3.9,2016-07-03T09:06:01.44,39.6391,142.159,50.0,4.1,-0.2888056018000363,0.9706606921413212
2014-08-25T11:04:35.93,39.6218,142.1878,44.3,3.9,2016-09-09T04:47:04.68,39.6328,142.1661,48.1,3.8,-0.2898798817770833,0.9948683368061172
2014-08-25T11:04:35.93,39.6218,142.1878,44.3,3.9,2016-11-29T03:46:36.5,39.6371,142.1238,48.6,3.9,-0.7597691656050871,0.9403142817644324
2014-08-25T11:04:35.93,39.6218,142.1878,44.3,3.9,2016-12-20T15:27:27.24,39.6184,142.096,47.9,3.5,-0.8286722192218279,0.9888579526670538
2014-08-25T11:04:35.93,39.6218,142.1878,44.3,3.9,2017-04-05T20:00:13.64,39.611,142.0494,51.1,4.2,-0.5187351615741712,0.9494500591834836
2014-08-25T11:04:35.93,39.6218,142.1878,44.3,3.9,2017-09-13T07:13:41.23,39.6106,142.1044,49.8,4.0,-0.5816621255308727,0.9932702962856698
2014-08-25T11:04:35.93,39.6218,142.1878,44.3,3.9,2018-01-09T04:43:21.69,39.6236,142.1095,53.2,4.3,-0.5010964135211162,0.9698346918888996
2014-08-25T11:04:35.93,39.6218,142.1878,44.3,3.9,2018-05-14T22:46:33.01,39.619,142.1095,49.3,3.9,-0.5301857289731081,0.9973139022500837
2014-08-25T11:04:35.93,39.6218,142.1878,44.3,3.9,2018-10-22T23:44:17.78,39.6408,142.1573,47.5,3.5,0.2229098547796378,0.9817399068038144
2014-08-25T11:04:35.93,39.6218,142.1878,44.3,3.9,2018-11-16T02:49:11.8,39.6082,142.1445,51.3,4.2,-0.1201032698354412,0.9738402304940312
2014-08-25T11:04:35.93,39.6218,142.1878,44.3,3.9,2019-02-01T03:39:59.76,39.6428,142.138,47.7,3.7,-0.3028723774972567,0.9837377026254722
2014-08-25T11:04:35.93,39.6218,142.1878,44.3,3.9,2019-09-04T10:54:41.84,39.605,142.1095,53.7,3.9,-0.8090022980450936,0.9643890654225084
2014-08-25T11:04:35.93,39.6218,142.1878,44.3,3.9,2019-09-07T08:01:45.88,39.6172,142.2201,48.8,4.2,-0.0538217302107651,0.9850457373272962
2014-08-25T11:04:35.93,39.6218,142.1878,44.3,3.9,2020-09-03T15:33:35.63,39.6053,142.1558,50.9,3.6,0.0347287304989662,0.9106581801772508
2014-08-25T11:04:35.93,39.6218,142.1878,44.3,3.9,2020-09-09T02:45:26.39,39.6114,142.1588,48.3,3.9,0.1149538736089237,0.9641625034380558
2014-08-25T19:51:01.18,39.7479,141.8577,60.0,3.8,2015-01-29T22:18:37.64,39.7467,141.8603,61.9,3.6,0.7337687866609157,0.9889515455622854
2014-08-25T19:51:01.18,39.7479,141.8577,60.0,3.8,2015-06-18T07:36:33.49,39.748,141.8479,61.5,4.0,-0.5055455175122319,0.9605098171366356
2014-08-25T19:51:01.18,39.7479,141.8577,60.0,3.8,2015-10-30T10:32:06.09,39.7488,141.8364,57.8,3.7,-0.4732641602923061,0.9738980112215102
2014-08-25T19:51:01.18,39.7479,141.8577,60.0,3.8,2016-04-15T18:01:04.21,39.7262,141.8222,59.6,4.1,0.191996885120094,0.984917971828652
2014-08-25T19:51:01.18,39.7479,141.8577,60.0,3.8,2016-11-29T01:02:57.17,39.7907,141.8676,60.2,4.1,0.0363531411285341,0.9875096248368004
2014-08-25T19:51:01.18,39.7479,141.8577,60.0,3.8,2017-05-06T08:18:54.37,39.7415,141.9147,59.4,4.1,0.1483764896935497,0.9678135319522873
2014-08-25T19:51:01.18,39.7479,141.8577,60.0,3.8,2017-12-12T03:47:27.11,39.7392,141.8298,60.1,4.0,-0.1180829917712363,0.990540448898994
2014-08-25T19:51:01.18,39.7479,141.8577,60.0,3.8,2018-07-27T06:24:50.23,39.7356,141.8829,65.5,4.2,-0.8748548863964962,0.9809806087355956
2014-08-25T19:51:01.18,39.7479,141.8577,60.0,3.8,2019-02-18T11:41:44.95,39.7387,141.8496,61.4,3.7,-0.0450644921122672,0.9824229193972122
2014-08-25T19:51:01.18,39.7479,141.8577,60.0,3.8,2019-10-23T03:43:19.5,39.7583,141.8449,57.7,4.3,0.0473740305397719,0.986770041805798
2014-08-25T19:51:01.18,39.7479,141.8577,60.0,3.8,2020-11-26T20:54:28.28,39.7188,142.1233,66.1,3.9,2.2923152861184724,0.9679347487612632
2014-08-26T01:34:50.71,41.7688,143.5918,28.1,3.8,2020-09-16T22:41:29.5,41.7788,143.5339,36.0,3.7,-0.2857237950875292,0.99928954678076
2014-09-02T05:44:14.74,40.8599,142.0169,51.0,3.6,2017-01-01T14:55:06.99,40.9032,142.0374,55.6,3.7,0.5602910966271288,0.9946143455644276
2014-09-02T05:44:14.74,40.8599,142.0169,51.0,3.6,2018-08-29T03:25:50.72,40.8935,142.1536,51.3,3.5,1.3348481237789291,0.9948996717383258
2014-09-02T05:44:14.74,40.8599,142.0169,51.0,3.6,2020-10-03T21:25:04.54,40.8801,142.0388,57.0,3.7,0.0372238836548122,0.9937392566016692
2014-09-26T08:49:45.48,41.5736,142.1003,62.5,4.0,2014-10-29T07:29:51.7,41.5521,142.0963,66.1,3.8,-0.3873626548783199,0.9085908813083644
2014-10-09T05:55:55.19,40.2159,142.4895,26.0,3.8,2016-02-08T10:21:59.56,40.1911,142.5108,18.0,3.9,0.9980467802250956,0.995318781244523
2014-10-09T05:55:55.19,40.2159,142.4895,26.0,3.8,2017-04-08T01:46:07.98,40.2038,142.5934,25.2,4.0,1.3494063770983091,0.9946072975412648
2014-10-09T05:55:55.19,40.2159,142.4895,26.0,3.8,2018-10-07T14:51:31.78,40.2539,142.6949,14.5,4.0,2.60108276315873,0.994137947462258
2014-10-09T05:55:55.19,40.2159,142.4895,26.0,3.8,2020-08-20T00:38:29.24,40.1872,142.3914,41.4,3.8,-1.6611379354355469,0.994265127600854
2014-10-09T16:16:03.1,39.5731,143.6537,11.0,3.8,2014-10-09T16:38:19.35,39.5282,143.8304,11.0,3.8,1.6488100796095502,0.9458267332110676
2014-10-11T05:45:43.2,40.88,143.28,18.0,3.5,2020-11-06T14:45:04.84,40.943,143.282,31.0,3.8,-2.634815883325846,0.9798550081699954
2014-10-27T23:45:21.3,39.64,142.12,48.0,3.6,2017-05-30T16:04:57.59,39.6393,142.1332,45.9,3.5,0.0703449789755509,0.9464292383556014
2014-10-29T07:29:51.7,41.5521,142.0963,66.1,3.8,2017-08-13T03:18:40.82,41.5458,142.0499,63.3,3.5,0.3387848914969406,0.9602021765139548
2014-10-29T07:29:51.7,41.5521,142.0963,66.1,3.8,2020-12-09T07:40:25.54,41.551,142.0899,65.1,3.6,-0.1958940892409914,0.931498326272548
2014-10-29T07:29:51.7,41.5521,142.0963,66.1,3.8,2020-12-29T08:08:50.07,41.5506,142.0644,64.1,3.7,-0.0295278021216214,0.9018750927227894
2014-10-31T06:33:31.4,40.1287,142.4835,33.0,4.8,2018-10-27T11:39:12.5,40.185,142.4262,49.8,4.8,-2.2281108909129816,0.9406756316191416
2014-10-31T15:38:51.26,39.8986,143.3152,10.0,3.8,2015-02-17T01:27:40.05,39.8411,143.3735,6.0,4.3,1.343363306446364,0.9093783903457868
2014-10-31T15:38:51.26,39.8986,143.3152,10.0,3.8,2015-06-01T15:51:34.96,39.8323,143.4342,1.1,4.4,2.239811032745033,0.9293618158150344
2014-10-31T15:38:51.26,39.8986,143.3152,10.0,3.8,2017-02-23T23:54:51.03,39.8651,143.3095,30.7,4.5,-2.752847433723334,0.9595741677498402
2014-11-03T02:20:45.94,39.9706,143.4986,32.2,4.0,2016-05-03T12:06:08.18,39.9573,143.6644,9.5,4.1,4.1974418932629085,0.9185007669403228
2014-11-08T12:09:27.04,38.8164,142.2867,40.8,4.0,2016-12-24T07:04:32.57,38.8069,142.1666,39.0,4.1,-0.5157172754519544,0.96419091096067
2014-11-08T12:09:27.04,38.8164,142.2867,40.8,4.0,2018-06-17T15:43:42.62,38.8022,142.1996,46.5,4.1,-0.7051385617108723,0.9827692327203248
2014-11-08T12:09:27.04,38.8164,142.2867,40.8,4.0,2020-08-27T00:48:42.33,38.8381,142.1809,42.6,4.2,-0.2266274616692823,0.985242865646265
2014-11-13T10:15:31.88,40.3136,142.5273,23.0,3.8,2017-10-18T11:51:33.66,40.2001,142.5141,32.1,3.8,-0.88721065051292,0.9969699872000728
2014-11-13T10:15:31.88,40.3136,142.5273,23.0,3.8,2019-12-30T17:03:37.79,40.3381,142.5111,19.6,3.8,0.1723538134341312,0.990004624448086
2014-11-19T04:32:32.52,38.9022,141.9462,48.9,3.9,2015-05-02T05:59:36.29,38.8732,141.8997,48.1,4.0,-0.5074539925913838,0.9729693048401766
2014-11-19T04:32:32.52,38.9022,141.9462,48.9,3.9,2015-08-14T12:13:16.53,38.9145,142.0782,46.6,3.8,0.5201088797661471,0.9369401771729774
2014-11-19T04:32:32.52,38.9022,141.9462,48.9,3.9,2015-12-15T22:41:36.38,38.9033,141.9771,49.6,3.8,-0.3119912988403978,0.9163854968139264
2014-11-19T04:32:32.52,38.9022,141.9462,48.9,3.9,2016-04-19T05:55:13.08,38.8978,142.1055,46.3,3.9,1.071826139890228,0.9610149341074744
2014-11-19T04:32:32.52,38.9022,141.9462,48.9,3.9,2016-07-31T16:35:03.05,38.8875,141.9726,51.6,3.8,-0.2917929223008773,0.9604979693678878
2014-11-19T04:32:32.52,38.9022,141.9462,48.9,3.9,2016-11-12T15:46:11.45,38.8788,142.0019,49.8,3.5,-0.1036639119988976,0.9126526710343348
2014-11-19T04:32:32.52,38.9022,141.9462,48.9,3.9,2017-08-06T17:55:48.2,38.8687,141.9708,53.1,3.9,0.3083882837937409,0.9654631011014838
2014-11-19T04:32:32.52,38.9022,141.9462,48.9,3.9,2017-12-14T12:12:12.98,38.8917,141.9808,54.3,3.8,-0.1372439246798734,0.9210263056592216
2014-11-19T04:32:32.52,38.9022,141.9462,48.9,3.9,2018-07-02T11:47:04.2,38.8656,142.0237,52.9,3.9,-0.110520327532628,0.9388062872025862
2014-11-19T04:32:32.52,38.9022,141.9462,48.9,3.9,2019-05-06T05:13:25.06,38.8708,142.0552,49.6,3.8,0.8318354816631804,0.9077657176431968
2014-11-19T04:32:32.52,38.9022,141.9462,48.9,3.9,2019-09-27T11:11:01.95,38.8949,141.9515,48.9,4.0,-0.2584738579162985,0.9118361508260576
2014-11-19T04:32:32.52,38.9022,141.9462,48.9,3.9,2020-07-28T10:46:30.15,38.8999,141.9835,52.8,3.9,-0.1532258353136989,0.9608020940534234
2014-12-02T16:57:36.55,40.367,142.0871,52.5,3.6,2015-03-09T18:41:25.26,40.3875,142.0479,48.6,3.8,-0.2195686264786104,0.9467917466865108
2014-12-02T16:57:36.55,40.367,142.0871,52.5,3.6,2015-10-17T16:16:33.8,40.3701,142.1151,52.5,3.9,-0.3402103707007889,0.9889040468763268
2014-12-02T16:57:36.55,40.367,142.0871,52.5,3.6,2016-02-16T05:33:01.99,40.3772,142.0292,49.8,3.8,-0.506713596267018,0.9429897490490632
2014-12-02T16:57:36.55,40.367,142.0871,52.5,3.6,2016-10-01T06:44:58.13,40.3906,142.148,51.0,3.9,0.3505650061452618,0.9829968486657092
2014-12-02T16:57:36.55,40.367,142.0871,52.5,3.6,2017-02-26T11:34:09.63,40.3526,142.1316,53.1,3.8,-0.0915517293515236,0.932719154552106
2014-12-02T16:57:36.55,40.367,142.0871,52.5,3.6,2017-10-29T04:41:43.79,40.3672,142.0631,50.7,3.6,-0.2702982098468823,0.943355279834404
2014-12-02T16:57:36.55,40.367,142.0871,52.5,3.6,2018-05-12T22:22:35.0,40.3662,142.0368,51.6,3.5,-0.4956105229808122,0.9947794749752984
2014-12-02T16:57:36.55,40.367,142.0871,52.5,3.6,2018-06-26T03:00:49.85,40.3716,142.0061,50.3,3.6,-0.8012772407512063,0.9304506701233628
2014-12-02T16:57:36.55,40.367,142.0871,52.5,3.6,2019-02-10T00:54:22.04,40.3749,141.9931,53.3,3.7,-0.8686539264405392,0.9909943930881162
2014-12-02T16:57:36.55,40.367,142.0871,52.5,3.6,2019-06-01T14:04:15.9,40.3712,142.1048,50.7,3.7,-0.3676692019237849,0.9190358660284844
2014-12-02T16:57:36.55,40.367,142.0871,52.5,3.6,2019-12-17T03:21:52.99,40.3807,142.0357,49.9,3.5,-0.425852401087866,0.9391162386924644
2014-12-02T16:57:36.55,40.367,142.0871,52.5,3.6,2020-07-26T16:32:19.44,40.3575,142.0955,53.7,3.8,-0.374679844180674,0.9881427384039742
2014-12-02T16:57:36.55,40.367,142.0871,52.5,3.6,2020-10-18T00:05:55.24,40.3513,141.9848,55.8,3.6,-0.4872830214609245,0.9408585008155476
2014-12-10T08:04:42.13,40.1109,142.4073,35.0,3.9,2017-08-14T11:01:31.55,40.1051,142.3077,47.0,4.0,-0.9094286253555568,0.9393709337813873
2014-12-10T08:04:42.13,40.1109,142.4073,35.0,3.9,2019-06-27T19:29:43.28,40.1277,142.4937,44.1,4.0,-0.0301912962364261,0.9174722834390634
2014-12-12T05:41:43.18,39.913,143.1393,12.0,4.3,2019-03-16T08:00:59.07,39.8941,143.2588,12.0,4.3,0.2490220961770666,0.989134536026952
2014-12-18T15:16:56.83,39.1586,142.8582,42.1,4.1,2016-09-24T03:19:30.53,39.1909,142.7439,29.0,4.0,0.6822275242355468,0.9663093116224836
2014-12-18T15:16:56.83,39.1586,142.8582,42.1,4.1,2018-05-10T04:54:08.46,39.132,142.9069,16.0,3.9,4.118366934703422,0.9824041057927596
2014-12-18T15:16:56.83,39.1586,142.8582,42.1,4.1,2020-12-01T17:11:55.05,39.1489,142.9864,27.7,4.0,2.7612842821121903,0.977817745719872
2014-12-20T10:55:56.91,39.8306,143.4331,19.4,4.8,2015-09-24T10:04:59.78,39.7811,143.3516,26.2,4.8,-1.3595478888121368,0.9653946518962118
2014-12-29T00:14:40.77,40.3362,142.0102,45.0,3.6,2015-12-17T22:58:20.7,40.35,142.18,45.0,3.5,1.3592496150016244,0.973828514356886
2014-12-29T00:14:40.77,40.3362,142.0102,45.0,3.6,2016-12-04T02:59:08.87,40.383,142.2331,44.9,3.6,2.1217638072372216,0.9766940553868932
2015-01-03T21:08:37.2,39.6659,143.6166,11.0,4.1,2019-12-26T19:48:55.56,39.6551,143.6072,11.0,3.9,-0.0919976475173729,0.960087016614699
2015-01-13T17:46:43.53,39.3513,142.084,49.5,4.9,2016-07-19T23:50:21.49,39.3526,142.1295,44.8,4.9,0.7612820533384248,0.9202150584416788
2015-01-29T10:45:18.93,39.6108,142.0683,46.5,3.9,2015-03-23T13:56:48.72,39.6415,142.0922,47.4,4.2,0.5385362438868602,0.9625207306496764
2015-01-29T10:45:18.93,39.6108,142.0683,46.5,3.9,2015-05-09T19:15:44.03,39.6173,142.1756,47.7,3.9,0.5070805988116296,0.984411492060238
2015-01-29T10:45:18.93,39.6108,142.0683,46.5,3.9,2015-09-06T02:00:10.78,39.6328,142.1218,45.3,3.6,-0.2321360770193906,0.9609019119605474
2015-01-29T10:45:18.93,39.6108,142.0683,46.5,3.9,2015-09-28T16:33:55.17,39.5984,142.1289,50.4,3.9,0.3961416240911498,0.9641695183721488
2015-01-29T10:45:18.93,39.6108,142.0683,46.5,3.9,2015-12-31T18:53:18.29,39.629,142.2132,51.4,3.9,0.3534668355040852,0.9523326293547728
2015-01-29T10:45:18.93,39.6108,142.0683,46.5,3.9,2016-04-26T10:21:46.87,39.6199,142.1361,47.3,3.8,0.197953497628167,0.979306166008564
2015-01-29T10:45:18.93,39.6108,142.0683,46.5,3.9,2016-07-03T09:06:01.44,39.6391,142.159,50.0,4.1,0.1592607788689947,0.9713931040675068
2015-01-29T10:45:18.93,39.6108,142.0683,46.5,3.9,2016-09-09T04:47:04.68,39.6328,142.1661,48.1,3.8,0.158533953208629,0.989999246079925
2015-01-29T10:45:18.93,39.6108,142.0683,46.5,3.9,2016-11-29T03:46:36.5,39.6371,142.1238,48.6,3.9,-0.3122443705459667,0.950001858341017
2015-01-29T10:45:18.93,39.6108,142.0683,46.5,3.9,2016-12-20T15:27:27.24,39.6184,142.096,47.9,3.5,-0.3806317426822205,0.9850896100848722
2015-01-29T10:45:18.93,39.6108,142.0683,46.5,3.9,2017-04-05T20:00:13.64,39.611,142.0494,51.1,4.2,-0.0690291384568381,0.9558283801935956
2015-01-29T10:45:18.93,39.6108,142.0683,46.5,3.9,2017-09-13T07:13:41.23,39.6106,142.1044,49.8,4.0,-0.1328402322629988,0.9902765592114332
2015-01-29T10:45:18.93,39.6108,142.0683,46.5,3.9,2018-01-09T04:43:21.69,39.6236,142.1095,53.2,4.3,-0.0526645511302911,0.97293414067193
2015-01-29T10:45:18.93,39.6108,142.0683,46.5,3.9,2018-05-14T22:46:33.01,39.619,142.1095,49.3,3.9,-0.0815092930273966,0.9934423177002768
2015-01-29T10:45:18.93,39.6108,142.0683,46.5,3.9,2018-10-22T23:44:17.78,39.6408,142.1573,47.5,3.5,0.6710647654501022,0.9794629318488216
2015-01-29T10:45:18.93,39.6108,142.0683,46.5,3.9,2018-11-16T02:49:11.8,39.6082,142.1445,51.3,4.2,0.3278015921631935,0.9749088747658126
2015-01-29T10:45:18.93,39.6108,142.0683,46.5,3.9,2019-02-01T03:39:59.76,39.6428,142.138,47.7,3.7,0.1452536272515293,0.9781292645163462
2015-01-29T10:45:18.93,39.6108,142.0683,46.5,3.9,2019-09-04T10:54:41.84,39.605,142.1095,53.7,3.9,-0.3615925767615218,0.9633909860138956
2015-01-29T10:45:18.93,39.6108,142.0683,46.5,3.9,2019-09-07T08:01:45.88,39.6172,142.2201,48.8,4.2,0.3950376382105015,0.9851610789883136
2015-01-29T10:45:18.93,39.6108,142.0683,46.5,3.9,2020-09-03T15:33:35.63,39.6053,142.1558,50.9,3.6,0.4822451188881591,0.9198826869281912
2015-01-29T10:45:18.93,39.6108,142.0683,46.5,3.9,2020-09-09T02:45:26.39,39.6114,142.1588,48.3,3.9,0.5632122215618345,0.967594580898512
2015-01-29T22:18:37.64,39.7467,141.8603,61.9,3.6,2015-06-18T07:36:33.49,39.748,141.8479,61.5,4.0,-1.2418203131901535,0.9449902539664238
2015-01-29T22:18:37.64,39.7467,141.8603,61.9,3.6,2015-10-30T10:32:06.09,39.7488,141.8364,57.8,3.7,-1.2060755898286923,0.9680574706545382
2015-01-29T22:18:37.64,39.7467,141.8603,61.9,3.6,2016-04-15T18:01:04.21,39.7262,141.8222,59.6,4.1,-0.5428018019704535,0.9811960017608276
2015-01-29T22:18:37.64,39.7467,141.8603,61.9,3.6,2016-11-29T01:02:57.17,39.7907,141.8676,60.2,4.1,-0.6964774380097336,0.977802224360556
2015-01-29T22:18:37.64,39.7467,141.8603,61.9,3.6,2017-05-06T08:18:54.37,39.7415,141.9147,59.4,4.1,-0.5863308787112761,0.974254833383788
2015-01-29T22:18:37.64,39.7467,141.8603,61.9,3.6,2017-12-12T03:47:27.11,39.7392,141.8298,60.1,4.0,-0.8519748435320857,0.988786940361568
2015-01-29T22:18:37.64,39.7467,141.8603,61.9,3.6,2018-07-27T06:24:50.23,39.7356,141.8829,65.5,4.2,-1.6091389562088692,0.9684674897929724
2015-01-29T22:18:37.64,39.7467,141.8603,61.9,3.6,2019-02-18T11:41:44.95,39.7387,141.8496,61.4,3.7,-0.7767709956216835,0.9882166874083927
2015-01-29T22:18:37.64,39.7467,141.8603,61.9,3.6,2019-10-23T03:43:19.5,39.7583,141.8449,57.7,4.3,-0.6872489195105012,0.983656494200166
2015-01-29T22:18:37.64,39.7467,141.8603,61.9,3.6,2020-11-26T20:54:28.28,39.7188,142.1233,66.1,3.9,1.558698022376828,0.9848427224509728
2015-02-04T22:37:52.89,39.3971,143.7445,11.0,4.0,2015-06-21T11:33:06.47,39.4315,143.6511,11.0,4.3,-2.0039639582036406,0.9380218662601998
2015-02-05T20:28:42.76,38.6077,141.9812,55.6,4.1,2015-11-18T13:42:32.37,38.5565,142.1536,44.0,4.1,1.699851200666094,0.97560374124258
2015-02-05T20:28:42.76,38.6077,141.9812,55.6,4.1,2016-06-13T18:17:25.85,38.5899,141.961,51.8,3.9,-0.1459143135058562,0.9820981101063988
2015-02-05T20:28:42.76,38.6077,141.9812,55.6,4.1,2016-12-08T04:25:10.3,38.5752,142.022,40.6,4.1,1.677114818789883,0.9763980874161684
2015-02-05T20:28:42.76,38.6077,141.9812,55.6,4.1,2017-07-01T18:53:11.37,38.6039,141.9678,49.1,4.1,0.4780515937642809,0.9838756896461464
2015-02-05T20:28:42.76,38.6077,141.9812,55.6,4.1,2018-02-02T10:44:48.31,38.5609,142.1253,39.0,4.1,1.5469440222993611,0.990590843926981
2015-02-05T20:28:42.76,38.6077,141.9812,55.6,4.1,2018-08-16T10:44:09.3,38.5708,141.9456,49.2,3.9,0.0144596154106512,0.9770368941249444
2015-02-05T20:28:42.76,38.6077,141.9812,55.6,4.1,2019-04-01T12:17:32.96,38.5938,141.9946,50.0,4.0,-0.1261258499091316,0.9862367615255498
2015-02-05T20:28:42.76,38.6077,141.9812,55.6,4.1,2019-10-20T22:53:33.32,38.5649,142.08,43.8,3.9,1.2674016572781432,0.9782384828635434
2015-02-10T19:23:46.57,38.2724,141.9928,42.9,4.2,2018-10-14T00:30:27.73,38.2648,141.8811,47.9,4.2,-0.7802652622347619,0.9170250438916736
2015-02-11T22:10:28.7,39.47,143.97,35.0,3.7,2015-02-12T02:42:37.98,39.4622,143.6174,12.2,4.1,-2.5722900501216346,0.9002347623511509
2015-02-11T22:10:28.7,39.47,143.97,35.0,3.7,2016-05-22T13:11:22.86,39.4533,143.9287,29.0,3.7,-0.1702044225957115,0.9342900971469342
2015-02-13T07:00:27.57,41.5619,141.952,65.2,4.0,2017-05-02T10:29:21.03,41.5405,141.9893,70.3,3.8,0.2182508861915578,0.9941617117722764
2015-02-13T07:00:27.57,41.5619,141.952,65.2,4.0,2019-06-28T09:20:00.31,41.568,141.9277,65.3,3.9,-0.1558283452082431,0.9964617566217018
2015-02-17T00:50:02.01,39.8926,143.3447,10.0,4.6,2018-04-13T03:45:47.96,39.8186,143.3936,6.0,4.8,0.9567686970832088,0.9270696933311848
2015-02-17T01:12:03.52,39.7604,143.3181,6.0,3.5,2015-02-17T01:27:40.05,39.8411,143.3735,6.0,4.3,0.7232383841127543,0.933521686960808
2015-02-17T01:12:03.52,39.7604,143.3181,6.0,3.5,2015-06-01T15:51:34.96,39.8323,143.4342,1.1,4.4,1.6193093058590833,0.957841416153883
2015-02-17T01:27:40.05,39.8411,143.3735,6.0,4.3,2015-06-01T15:51:34.96,39.8323,143.4342,1.1,4.4,0.895292210471496,0.992205368196289
2015-02-17T01:27:40.05,39.8411,143.3735,6.0,4.3,2019-05-25T23:58:50.35,39.8387,143.3483,23.1,4.4,-2.749306791821403,0.9158960337014432
2015-02-17T02:29:50.89,39.6468,143.304,26.9,4.7,2015-05-05T12:55:03.51,39.7557,143.1328,1.1,3.5,1.8086275319187008,0.903736958033746
2015-02-17T02:29:50.89,39.6468,143.304,26.9,4.7,2015-11-10T14:12:44.95,39.5927,143.302,30.1,4.7,-0.0045601996796904,0.903844836141974
2015-02-17T02:45:16.1,39.8862,143.5154,6.0,4.5,2015-08-06T09:33:41.91,39.9171,143.5622,6.0,4.6,0.5416476339955059,0.9058260792770416
2015-02-17T03:23:20.1,39.8285,143.2158,13.5,4.2,2017-11-27T10:20:42.48,39.76,143.1957,10.0,4.0,1.5882068189794527,0.9723547921243416
2015-02-17T23:55:16.89,39.6362,143.2289,6.5,3.7,2015-09-03T19:13:54.1,39.5468,143.4123,11.0,3.6,0.801027883661382,0.973293280415746
2015-02-18T02:50:38.16,39.6424,143.3024,11.0,3.6,2015-08-14T10:36:32.2,39.66,143.34,20.0,3.5,0.1523471371137228,0.917995731522442
2015-02-18T12:07:18.77,39.5634,143.3027,11.0,3.6,2016-03-16T06:02:34.06,39.5049,143.3102,35.0,4.2,-2.439504107463807,0.9117143945905076
2015-02-18T12:07:18.77,39.5634,143.3027,11.0,3.6,2019-06-06T09:44:37.48,39.3719,143.4027,11.0,3.6,1.8997373863855056,0.9774967455154504
2015-02-21T03:56:35.9,39.37,143.87,26.0,3.5,2015-02-21T04:12:56.32,39.3465,143.6013,11.0,4.0,-2.591452674576314,0.937104334039623
2015-02-24T13:02:48.56,39.6304,143.302,11.0,3.6,2015-09-03T22:43:29.15,39.5452,143.3634,6.6,3.8,1.535321744095645,0.9301713317093586
2015-02-26T05:39:04.04,39.8811,143.546,6.0,3.8,2015-08-31T13:55:48.52,39.7741,143.5541,35.0,4.4,-4.62633193281997,0.9549030682374862
2015-02-26T05:39:04.04,39.8811,143.546,6.0,3.8,2020-07-09T02:54:57.83,39.8551,143.3318,6.0,4.5,-2.0977731159998654,0.9586401622504874
2015-03-08T10:35:24.31,39.9054,143.5959,16.4,4.5,2019-10-03T03:55:43.34,39.8503,143.6217,20.4,4.2,-0.6376355725932752,0.9757189596759712
2015-03-09T18:41:25.26,40.3875,142.0479,48.6,3.8,2015-10-17T16:16:33.8,40.3701,142.1151,52.5,3.9,-0.1220444546534224,0.9393059254740016
2015-03-09T18:41:25.26,40.3875,142.0479,48.6,3.8,2015-10-25T17:18:43.26,40.3777,142.0937,52.6,3.9,0.2257726069694546,0.9137407665573126
2015-03-09T18:41:25.26,40.3875,142.0479,48.6,3.8,2016-02-16T05:33:01.99,40.3772,142.0292,49.8,3.8,-0.2883419035714119,0.9842273292203068
2015-03-09T18:41:25.26,40.3875,142.0479,48.6,3.8,2016-10-01T06:44:58.13,40.3906,142.148,51.0,3.9,0.5687855043718788,0.9400756989872888
2015-03-09T18:41:25.26,40.3875,142.0479,48.6,3.8,2017-02-26T11:34:09.63,40.3526,142.1316,53.1,3.8,0.1259776398347984,0.9820687088331116
2015-03-09T18:41:25.26,40.3875,142.0479,48.6,3.8,2017-04-01T15:40:45.25,40.385,142.0448,50.4,3.7,-0.1618264204733296,0.9087405546012994
2015-03-09T18:41:25.26,40.3875,142.0479,48.6,3.8,2017-10-29T04:41:43.79,40.3672,142.0631,50.7,3.6,-0.0498459246014006,0.990516360123297
2015-03-09T18:41:25.26,40.3875,142.0479,48.6,3.8,2018-05-12T22:22:35.0,40.3662,142.0368,51.6,3.5,-0.2760632989536744,0.9474716209621978
2015-03-09T18:41:25.26,40.3875,142.0479,48.6,3.8,2018-06-26T03:00:49.85,40.3716,142.0061,50.3,3.6,-0.5844294851125678,0.9732096835226772
2015-03-09T18:41:25.26,40.3875,142.0479,48.6,3.8,2018-07-19T20:07:40.71,40.3627,142.0637,53.1,3.8,0.0878214161845756,0.9182757211044223
2015-03-09T18:41:25.26,40.3875,142.0479,48.6,3.8,2019-02-10T00:54:22.04,40.3749,141.9931,53.3,3.7,-0.6493807290525955,0.9372769417426234
2015-03-09T18:41:25.26,40.3875,142.0479,48.6,3.8,2019-06-01T14:04:15.9,40.3712,142.1048,50.7,3.7,-0.1493772873708292,0.981674385908088
2015-03-09T18:41:25.26,40.3875,142.0479,48.6,3.8,2019-12-17T03:21:52.99,40.3807,142.0357,49.9,3.5,-0.2050309906985064,0.989567890662816
2015-03-09T18:41:25.26,40.3875,142.0479,48.6,3.8,2020-07-26T16:32:19.44,40.3575,142.0955,53.7,3.8,-0.1564426227071111,0.931066210732904
2015-03-09T18:41:25.26,40.3875,142.0479,48.6,3.8,2020-10-18T00:05:55.24,40.3513,141.9848,55.8,3.6,-0.269696992801692,0.9819453520091752
2015-03-18T21:08:43.73,39.811,143.8364,10.0,3.9,2017-02-26T05:39:04.21,39.9009,143.6663,35.0,3.8,-4.499076758597168,0.971178881755871
2015-03-19T01:33:54.21,38.4888,141.9534,56.2,4.8,2016-05-04T16:10:19.95,38.5338,141.8718,47.1,4.7,0.4787049342510941,0.9853963105903688
2015-03-19T01:33:54.21,38.4888,141.9534,56.2,4.8,2017-02-06T02:27:28.33,38.5089,141.8324,58.5,4.4,-0.6497517809891049,0.911771061376928
2015-03-19T01:33:54.21,38.4888,141.9534,56.2,4.8,2018-05-12T16:49:37.14,38.5169,141.9269,51.0,4.7,0.4589666778177977,0.9794276473284754
2015-03-19T01:33:54.21,38.4888,141.9534,56.2,4.8,2019-12-26T09:26:39.15,38.5526,141.7915,60.0,4.7,-1.1513350566781386,0.9231745477540262
2015-03-22T19:35:27.22,39.822,143.3206,15.9,3.6,2019-07-18T16:28:02.99,39.8538,143.3231,35.0,3.6,-2.5848257843259392,0.9916842125613032
2015-03-23T13:56:48.72,39.6415,142.0922,47.4,4.2,2015-05-09T19:15:44.03,39.6173,142.1756,47.7,3.9,-0.0309953988685806,0.9712147997456644
2015-03-23T13:56:48.72,39.6415,142.0922,47.4,4.2,2015-09-06T02:00:10.78,39.6328,142.1218,45.3,3.6,-0.7684616828495575,0.913795852516301
2015-03-23T13:56:48.72,39.6415,142.0922,47.4,4.2,2015-09-28T16:33:55.17,39.5984,142.1289,50.4,3.9,-0.1419067600896552,0.9858111049030815
2015-03-23T13:56:48.72,39.6415,142.0922,47.4,4.2,2015-12-31T18:53:18.29,39.629,142.2132,51.4,3.9,-0.1860675595697932,0.9805068500502946
2015-03-23T13:56:48.72,39.6415,142.0922,47.4,4.2,2016-04-26T10:21:46.87,39.6199,142.1361,47.3,3.8,-0.3399302070281559,0.9668042062117862
2015-03-23T13:56:48.72,39.6415,142.0922,47.4,4.2,2016-07-03T09:06:01.44,39.6391,142.159,50.0,4.1,-0.3786250115067949,0.9805186412829546
2015-03-23T13:56:48.72,39.6415,142.0922,47.4,4.2,2016-09-09T04:47:04.68,39.6328,142.1661,48.1,3.8,-0.3790495964175369,0.9534054940442312
2015-03-23T13:56:48.72,39.6415,142.0922,47.4,4.2,2016-11-29T03:46:36.5,39.6371,142.1238,48.6,3.9,-0.8519046820631926,0.9718498816323728
2015-03-23T13:56:48.72,39.6415,142.0922,47.4,4.2,2016-12-20T15:27:27.24,39.6184,142.096,47.9,3.5,-0.9185671378384812,0.9523864064145904
2015-03-23T13:56:48.72,39.6415,142.0922,47.4,4.2,2017-04-05T20:00:13.64,39.611,142.0494,51.1,4.2,-0.608208659434123,0.9939872067472064
2015-03-23T13:56:48.72,39.6415,142.0922,47.4,4.2,2017-09-13T07:13:41.23,39.6106,142.1044,49.8,4.0,-0.6703122882234197,0.9591300838528638
2015-03-23T13:56:48.72,39.6415,142.0922,47.4,4.2,2018-01-09T04:43:21.69,39.6236,142.1095,53.2,4.3,-0.5911330532523299,0.9848748760545734
2015-03-23T13:56:48.72,39.6415,142.0922,47.4,4.2,2018-05-14T22:46:33.01,39.619,142.1095,49.3,3.9,-0.6200525606406433,0.9613233370347222
2015-03-23T13:56:48.72,39.6415,142.0922,47.4,4.2,2018-10-22T23:44:17.78,39.6408,142.1573,47.5,3.5,0.1328429888389379,0.9470239067980828
2015-03-23T13:56:48.72,39.6415,142.0922,47.4,4.2,2018-11-16T02:49:11.8,39.6082,142.1445,51.3,4.2,-0.211509661533423,0.9807594770261624
2015-03-23T13:56:48.72,39.6415,142.0922,47.4,4.2,2019-02-01T03:39:59.76,39.6428,142.138,47.7,3.7,-0.3917812757155817,0.941936355913409
2015-03-23T13:56:48.72,39.6415,142.0922,47.4,4.2,2019-09-04T10:54:41.84,39.605,142.1095,53.7,3.9,-0.901115210816564,0.952088249560306
2015-03-23T13:56:48.72,39.6415,142.0922,47.4,4.2,2019-09-07T08:01:45.88,39.6172,142.2201,48.8,4.2,-0.1437390831950389,0.974305054109302
2015-03-23T13:56:48.72,39.6415,142.0922,47.4,4.2,2020-09-03T15:33:35.63,39.6053,142.1558,50.9,3.6,-0.0571604913140511,0.9589874347150338
2015-03-23T13:56:48.72,39.6415,142.0922,47.4,4.2,2020-09-09T02:45:26.39,39.6114,142.1588,48.3,3.9,0.0255090930743749,0.990665766058494
2015-03-26T17:28:26.71,38.1334,141.7882,44.5,3.9,2016-03-13T08:44:10.19,38.1587,141.7287,47.7,3.8,-0.5006948079199479,0.930709633955752
2015-03-26T17:28:26.71,38.1334,141.7882,44.5,3.9,2017-07-28T22:25:11.01,38.1491,141.7745,45.4,4.2,0.5285399975136783,0.911922356062305
2015-03-26T17:28:26.71,38.1334,141.7882,44.5,3.9,2019-04-07T18:00:03.03,38.1289,141.7481,47.7,4.0,0.5033591494184727,0.9135613794655963
2015-03-27T03:21:31.6,39.9554,143.6185,23.8,4.3,2016-05-03T12:06:08.18,39.9573,143.6644,9.5,4.1,2.139404353065823,0.9625337236840776
2015-03-27T03:21:31.6,39.9554,143.6185,23.8,4.3,2017-05-21T05:05:33.09,39.9074,143.7425,17.1,4.3,1.52277666545843,0.984895757053595
2015-04-04T14:59:03.75,40.2096,142.3233,43.7,3.8,2015-04-13T08:23:56.49,40.1949,142.3284,50.6,4.2,-0.4240834815298118,0.9145639779237956
2015-04-06T15:48:03.38,39.7675,141.9172,60.6,3.6,2016-03-06T23:02:58.92,39.7608,141.9049,59.9,3.7,-0.1864236766362427,0.9214103767425502
2015-04-06T15:48:03.38,39.7675,141.9172,60.6,3.6,2016-12-29T12:46:51.63,39.7577,141.8853,58.9,3.6,-0.248721103396922,0.9220017491911066
2015-04-06T15:48:03.38,39.7675,141.9172,60.6,3.6,2017-07-05T21:40:16.04,39.7374,141.8889,64.8,3.5,0.7780884698931887,0.9456197424408213
2015-04-06T15:48:03.38,39.7675,141.9172,60.6,3.6,2017-12-16T18:50:16.25,39.7454,141.8577,58.8,3.6,0.1975112314282651,0.9537704546025296
2015-04-06T15:48:03.38,39.7675,141.9172,60.6,3.6,2018-10-15T18:52:11.05,39.7598,141.8232,56.7,3.5,-0.1858454646465939,0.9476831280377124
2015-04-06T15:48:03.38,39.7675,141.9172,60.6,3.6,2020-01-21T19:34:31.95,39.7627,141.8302,57.2,3.7,-1.899436644103858e-05,0.9414635936076918
2015-04-09T09:29:58.85,41.5483,142.0781,64.6,3.7,2017-01-17T15:28:24.78,41.5442,142.106,66.5,3.8,-0.3432804981492844,0.9933639093429436
2015-04-09T09:29:58.85,41.5483,142.0781,64.6,3.7,2017-05-05T10:51:59.31,41.5174,142.1351,64.8,3.8,-0.0402727219989777,0.9171694712601706
2015-04-09T09:29:58.85,41.5483,142.0781,64.6,3.7,2018-08-23T20:52:45.12,41.5504,142.0818,61.0,3.5,-0.06452899820971,0.9249036372811538
2015-04-11T21:42:58.89,40.3456,142.2232,50.6,3.7,2015-04-30T07:33:40.09,40.3383,142.1575,50.9,3.6,-0.1487710035940166,0.9253341834139626
2015-04-11T21:42:58.89,40.3456,142.2232,50.6,3.7,2016-07-20T07:17:36.68,40.3521,142.2627,53.0,4.4,0.1518721450714625,0.9732806182492616
2015-04-11T21:42:58.89,40.3456,142.2232,50.6,3.7,2016-07-20T14:57:03.35,40.3708,142.2653,40.8,3.8,0.228562989494628,0.9138258156675074
2015-04-11T21:42:58.89,40.3456,142.2232,50.6,3.7,2018-08-19T11:32:35.07,40.3689,142.1598,45.7,3.5,-0.3284188096129957,0.9099023500008346
2015-04-11T21:42:58.89,40.3456,142.2232,50.6,3.7,2018-08-24T21:30:28.05,40.4004,142.2845,51.9,4.5,0.01974998930069,0.9673214638225084
2015-04-16T07:38:50.59,36.6437,140.9733,52.4,4.0,2016-07-19T07:27:57.09,36.635,140.9634,50.7,4.3,0.0543707948172465,0.9074483231017136
2015-04-18T03:16:18.71,39.7174,143.3725,27.0,3.9,2019-05-11T19:56:16.39,39.6726,143.4336,11.0,4.1,2.738116597386969,0.9507839925507516
2015-04-26T14:42:17.9,40.29,142.29,38.0,3.7,2016-05-27T13:29:45.32,40.2933,142.2917,37.8,3.7,-0.003520789946602,0.9884632374602036
2015-04-26T14:42:17.9,40.29,142.29,38.0,3.7,2017-06-18T11:10:46.85,40.2684,142.2364,30.6,3.6,0.5018062398892037,0.99297741863316
2015-04-26T14:42:17.9,40.29,142.29,38.0,3.7,2018-08-03T01:30:41.99,40.2935,142.2867,37.9,3.6,-0.0368802532310731,0.990923495385732
2015-04-26T14:42:17.9,40.29,142.29,38.0,3.7,2019-06-22T05:15:01.78,40.2955,142.2958,37.6,3.6,0.0212629441445939,0.9926729306797736
2015-04-26T14:42:17.9,40.29,142.29,38.0,3.7,2020-12-10T15:08:46.58,40.2867,142.2447,44.1,3.5,-0.1858152260229703,0.9835895044455746
2015-04-30T07:33:40.09,40.3383,142.1575,50.9,3.6,2016-07-20T07:17:36.68,40.3521,142.2627,53.0,4.4,0.3023886859310694,0.983313761710758
2015-04-30T07:33:40.09,40.3383,142.1575,50.9,3.6,2017-10-21T00:19:30.79,40.3775,142.2752,39.6,3.5,0.4038610426529834,0.9778588268214096
2015-04-30T07:33:40.09,40.3383,142.1575,50.9,3.6,2018-08-24T21:30:28.05,40.4004,142.2845,51.9,4.5,0.1725510572748425,0.9812901251002082
2015-05-01T06:34:41.45,39.0501,142.2038,43.6,3.8,2015-10-22T00:51:50.79,39.0642,142.2358,43.5,3.9,0.5340391202854822,0.9668003417877946
2015-05-01T06:34:41.45,39.0501,142.2038,43.6,3.8,2016-08-04T12:01:16.08,39.0857,142.2882,42.3,3.9,0.5643988966743111,0.9715120928812808
2015-05-01T06:34:41.45,39.0501,142.2038,43.6,3.8,2017-07-16T10:23:01.17,39.0864,142.2035,45.3,3.9,0.0171401865374377,0.9830319657607758
2015-05-01T06:34:41.45,39.0501,142.2038,43.6,3.8,2018-05-27T03:22:15.63,39.0906,142.2065,51.0,3.8,-0.5914063439833493,0.982073120555516
2015-05-01T06:34:41.45,39.0501,142.2038,43.6,3.8,2019-05-16T16:04:43.87,39.0514,142.3237,45.3,3.9,0.3956205660391251,0.9831858747102016
2015-05-02T05:59:36.29,38.8732,141.8997,48.1,4.0,2015-08-14T12:13:16.53,38.9145,142.0782,46.6,3.8,1.0268060176778724,0.9580674780930766
2015-05-02T05:59:36.29,38.8732,141.8997,48.1,4.0,2015-12-15T22:41:36.38,38.9033,141.9771,49.6,3.8,0.1948094489151487,0.9437007741683994
2015-05-02T05:59:36.29,38.8732,141.8997,48.1,4.0,2016-04-19T05:55:13.08,38.8978,142.1055,46.3,3.9,1.578862844067245,0.9861106876492028
2015-05-02T05:59:36.29,38.8732,141.8997,48.1,4.0,2016-07-31T16:35:03.05,38.8875,141.9726,51.6,3.8,0.2151084223103453,0.9826707069176458
2015-05-02T05:59:36.29,38.8732,141.8997,48.1,4.0,2016-11-12T15:46:11.45,38.8788,142.0019,49.8,3.5,0.4038423946263118,0.926206749963844
2015-05-02T05:59:36.29,38.8732,141.8997,48.1,4.0,2017-08-06T17:55:48.2,38.8687,141.9708,53.1,3.9,0.8151592194355092,0.987852753726005
2015-05-02T05:59:36.29,38.8732,141.8997,48.1,4.0,2017-12-14T12:12:12.98,38.8917,141.9808,54.3,3.8,0.3701933321115698,0.9477510086742248
2015-05-02T05:59:36.29,38.8732,141.8997,48.1,4.0,2018-07-02T11:47:04.2,38.8656,142.0237,52.9,3.9,0.3970816749779965,0.9616150382087658
2015-05-02T05:59:36.29,38.8732,141.8997,48.1,4.0,2018-11-26T13:04:01.92,38.8991,141.9159,49.2,3.9,-0.3408121920701668,0.9170652126520769
2015-05-02T05:59:36.29,38.8732,141.8997,48.1,4.0,2019-05-06T05:13:25.06,38.8708,142.0552,49.6,3.8,1.3408326347110324,0.9332706500422734
2015-05-02T05:59:36.29,38.8732,141.8997,48.1,4.0,2019-09-27T11:11:01.95,38.8949,141.9515,48.9,4.0,0.2491401343212205,0.9438149006795868
2015-05-02T05:59:36.29,38.8732,141.8997,48.1,4.0,2020-07-28T10:46:30.15,38.8999,141.9835,52.8,3.9,0.3536007178459126,0.9784722556605034
2015-05-03T09:58:22.53,38.6151,142.0094,46.4,3.6,2016-07-08T04:03:37.17,38.6387,141.9384,46.0,3.5,-1.084909998999518,0.904648452099592
2015-05-03T09:58:22.53,38.6151,142.0094,46.4,3.6,2017-05-12T04:35:17.81,38.6362,141.9067,48.1,3.5,-1.3739059115761418,0.936405264727899
2015-05-03T09:58:22.53,38.6151,142.0094,46.4,3.6,2019-06-03T07:45:15.93,38.638,141.9042,47.0,3.6,-1.4990269254685558,0.9543708070166173
2015-05-09T19:15:44.03,39.6173,142.1756,47.7,3.9,2015-09-06T02:00:10.78,39.6328,142.1218,45.3,3.6,-0.7384713097265143,0.934388750073074
2015-05-09T19:15:44.03,39.6173,142.1756,47.7,3.9,2015-09-28T16:33:55.17,39.5984,142.1289,50.4,3.9,-0.1104629411547036,0.9707463626360144
2015-05-09T19:15:44.03,39.6173,142.1756,47.7,3.9,2015-12-31T18:53:18.29,39.629,142.2132,51.4,3.9,-0.15507888165447,0.957665887062527
2015-05-09T19:15:44.03,39.6173,142.1756,47.7,3.9,2016-04-26T10:21:46.87,39.6199,142.1361,47.3,3.8,-0.3080770259513082,0.9884554301233752
2015-05-09T19:15:44.03,39.6173,142.1756,47.7,3.9,2016-07-03T09:06:01.44,39.6391,142.159,50.0,4.1,-0.3475796834375625,0.9610080816036743
2015-05-09T19:15:44.03,39.6173,142.1756,47.7,3.9,2016-09-09T04:47:04.68,39.6328,142.1661,48.1,3.8,-0.3482028417571181,0.980454784793176
2015-05-09T19:15:44.03,39.6173,142.1756,47.7,3.9,2016-11-29T03:46:36.5,39.6371,142.1238,48.6,3.9,-0.8206374659500104,0.9487953161401712
2015-05-09T19:15:44.03,39.6173,142.1756,47.7,3.9,2016-12-20T15:27:27.24,39.6184,142.096,47.9,3.5,-0.8881780875571608,0.9731756963527256
2015-05-09T19:15:44.03,39.6173,142.1756,47.7,3.9,2017-04-05T20:00:13.64,39.611,142.0494,51.1,4.2,-0.576730648268597,0.9704888058208766
2015-05-09T19:15:44.03,39.6173,142.1756,47.7,3.9,2017-09-13T07:13:41.23,39.6106,142.1044,49.8,4.0,-0.6398244088402448,0.9822665297482336
2015-05-09T19:15:44.03,39.6173,142.1756,47.7,3.9,2018-01-09T04:43:21.69,39.6236,142.1095,53.2,4.3,-0.5599344643588353,0.9656179831072595
2015-05-09T19:15:44.03,39.6173,142.1756,47.7,3.9,2018-05-14T22:46:33.01,39.619,142.1095,49.3,3.9,-0.5884198060320943,0.983087450380718
2015-05-09T19:15:44.03,39.6173,142.1756,47.7,3.9,2018-10-22T23:44:17.78,39.6408,142.1573,47.5,3.5,0.1633163053582046,0.9729716064468188
2015-05-09T19:15:44.03,39.6173,142.1756,47.7,3.9,2018-11-16T02:49:11.8,39.6082,142.1445,51.3,4.2,-0.1793438203751763,0.9626325654538396
2015-05-09T19:15:44.03,39.6173,142.1756,47.7,3.9,2019-02-01T03:39:59.76,39.6428,142.138,47.7,3.7,-0.3611581809133882,0.9586296950709172
2015-05-09T19:15:44.03,39.6173,142.1756,47.7,3.9,2019-09-04T10:54:41.84,39.605,142.1095,53.7,3.9,-0.8685079092596621,0.933581188006177
2015-05-09T19:15:44.03,39.6173,142.1756,47.7,3.9,2019-09-07T08:01:45.88,39.6172,142.2201,48.8,4.2,-0.1119665217175639,0.9974505737219056
2015-05-09T19:15:44.03,39.6173,142.1756,47.7,3.9,2020-09-03T15:33:35.63,39.6053,142.1558,50.9,3.6,-0.0266237672025309,0.929852760124403
2015-05-09T19:15:44.03,39.6173,142.1756,47.7,3.9,2020-09-09T02:45:26.39,39.6114,142.1588,48.3,3.9,0.0562782022735607,0.965184518629144
2015-05-15T03:30:34.14,37.0554,141.2792,40.6,5.0,2017-02-26T15:03:33.71,37.1163,141.1537,53.3,4.8,-1.9774600025381392,0.9293319870767064
2015-05-15T03:30:34.14,37.0554,141.2792,40.6,5.0,2018-11-23T14:30:14.57,37.1016,141.1838,52.4,4.8,-2.125531680370898,0.9055890295342164
2015-05-19T17:17:39.52,38.8762,142.0788,50.5,4.0,2015-12-12T21:05:51.61,38.8977,142.0347,48.3,4.0,-0.1468953528555008,0.9803318415997804
2015-05-19T17:17:39.52,38.8762,142.0788,50.5,4.0,2016-04-24T21:51:22.54,38.8291,142.1441,45.2,3.8,1.1700257777091585,0.9715748812027972
2015-05-19T17:17:39.52,38.8762,142.0788,50.5,4.0,2016-08-13T08:49:41.24,38.8588,142.1239,49.1,4.2,0.145512309350429,0.9777579288015156
2015-05-19T17:17:39.52,38.8762,142.0788,50.5,4.0,2016-12-30T08:33:10.0,38.8661,141.9908,45.5,4.0,-0.212812190314214,0.9484768688429476
2015-05-19T17:17:39.52,38.8762,142.0788,50.5,4.0,2017-04-25T18:01:33.67,38.8642,142.1573,51.0,3.6,-0.0340446796030946,0.9159659016258812
2015-05-19T17:17:39.52,38.8762,142.0788,50.5,4.0,2017-08-07T22:35:14.81,38.8689,141.9697,51.6,4.1,-0.3427595191885474,0.9680351005985156
2015-05-19T17:17:39.52,38.8762,142.0788,50.5,4.0,2018-01-07T02:23:11.64,38.8522,142.0152,49.7,3.9,-0.476317035197095,0.9129171435518876
2015-05-19T17:17:39.52,38.8762,142.0788,50.5,4.0,2018-07-14T09:13:51.33,38.8582,142.0765,48.0,4.2,0.0895152930376139,0.981078287916271
2015-05-19T17:17:39.52,38.8762,142.0788,50.5,4.0,2019-03-06T18:43:45.28,38.822,142.0917,46.3,3.9,0.6498056595150623,0.9386522000435652
2015-05-19T17:17:39.52,38.8762,142.0788,50.5,4.0,2019-08-23T16:39:30.56,38.8799,142.2948,28.1,3.9,3.677902589635358,0.9607152438346344
2015-05-19T17:17:39.52,38.8762,142.0788,50.5,4.0,2020-07-11T13:11:54.05,38.8783,142.0117,55.9,3.9,-1.027554786994753,0.9772215788918518
2015-05-25T22:09:05.16,41.55,142.0539,64.1,3.5,2017-02-07T13:03:18.58,41.5411,142.1004,62.2,3.7,0.3848314178360421,0.9950699361623874
2015-05-25T22:09:05.16,41.55,142.0539,64.1,3.5,2019-10-09T15:52:43.42,41.5627,142.0603,63.0,3.8,-0.3371639829802304,0.9943035168628944
2015-05-29T13:24:02.1,39.9449,143.1901,27.2,4.3,2017-03-07T19:51:53.98,39.8433,143.1754,27.5,4.7,0.7858047778884388,0.9234259056025724
2015-05-29T13:24:02.1,39.9449,143.1901,27.2,4.3,2018-09-20T08:08:08.01,39.9567,143.1324,12.0,4.3,1.87879048987301,0.99240092824465
2015-06-01T15:51:34.96,39.8323,143.4342,1.1,4.4,2017-02-23T23:54:51.03,39.8651,143.3095,30.7,4.5,-4.986634036787148,0.9247158992386616
2015-06-01T15:51:34.96,39.8323,143.4342,1.1,4.4,2019-05-25T23:58:50.35,39.8387,143.3483,23.1,4.4,-3.6432901253726304,0.905692778554177
2015-06-04T05:36:36.13,41.4801,141.981,62.9,3.6,2019-07-22T05:40:48.43,41.4655,141.9863,62.6,3.5,-0.0556397232422342,0.9988537852277148
2015-06-09T11:08:47.43,41.4531,142.0615,66.0,3.9,2015-06-26T10:38:01.48,41.4848,142.1043,61.8,4.4,0.718364596071478,0.902743812705218
2015-06-09T11:08:47.43,41.4531,142.0615,66.0,3.9,2019-03-30T23:20:34.66,41.4624,142.0132,62.6,3.6,0.1215502284890881,0.9981420435364236
2015-06-09T11:08:47.43,41.4531,142.0615,66.0,3.9,2019-08-24T18:51:01.96,41.4625,142.1309,57.0,4.4,1.724791456229261,0.932576047701264
2015-06-10T12:36:10.79,39.5362,143.7019,11.0,4.2,2019-08-12T17:14:45.27,39.5911,143.5683,11.0,4.0,-1.9225281857426384,0.9691041419010552
2015-06-18T07:36:33.49,39.748,141.8479,61.5,4.0,2015-10-30T10:32:06.09,39.7488,141.8364,57.8,3.7,0.0306647913675443,0.9441538139104588
2015-06-18T07:36:33.49,39.748,141.8479,61.5,4.0,2016-04-15T18:01:04.21,39.7262,141.8222,59.6,4.1,0.6997200021452901,0.9769393751862292
2015-06-18T07:36:33.49,39.748,141.8479,61.5,4.0,2016-11-29T01:02:57.17,39.7907,141.8676,60.2,4.1,0.54045705047759,0.953834374461782
2015-06-18T07:36:33.49,39.748,141.8479,61.5,4.0,2017-05-06T08:18:54.37,39.7415,141.9147,59.4,4.1,0.6563396608105121,0.9663775742431522
2015-06-18T07:36:33.49,39.748,141.8479,61.5,4.0,2017-12-12T03:47:27.11,39.7392,141.8298,60.1,4.0,0.3889164730502498,0.9615374610020734
2015-06-18T07:36:33.49,39.748,141.8479,61.5,4.0,2018-07-27T06:24:50.23,39.7356,141.8829,65.5,4.2,-0.37002596575064,0.9869311703790083
2015-06-18T07:36:33.49,39.748,141.8479,61.5,4.0,2019-02-18T11:41:44.95,39.7387,141.8496,61.4,3.7,0.4611531379416611,0.9332062389930054
2015-06-18T07:36:33.49,39.748,141.8479,61.5,4.0,2019-10-23T03:43:19.5,39.7583,141.8449,57.7,4.3,0.5541000381520576,0.9780735886644096
2015-06-18T07:36:33.49,39.748,141.8479,61.5,4.0,2020-11-26T20:54:28.28,39.7188,142.1233,66.1,3.9,2.799860003330338,0.9433138666903942
2015-06-21T01:57:49.4,36.7053,142.359,10.0,4.4,2019-03-13T04:45:05.98,36.7824,142.2695,35.0,4.2,-4.904758362539518,0.9807312714231592
2015-06-23T11:06:48.93,38.7264,142.4483,30.0,4.0,2020-09-11T02:13:17.59,38.7034,142.58,22.1,4.3,1.723076084538954,0.9300136700296024
2015-06-26T10:38:01.48,41.4848,142.1043,61.8,4.4,2019-03-30T23:20:34.66,41.4624,142.0132,62.6,3.6,-0.5968049993907257,0.9018979327667446
2015-06-26T10:38:01.48,41.4848,142.1043,61.8,4.4,2019-08-24T18:51:01.96,41.4625,142.1309,57.0,4.4,1.0044526134780123,0.9709672879850462
2015-07-04T04:45:44.8,39.76,143.5,30.0,3.5,2016-12-25T22:52:59.53,39.8359,143.3617,6.0,4.1,0.3339273832542522,0.9777780869258372
2015-07-04T04:45:44.8,39.76,143.5,30.0,3.5,2019-04-19T00:38:07.52,39.7099,143.5191,24.2,4.1,-0.6669228329958741,0.9883653691093804
2015-07-05T10:41:54.23,38.7518,142.2411,41.0,4.5,2020-09-30T13:58:44.86,38.757,142.2535,52.4,4.8,-1.5781115594138286,0.998052523656154
2015-07-17T22:54:06.87,40.3366,142.6761,5.2,3.8,2016-11-17T06:50:04.99,40.2919,142.5925,3.1,3.9,-0.9487452780304322,0.9699671848351844
2015-07-17T22:54:06.87,40.3366,142.6761,5.2,3.8,2017-10-26T12:50:58.86,40.2501,142.479,26.0,3.8,-4.064538314260503,0.9916842554740922
2015-07-17T22:54:06.87,40.3366,142.6761,5.2,3.8,2020-01-17T20:21:31.31,40.3207,142.5303,26.0,3.9,-4.078964514409327,0.9947105168097454
2015-07-24T08:39:01.84,39.0886,142.1091,43.4,3.7,2018-08-12T23:26:20.36,39.1066,142.2233,29.5,3.5,2.017985217290239,0.9554275084521882
2015-07-31T02:04:10.23,39.9974,142.4976,47.1,4.0,2017-12-10T13:23:44.49,39.9658,142.4285,24.8,3.8,1.805340360213016,0.991743897537872
2015-07-31T02:04:10.23,39.9974,142.4976,47.1,4.0,2019-12-12T08:43:58.35,39.9787,142.3707,31.8,3.7,0.7690828767077029,0.9883400399343264
2015-08-05T02:34:37.97,38.8839,141.9625,51.2,3.5,2016-07-12T03:01:22.18,38.8704,142.0281,49.2,3.5,0.3239572675046669,0.9140701191742304
2015-08-05T02:34:37.97,38.8839,141.9625,51.2,3.5,2017-07-31T04:20:12.58,38.8873,142.0092,50.1,3.8,-0.126657820414101,0.900982790897722
2015-08-05T11:56:09.56,37.4757,141.5204,52.5,5.0,2018-10-22T10:47:18.2,37.5313,141.4648,50.0,4.9,0.0372356351419272,0.9090579095647487
2015-08-06T09:33:41.91,39.9171,143.5622,6.0,4.6,2019-02-01T19:00:08.47,39.8586,143.6018,6.0,3.9,0.0468310891119412,0.9338299967614632
2015-08-14T12:13:16.53,38.9145,142.0782,46.6,3.8,2015-12-15T22:41:36.38,38.9033,141.9771,49.6,3.8,-0.8330000259383588,0.9098884648973952
2015-08-14T12:13:16.53,38.9145,142.0782,46.6,3.8,2016-04-19T05:55:13.08,38.8978,142.1055,46.3,3.9,0.5517548677925529,0.95329042972523
2015-08-14T12:13:16.53,38.9145,142.0782,46.6,3.8,2016-07-31T16:35:03.05,38.8875,141.9726,51.6,3.8,-0.8117837073083948,0.9610907537831648
2015-08-14T12:13:16.53,38.9145,142.0782,46.6,3.8,2017-08-06T17:55:48.2,38.8687,141.9708,53.1,3.9,-0.2123971545388731,0.9641199851906144
2015-08-14T12:13:16.53,38.9145,142.0782,46.6,3.8,2017-12-14T12:12:12.98,38.8917,141.9808,54.3,3.8,-0.6551615981063738,0.9396543150826718
2015-08-14T12:13:16.53,38.9145,142.0782,46.6,3.8,2018-07-02T11:47:04.2,38.8656,142.0237,52.9,3.9,-0.6281900162753621,0.9378554696899828
2015-08-14T12:13:16.53,38.9145,142.0782,46.6,3.8,2018-11-26T13:04:01.92,38.8991,141.9159,49.2,3.9,-1.3633420257299047,0.9004436946004242
2015-08-14T12:13:16.53,38.9145,142.0782,46.6,3.8,2019-05-06T05:13:25.06,38.8708,142.0552,49.6,3.8,0.3135757516545203,0.9009972645596296
2015-08-14T12:13:16.53,38.9145,142.0782,46.6,3.8,2019-09-27T11:11:01.95,38.8949,141.9515,48.9,4.0,-0.7762956149279426,0.9165939697289268
2015-08-14T12:13:16.53,38.9145,142.0782,46.6,3.8,2020-07-28T10:46:30.15,38.8999,141.9835,52.8,3.9,-0.6732161005994155,0.9507466828412016
2015-08-15T23:44:19.58,37.4799,141.6645,47.1,4.4,2017-08-24T17:18:53.27,37.492,141.6957,45.1,4.5,0.307326626411718,0.9958591998893218
2015-08-21T14:55:09.47,38.9142,142.0314,49.6,3.7,2016-08-13T08:49:41.24,38.8588,142.1239,49.1,4.2,0.125535198006243,0.9000724966698247
2015-08-21T14:55:09.47,38.9142,142.0314,49.6,3.7,2018-07-14T09:13:51.33,38.8582,142.0765,48.0,4.2,0.0687941318708803,0.9043831810870178
2015-08-24T18:24:37.6,38.7426,142.1893,47.0,4.6,2017-06-25T20:16:39.45,38.7067,142.1487,51.0,4.3,-0.4273858380314655,0.9215869115701664
2015-08-31T13:55:48.52,39.7741,143.5541,35.0,4.4,2020-07-09T02:54:57.83,39.8551,143.3318,6.0,4.5,2.52931677994142,0.9937270793492594
2015-09-04T11:52:29.3,39.6,143.36,20.0,3.7,2015-09-04T13:42:04.31,39.6052,143.2302,18.0,3.6,-0.3182595707252825,0.9325345808087374
2015-09-05T03:13:13.36,38.5108,141.916,48.6,4.5,2018-01-30T00:25:57.78,38.4817,141.9589,50.0,4.5,0.1486832854664521,0.9905324950249796
2015-09-06T02:00:10.78,39.6328,142.1218,45.3,3.6,2015-09-28T16:33:55.17,39.5984,142.1289,50.4,3.9,0.624142747654288,0.9354637532666608
2015-09-06T02:00:10.78,39.6328,142.1218,45.3,3.6,2016-04-26T10:21:46.87,39.6199,142.1361,47.3,3.8,0.4267727329565799,0.9475345664747408
2015-09-06T02:00:10.78,39.6328,142.1218,45.3,3.6,2016-07-03T09:06:01.44,39.6391,142.159,50.0,4.1,0.3915426811534937,0.942404443144486
2015-09-06T02:00:10.78,39.6328,142.1218,45.3,3.6,2016-09-09T04:47:04.68,39.6328,142.1661,48.1,3.8,0.3914120245399942,0.9718893864127336
2015-09-06T02:00:10.78,39.6328,142.1218,45.3,3.6,2016-12-20T15:27:27.24,39.6184,142.096,47.9,3.5,-0.1482782231789506,0.9659814593472484
2015-09-06T02:00:10.78,39.6328,142.1218,45.3,3.6,2017-04-05T20:00:13.64,39.611,142.0494,51.1,4.2,0.1585897414347695,0.9069597484596896
2015-09-06T02:00:10.78,39.6328,142.1218,45.3,3.6,2017-09-13T07:13:41.23,39.6106,142.1044,49.8,4.0,0.0987272028739191,0.9655520914774892
2015-09-06T02:00:10.78,39.6328,142.1218,45.3,3.6,2018-01-09T04:43:21.69,39.6236,142.1095,53.2,4.3,0.1790758890022717,0.9329477296521008
2015-09-06T02:00:10.78,39.6328,142.1218,45.3,3.6,2018-05-14T22:46:33.01,39.619,142.1095,49.3,3.9,0.1500212144039337,0.9703239288475972
2015-09-06T02:00:10.78,39.6328,142.1218,45.3,3.6,2018-10-22T23:44:17.78,39.6408,142.1573,47.5,3.5,0.905394845631624,0.956112275322658
2015-09-06T02:00:10.78,39.6328,142.1218,45.3,3.6,2018-11-16T02:49:11.8,39.6082,142.1445,51.3,4.2,0.5602732829762731,0.9352344276021812
2015-09-06T02:00:10.78,39.6328,142.1218,45.3,3.6,2019-02-01T03:39:59.76,39.6428,142.138,47.7,3.7,0.3776254859161466,0.9786390745528448
2015-09-06T02:00:10.78,39.6328,142.1218,45.3,3.6,2019-09-04T10:54:41.84,39.605,142.1095,53.7,3.9,-0.1274952022008599,0.9481989734890518
2015-09-06T02:00:10.78,39.6328,142.1218,45.3,3.6,2019-09-07T08:01:45.88,39.6172,142.2201,48.8,4.2,0.6256532867266515,0.935506591695461
2015-09-06T02:00:10.78,39.6328,142.1218,45.3,3.6,2020-09-09T02:45:26.39,39.6114,142.1588,48.3,3.9,0.7942979134023332,0.9372895472686832
2015-09-24T21:07:26.77,40.8792,142.0285,55.0,3.7,2017-04-27T16:39:04.02,40.8882,142.0704,55.0,3.7,0.0668786090559845,0.9947961824017298
2015-09-24T21:07:26.77,40.8792,142.0285,55.0,3.7,2019-01-21T22:50:36.38,40.873,142.0567,56.5,3.7,0.4845384655166361,0.9968066708890108
2015-09-28T16:33:55.17,39.5984,142.1289,50.4,3.9,2015-12-31T18:53:18.29,39.629,142.2132,51.4,3.9,-0.0437294577937044,0.951045402256507
2015-09-28T16:33:55.17,39.5984,142.1289,50.4,3.9,2016-04-26T10:21:46.87,39.6199,142.1361,47.3,3.8,-0.1981633886195213,0.982515193592956
2015-09-28T16:33:55.17,39.5984,142.1289,50.4,3.9,2016-07-03T09:06:01.44,39.6391,142.159,50.0,4.1,-0.2353385601512541,0.9795804832677372
2015-09-28T16:33:55.17,39.5984,142.1289,50.4,3.9,2016-09-09T04:47:04.68,39.6328,142.1661,48.1,3.8,-0.2360173377087932,0.9617523760019236
2015-09-28T16:33:55.17,39.5984,142.1289,50.4,3.9,2016-11-29T03:46:36.5,39.6371,142.1238,48.6,3.9,-0.7106568849509897,0.9418021516566076
2015-09-28T16:33:55.17,39.5984,142.1289,50.4,3.9,2016-12-20T15:27:27.24,39.6184,142.096,47.9,3.5,-0.7757376376472493,0.9547210134913304
2015-09-28T16:33:55.17,39.5984,142.1289,50.4,3.9,2017-04-05T20:00:13.64,39.611,142.0494,51.1,4.2,-0.4671980668966356,0.9889825036439676
2015-09-28T16:33:55.17,39.5984,142.1289,50.4,3.9,2017-09-13T07:13:41.23,39.6106,142.1044,49.8,4.0,-0.5274894631639602,0.9684074494570412
2015-09-28T16:33:55.17,39.5984,142.1289,50.4,3.9,2018-01-09T04:43:21.69,39.6236,142.1095,53.2,4.3,-0.4488960424131624,0.9783535731002112
2015-09-28T16:33:55.17,39.5984,142.1289,50.4,3.9,2018-05-14T22:46:33.01,39.619,142.1095,49.3,3.9,-0.4772925801223723,0.9697769548449306
2015-09-28T16:33:55.17,39.5984,142.1289,50.4,3.9,2018-10-22T23:44:17.78,39.6408,142.1573,47.5,3.5,0.2763049371339445,0.942414946941812
2015-09-28T16:33:55.17,39.5984,142.1289,50.4,3.9,2018-11-16T02:49:11.8,39.6082,142.1445,51.3,4.2,-0.0685789951867747,0.9739858246542734
2015-09-28T16:33:55.17,39.5984,142.1289,50.4,3.9,2019-02-01T03:39:59.76,39.6428,142.138,47.7,3.7,-0.2480958811895616,0.9547903274967572
2015-09-28T16:33:55.17,39.5984,142.1289,50.4,3.9,2019-09-04T10:54:41.84,39.605,142.1095,53.7,3.9,-0.7572336856783101,0.9478975419931864
2015-09-28T16:33:55.17,39.5984,142.1289,50.4,3.9,2019-09-07T08:01:45.88,39.6172,142.2201,48.8,4.2,-0.0018700458767002,0.974591098412936
2015-09-28T16:33:55.17,39.5984,142.1289,50.4,3.9,2020-09-03T15:33:35.63,39.6053,142.1558,50.9,3.6,0.0841000595401137,0.9239127203231438
2015-09-28T16:33:55.17,39.5984,142.1289,50.4,3.9,2020-09-09T02:45:26.39,39.6114,142.1588,48.3,3.9,0.1683399851797088,0.9867867032316788
2015-09-30T13:09:26.62,40.2939,143.806,16.0,4.0,2017-01-05T01:40:49.59,40.2605,143.7983,16.0,3.5,0.6607822720956388,0.9553185179857936
2015-10-05T00:26:19.15,36.6471,142.0795,15.2,4.3,2017-07-24T17:53:44.73,36.7343,142.2315,19.0,4.0,0.4128700887924965,0.9483772699323328
2015-10-06T09:09:24.99,39.7457,141.8613,57.9,3.7,2016-08-19T23:58:24.38,39.7494,141.9035,61.6,3.8,0.918200737654774,0.9896415696293348
2015-10-06T09:09:24.99,39.7457,141.8613,57.9,3.7,2018-03-29T16:30:55.64,39.7444,141.8396,58.5,3.7,0.4099242869599131,0.9841169438191792
2015-10-06T09:09:24.99,39.7457,141.8613,57.9,3.7,2019-02-16T08:42:43.25,39.7698,141.8782,58.5,3.7,0.4124681441843533,0.9465718482417956
2015-10-06T09:09:24.99,39.7457,141.8613,57.9,3.7,2019-11-13T10:22:16.76,39.7522,141.9135,61.0,3.7,0.4233935031220504,0.9882413813936446
2015-10-06T09:09:24.99,39.7457,141.8613,57.9,3.7,2020-10-16T00:38:33.97,39.7659,141.8763,58.4,3.7,0.526508190611528,0.9847948945242848
2015-10-13T04:24:10.21,40.0247,142.9119,32.5,4.5,2018-05-14T10:31:17.85,40.0799,142.7253,32.5,5.0,-0.9624979032836688,0.9106459112751002
2015-10-13T04:24:10.21,40.0247,142.9119,32.5,4.5,2020-10-27T07:01:13.79,40.0145,142.7161,33.5,4.1,-1.2335283346988295,0.991389998096072
2015-10-13T23:17:32.9,40.16,142.41,35.0,3.5,2016-11-06T21:36:46.14,40.1558,142.307,42.6,4.1,-1.0013345908432956,0.9642701592234538
2015-10-13T23:17:32.9,40.16,142.41,35.0,3.5,2017-06-13T10:55:42.4,40.1499,142.5646,33.0,3.7,2.411975247142276,0.9945863589530112
2015-10-13T23:17:32.9,40.16,142.41,35.0,3.5,2018-08-30T07:00:04.94,40.1625,142.369,41.4,3.9,-0.3325818416278044,0.959695611175848
2015-10-17T16:16:33.8,40.3701,142.1151,52.5,3.9,2016-02-16T05:33:01.99,40.3772,142.0292,49.8,3.8,-0.1653977614881813,0.9507525086133414
2015-10-17T16:16:33.8,40.3701,142.1151,52.5,3.9,2016-10-01T06:44:58.13,40.3906,142.148,51.0,3.9,0.6903958649987567,0.9945623550302832
2015-10-17T16:16:33.8,40.3701,142.1151,52.5,3.9,2017-02-26T11:34:09.63,40.3526,142.1316,53.1,3.8,0.2506280259345083,0.9403927364674228
2015-10-17T16:16:33.8,40.3701,142.1151,52.5,3.9,2017-10-29T04:41:43.79,40.3672,142.0631,50.7,3.6,0.0710459279608109,0.9377939462845684
2015-10-17T16:16:33.8,40.3701,142.1151,52.5,3.9,2018-05-12T22:22:35.0,40.3662,142.0368,51.6,3.5,-0.1552742535151809,0.9896705081815684
2015-10-17T16:16:33.8,40.3701,142.1151,52.5,3.9,2018-06-26T03:00:49.85,40.3716,142.0061,50.3,3.6,-0.4590202908246435,0.9439647084237606
2015-10-17T16:16:33.8,40.3701,142.1151,52.5,3.9,2019-02-10T00:54:22.04,40.3749,141.9931,53.3,3.7,-0.5287872463449672,0.9948199629959652
2015-10-17T16:16:33.8,40.3701,142.1151,52.5,3.9,2019-06-01T14:04:15.9,40.3712,142.1048,50.7,3.7,-0.0250680169338065,0.9207868993017158
2015-10-17T16:16:33.8,40.3701,142.1151,52.5,3.9,2019-12-17T03:21:52.99,40.3807,142.0357,49.9,3.5,-0.084517167961319,0.9287007619512442
2015-10-17T16:16:33.8,40.3701,142.1151,52.5,3.9,2020-07-26T16:32:19.44,40.3575,142.0955,53.7,3.8,-0.0348838323967748,0.9983285740679332
2015-10-17T16:16:33.8,40.3701,142.1151,52.5,3.9,2020-10-18T00:05:55.24,40.3513,141.9848,55.8,3.6,-0.1454305725692694,0.951968452033141
2015-10-18T00:47:39.44,41.4685,142.0357,59.9,4.4,2018-08-05T08:44:17.03,41.4745,142.0808,65.1,4.4,-0.450813665230897,0.9943101392369448
2015-10-22T00:51:50.79,39.0642,142.2358,43.5,3.9,2016-08-04T12:01:16.08,39.0857,142.2882,42.3,3.9,0.0309228533548975,0.9775409614434774
2015-10-22T00:51:50.79,39.0642,142.2358,43.5,3.9,2017-07-16T10:23:01.17,39.0864,142.2035,45.3,3.9,-0.5169180203303068,0.9881661502998116
2015-10-22T00:51:50.79,39.0642,142.2358,43.5,3.9,2018-05-27T03:22:15.63,39.0906,142.2065,51.0,3.8,-1.1253187733133176,0.9828613174811236
2015-10-22T00:51:50.79,39.0642,142.2358,43.5,3.9,2019-05-16T16:04:43.87,39.0514,142.3237,45.3,3.9,-0.1375460048235086,0.9878894468016628
2015-10-25T17:18:43.26,40.3777,142.0937,52.6,3.9,2017-02-26T11:34:09.63,40.3526,142.1316,53.1,3.8,-0.1041535168540147,0.9119669759377976
2015-10-25T17:18:43.26,40.3777,142.0937,52.6,3.9,2017-04-01T15:40:45.25,40.385,142.0448,50.4,3.7,-0.3873315546876942,0.9973570677349856
2015-10-25T17:18:43.26,40.3777,142.0937,52.6,3.9,2017-10-29T04:41:43.79,40.3672,142.0631,50.7,3.6,-0.2763122154565884,0.904329501819994
2015-10-25T17:18:43.26,40.3777,142.0937,52.6,3.9,2018-05-12T22:22:35.0,40.3662,142.0368,51.6,3.5,-0.5003082261002264,0.9002202447063803
2015-10-25T17:18:43.26,40.3777,142.0937,52.6,3.9,2018-07-19T20:07:40.71,40.3627,142.0637,53.1,3.8,-0.1388507366089552,0.9962308001176668
2015-10-25T17:18:43.26,40.3777,142.0937,52.6,3.9,2019-06-01T14:04:15.9,40.3712,142.1048,50.7,3.7,-0.3787562770474789,0.9353512734026812
2015-10-30T10:32:06.09,39.7488,141.8364,57.8,3.7,2016-04-15T18:01:04.21,39.7262,141.8222,59.6,4.1,0.6668088380541365,0.9593924698077704
2015-10-30T10:32:06.09,39.7488,141.8364,57.8,3.7,2016-11-29T01:02:57.17,39.7907,141.8676,60.2,4.1,0.5099446365146031,0.9765183242816448
2015-10-30T10:32:06.09,39.7488,141.8364,57.8,3.7,2017-05-06T08:18:54.37,39.7415,141.9147,59.4,4.1,0.6224142956638077,0.941005170227002
2015-10-30T10:32:06.09,39.7488,141.8364,57.8,3.7,2017-12-12T03:47:27.11,39.7392,141.8298,60.1,4.0,0.3557217675094876,0.9698138647984252
2015-10-30T10:32:06.09,39.7488,141.8364,57.8,3.7,2018-07-27T06:24:50.23,39.7356,141.8829,65.5,4.2,-0.4001658683791412,0.9677240977126544
2015-10-30T10:32:06.09,39.7488,141.8364,57.8,3.7,2019-02-18T11:41:44.95,39.7387,141.8496,61.4,3.7,0.4292584547950179,0.9651452370235514
2015-10-30T10:32:06.09,39.7488,141.8364,57.8,3.7,2019-10-23T03:43:19.5,39.7583,141.8449,57.7,4.3,0.521704074048949,0.963982431791695
2015-10-30T10:32:06.09,39.7488,141.8364,57.8,3.7,2020-11-26T20:54:28.28,39.7188,142.1233,66.1,3.9,2.765800650546807,0.9428424525385608
2015-10-31T14:20:04.6,35.858,140.7755,44.8,4.5,2018-06-07T12:18:04.05,35.7941,140.715,49.0,3.7,-0.9574713273324312,0.929845553927323
2015-11-18T13:42:32.37,38.5565,142.1536,44.0,4.1,2016-06-13T18:17:25.85,38.5899,141.961,51.8,3.9,-1.8454304178195728,0.974830799837242
2015-11-18T13:42:32.37,38.5565,142.1536,44.0,4.1,2016-12-08T04:25:10.3,38.5752,142.022,40.6,4.1,-0.0230253049579395,0.9681533374005714
2015-11-18T13:42:32.37,38.5565,142.1536,44.0,4.1,2017-07-01T18:53:11.37,38.6039,141.9678,49.1,4.1,-1.221866746557157,0.97983451344857
2015-11-18T13:42:32.37,38.5565,142.1536,44.0,4.1,2018-02-02T10:44:48.31,38.5609,142.1253,39.0,4.1,-0.1525331154922564,0.9729119453740502
2015-11-18T13:42:32.37,38.5565,142.1536,44.0,4.1,2018-08-16T10:44:09.3,38.5708,141.9456,49.2,3.9,-1.6856774575721425,0.9693281010133268
2015-11-18T13:42:32.37,38.5565,142.1536,44.0,4.1,2019-04-01T12:17:32.96,38.5938,141.9946,50.0,4.0,-1.8265993562805736,0.9655608456290196
2015-11-18T13:42:32.37,38.5565,142.1536,44.0,4.1,2019-10-20T22:53:33.32,38.5649,142.08,43.8,3.9,-0.4334383909485226,0.9753462292186847
2015-11-19T03:39:22.78,37.0822,141.174,52.6,4.0,2018-09-27T19:32:24.08,37.0924,141.2521,48.6,4.2,0.319189844474985,0.9194915014995778
2015-11-21T23:20:26.32,36.4285,140.7227,47.9,4.8,2018-07-16T19:34:11.64,36.4571,140.8248,51.4,4.7,-0.148836388564964,0.9105867926439908
2015-11-27T12:51:03.44,40.2014,142.4506,40.2,4.4,2017-10-01T14:20:26.07,40.1519,142.5437,45.0,4.4,0.4419697955452667,0.974567232473132
2015-11-27T15:50:25.97,41.9325,142.3175,65.5,3.5,2019-10-20T04:42:52.83,41.9249,142.3488,67.7,4.1,0.0337160327983303,0.904586763966218
2015-11-29T07:38:31.91,38.284,141.9378,48.6,4.1,2018-05-28T15:47:04.05,38.2713,141.9966,44.6,4.5,0.6970721063964004,0.9051938014785864
2015-12-12T21:05:51.61,38.8977,142.0347,48.3,4.0,2016-04-24T21:51:22.54,38.8291,142.1441,45.2,3.8,1.3171843312269833,0.9732824500396928
2015-12-12T21:05:51.61,38.8977,142.0347,48.3,4.0,2016-08-13T08:49:41.24,38.8588,142.1239,49.1,4.2,0.2930767256406052,0.9816956719481654
2015-12-12T21:05:51.61,38.8977,142.0347,48.3,4.0,2016-12-30T08:33:10.0,38.8661,141.9908,45.5,4.0,-0.0655031272864918,0.946262544716536
2015-12-12T21:05:51.61,38.8977,142.0347,48.3,4.0,2017-04-25T18:01:33.67,38.8642,142.1573,51.0,3.6,0.1119034186661696,0.9088988048474956
2015-12-12T21:05:51.61,38.8977,142.0347,48.3,4.0,2017-08-07T22:35:14.81,38.8689,141.9697,51.6,4.1,-0.1956311968355777,0.9756192096885872
2015-12-12T21:05:51.61,38.8977,142.0347,48.3,4.0,2018-01-07T02:23:11.64,38.8522,142.0152,49.7,3.9,-0.3296749856575988,0.9239495245266026
2015-12-12T21:05:51.61,38.8977,142.0347,48.3,4.0,2018-07-14T09:13:51.33,38.8582,142.0765,48.0,4.2,0.2362915828514143,0.9875506665484952
2015-12-12T21:05:51.61,38.8977,142.0347,48.3,4.0,2019-03-06T18:43:45.28,38.822,142.0917,46.3,3.9,0.7966742972675481,0.944288757453422
2015-12-12T21:05:51.61,38.8977,142.0347,48.3,4.0,2019-08-23T16:39:30.56,38.8799,142.2948,28.1,3.9,3.823575245464154,0.9541682642684188
2015-12-12T21:05:51.61,38.8977,142.0347,48.3,4.0,2020-07-11T13:11:54.05,38.8783,142.0117,55.9,3.9,-0.8811699791175732,0.977591168326246
2015-12-14T20:32:56.65,36.3929,142.5603,15.0,3.6,2018-02-26T08:44:37.0,36.3658,142.6509,35.0,3.8,-2.901805812683447,0.9870902042749286
2015-12-15T22:41:36.38,38.9033,141.9771,49.6,3.8,2016-04-19T05:55:13.08,38.8978,142.1055,46.3,3.9,1.3858906311311905,0.9247516300208762
2015-12-15T22:41:36.38,38.9033,141.9771,49.6,3.8,2016-07-31T16:35:03.05,38.8875,141.9726,51.6,3.8,0.0213728285062335,0.9438674894803624
2015-12-15T22:41:36.38,38.9033,141.9771,49.6,3.8,2017-08-06T17:55:48.2,38.8687,141.9708,53.1,3.9,0.6208425533572759,0.9416783303169282
2015-12-15T22:41:36.38,38.9033,141.9771,49.6,3.8,2017-12-14T12:12:12.98,38.8917,141.9808,54.3,3.8,0.1779518866536236,0.9469946356441435
2015-12-15T22:41:36.38,38.9033,141.9771,49.6,3.8,2018-07-02T11:47:04.2,38.8656,142.0237,52.9,3.9,0.2055792684803873,0.963358465188176
2015-12-15T22:41:36.38,38.9033,141.9771,49.6,3.8,2018-11-26T13:04:01.92,38.8991,141.9159,49.2,3.9,-0.5287896306591349,0.926811753940348
2015-12-15T22:41:36.38,38.9033,141.9771,49.6,3.8,2019-05-06T05:13:25.06,38.8708,142.0552,49.6,3.8,1.1488366460710562,0.9526610510681062
2015-12-15T22:41:36.38,38.9033,141.9771,49.6,3.8,2019-09-27T11:11:01.95,38.8949,141.9515,48.9,4.0,0.0572765146001713,0.9528234206214268
2015-12-15T22:41:36.38,38.9033,141.9771,49.6,3.8,2020-07-28T10:46:30.15,38.8999,141.9835,52.8,3.9,0.1599086413691278,0.9250057684530658
2015-12-17T08:49:23.65,39.4806,143.7423,11.0,3.8,2018-07-27T06:30:50.41,39.4806,143.4789,35.0,3.7,-4.600904584731826,0.9341293262140024
2015-12-17T22:58:20.7,40.35,142.18,45.0,3.5,2016-12-04T02:59:08.87,40.383,142.2331,44.9,3.6,0.7634994050996703,0.9819101801926164
2015-12-24T23:57:11.07,40.7315,142.5613,30.2,4.0,2018-05-15T18:47:20.45,40.7274,142.7182,27.0,4.3,1.4979303566025006,0.967953875018077
2015-12-31T18:53:18.29,39.629,142.2132,51.4,3.9,2016-04-26T10:21:46.87,39.6199,142.1361,47.3,3.8,-0.1545022164563997,0.931797100460822
2015-12-31T18:53:18.29,39.629,142.2132,51.4,3.9,2016-07-03T09:06:01.44,39.6391,142.159,50.0,4.1,-0.194778349021659,0.9711812663380622
2015-12-31T18:53:18.29,39.629,142.2132,51.4,3.9,2016-09-09T04:47:04.68,39.6328,142.1661,48.1,3.8,-0.1950177443671968,0.9404853595700352
2015-12-31T18:53:18.29,39.629,142.2132,51.4,3.9,2016-11-29T03:46:36.5,39.6371,142.1238,48.6,3.9,-0.6655015003967601,0.9923132465794852
2015-12-31T18:53:18.29,39.629,142.2132,51.4,3.9,2016-12-20T15:27:27.24,39.6184,142.096,47.9,3.5,-0.7352823774673007,0.9418934367658196
2015-12-31T18:53:18.29,39.629,142.2132,51.4,3.9,2017-04-05T20:00:13.64,39.611,142.0494,51.1,4.2,-0.4209410978306813,0.9644982536422564
2015-12-31T18:53:18.29,39.629,142.2132,51.4,3.9,2017-09-13T07:13:41.23,39.6106,142.1044,49.8,4.0,-0.4866230894954357,0.9454603600193472
2015-12-31T18:53:18.29,39.629,142.2132,51.4,3.9,2018-01-09T04:43:21.69,39.6236,142.1095,53.2,4.3,-0.4060117728563187,0.9799899387884922
2015-12-31T18:53:18.29,39.629,142.2132,51.4,3.9,2018-05-14T22:46:33.01,39.619,142.1095,49.3,3.9,-0.4352044988380181,0.943169113555242
2015-12-31T18:53:18.29,39.629,142.2132,51.4,3.9,2018-10-22T23:44:17.78,39.6408,142.1573,47.5,3.5,0.3160519485986163,0.9456462235418832
2015-12-31T18:53:18.29,39.629,142.2132,51.4,3.9,2018-11-16T02:49:11.8,39.6082,142.1445,51.3,4.2,-0.0263822698407194,0.9772424860871012
2015-12-31T18:53:18.29,39.629,142.2132,51.4,3.9,2019-02-01T03:39:59.76,39.6428,142.138,47.7,3.7,-0.209034364426098,0.9203071877153788
2015-12-31T18:53:18.29,39.629,142.2132,51.4,3.9,2019-09-04T10:54:41.84,39.605,142.1095,53.7,3.9,-0.7174298413122364,0.9509424305102232
2015-12-31T18:53:18.29,39.629,142.2132,51.4,3.9,2019-09-07T08:01:45.88,39.6172,142.2201,48.8,4.2,0.042690312517555,0.9557956849321236
2015-12-31T18:53:18.29,39.629,142.2132,51.4,3.9,2020-09-03T15:33:35.63,39.6053,142.1558,50.9,3.6,0.129458232834528,0.973198763387639
2015-12-31T18:53:18.29,39.629,142.2132,51.4,3.9,2020-09-09T02:45:26.39,39.6114,142.1588,48.3,3.9,0.2102271654820403,0.9732563043099304
2016-01-06T17:47:34.44,39.3329,142.1326,47.3,3.7,2018-02-02T14:52:09.71,39.3348,142.1194,47.5,4.1,0.0175850355112467,0.9002994920253568
2016-01-06T17:47:34.44,39.3329,142.1326,47.3,3.7,2019-09-12T17:09:36.39,39.3388,142.101,46.0,3.6,-0.0556884547402223,0.9317713487335731
2016-01-06T17:47:34.44,39.3329,142.1326,47.3,3.7,2020-07-24T10:35:20.94,39.3079,142.1305,49.3,3.5,0.5789341419562886,0.903226684335586
2016-01-08T02:18:47.32,40.1452,142.2515,45.3,4.0,2017-02-12T13:36:54.46,40.1958,142.2662,47.8,4.7,0.3583454318542651,0.9564991897857762
2016-01-14T19:28:53.52,36.4695,140.7515,57.0,4.3,2018-12-12T08:49:55.75,36.4997,140.6295,55.7,4.7,-0.6988775415978778,0.9593739296825898
2016-02-03T15:35:58.09,41.9468,142.3249,65.8,3.5,2018-07-28T21:49:55.11,41.9237,142.35,68.7,3.5,-0.0684762425137483,0.991055538543564
2016-02-08T10:21:59.56,40.1911,142.5108,18.0,3.9,2017-04-08T01:46:07.98,40.2038,142.5934,25.2,4.0,0.3500857064255683,0.9951323673054367
2016-02-08T10:21:59.56,40.1911,142.5108,18.0,3.9,2018-10-07T14:51:31.78,40.2539,142.6949,14.5,4.0,1.6027084731983483,0.992992446756565
2016-02-08T10:21:59.56,40.1911,142.5108,18.0,3.9,2020-08-20T00:38:29.24,40.1872,142.3914,41.4,3.8,-2.660125742136606,0.9948451795390748
2016-02-16T05:33:01.99,40.3772,142.0292,49.8,3.8,2016-10-01T06:44:58.13,40.3906,142.148,51.0,3.9,0.8557943363186373,0.9579868463909104
2016-02-16T05:33:01.99,40.3772,142.0292,49.8,3.8,2017-02-26T11:34:09.63,40.3526,142.1316,53.1,3.8,0.4151716061525364,0.9939453848323588
2016-02-16T05:33:01.99,40.3772,142.0292,49.8,3.8,2017-10-29T04:41:43.79,40.3672,142.0631,50.7,3.6,0.2387528766277706,0.980627436645443
2016-02-16T05:33:01.99,40.3772,142.0292,49.8,3.8,2018-05-12T22:22:35.0,40.3662,142.0368,51.6,3.5,0.0114804764165347,0.9392850522917134
2016-02-16T05:33:01.99,40.3772,142.0292,49.8,3.8,2018-06-26T03:00:49.85,40.3716,142.0061,50.3,3.6,-0.2952979747155859,0.992803982621669
2016-02-16T05:33:01.99,40.3772,142.0292,49.8,3.8,2018-07-19T20:07:40.71,40.3627,142.0637,53.1,3.8,0.379760289952764,0.9029620647982703
2016-02-16T05:33:01.99,40.3772,142.0292,49.8,3.8,2019-02-10T00:54:22.04,40.3749,141.9931,53.3,3.7,-0.3621138626741068,0.9406733608319195
2016-02-16T05:33:01.99,40.3772,142.0292,49.8,3.8,2019-06-01T14:04:15.9,40.3712,142.1048,50.7,3.7,0.1408153913235418,0.9857187354558636
2016-02-16T05:33:01.99,40.3772,142.0292,49.8,3.8,2019-12-17T03:21:52.99,40.3807,142.0357,49.9,3.5,0.0834517787252746,0.9707214635589804
2016-02-16T05:33:01.99,40.3772,142.0292,49.8,3.8,2020-07-26T16:32:19.44,40.3575,142.0955,53.7,3.8,0.1308877076685929,0.9407861098913434
2016-02-16T05:33:01.99,40.3772,142.0292,49.8,3.8,2020-10-18T00:05:55.24,40.3513,141.9848,55.8,3.6,0.0190487886542349,0.9951745141801144
2016-02-23T09:17:46.06,41.9969,142.6044,66.7,3.6,2018-04-02T13:23:52.22,41.9941,142.596,65.4,3.9,-1.1788446544374098,0.918919574948068
2016-02-23T09:17:46.06,41.9969,142.6044,66.7,3.6,2018-10-18T08:41:01.88,41.9991,142.5976,60.5,3.5,-0.8267287487580524,0.9061915343360551
2016-02-25T08:31:57.26,40.1462,142.3941,48.6,3.9,2017-03-03T00:36:30.28,40.1514,142.3066,41.2,3.9,-0.2392662120632682,0.9910387032609188
2016-02-28T02:06:26.74,41.9241,142.3171,58.8,3.8,2016-02-28T05:08:48.85,41.9393,142.3099,70.7,3.6,-1.2578514968739962,0.9314439889284324
2016-02-28T02:06:26.74,41.9241,142.3171,58.8,3.8,2018-03-29T14:05:58.75,41.9269,142.3237,64.0,4.4,0.1448607388144045,0.959383797937414
2016-02-28T05:08:48.85,41.9393,142.3099,70.7,3.6,2017-11-20T13:17:59.06,41.8949,142.3531,69.0,4.3,0.9504627233292742,0.9289122953999968
2016-02-28T05:08:48.85,41.9393,142.3099,70.7,3.6,2018-03-29T14:05:58.75,41.9269,142.3237,64.0,4.4,1.4086002220095404,0.9146550026008612
2016-03-06T23:02:58.92,39.7608,141.9049,59.9,3.7,2016-12-29T12:46:51.63,39.7577,141.8853,58.9,3.6,-0.0626400161494945,0.9515271874737068
2016-03-06T23:02:58.92,39.7608,141.9049,59.9,3.7,2017-07-05T21:40:16.04,39.7374,141.8889,64.8,3.5,0.9639733427048623,0.9647673328548032
2016-03-06T23:02:58.92,39.7608,141.9049,59.9,3.7,2017-12-16T18:50:16.25,39.7454,141.8577,58.8,3.6,0.3845642790071333,0.9568580660827176
2016-03-06T23:02:58.92,39.7608,141.9049,59.9,3.7,2018-10-15T18:52:11.05,39.7598,141.8232,56.7,3.5,0.0005476299179587,0.9657396108825044
2016-03-06T23:02:58.92,39.7608,141.9049,59.9,3.7,2020-01-21T19:34:31.95,39.7627,141.8302,57.2,3.7,0.1864082556066662,0.9679986631813056
2016-03-13T02:07:37.58,41.9777,142.571,65.1,4.2,2019-01-17T02:23:36.84,41.9571,142.6011,68.3,4.4,-0.18506267457929,0.928434470902776
2016-03-13T08:44:10.19,38.1587,141.7287,47.7,3.8,2017-07-28T22:25:11.01,38.1491,141.7745,45.4,4.2,1.0306093311528164,0.9650851629868388
2016-03-13T08:44:10.19,38.1587,141.7287,47.7,3.8,2019-04-07T18:00:03.03,38.1289,141.7481,47.7,4.0,1.0066794499472649,0.9655787810803466
2016-03-16T06:02:34.06,39.5049,143.3102,35.0,4.2,2019-06-06T09:44:37.48,39.3719,143.4027,11.0,3.6,4.3383382112645466,0.9249471889519076
2016-03-23T07:56:22.73,38.3282,141.7376,52.2,3.8,2019-07-02T01:00:09.09,38.3578,141.8514,53.4,4.0,0.5003542112963126,0.9246061918240944
2016-04-15T18:01:04.21,39.7262,141.8222,59.6,4.1,2016-11-29T01:02:57.17,39.7907,141.8676,60.2,4.1,-0.1564242744902096,0.9769104631168952
2016-04-15T18:01:04.21,39.7262,141.8222,59.6,4.1,2017-05-06T08:18:54.37,39.7415,141.9147,59.4,4.1,-0.0443558810515686,0.9849070094918574
2016-04-15T18:01:04.21,39.7262,141.8222,59.6,4.1,2017-12-12T03:47:27.11,39.7392,141.8298,60.1,4.0,-0.3094344459994668,0.9896592803261788
2016-04-15T18:01:04.21,39.7262,141.8222,59.6,4.1,2018-07-27T06:24:50.23,39.7356,141.8829,65.5,4.2,-1.068459706665714,0.9910653627020723
2016-04-15T18:01:04.21,39.7262,141.8222,59.6,4.1,2019-02-18T11:41:44.95,39.7387,141.8496,61.4,3.7,-0.2364081374924899,0.9738390760399658
2016-04-15T18:01:04.21,39.7262,141.8222,59.6,4.1,2019-10-23T03:43:19.5,39.7583,141.8449,57.7,4.3,-0.1445973438690921,0.9970684475992644
2016-04-15T18:01:04.21,39.7262,141.8222,59.6,4.1,2020-11-26T20:54:28.28,39.7188,142.1233,66.1,3.9,2.1004540072536675,0.9754034760282104
2016-04-19T05:55:13.08,38.8978,142.1055,46.3,3.9,2016-07-31T16:35:03.05,38.8875,141.9726,51.6,3.8,-1.363598992840512,0.981808441633199
2016-04-19T05:55:13.08,38.8978,142.1055,46.3,3.9,2016-11-12T15:46:11.45,38.8788,142.0019,49.8,3.5,-1.1738423053902416,0.9207138761771644
2016-04-19T05:55:13.08,38.8978,142.1055,46.3,3.9,2017-08-06T17:55:48.2,38.8687,141.9708,53.1,3.9,-0.7639395794959574,0.9878784253332258
2016-04-19T05:55:13.08,38.8978,142.1055,46.3,3.9,2017-12-14T12:12:12.98,38.8917,141.9808,54.3,3.8,-1.206413104153374,0.9385664050617544
2016-04-19T05:55:13.08,38.8978,142.1055,46.3,3.9,2018-07-02T11:47:04.2,38.8656,142.0237,52.9,3.9,-1.1804968933696465,0.9522932717391532
2016-04-19T05:55:13.08,38.8978,142.1055,46.3,3.9,2018-11-26T13:04:01.92,38.8991,141.9159,49.2,3.9,-1.915704138408041,0.9137924454624832
2016-04-19T05:55:13.08,38.8978,142.1055,46.3,3.9,2019-05-06T05:13:25.06,38.8708,142.0552,49.6,3.8,-0.2384628379999153,0.9261940611369084
2016-04-19T05:55:13.08,38.8978,142.1055,46.3,3.9,2019-09-27T11:11:01.95,38.8949,141.9515,48.9,4.0,-1.3285436054112436,0.9385661906299988
2016-04-19T05:55:13.08,38.8978,142.1055,46.3,3.9,2020-07-28T10:46:30.15,38.8999,141.9835,52.8,3.9,-1.224365622774485,0.9736705012147304
2016-04-19T17:37:44.85,39.11,142.9654,16.0,4.0,2018-05-10T10:21:45.85,39.0732,143.0294,39.9,4.2,-1.649229885110442,0.9898074295603884
2016-04-24T21:51:22.54,38.8291,142.1441,45.2,3.8,2016-08-13T08:49:41.24,38.8588,142.1239,49.1,4.2,-1.0241667816346347,0.9707515019701822
2016-04-24T21:51:22.54,38.8291,142.1441,45.2,3.8,2016-12-30T08:33:10.0,38.8661,141.9908,45.5,4.0,-1.3826923081785871,0.9354682770072964
2016-04-24T21:51:22.54,38.8291,142.1441,45.2,3.8,2017-04-25T18:01:33.67,38.8642,142.1573,51.0,3.6,-1.2033523391323666,0.9059524869754616
2016-04-24T21:51:22.54,38.8291,142.1441,45.2,3.8,2017-08-07T22:35:14.81,38.8689,141.9697,51.6,4.1,-1.5129075943589654,0.9726687984781208
2016-04-24T21:51:22.54,38.8291,142.1441,45.2,3.8,2018-01-07T02:23:11.64,38.8522,142.0152,49.7,3.9,-1.647166406725142,0.9101605278478292
2016-04-24T21:51:22.54,38.8291,142.1441,45.2,3.8,2018-07-14T09:13:51.33,38.8582,142.0765,48.0,4.2,-1.081017865270133,0.9779584927644216
2016-04-24T21:51:22.54,38.8291,142.1441,45.2,3.8,2019-03-06T18:43:45.28,38.822,142.0917,46.3,3.9,-0.5206992593336688,0.9344817671296952
2016-04-24T21:51:22.54,38.8291,142.1441,45.2,3.8,2019-08-23T16:39:30.56,38.8799,142.2948,28.1,3.9,2.50957662796345,0.947222032093448
2016-04-24T21:51:22.54,38.8291,142.1441,45.2,3.8,2020-07-11T13:11:54.05,38.8783,142.0117,55.9,3.9,-2.1979652054723977,0.9720712571862572
2016-04-26T10:21:46.87,39.6199,142.1361,47.3,3.8,2016-07-03T09:06:01.44,39.6391,142.159,50.0,4.1,-0.0370195128833597,0.962809061487934
2016-04-26T10:21:46.87,39.6199,142.1361,47.3,3.8,2016-09-09T04:47:04.68,39.6328,142.1661,48.1,3.8,-0.0384594450544394,0.9789128856901714
2016-04-26T10:21:46.87,39.6199,142.1361,47.3,3.8,2016-11-29T03:46:36.5,39.6371,142.1238,48.6,3.9,-0.5118262542600349,0.9241617570445332
2016-04-26T10:21:46.87,39.6199,142.1361,47.3,3.8,2016-12-20T15:27:27.24,39.6184,142.096,47.9,3.5,-0.5777884194030417,0.972783682653451
2016-04-26T10:21:46.87,39.6199,142.1361,47.3,3.8,2017-04-05T20:00:13.64,39.611,142.0494,51.1,4.2,-0.2689377327263074,0.969875184099567
2016-04-26T10:21:46.87,39.6199,142.1361,47.3,3.8,2017-09-13T07:13:41.23,39.6106,142.1044,49.8,4.0,-0.3294851252729188,0.9841516484138976
2016-04-26T10:21:46.87,39.6199,142.1361,47.3,3.8,2018-01-09T04:43:21.69,39.6236,142.1095,53.2,4.3,-0.2506582313999171,0.960849718765702
2016-04-26T10:21:46.87,39.6199,142.1361,47.3,3.8,2018-05-14T22:46:33.01,39.619,142.1095,49.3,3.9,-0.2792459451957364,0.9855317698631336
2016-04-26T10:21:46.87,39.6199,142.1361,47.3,3.8,2018-10-22T23:44:17.78,39.6408,142.1573,47.5,3.5,0.4741254186222064,0.9611296971438372
2016-04-26T10:21:46.87,39.6199,142.1361,47.3,3.8,2018-11-16T02:49:11.8,39.6082,142.1445,51.3,4.2,0.1297911455470021,0.9596829820655466
2016-04-26T10:21:46.87,39.6199,142.1361,47.3,3.8,2019-02-01T03:39:59.76,39.6428,142.138,47.7,3.7,-0.0502297260430318,0.9699848656899624
2016-04-26T10:21:46.87,39.6199,142.1361,47.3,3.8,2019-09-04T10:54:41.84,39.605,142.1095,53.7,3.9,-0.5583941347872352,0.9346824953239992
2016-04-26T10:21:46.87,39.6199,142.1361,47.3,3.8,2019-09-07T08:01:45.88,39.6172,142.2201,48.8,4.2,0.1959236591645841,0.9918699492893088
2016-04-26T10:21:46.87,39.6199,142.1361,47.3,3.8,2020-09-03T15:33:35.63,39.6053,142.1558,50.9,3.6,0.2822603359110678,0.9079554804963432
2016-04-26T10:21:46.87,39.6199,142.1361,47.3,3.8,2020-09-09T02:45:26.39,39.6114,142.1588,48.3,3.9,0.3664110045851331,0.9651516363075868
2016-05-03T12:06:08.18,39.9573,143.6644,9.5,4.1,2017-05-21T05:05:33.09,39.9074,143.7425,17.1,4.3,-0.6188171097132413,0.9688605292169888
2016-05-04T16:10:19.95,38.5338,141.8718,47.1,4.7,2018-05-12T16:49:37.14,38.5169,141.9269,51.0,4.7,-0.0219265555716661,0.9751166460476096
2016-05-04T16:10:19.95,38.5338,141.8718,47.1,4.7,2019-12-26T09:26:39.15,38.5526,141.7915,60.0,4.7,-1.630147580047406,0.9544056979478464
2016-05-12T07:32:57.06,40.3893,142.2021,43.3,3.7,2018-07-01T13:38:42.46,40.3834,142.2689,45.4,3.8,0.3534428764390105,0.9925610282145092
2016-05-12T07:32:57.06,40.3893,142.2021,43.3,3.7,2018-08-24T21:43:42.53,40.4103,142.3866,30.1,3.5,2.856253723267949,0.936984578167814
2016-05-12T07:32:57.06,40.3893,142.2021,43.3,3.7,2020-11-21T20:05:57.39,40.4037,142.2352,49.0,3.8,0.1863510774499777,0.9901618226367463
2016-05-22T06:11:34.86,36.6508,142.052,19.0,4.1,2019-06-03T17:16:01.47,36.9061,142.0067,19.0,3.9,-1.4879433631706238,0.972436072354884
2016-05-24T09:48:03.35,40.0766,142.0986,48.7,4.8,2019-05-08T00:20:00.47,40.0415,142.1341,50.4,4.8,-0.5357299474361235,0.994862641593825
2016-05-27T13:29:45.32,40.2933,142.2917,37.8,3.7,2017-06-18T11:10:46.85,40.2684,142.2364,30.6,3.6,0.5054517339309136,0.9933420061259938
2016-05-27T13:29:45.32,40.2933,142.2917,37.8,3.7,2018-08-03T01:30:41.99,40.2935,142.2867,37.9,3.6,-0.0332522271416002,0.9915414215004054
2016-05-27T13:29:45.32,40.2933,142.2917,37.8,3.7,2019-06-22T05:15:01.78,40.2955,142.2958,37.6,3.6,0.0249826502344893,0.9915328402707412
2016-05-27T13:29:45.32,40.2933,142.2917,37.8,3.7,2020-12-10T15:08:46.58,40.2867,142.2447,44.1,3.5,-0.1826823210124755,0.9855496010570962
2016-06-07T04:19:42.37,40.1524,142.4665,31.6,3.9,2017-06-09T19:34:14.35,40.1336,142.5867,39.2,4.6,0.9056654907638386,0.9299126673820466
2016-06-13T18:17:25.85,38.5899,141.961,51.8,3.9,2016-12-08T04:25:10.3,38.5752,142.022,40.6,4.1,1.823324519487485,0.9685208383046726
2016-06-13T18:17:25.85,38.5899,141.961,51.8,3.9,2017-07-01T18:53:11.37,38.6039,141.9678,49.1,4.1,0.6235868545495263,0.9815202667319484
2016-06-13T18:17:25.85,38.5899,141.961,51.8,3.9,2018-02-02T10:44:48.31,38.5609,142.1253,39.0,4.1,1.6926382003609202,0.9819298179421436
2016-06-13T18:17:25.85,38.5899,141.961,51.8,3.9,2018-08-16T10:44:09.3,38.5708,141.9456,49.2,3.9,0.1592260727686574,0.9713755220861386
2016-06-13T18:17:25.85,38.5899,141.961,51.8,3.9,2019-04-01T12:17:32.96,38.5938,141.9946,50.0,4.0,0.0211859641715941,0.9721155887941292
2016-06-13T18:17:25.85,38.5899,141.961,51.8,3.9,2019-10-20T22:53:33.32,38.5649,142.08,43.8,3.9,1.413647642715047,0.979215408829642
2016-06-22T03:41:15.68,38.4395,141.6932,58.0,4.0,2018-04-28T02:12:25.6,38.4709,141.6401,57.4,3.9,-0.5958078333668374,0.959452394325606
2016-06-24T16:40:32.5,41.9665,142.5606,67.0,3.8,2019-04-02T20:29:09.59,41.9406,142.5634,67.5,4.0,0.7098272392043645,0.935667664665832
2016-06-27T08:47:40.91,40.1484,142.4947,33.1,4.0,2016-10-27T23:44:31.72,40.157,142.4212,34.4,3.7,-1.105851151975212,0.9038533790810376
2016-07-03T09:06:01.44,39.6391,142.159,50.0,4.1,2016-09-09T04:47:04.68,39.6328,142.1661,48.1,3.8,-0.0005484184980395,0.9706969795387096
2016-07-03T09:06:01.44,39.6391,142.159,50.0,4.1,2016-11-29T03:46:36.5,39.6371,142.1238,48.6,3.9,-0.470437319932674,0.967424865376522
2016-07-03T09:06:01.44,39.6391,142.159,50.0,4.1,2016-12-20T15:27:27.24,39.6184,142.096,47.9,3.5,-0.5403969613049842,0.9667221978085128
2016-07-03T09:06:01.44,39.6391,142.159,50.0,4.1,2017-04-05T20:00:13.64,39.611,142.0494,51.1,4.2,-0.2300261914815059,0.969219032159692
2016-07-03T09:06:01.44,39.6391,142.159,50.0,4.1,2017-09-13T07:13:41.23,39.6106,142.1044,49.8,4.0,-0.2923554961410251,0.9721730276040236
2016-07-03T09:06:01.44,39.6391,142.159,50.0,4.1,2018-01-09T04:43:21.69,39.6236,142.1095,53.2,4.3,-0.2114659100977475,0.9945144871503988
2016-07-03T09:06:01.44,39.6391,142.159,50.0,4.1,2018-05-14T22:46:33.01,39.619,142.1095,49.3,3.9,-0.2411914964473299,0.9719191781255528
2016-07-03T09:06:01.44,39.6391,142.159,50.0,4.1,2018-10-22T23:44:17.78,39.6408,142.1573,47.5,3.5,0.5113455613058115,0.9574115482617682
2016-07-03T09:06:01.44,39.6391,142.159,50.0,4.1,2018-11-16T02:49:11.8,39.6082,142.1445,51.3,4.2,0.1685250441914821,0.9929752047395084
2016-07-03T09:06:01.44,39.6391,142.159,50.0,4.1,2019-02-01T03:39:59.76,39.6428,142.138,47.7,3.7,-0.014410497364493,0.9630739961233836
2016-07-03T09:06:01.44,39.6391,142.159,50.0,4.1,2019-09-04T10:54:41.84,39.605,142.1095,53.7,3.9,-0.5208699260764039,0.9839495820800211
2016-07-03T09:06:01.44,39.6391,142.159,50.0,4.1,2019-09-07T08:01:45.88,39.6172,142.2201,48.8,4.2,0.2347551835541965,0.9602821118413496
2016-07-03T09:06:01.44,39.6391,142.159,50.0,4.1,2020-09-03T15:33:35.63,39.6053,142.1558,50.9,3.6,0.3235982176595795,0.9343157709477152
2016-07-03T09:06:01.44,39.6391,142.159,50.0,4.1,2020-09-09T02:45:26.39,39.6114,142.1588,48.3,3.9,0.4039538839635501,0.9923258978264398
2016-07-08T04:03:37.17,38.6387,141.9384,46.0,3.5,2019-06-03T07:45:15.93,38.638,141.9042,47.0,3.6,-0.4157277919454409,0.904714253505472
2016-07-09T00:54:36.25,37.1216,141.5202,44.2,4.7,2019-07-16T15:25:43.74,37.181,141.4745,48.1,4.7,-0.1178234306338634,0.9767378592059666
2016-07-12T03:01:22.18,38.8704,142.0281,49.2,3.5,2017-07-31T04:20:12.58,38.8873,142.0092,50.1,3.8,-0.4505007478642963,0.9475301607354786
2016-07-20T07:17:36.68,40.3521,142.2627,53.0,4.4,2017-10-21T00:19:30.79,40.3775,142.2752,39.6,3.5,0.100090410438318,0.944837819417672
2016-07-20T07:17:36.68,40.3521,142.2627,53.0,4.4,2018-08-24T21:30:28.05,40.4004,142.2845,51.9,4.5,-0.1304233468064666,0.9977583289696405
2016-07-20T14:57:03.35,40.3708,142.2653,40.8,3.8,2018-08-19T11:32:35.07,40.3689,142.1598,45.7,3.5,-0.5570873000880043,0.9931486808709136
2016-07-20T14:57:03.35,40.3708,142.2653,40.8,3.8,2018-08-24T21:43:42.53,40.4103,142.3866,30.1,3.5,2.5830645098384624,0.9008612991813912
2016-07-31T16:35:03.05,38.8875,141.9726,51.6,3.8,2016-11-12T15:46:11.45,38.8788,142.0019,49.8,3.5,0.1898965986113521,0.915303846826628
2016-07-31T16:35:03.05,38.8875,141.9726,51.6,3.8,2017-08-06T17:55:48.2,38.8687,141.9708,53.1,3.9,0.5995720808188321,0.9857421918697996
2016-07-31T16:35:03.05,38.8875,141.9726,51.6,3.8,2017-12-14T12:12:12.98,38.8917,141.9808,54.3,3.8,0.1554557211878059,0.9543360324191198
2016-07-31T16:35:03.05,38.8875,141.9726,51.6,3.8,2018-07-02T11:47:04.2,38.8656,142.0237,52.9,3.9,0.1826428301219649,0.9632991037489056
2016-07-31T16:35:03.05,38.8875,141.9726,51.6,3.8,2018-11-26T13:04:01.92,38.8991,141.9159,49.2,3.9,-0.5548081750468166,0.9255848525624878
2016-07-31T16:35:03.05,38.8875,141.9726,51.6,3.8,2019-05-06T05:13:25.06,38.8708,142.0552,49.6,3.8,1.125557922592293,0.9400338296793374
2016-07-31T16:35:03.05,38.8875,141.9726,51.6,3.8,2019-09-27T11:11:01.95,38.8949,141.9515,48.9,4.0,0.0341274960536257,0.9518901759781088
2016-07-31T16:35:03.05,38.8875,141.9726,51.6,3.8,2020-07-28T10:46:30.15,38.8999,141.9835,52.8,3.9,0.1390037759530084,0.97209109631404
2016-08-04T12:01:16.08,39.0857,142.2882,42.3,3.9,2017-07-16T10:23:01.17,39.0864,142.2035,45.3,3.9,-0.546657538171598,0.9863718097619724
2016-08-04T12:01:16.08,39.0857,142.2882,42.3,3.9,2018-05-27T03:22:15.63,39.0906,142.2065,51.0,3.8,-1.1552375965542805,0.984849305332088
2016-08-04T12:01:16.08,39.0857,142.2882,42.3,3.9,2019-05-16T16:04:43.87,39.0514,142.3237,45.3,3.9,-0.1683891223638531,0.98164065666637
2016-08-13T08:49:41.24,38.8588,142.1239,49.1,4.2,2016-12-30T08:33:10.0,38.8661,141.9908,45.5,4.0,-0.3585577503343882,0.959863275368708
2016-08-13T08:49:41.24,38.8588,142.1239,49.1,4.2,2017-04-25T18:01:33.67,38.8642,142.1573,51.0,3.6,-0.1802526742427194,0.9185262782545714
2016-08-13T08:49:41.24,38.8588,142.1239,49.1,4.2,2017-08-07T22:35:14.81,38.8689,141.9697,51.6,4.1,-0.4883386219076345,0.9807268469152224
2016-08-13T08:49:41.24,38.8588,142.1239,49.1,4.2,2018-01-07T02:23:11.64,38.8522,142.0152,49.7,3.9,-0.6226262514339137,0.915669705260176
2016-08-13T08:49:41.24,38.8588,142.1239,49.1,4.2,2018-07-14T09:13:51.33,38.8582,142.0765,48.0,4.2,-0.0560669954372488,0.9918250441543264
2016-08-13T08:49:41.24,38.8588,142.1239,49.1,4.2,2019-03-06T18:43:45.28,38.822,142.0917,46.3,3.9,0.5042455996477535,0.9550523923790352
2016-08-13T08:49:41.24,38.8588,142.1239,49.1,4.2,2019-08-23T16:39:30.56,38.8799,142.2948,28.1,3.9,3.531881705155142,0.9631344811951076
2016-08-13T08:49:41.24,38.8588,142.1239,49.1,4.2,2020-07-11T13:11:54.05,38.8783,142.0117,55.9,3.9,-1.173548948251712,0.9770188633391452
2016-08-19T23:58:24.38,39.7494,141.9035,61.6,3.8,2018-03-29T16:30:55.64,39.7444,141.8396,58.5,3.7,-0.5084293891347123,0.9839321201713122
2016-08-19T23:58:24.38,39.7494,141.9035,61.6,3.8,2019-02-16T08:42:43.25,39.7698,141.8782,58.5,3.7,-0.5067699893439102,0.9483659074871869
2016-08-19T23:58:24.38,39.7494,141.9035,61.6,3.8,2019-11-13T10:22:16.76,39.7522,141.9135,61.0,3.7,-0.4952922384267795,0.981972070656035
2016-08-19T23:58:24.38,39.7494,141.9035,61.6,3.8,2020-10-16T00:38:33.97,39.7659,141.8763,58.4,3.7,-0.3918680129716144,0.9802876721511662
2016-08-20T13:12:33.77,40.2945,143.8347,16.0,3.7,2017-08-20T04:47:33.15,40.289,143.7728,19.5,4.5,-0.9826804737050308,0.904217829650548
2016-08-25T22:45:11.69,40.473,143.5839,5.2,3.6,2016-08-26T23:48:15.7,40.4541,143.6454,4.8,3.8,0.573447299158939,0.9211005717615836
2016-09-09T04:47:04.68,39.6328,142.1661,48.1,3.8,2016-11-29T03:46:36.5,39.6371,142.1238,48.6,3.9,-0.4702858040989063,0.93677488659353
2016-09-09T04:47:04.68,39.6328,142.1661,48.1,3.8,2016-12-20T15:27:27.24,39.6184,142.096,47.9,3.5,-0.5394122055642832,0.9879104583596005
2016-09-09T04:47:04.68,39.6328,142.1661,48.1,3.8,2017-04-05T20:00:13.64,39.611,142.0494,51.1,4.2,-0.2294398159846349,0.9471939223444664
2016-09-09T04:47:04.68,39.6328,142.1661,48.1,3.8,2017-09-13T07:13:41.23,39.6106,142.1044,49.8,4.0,-0.2918008076362797,0.9916080873910164
2016-09-09T04:47:04.68,39.6328,142.1661,48.1,3.8,2018-01-09T04:43:21.69,39.6236,142.1095,53.2,4.3,-0.2113992739484116,0.969021558414572
2016-09-09T04:47:04.68,39.6328,142.1661,48.1,3.8,2018-05-14T22:46:33.01,39.619,142.1095,49.3,3.9,-0.2403847338718759,0.9947512299622202
2016-09-09T04:47:04.68,39.6328,142.1661,48.1,3.8,2018-10-22T23:44:17.78,39.6408,142.1573,47.5,3.5,0.5126902411924609,0.9829572586605712
2016-09-09T04:47:04.68,39.6328,142.1661,48.1,3.8,2018-11-16T02:49:11.8,39.6082,142.1445,51.3,4.2,0.1694571710981828,0.9709428963481216
2016-09-09T04:47:04.68,39.6328,142.1661,48.1,3.8,2019-02-01T03:39:59.76,39.6428,142.138,47.7,3.7,-0.0134372578103882,0.9817360858410824
2016-09-09T04:47:04.68,39.6328,142.1661,48.1,3.8,2019-09-04T10:54:41.84,39.605,142.1095,53.7,3.9,-0.5194908515719893,0.9633633331030615
2016-09-09T04:47:04.68,39.6328,142.1661,48.1,3.8,2019-09-07T08:01:45.88,39.6172,142.2201,48.8,4.2,0.2360550980757736,0.9811721801928436
2016-09-09T04:47:04.68,39.6328,142.1661,48.1,3.8,2020-09-03T15:33:35.63,39.6053,142.1558,50.9,3.6,0.3233649006089586,0.9048750672492442
2016-09-09T04:47:04.68,39.6328,142.1661,48.1,3.8,2020-09-09T02:45:26.39,39.6114,142.1588,48.3,3.9,0.4042440456517963,0.965272703043054
2016-09-14T17:21:13.33,39.215,142.5672,17.0,3.6,2017-12-06T07:40:13.15,39.2107,142.4037,31.6,4.1,-3.17987551889864,0.9311807850694466
2016-09-24T03:19:30.53,39.1909,142.7439,29.0,4.0,2018-05-10T04:54:08.46,39.132,142.9069,16.0,3.9,3.435931239462785,0.9905755919814024
2016-09-24T03:19:30.53,39.1909,142.7439,29.0,4.0,2020-12-01T17:11:55.05,39.1489,142.9864,27.7,4.0,2.07948993083701,0.988010752548788
2016-10-01T06:44:58.13,40.3906,142.148,51.0,3.9,2017-02-26T11:34:09.63,40.3526,142.1316,53.1,3.8,-0.4402787194364824,0.9471711476240348
2016-10-01T06:44:58.13,40.3906,142.148,51.0,3.9,2017-10-29T04:41:43.79,40.3672,142.0631,50.7,3.6,-0.6184331390664612,0.9387531435681384
2016-10-01T06:44:58.13,40.3906,142.148,51.0,3.9,2018-05-12T22:22:35.0,40.3662,142.0368,51.6,3.5,-0.8457224821449344,0.983460570976234
2016-10-01T06:44:58.13,40.3906,142.148,51.0,3.9,2018-06-26T03:00:49.85,40.3716,142.0061,50.3,3.6,-1.1499488103442324,0.9477325169877304
2016-10-01T06:44:58.13,40.3906,142.148,51.0,3.9,2019-02-10T00:54:22.04,40.3749,141.9931,53.3,3.7,-1.2185933032517149,0.9928655436307784
2016-10-01T06:44:58.13,40.3906,142.148,51.0,3.9,2019-06-01T14:04:15.9,40.3712,142.1048,50.7,3.7,-0.7152484817503149,0.9313282371509314
2016-10-01T06:44:58.13,40.3906,142.148,51.0,3.9,2019-12-17T03:21:52.99,40.3807,142.0357,49.9,3.5,-0.7740088038382423,0.9263712680643372
2016-10-01T06:44:58.13,40.3906,142.148,51.0,3.9,2020-07-26T16:32:19.44,40.3575,142.0955,53.7,3.8,-0.7249496252543144,0.9935953451190528
2016-10-01T06:44:58.13,40.3906,142.148,51.0,3.9,2020-10-18T00:05:55.24,40.3513,141.9848,55.8,3.6,-0.8360404572829077,0.9535351275466494
2016-10-07T00:14:20.71,41.9881,142.5448,60.3,4.4,2019-01-17T02:23:36.84,41.9571,142.6011,68.3,4.4,-0.6373020060838024,0.9482188646723768
2016-10-14T18:34:28.49,41.4724,142.0306,65.8,3.8,2019-03-30T10:59:18.29,41.4575,142.0552,63.8,3.9,-0.0998911935393973,0.949602497646428
2016-10-27T23:44:31.72,40.157,142.4212,34.4,3.7,2017-01-16T14:21:47.7,40.1871,142.4363,47.8,4.2,-0.8467565762219394,0.9410950181811312
2016-10-27T23:44:31.72,40.157,142.4212,34.4,3.7,2019-08-25T15:05:20.47,40.1842,142.415,26.6,3.6,0.9835497114068538,0.9245526096502508
2016-11-06T21:36:46.14,40.1558,142.307,42.6,4.1,2017-06-13T10:55:42.4,40.1499,142.5646,33.0,3.7,3.4131460892517467,0.9771688571042764
2016-11-06T21:36:46.14,40.1558,142.307,42.6,4.1,2018-08-30T07:00:04.94,40.1625,142.369,41.4,3.9,0.6712984195939511,0.9905168842540396
2016-11-08T12:43:18.41,36.3354,141.1599,32.8,4.0,2020-07-19T12:01:29.9,36.3232,141.1821,35.0,4.1,-1.037211337044958,0.9385112998894828
2016-11-12T15:46:11.45,38.8788,142.0019,49.8,3.5,2017-08-06T17:55:48.2,38.8687,141.9708,53.1,3.9,0.4105022411501799,0.9156116829149156
2016-11-12T15:46:11.45,38.8788,142.0019,49.8,3.5,2020-07-28T10:46:30.15,38.8999,141.9835,52.8,3.9,-0.0504431774672621,0.9169886641081864
2016-11-17T06:50:04.99,40.2919,142.5925,3.1,3.9,2017-10-26T12:50:58.86,40.2501,142.479,26.0,3.8,-3.1165113985720483,0.9856763602126264
2016-11-17T06:50:04.99,40.2919,142.5925,3.1,3.9,2020-01-17T20:21:31.31,40.3207,142.5303,26.0,3.9,-3.12964109309809,0.9861095046978928
2016-11-27T17:11:51.17,41.4663,141.9961,62.1,3.6,2019-05-19T19:23:49.05,41.4699,142.01,64.4,3.5,0.2478274527068458,0.9436943922993012
2016-11-29T01:02:57.17,39.7907,141.8676,60.2,4.1,2017-05-06T08:18:54.37,39.7415,141.9147,59.4,4.1,0.1123591296694139,0.9545567285987224
2016-11-29T01:02:57.17,39.7907,141.8676,60.2,4.1,2017-12-12T03:47:27.11,39.7392,141.8298,60.1,4.0,-0.1536710911251901,0.9854554678620996
2016-11-29T01:02:57.17,39.7907,141.8676,60.2,4.1,2018-07-27T06:24:50.23,39.7356,141.8829,65.5,4.2,-0.9101859629434428,0.9835110573561086
2016-11-29T01:02:57.17,39.7907,141.8676,60.2,4.1,2019-02-18T11:41:44.95,39.7387,141.8496,61.4,3.7,-0.0808045371873629,0.9822464781921186
2016-11-29T01:02:57.17,39.7907,141.8676,60.2,4.1,2019-10-23T03:43:19.5,39.7583,141.8449,57.7,4.3,0.0118896594237746,0.9821075190245424
2016-11-29T01:02:57.17,39.7907,141.8676,60.2,4.1,2020-11-26T20:54:28.28,39.7188,142.1233,66.1,3.9,2.2556389665583443,0.956342896303187
2016-11-29T03:46:36.5,39.6371,142.1238,48.6,3.9,2016-12-20T15:27:27.24,39.6184,142.096,47.9,3.5,-0.0695115381037629,0.9394483381408996
2016-11-29T03:46:36.5,39.6371,142.1238,48.6,3.9,2017-04-05T20:00:13.64,39.611,142.0494,51.1,4.2,0.2459377374607108,0.9572190703033876
2016-11-29T03:46:36.5,39.6371,142.1238,48.6,3.9,2017-09-13T07:13:41.23,39.6106,142.1044,49.8,4.0,0.1794188827174992,0.9386370356611156
2016-11-29T03:46:36.5,39.6371,142.1238,48.6,3.9,2018-01-09T04:43:21.69,39.6236,142.1095,53.2,4.3,0.259684852970205,0.9767240114871928
2016-11-29T03:46:36.5,39.6371,142.1238,48.6,3.9,2018-05-14T22:46:33.01,39.619,142.1095,49.3,3.9,0.2307713703222119,0.940650238477044
2016-11-29T03:46:36.5,39.6371,142.1238,48.6,3.9,2018-10-22T23:44:17.78,39.6408,142.1573,47.5,3.5,0.981228946648228,0.9449249857189692
2016-11-29T03:46:36.5,39.6371,142.1238,48.6,3.9,2018-11-16T02:49:11.8,39.6082,142.1445,51.3,4.2,0.6391752250168052,0.9768037253811682
2016-11-29T03:46:36.5,39.6371,142.1238,48.6,3.9,2019-02-01T03:39:59.76,39.6428,142.138,47.7,3.7,0.4563351725820331,0.9171195139820506
2016-11-29T03:46:36.5,39.6371,142.1238,48.6,3.9,2019-09-04T10:54:41.84,39.605,142.1095,53.7,3.9,-0.0521353223023957,0.952260737469718
2016-11-29T03:46:36.5,39.6371,142.1238,48.6,3.9,2019-09-07T08:01:45.88,39.6172,142.2201,48.8,4.2,0.70832781859404,0.9488492677087976
2016-11-29T03:46:36.5,39.6371,142.1238,48.6,3.9,2020-09-03T15:33:35.63,39.6053,142.1558,50.9,3.6,0.7958480157107752,0.9696798671442436
2016-11-29T03:46:36.5,39.6371,142.1238,48.6,3.9,2020-09-09T02:45:26.39,39.6114,142.1588,48.3,3.9,0.8757286598244572,0.9671857186723468
2016-12-05T19:01:53.65,41.904,142.3143,64.6,3.8,2018-11-29T04:29:40.06,41.9482,142.3483,70.8,3.6,-0.5324033228150222,0.9666024275661192
2016-12-05T19:01:53.65,41.904,142.3143,64.6,3.8,2019-10-20T04:42:52.83,41.9249,142.3488,67.7,4.1,-0.8814816909141918,0.9809755752397044
2016-12-08T04:25:10.3,38.5752,142.022,40.6,4.1,2017-07-01T18:53:11.37,38.6039,141.9678,49.1,4.1,-1.1993814893140606,0.975543950570878
2016-12-08T04:25:10.3,38.5752,142.022,40.6,4.1,2018-02-02T10:44:48.31,38.5609,142.1253,39.0,4.1,-0.1304004149870218,0.9735161744973012
2016-12-08T04:25:10.3,38.5752,142.022,40.6,4.1,2018-08-16T10:44:09.3,38.5708,141.9456,49.2,3.9,-1.6627177068246,0.9667202067390496
2016-12-08T04:25:10.3,38.5752,142.022,40.6,4.1,2019-04-01T12:17:32.96,38.5938,141.9946,50.0,4.0,-1.803875125437924,0.9705422202594826
2016-12-08T04:25:10.3,38.5752,142.022,40.6,4.1,2019-10-20T22:53:33.32,38.5649,142.08,43.8,3.9,-0.4100437301644758,0.9737689827902176
2016-12-20T15:27:27.24,39.6184,142.096,47.9,3.5,2017-04-05T20:00:13.64,39.611,142.0494,51.1,4.2,0.3109229421972587,0.9408120525002204
2016-12-20T15:27:27.24,39.6184,142.096,47.9,3.5,2017-09-13T07:13:41.23,39.6106,142.1044,49.8,4.0,0.2486098247923243,0.9881737051711336
2016-12-20T15:27:27.24,39.6184,142.096,47.9,3.5,2018-01-09T04:43:21.69,39.6236,142.1095,53.2,4.3,0.328246615374386,0.9633624231135408
2016-12-20T15:27:27.24,39.6184,142.096,47.9,3.5,2018-05-14T22:46:33.01,39.619,142.1095,49.3,3.9,0.2984611964459687,0.989712454239838
2016-12-20T15:27:27.24,39.6184,142.096,47.9,3.5,2018-10-22T23:44:17.78,39.6408,142.1573,47.5,3.5,1.052374153475531,0.9896886826000716
2016-12-20T15:27:27.24,39.6184,142.096,47.9,3.5,2018-11-16T02:49:11.8,39.6082,142.1445,51.3,4.2,0.7079653604769327,0.97002328792779
2016-12-20T15:27:27.24,39.6184,142.096,47.9,3.5,2019-02-01T03:39:59.76,39.6428,142.138,47.7,3.7,0.5258195998581598,0.9830033165629336
2016-12-20T15:27:27.24,39.6184,142.096,47.9,3.5,2019-09-04T10:54:41.84,39.605,142.1095,53.7,3.9,0.0185112628648873,0.963752574962627
2016-12-20T15:27:27.24,39.6184,142.096,47.9,3.5,2019-09-07T08:01:45.88,39.6172,142.2201,48.8,4.2,0.7750242235393249,0.9777711647106626
2016-12-20T15:27:27.24,39.6184,142.096,47.9,3.5,2020-09-03T15:33:35.63,39.6053,142.1558,50.9,3.6,0.8634015564539413,0.9106715211515922
2016-12-20T15:27:27.24,39.6184,142.096,47.9,3.5,2020-09-09T02:45:26.39,39.6114,142.1588,48.3,3.9,0.9440008059242724,0.9612907770827188
2016-12-24T07:04:32.57,38.8069,142.1666,39.0,4.1,2018-06-17T15:43:42.62,38.8022,142.1996,46.5,4.1,-0.1898458947108209,0.9790094539461044
2016-12-24T07:04:32.57,38.8069,142.1666,39.0,4.1,2020-08-27T00:48:42.33,38.8381,142.1809,42.6,4.2,0.2893789358488416,0.978637693361894
2016-12-25T22:52:59.53,39.8359,143.3617,6.0,4.1,2019-04-19T00:38:07.52,39.7099,143.5191,24.2,4.1,-1.000573014118315,0.9836474582940764
2016-12-29T12:46:51.63,39.7577,141.8853,58.9,3.6,2017-07-05T21:40:16.04,39.7374,141.8889,64.8,3.5,1.0276094411819194,0.9594501963221272
2016-12-29T12:46:51.63,39.7577,141.8853,58.9,3.6,2017-12-16T18:50:16.25,39.7454,141.8577,58.8,3.6,0.4474953786585592,0.9600889040706052
2016-12-29T12:46:51.63,39.7577,141.8853,58.9,3.6,2018-10-15T18:52:11.05,39.7598,141.8232,56.7,3.5,0.0633450928468349,0.9681359047676676
2016-12-29T12:46:51.63,39.7577,141.8853,58.9,3.6,2020-01-21T19:34:31.95,39.7627,141.8302,57.2,3.7,0.2493544737937305,0.9616694572469074
2016-12-30T08:33:10.0,38.8661,141.9908,45.5,4.0,2017-08-07T22:35:14.81,38.8689,141.9697,51.6,4.1,-0.129907880126653,0.9436162030319112
2016-12-30T08:33:10.0,38.8661,141.9908,45.5,4.0,2018-07-14T09:13:51.33,38.8582,142.0765,48.0,4.2,0.3025564998012505,0.960683687444032
2016-12-30T08:33:10.0,38.8661,141.9908,45.5,4.0,2019-03-06T18:43:45.28,38.822,142.0917,46.3,3.9,0.8623505733842161,0.9332198711375872
2016-12-30T08:33:10.0,38.8661,141.9908,45.5,4.0,2019-08-23T16:39:30.56,38.8799,142.2948,28.1,3.9,3.889211469468715,0.9057448019839937
2016-12-30T08:33:10.0,38.8661,141.9908,45.5,4.0,2020-07-11T13:11:54.05,38.8783,142.0117,55.9,3.9,-0.8149076993178272,0.9502084577805296
2017-01-01T14:55:06.99,40.9032,142.0374,55.6,3.7,2018-08-29T03:25:50.72,40.8935,142.1536,51.3,3.5,0.7743369513657891,0.9935732255684464
2017-01-01T14:55:06.99,40.9032,142.0374,55.6,3.7,2020-10-03T21:25:04.54,40.8801,142.0388,57.0,3.7,-0.5234695143011342,0.9903651721154592
2017-01-17T15:28:24.78,41.5442,142.106,66.5,3.8,2017-05-05T10:51:59.31,41.5174,142.1351,64.8,3.8,0.3047391809354772,0.9146812623428257
2017-01-17T15:28:24.78,41.5442,142.106,66.5,3.8,2018-08-23T20:52:45.12,41.5504,142.0818,61.0,3.5,0.2792466004593369,0.9242058018343504
2017-01-18T08:19:25.82,36.4248,140.7243,57.3,4.3,2020-01-21T10:17:54.71,36.4743,140.6827,53.8,4.4,-0.0787652947802048,0.9308374983322172
2017-02-05T00:16:52.17,40.1396,142.406,44.2,4.1,2017-04-08T01:46:07.98,40.2038,142.5934,25.2,4.0,3.741046318513378,0.9065085876534422
2017-02-06T02:27:28.33,38.5089,141.8324,58.5,4.4,2018-05-12T16:49:37.14,38.5169,141.9269,51.0,4.7,1.1117161677201035,0.9019149577756352
2017-02-07T13:03:18.58,41.5411,142.1004,62.2,3.7,2019-10-09T15:52:43.42,41.5627,142.0603,63.0,3.8,-0.7223117943272058,0.9928052475031138
2017-02-13T19:18:56.94,41.969,142.328,71.2,4.0,2019-04-08T13:22:02.91,41.9641,142.3554,70.2,4.3,0.5414493679761421,0.9984181215697204
2017-02-26T11:34:09.63,40.3526,142.1316,53.1,3.8,2017-04-01T15:40:45.25,40.385,142.0448,50.4,3.7,-0.2835382279586431,0.9083210961053222
2017-02-26T11:34:09.63,40.3526,142.1316,53.1,3.8,2017-10-29T04:41:43.79,40.3672,142.0631,50.7,3.6,-0.1756914876053137,0.97655744142931
2017-02-26T11:34:09.63,40.3526,142.1316,53.1,3.8,2018-05-12T22:22:35.0,40.3662,142.0368,51.6,3.5,-0.4039647033473696,0.9346955146593598
2017-02-26T11:34:09.63,40.3526,142.1316,53.1,3.8,2018-06-26T03:00:49.85,40.3716,142.0061,50.3,3.6,-0.7109688644448913,0.9952284225207068
2017-02-26T11:34:09.63,40.3526,142.1316,53.1,3.8,2018-07-19T20:07:40.71,40.3627,142.0637,53.1,3.8,-0.0348763448138221,0.9184112121564342
2017-02-26T11:34:09.63,40.3526,142.1316,53.1,3.8,2019-02-10T00:54:22.04,40.3749,141.9931,53.3,3.7,-0.7775723417705468,0.9324425333703988
2017-02-26T11:34:09.63,40.3526,142.1316,53.1,3.8,2019-06-01T14:04:15.9,40.3712,142.1048,50.7,3.7,-0.2740621054102282,0.9933369643555732
2017-02-26T11:34:09.63,40.3526,142.1316,53.1,3.8,2019-12-17T03:21:52.99,40.3807,142.0357,49.9,3.5,-0.3307191322803575,0.9637051849663812
2017-02-26T11:34:09.63,40.3526,142.1316,53.1,3.8,2020-07-26T16:32:19.44,40.3575,142.0955,53.7,3.8,-0.2851672992556315,0.9296198197958108
2017-02-26T11:34:09.63,40.3526,142.1316,53.1,3.8,2020-10-18T00:05:55.24,40.3513,141.9848,55.8,3.6,-0.3965001053522854,0.9938488876752292
2017-02-26T15:03:33.71,37.1163,141.1537,53.3,4.8,2018-11-23T14:30:14.57,37.1016,141.1838,52.4,4.8,-0.1496592225684619,0.9928298693131437
2017-03-06T15:39:55.45,38.9047,141.9909,48.5,3.6,2017-07-31T04:20:12.58,38.8873,142.0092,50.1,3.8,0.1687741248466795,0.9062192206670436
2017-03-07T19:51:53.98,39.8433,143.1754,27.5,4.7,2018-09-20T08:08:08.01,39.9567,143.1324,12.0,4.3,1.0892557952144806,0.9319471686128806
2017-04-01T15:40:45.25,40.385,142.0448,50.4,3.7,2018-05-12T22:22:35.0,40.3662,142.0368,51.6,3.5,-0.1124447704232882,0.9002903371378869
2017-04-01T15:40:45.25,40.385,142.0448,50.4,3.7,2018-07-19T20:07:40.71,40.3627,142.0637,53.1,3.8,0.2484917528730091,0.9985167800333288
2017-04-01T15:40:45.25,40.385,142.0448,50.4,3.7,2019-06-01T14:04:15.9,40.3712,142.1048,50.7,3.7,0.0087823034865805,0.9304070453414156
2017-04-05T20:00:13.64,39.611,142.0494,51.1,4.2,2017-09-13T07:13:41.23,39.6106,142.1044,49.8,4.0,-0.0620984394783925,0.949829236561662
2017-04-05T20:00:13.64,39.611,142.0494,51.1,4.2,2018-01-09T04:43:21.69,39.6236,142.1095,53.2,4.3,0.0165029365059328,0.9769650586887072
2017-04-05T20:00:13.64,39.611,142.0494,51.1,4.2,2018-05-14T22:46:33.01,39.619,142.1095,49.3,3.9,-0.011638373597324,0.9549315145499728
2017-04-05T20:00:13.64,39.611,142.0494,51.1,4.2,2018-10-22T23:44:17.78,39.6408,142.1573,47.5,3.5,0.7413377283075091,0.9309092419494956
2017-04-05T20:00:13.64,39.611,142.0494,51.1,4.2,2018-11-16T02:49:11.8,39.6082,142.1445,51.3,4.2,0.3968241993785961,0.96897298995025
2017-04-05T20:00:13.64,39.611,142.0494,51.1,4.2,2019-02-01T03:39:59.76,39.6428,142.138,47.7,3.7,0.2174444838591969,0.9337552075197174
2017-04-05T20:00:13.64,39.611,142.0494,51.1,4.2,2019-09-04T10:54:41.84,39.605,142.1095,53.7,3.9,-0.2931352735162764,0.9358298388415784
2017-04-05T20:00:13.64,39.611,142.0494,51.1,4.2,2019-09-07T08:01:45.88,39.6172,142.2201,48.8,4.2,0.4645510634987096,0.9716048878640552
2017-04-05T20:00:13.64,39.611,142.0494,51.1,4.2,2020-09-03T15:33:35.63,39.6053,142.1558,50.9,3.6,0.5494041018258432,0.9410832896545356
2017-04-05T20:00:13.64,39.611,142.0494,51.1,4.2,2020-09-09T02:45:26.39,39.6114,142.1588,48.3,3.9,0.6340256094063286,0.9840150658912044
2017-04-08T01:46:07.98,40.2038,142.5934,25.2,4.0,2018-10-07T14:51:31.78,40.2539,142.6949,14.5,4.0,1.2523792019734952,0.9973997189976206
2017-04-08T01:46:07.98,40.2038,142.5934,25.2,4.0,2020-08-20T00:38:29.24,40.1872,142.3914,41.4,3.8,-3.010082825618031,0.9969788722646028
2017-04-10T07:39:54.31,41.3071,142.9943,30.0,3.5,2017-04-11T12:28:02.46,41.1149,143.2226,24.8,3.7,0.2960719251003882,0.9530097449312226
2017-04-25T18:01:33.67,38.8642,142.1573,51.0,3.6,2018-01-07T02:23:11.64,38.8522,142.0152,49.7,3.9,-0.43922645538317,0.9025012453204854
2017-04-25T18:01:33.67,38.8642,142.1573,51.0,3.6,2018-07-14T09:13:51.33,38.8582,142.0765,48.0,4.2,0.1245467119837921,0.9155275469954102
2017-04-25T18:01:33.67,38.8642,142.1573,51.0,3.6,2019-03-06T18:43:45.28,38.822,142.0917,46.3,3.9,0.685509880368325,0.9255190228597224
2017-04-25T18:01:33.67,38.8642,142.1573,51.0,3.6,2020-07-11T13:11:54.05,38.8783,142.0117,55.9,3.9,-0.9938042601861824,0.9440221977377358
2017-04-27T16:39:04.02,40.8882,142.0704,55.0,3.7,2019-01-21T22:50:36.38,40.873,142.0567,56.5,3.7,0.4172998838153445,0.9922139248742954
2017-05-02T10:29:21.03,41.5405,141.9893,70.3,3.8,2019-06-28T09:20:00.31,41.568,141.9277,65.3,3.9,-0.3746084208603251,0.9984878887619052
2017-05-05T10:51:59.31,41.5174,142.1351,64.8,3.8,2018-08-23T20:52:45.12,41.5504,142.0818,61.0,3.5,-0.0251165309168368,0.988788545246484
2017-05-06T08:18:54.37,39.7415,141.9147,59.4,4.1,2017-12-12T03:47:27.11,39.7392,141.8298,60.1,4.0,-0.2657851799323393,0.9696189550177746
2017-05-06T08:18:54.37,39.7415,141.9147,59.4,4.1,2018-07-27T06:24:50.23,39.7356,141.8829,65.5,4.2,-1.0241543601366223,0.975103680421787
2017-05-06T08:18:54.37,39.7415,141.9147,59.4,4.1,2019-02-18T11:41:44.95,39.7387,141.8496,61.4,3.7,-0.1913726583791409,0.9687181210201008
2017-05-06T08:18:54.37,39.7415,141.9147,59.4,4.1,2019-10-23T03:43:19.5,39.7583,141.8449,57.7,4.3,-0.1006831096640132,0.9808283254481563
2017-05-06T08:18:54.37,39.7415,141.9147,59.4,4.1,2020-11-26T20:54:28.28,39.7188,142.1233,66.1,3.9,2.144661674425216,0.98205488012661
2017-05-12T04:35:17.81,38.6362,141.9067,48.1,3.5,2018-02-27T00:53:02.31,38.6317,141.9382,44.9,3.6,0.1992727568194765,0.9061880953301058
2017-05-12T04:35:17.81,38.6362,141.9067,48.1,3.5,2019-06-03T07:45:15.93,38.638,141.9042,47.0,3.6,-0.1261663108785098,0.9419362791526826
2017-06-09T19:34:14.35,40.1336,142.5867,39.2,4.6,2020-11-20T18:01:24.11,40.1604,142.5275,42.3,4.7,-1.09711524196216,0.9533588216977196
2017-06-13T10:55:42.4,40.1499,142.5646,33.0,3.7,2018-08-30T07:00:04.94,40.1625,142.369,41.4,3.9,-2.743762538608016,0.97756341593748
2017-06-13T10:55:42.4,40.1499,142.5646,33.0,3.7,2019-08-25T15:05:20.47,40.1842,142.415,26.6,3.6,-1.192814906762274,0.9094556907732312
2017-06-18T11:10:46.85,40.2684,142.2364,30.6,3.6,2018-08-03T01:30:41.99,40.2935,142.2867,37.9,3.6,-0.5386854109054476,0.995840317764352
2017-06-18T11:10:46.85,40.2684,142.2364,30.6,3.6,2019-06-22T05:15:01.78,40.2955,142.2958,37.6,3.6,-0.4802490093247676,0.9975842392549468
2017-06-18T11:10:46.85,40.2684,142.2364,30.6,3.6,2020-12-10T15:08:46.58,40.2867,142.2447,44.1,3.5,-0.6876079157513282,0.991665542090037
2017-07-01T18:53:11.37,38.6039,141.9678,49.1,4.1,2018-02-02T10:44:48.31,38.5609,142.1253,39.0,4.1,1.0686270150215278,0.9847136173919804
2017-07-01T18:53:11.37,38.6039,141.9678,49.1,4.1,2018-08-16T10:44:09.3,38.5708,141.9456,49.2,3.9,-0.4628595281215978,0.978043099233462
2017-07-01T18:53:11.37,38.6039,141.9678,49.1,4.1,2019-04-01T12:17:32.96,38.5938,141.9946,50.0,4.0,-0.6030883746248465,0.9791864460997148
2017-07-01T18:53:11.37,38.6039,141.9678,49.1,4.1,2019-10-20T22:53:33.32,38.5649,142.08,43.8,3.9,0.7897240188724854,0.9845854929073788
2017-07-03T02:27:25.18,37.1267,141.4957,31.7,4.2,2019-04-27T00:57:29.03,37.1869,141.3486,45.0,4.3,-1.9470590054328,0.9629496007764168
2017-07-05T21:40:16.04,39.7374,141.8889,64.8,3.5,2017-12-16T18:50:16.25,39.7454,141.8577,58.8,3.6,-0.5787990827163957,0.9707858732651026
2017-07-05T21:40:16.04,39.7374,141.8889,64.8,3.5,2018-10-15T18:52:11.05,39.7598,141.8232,56.7,3.5,-0.964127883442812,0.9816998992430718
2017-07-05T21:40:16.04,39.7374,141.8889,64.8,3.5,2020-01-21T19:34:31.95,39.7627,141.8302,57.2,3.7,-0.7772106024053768,0.9735111309242328
2017-07-16T10:23:01.17,39.0864,142.2035,45.3,3.9,2018-05-27T03:22:15.63,39.0906,142.2065,51.0,3.8,-0.6082683632408026,0.993433703613732
2017-07-16T10:23:01.17,39.0864,142.2035,45.3,3.9,2019-05-16T16:04:43.87,39.0514,142.3237,45.3,3.9,0.3790096723802921,0.99425082213373
2017-07-28T22:25:11.01,38.1491,141.7745,45.4,4.2,2019-04-07T18:00:03.03,38.1289,141.7481,47.7,4.0,-0.0235594507573626,0.9327964073800078
2017-08-04T22:55:18.61,36.4892,140.5693,57.1,4.1,2020-09-17T05:00:36.68,36.5084,140.5078,55.4,4.4,-0.3439308114954744,0.9694250966378286
2017-08-06T17:55:48.2,38.8687,141.9708,53.1,3.9,2017-12-14T12:12:12.98,38.8917,141.9808,54.3,3.8,-0.4434475435834663,0.9511714586933456
2017-08-06T17:55:48.2,38.8687,141.9708,53.1,3.9,2018-07-02T11:47:04.2,38.8656,142.0237,52.9,3.9,-0.4167092176166598,0.9602665156277992
2017-08-06T17:55:48.2,38.8687,141.9708,53.1,3.9,2018-11-26T13:04:01.92,38.8991,141.9159,49.2,3.9,-1.153127788657032,0.922923671159133
2017-08-06T17:55:48.2,38.8687,141.9708,53.1,3.9,2019-05-06T05:13:25.06,38.8708,142.0552,49.6,3.8,0.5259397359654161,0.9376159017950844
2017-08-06T17:55:48.2,38.8687,141.9708,53.1,3.9,2019-09-27T11:11:01.95,38.8949,141.9515,48.9,4.0,-0.5644475224423704,0.9483442392164472
2017-08-06T17:55:48.2,38.8687,141.9708,53.1,3.9,2020-07-28T10:46:30.15,38.8999,141.9835,52.8,3.9,-0.460561670170049,0.9768849962965712
2017-08-07T22:35:14.81,38.8689,141.9697,51.6,4.1,2018-07-14T09:13:51.33,38.8582,142.0765,48.0,4.2,0.4319451025346518,0.9838211116588532
2017-08-07T22:35:14.81,38.8689,141.9697,51.6,4.1,2019-03-06T18:43:45.28,38.822,142.0917,46.3,3.9,0.991690020650736,0.929074244222408
2017-08-07T22:35:14.81,38.8689,141.9697,51.6,4.1,2019-08-23T16:39:30.56,38.8799,142.2948,28.1,3.9,4.021643177276062,0.9416689436304972
2017-08-07T22:35:14.81,38.8689,141.9697,51.6,4.1,2020-07-11T13:11:54.05,38.8783,142.0117,55.9,3.9,-0.6848317420661891,0.973320848147229
2017-08-14T11:01:31.55,40.1051,142.3077,47.0,4.0,2019-06-27T19:29:43.28,40.1277,142.4937,44.1,4.0,0.8756646143461592,0.990125234998842
2017-08-20T09:59:28.67,39.2339,142.4592,17.1,3.9,2017-08-20T12:34:55.33,39.2339,142.4416,25.9,3.5,-1.0093435224763432,0.9270664328072284
2017-09-13T07:13:41.23,39.6106,142.1044,49.8,4.0,2018-01-09T04:43:21.69,39.6236,142.1095,53.2,4.3,0.0801484121484564,0.9707529996165288
2017-09-13T07:13:41.23,39.6106,142.1044,49.8,4.0,2018-05-14T22:46:33.01,39.619,142.1095,49.3,3.9,0.0511036248915343,0.9923800600303828
2017-09-13T07:13:41.23,39.6106,142.1044,49.8,4.0,2018-10-22T23:44:17.78,39.6408,142.1573,47.5,3.5,0.8042927482153546,0.9825247548682968
2017-09-13T07:13:41.23,39.6106,142.1044,49.8,4.0,2018-11-16T02:49:11.8,39.6082,142.1445,51.3,4.2,0.4605135124623817,0.9694329104663169
2017-09-13T07:13:41.23,39.6106,142.1044,49.8,4.0,2019-02-01T03:39:59.76,39.6428,142.138,47.7,3.7,0.2782072917975534,0.9831869668505016
2017-09-13T07:13:41.23,39.6106,142.1044,49.8,4.0,2019-09-04T10:54:41.84,39.605,142.1095,53.7,3.9,-0.2286136117767243,0.9568721165432262
2017-09-13T07:13:41.23,39.6106,142.1044,49.8,4.0,2019-09-07T08:01:45.88,39.6172,142.2201,48.8,4.2,0.5272067152882829,0.9823197502533144
2017-09-13T07:13:41.23,39.6106,142.1044,49.8,4.0,2020-09-03T15:33:35.63,39.6053,142.1558,50.9,3.6,0.6141042410916342,0.9123805471245596
2017-09-13T07:13:41.23,39.6106,142.1044,49.8,4.0,2020-09-09T02:45:26.39,39.6114,142.1588,48.3,3.9,0.6959665977258431,0.9679927535854828
2017-10-06T11:28:54.61,37.712,143.6996,6.2,4.4,2018-07-28T18:00:30.29,37.4305,143.7121,35.0,4.1,-3.192669460172462,0.9137122871547098
2017-10-18T11:51:33.66,40.2001,142.5141,32.1,3.8,2019-12-30T17:03:37.79,40.3381,142.5111,19.6,3.8,1.0599880654690017,0.994716371674158
2017-10-21T00:19:30.79,40.3775,142.2752,39.6,3.5,2018-08-24T21:30:28.05,40.4004,142.2845,51.9,4.5,-0.2299661878970594,0.9452419118573931
2017-10-26T12:50:58.86,40.2501,142.479,26.0,3.8,2020-01-17T20:21:31.31,40.3207,142.5303,26.0,3.9,-0.0136267224899122,0.9961015879881112
2017-10-29T04:41:43.79,40.3672,142.0631,50.7,3.6,2018-05-12T22:22:35.0,40.3662,142.0368,51.6,3.5,-0.225107962518111,0.9421635149513852
2017-10-29T04:41:43.79,40.3672,142.0631,50.7,3.6,2018-06-26T03:00:49.85,40.3716,142.0061,50.3,3.6,-0.5338403242234029,0.9657333530824032
2017-10-29T04:41:43.79,40.3672,142.0631,50.7,3.6,2018-07-19T20:07:40.71,40.3627,142.0637,53.1,3.8,0.1375831937904442,0.9078579429654768
2017-10-29T04:41:43.79,40.3672,142.0631,50.7,3.6,2019-02-10T00:54:22.04,40.3749,141.9931,53.3,3.7,-0.5994040739577683,0.9370343342329732
2017-10-29T04:41:43.79,40.3672,142.0631,50.7,3.6,2019-06-01T14:04:15.9,40.3712,142.1048,50.7,3.7,-0.0999158172203221,0.9744106358765888
2017-10-29T04:41:43.79,40.3672,142.0631,50.7,3.6,2019-12-17T03:21:52.99,40.3807,142.0357,49.9,3.5,-0.1548331133620707,0.9913620654138128
2017-10-29T04:41:43.79,40.3672,142.0631,50.7,3.6,2020-07-26T16:32:19.44,40.3575,142.0955,53.7,3.8,-0.1057421160427528,0.931134908943558
2017-10-29T04:41:43.79,40.3672,142.0631,50.7,3.6,2020-10-18T00:05:55.24,40.3513,141.9848,55.8,3.6,-0.2188490105807428,0.9766621301801272
2017-11-05T18:49:51.39,40.1035,142.3748,45.2,3.9,2018-11-26T09:01:02.96,40.0974,142.4147,41.4,3.8,1.5361316001214915,0.9685867129259468
2017-12-10T13:23:44.49,39.9658,142.4285,24.8,3.8,2019-12-12T08:43:58.35,39.9787,142.3707,31.8,3.7,-1.036525965034811,0.986223492900664
2017-12-12T03:47:27.11,39.7392,141.8298,60.1,4.0,2018-07-27T06:24:50.23,39.7356,141.8829,65.5,4.2,-0.7580910284466547,0.9828547870508624
2017-12-12T03:47:27.11,39.7392,141.8298,60.1,4.0,2019-02-18T11:41:44.95,39.7387,141.8496,61.4,3.7,0.0734023723885894,0.9816127854252596
2017-12-12T03:47:27.11,39.7392,141.8298,60.1,4.0,2019-10-23T03:43:19.5,39.7583,141.8449,57.7,4.3,0.1647768813201041,0.9923681719728406
2017-12-12T03:47:27.11,39.7392,141.8298,60.1,4.0,2020-11-26T20:54:28.28,39.7188,142.1233,66.1,3.9,2.4096865237021423,0.9719706298079837
2017-12-14T12:12:12.98,38.8917,141.9808,54.3,3.8,2018-07-02T11:47:04.2,38.8656,142.0237,52.9,3.9,0.0277824481427427,0.9746751483543874
2017-12-14T12:12:12.98,38.8917,141.9808,54.3,3.8,2018-11-26T13:04:01.92,38.8991,141.9159,49.2,3.9,-0.7075552899142086,0.9505734997235396
2017-12-14T12:12:12.98,38.8917,141.9808,54.3,3.8,2019-05-06T05:13:25.06,38.8708,142.0552,49.6,3.8,0.9693471307872435,0.9615977594684192
2017-12-14T12:12:12.98,38.8917,141.9808,54.3,3.8,2019-09-27T11:11:01.95,38.8949,141.9515,48.9,4.0,-0.1214153289742284,0.9589466302665128
2017-12-14T12:12:12.98,38.8917,141.9808,54.3,3.8,2020-07-28T10:46:30.15,38.8999,141.9835,52.8,3.9,-0.0166334260714334,0.9320000818015982
2017-12-16T18:50:16.25,39.7454,141.8577,58.8,3.6,2018-10-15T18:52:11.05,39.7598,141.8232,56.7,3.5,-0.3850916309387249,0.9794937370077984
2017-12-16T18:50:16.25,39.7454,141.8577,58.8,3.6,2020-01-21T19:34:31.95,39.7627,141.8302,57.2,3.7,-0.1982034140351403,0.9755523062768596
2018-01-07T02:23:11.64,38.8522,142.0152,49.7,3.9,2018-07-14T09:13:51.33,38.8582,142.0765,48.0,4.2,0.5665562761867109,0.9234027324899254
2018-01-07T02:23:11.64,38.8522,142.0152,49.7,3.9,2019-03-06T18:43:45.28,38.822,142.0917,46.3,3.9,1.1269246975758596,0.9256049187549816
2018-01-07T02:23:11.64,38.8522,142.0152,49.7,3.9,2020-07-11T13:11:54.05,38.8783,142.0117,55.9,3.9,-0.5521642139598051,0.9209085559435272
2018-01-09T04:43:21.69,39.6236,142.1095,53.2,4.3,2018-05-14T22:46:33.01,39.619,142.1095,49.3,3.9,-0.0287010836044165,0.9727315534189908
2018-01-09T04:43:21.69,39.6236,142.1095,53.2,4.3,2018-10-22T23:44:17.78,39.6408,142.1573,47.5,3.5,0.7233930751068047,0.9563611428093052
2018-01-09T04:43:21.69,39.6236,142.1095,53.2,4.3,2018-11-16T02:49:11.8,39.6082,142.1445,51.3,4.2,0.380292905330833,0.9955720151929944
2018-01-09T04:43:21.69,39.6236,142.1095,53.2,4.3,2019-02-01T03:39:59.76,39.6428,142.138,47.7,3.7,0.1979292755413715,0.9558931707064452
2018-01-09T04:43:21.69,39.6236,142.1095,53.2,4.3,2019-09-04T10:54:41.84,39.605,142.1095,53.7,3.9,-0.3096947219388209,0.980566879367252
2018-01-09T04:43:21.69,39.6236,142.1095,53.2,4.3,2019-09-07T08:01:45.88,39.6172,142.2201,48.8,4.2,0.4478231538384506,0.9661849310333124
2018-01-09T04:43:21.69,39.6236,142.1095,53.2,4.3,2020-09-03T15:33:35.63,39.6053,142.1558,50.9,3.6,0.5355434347444774,0.94346080433284
2018-01-09T04:43:21.69,39.6236,142.1095,53.2,4.3,2020-09-09T02:45:26.39,39.6114,142.1588,48.3,3.9,0.6156837244550039,0.9933242107039628
2018-02-02T10:44:48.31,38.5609,142.1253,39.0,4.1,2018-08-16T10:44:09.3,38.5708,141.9456,49.2,3.9,-1.53294563151993,0.9785723262021832
2018-02-02T10:44:48.31,38.5609,142.1253,39.0,4.1,2019-04-01T12:17:32.96,38.5938,141.9946,50.0,4.0,-1.6729693888842403,0.9811712721431298
2018-02-02T10:44:48.31,38.5609,142.1253,39.0,4.1,2019-10-20T22:53:33.32,38.5649,142.08,43.8,3.9,-0.2790823557362108,0.9764656906812024
2018-02-02T14:52:09.71,39.3348,142.1194,47.5,4.1,2019-09-12T17:09:36.39,39.3388,142.101,46.0,3.6,-0.0695782409292589,0.944570538082046
2018-02-02T14:52:09.71,39.3348,142.1194,47.5,4.1,2020-07-24T10:35:20.94,39.3079,142.1305,49.3,3.5,0.5660931709097279,0.9633081749951412
2018-02-27T00:53:02.31,38.6317,141.9382,44.9,3.6,2019-06-03T07:45:15.93,38.638,141.9042,47.0,3.6,-0.3266245277428185,0.9021096489514128
2018-03-29T14:05:58.75,41.9269,142.3237,64.0,4.4,2018-11-29T04:29:40.06,41.9482,142.3483,70.8,3.6,-0.9612158016172652,0.9178321494115912
2018-03-29T16:30:55.64,39.7444,141.8396,58.5,3.7,2019-02-16T08:42:43.25,39.7698,141.8782,58.5,3.7,0.0018586055609475,0.9474246863421548
2018-03-29T16:30:55.64,39.7444,141.8396,58.5,3.7,2019-11-13T10:22:16.76,39.7522,141.9135,61.0,3.7,0.0132649054516201,0.9786518063297116
2018-03-29T16:30:55.64,39.7444,141.8396,58.5,3.7,2020-10-16T00:38:33.97,39.7659,141.8763,58.4,3.7,0.1166894860548727,0.9807507490085178
2018-04-19T20:26:35.4,39.4347,143.658,11.0,3.6,2018-04-19T20:37:40.72,39.3978,143.8787,10.0,3.9,3.6931269690815336,0.9653258664344576
2018-04-23T04:26:56.8,40.6887,142.2558,44.3,3.6,2019-11-19T09:39:00.65,40.6872,142.2483,45.3,3.6,-0.0216457878868919,0.9914036568349096
2018-05-10T04:54:08.46,39.132,142.9069,16.0,3.9,2020-12-01T17:11:55.05,39.1489,142.9864,27.7,4.0,-1.3565452058626393,0.9906707804479344
2018-05-12T16:49:37.14,38.5169,141.9269,51.0,4.7,2019-12-26T09:26:39.15,38.5526,141.7915,60.0,4.7,-1.6074069822268495,0.9282985021036676
2018-05-12T22:22:35.0,40.3662,142.0368,51.6,3.5,2018-06-26T03:00:49.85,40.3716,142.0061,50.3,3.6,-0.3060171847074325,0.9271573680416626
2018-05-12T22:22:35.0,40.3662,142.0368,51.6,3.5,2018-07-19T20:07:40.71,40.3627,142.0637,53.1,3.8,0.3618703045851354,0.9078233787990612
2018-05-12T22:22:35.0,40.3662,142.0368,51.6,3.5,2019-02-10T00:54:22.04,40.3749,141.9931,53.3,3.7,-0.3731357745626829,0.9938444860981842
2018-05-12T22:22:35.0,40.3662,142.0368,51.6,3.5,2019-06-01T14:04:15.9,40.3712,142.1048,50.7,3.7,0.1277691791312822,0.9216636199367106
2018-05-12T22:22:35.0,40.3662,142.0368,51.6,3.5,2019-12-17T03:21:52.99,40.3807,142.0357,49.9,3.5,0.0698456151095416,0.936748827789634
2018-05-12T22:22:35.0,40.3662,142.0368,51.6,3.5,2020-07-26T16:32:19.44,40.3575,142.0955,53.7,3.8,0.1208416649295788,0.9891928733993732
2018-05-12T22:22:35.0,40.3662,142.0368,51.6,3.5,2020-10-18T00:05:55.24,40.3513,141.9848,55.8,3.6,0.0078862562582557,0.9364691773917626
2018-05-14T22:46:33.01,39.619,142.1095,49.3,3.9,2018-10-22T23:44:17.78,39.6408,142.1573,47.5,3.5,0.7535844242450982,0.9808837834946604
2018-05-14T22:46:33.01,39.619,142.1095,49.3,3.9,2018-11-16T02:49:11.8,39.6082,142.1445,51.3,4.2,0.4094716426475137,0.9751727316748802
2018-05-14T22:46:33.01,39.619,142.1095,49.3,3.9,2019-02-01T03:39:59.76,39.6428,142.138,47.7,3.7,0.2277817842072637,0.9840410078306352
2018-05-14T22:46:33.01,39.619,142.1095,49.3,3.9,2019-09-04T10:54:41.84,39.605,142.1095,53.7,3.9,-0.2795712724572951,0.96536141834169
2018-05-14T22:46:33.01,39.619,142.1095,49.3,3.9,2019-09-07T08:01:45.88,39.6172,142.2201,48.8,4.2,0.4763947739685362,0.986027292964501
2018-05-14T22:46:33.01,39.619,142.1095,49.3,3.9,2020-09-03T15:33:35.63,39.6053,142.1558,50.9,3.6,0.5640281349657976,0.9125665335328604
2018-05-14T22:46:33.01,39.619,142.1095,49.3,3.9,2020-09-09T02:45:26.39,39.6114,142.1588,48.3,3.9,0.6451800165241661,0.9667867569234994
2018-05-27T03:22:15.63,39.0906,142.2065,51.0,3.8,2019-05-16T16:04:43.87,39.0514,142.3237,45.3,3.9,0.9873189247439133,0.9899674029880856
2018-06-17T15:43:42.62,38.8022,142.1996,46.5,4.1,2020-08-27T00:48:42.33,38.8381,142.1809,42.6,4.2,0.479107673361604,0.9968118881981994
2018-06-26T03:00:49.85,40.3716,142.0061,50.3,3.6,2018-07-19T20:07:40.71,40.3627,142.0637,53.1,3.8,0.6769812613624094,0.9034568388801943
2018-06-26T03:00:49.85,40.3716,142.0061,50.3,3.6,2019-02-10T00:54:22.04,40.3749,141.9931,53.3,3.7,-0.068541829692943,0.9230528773688306
2018-06-26T03:00:49.85,40.3716,142.0061,50.3,3.6,2019-06-01T14:04:15.9,40.3712,142.1048,50.7,3.7,0.4371520814713622,0.986231039970802
2018-06-26T03:00:49.85,40.3716,142.0061,50.3,3.6,2019-12-17T03:21:52.99,40.3807,142.0357,49.9,3.5,0.3783757789701515,0.95405267757789
2018-06-26T03:00:49.85,40.3716,142.0061,50.3,3.6,2020-07-26T16:32:19.44,40.3575,142.0955,53.7,3.8,0.4240972233266438,0.9303581145378912
2018-06-26T03:00:49.85,40.3716,142.0061,50.3,3.6,2020-10-18T00:05:55.24,40.3513,141.9848,55.8,3.6,0.314058212852314,0.9966096626028624
2018-06-26T11:03:04.62,39.3113,142.156,42.8,4.5,2020-07-24T10:35:20.94,39.3079,142.1305,49.3,3.5,-0.3063214978420797,0.9053175123064254
2018-06-26T11:03:04.62,39.3113,142.156,42.8,4.5,2020-09-17T00:18:00.83,39.3665,141.9841,64.6,4.6,-2.5229202642271997,0.92080254724946
2018-07-01T13:38:42.46,40.3834,142.2689,45.4,3.8,2018-08-24T21:43:42.53,40.4103,142.3866,30.1,3.5,2.5024468044010524,0.9480689291445302
2018-07-01T13:38:42.46,40.3834,142.2689,45.4,3.8,2020-11-21T20:05:57.39,40.4037,142.2352,49.0,3.8,-0.1671941555877088,0.996561288073487
2018-07-02T11:47:04.2,38.8656,142.0237,52.9,3.9,2018-11-26T13:04:01.92,38.8991,141.9159,49.2,3.9,-0.7355042894807239,0.9696580156075096
2018-07-02T11:47:04.2,38.8656,142.0237,52.9,3.9,2019-05-06T05:13:25.06,38.8708,142.0552,49.6,3.8,0.9411872264782868,0.987289261809384
2018-07-02T11:47:04.2,38.8656,142.0237,52.9,3.9,2019-09-27T11:11:01.95,38.8949,141.9515,48.9,4.0,-0.1494035412927851,0.9744968016890994
2018-07-02T11:47:04.2,38.8656,142.0237,52.9,3.9,2020-07-28T10:46:30.15,38.8999,141.9835,52.8,3.9,-0.0434656943830247,0.9438962292108162
2018-07-14T09:13:51.33,38.8582,142.0765,48.0,4.2,2019-03-06T18:43:45.28,38.822,142.0917,46.3,3.9,0.5599939194813808,0.9539161955641394
2018-07-14T09:13:51.33,38.8582,142.0765,48.0,4.2,2019-08-23T16:39:30.56,38.8799,142.2948,28.1,3.9,3.5879240005035475,0.9629504227279247
2018-07-14T09:13:51.33,38.8582,142.0765,48.0,4.2,2020-07-11T13:11:54.05,38.8783,142.0117,55.9,3.9,-1.1174824184491594,0.9810158367697
2018-07-19T20:07:40.71,40.3627,142.0637,53.1,3.8,2019-06-01T14:04:15.9,40.3712,142.1048,50.7,3.7,-0.2397739024400545,0.937553023086436
2018-07-27T06:24:50.23,39.7356,141.8829,65.5,4.2,2019-02-18T11:41:44.95,39.7387,141.8496,61.4,3.7,0.8304085168447924,0.968206320539008
2018-07-27T06:24:50.23,39.7356,141.8829,65.5,4.2,2019-10-23T03:43:19.5,39.7583,141.8449,57.7,4.3,0.9233954701342796,0.9937689781557428
2018-07-27T06:24:50.23,39.7356,141.8829,65.5,4.2,2020-11-26T20:54:28.28,39.7188,142.1233,66.1,3.9,3.167562017772066,0.9603487902745224
2018-08-03T01:30:41.99,40.2935,142.2867,37.9,3.6,2019-06-22T05:15:01.78,40.2955,142.2958,37.6,3.6,0.0581999467080329,0.9947594887074672
2018-08-03T01:30:41.99,40.2935,142.2867,37.9,3.6,2020-12-10T15:08:46.58,40.2867,142.2447,44.1,3.5,-0.1488941483156813,0.9888431314380812
2018-08-16T10:44:09.3,38.5708,141.9456,49.2,3.9,2019-04-01T12:17:32.96,38.5938,141.9946,50.0,4.0,-0.1403099024524103,0.9694711823846957
2018-08-16T10:44:09.3,38.5708,141.9456,49.2,3.9,2019-10-20T22:53:33.32,38.5649,142.08,43.8,3.9,1.2530562567967911,0.9632069549928074
2018-08-24T21:43:42.53,40.4103,142.3866,30.1,3.5,2020-11-21T20:05:57.39,40.4037,142.2352,49.0,3.8,-2.668805206807894,0.9468875870247088
2018-08-29T03:25:50.72,40.8935,142.1536,51.3,3.5,2020-10-03T21:25:04.54,40.8801,142.0388,57.0,3.7,-1.2982287469906422,0.9903975314068234
2018-10-07T14:51:31.78,40.2539,142.6949,14.5,4.0,2020-08-20T00:38:29.24,40.1872,142.3914,41.4,3.8,-4.262141821054394,0.995881197615272
2018-10-15T18:52:11.05,39.7598,141.8232,56.7,3.5,2020-01-21T19:34:31.95,39.7627,141.8302,57.2,3.7,0.1872156289869766,0.9801267877504564
2018-10-22T23:44:17.78,39.6408,142.1573,47.5,3.5,2018-11-16T02:49:11.8,39.6082,142.1445,51.3,4.2,-0.3430537555577343,0.9619870419990698
2018-10-22T23:44:17.78,39.6408,142.1573,47.5,3.5,2019-02-01T03:39:59.76,39.6428,142.138,47.7,3.7,-0.5264873680099299,0.9750740467741984
2018-10-22T23:44:17.78,39.6408,142.1573,47.5,3.5,2019-09-04T10:54:41.84,39.605,142.1095,53.7,3.9,-1.032876938616238,0.9540014377272604
2018-10-22T23:44:17.78,39.6408,142.1573,47.5,3.5,2019-09-07T08:01:45.88,39.6172,142.2201,48.8,4.2,-0.2763302862801683,0.9723932750602632
2018-10-22T23:44:17.78,39.6408,142.1573,47.5,3.5,2020-09-03T15:33:35.63,39.6053,142.1558,50.9,3.6,-0.1870169728468198,0.917226957249428
2018-10-22T23:44:17.78,39.6408,142.1573,47.5,3.5,2020-09-09T02:45:26.39,39.6114,142.1588,48.3,3.9,-0.1078791883357571,0.9513822415865758
2018-11-16T02:49:11.8,39.6082,142.1445,51.3,4.2,2019-02-01T03:39:59.76,39.6428,142.138,47.7,3.7,-0.182261088915928,0.959694965851244
2018-11-16T02:49:11.8,39.6082,142.1445,51.3,4.2,2019-09-04T10:54:41.84,39.605,142.1095,53.7,3.9,-0.689993488676262,0.9896439417927608
2018-11-16T02:49:11.8,39.6082,142.1445,51.3,4.2,2019-09-07T08:01:45.88,39.6172,142.2201,48.8,4.2,0.0672362102814117,0.9656907669116512
2018-11-16T02:49:11.8,39.6082,142.1445,51.3,4.2,2020-09-03T15:33:35.63,39.6053,142.1558,50.9,3.6,0.1568489622474175,0.9448377994372252
2018-11-16T02:49:11.8,39.6082,142.1445,51.3,4.2,2020-09-09T02:45:26.39,39.6114,142.1588,48.3,3.9,0.2360615146903615,0.9867900091487544
2018-11-26T13:04:01.92,38.8991,141.9159,49.2,3.9,2019-05-06T05:13:25.06,38.8708,142.0552,49.6,3.8,1.6753365213128375,0.9696085601671952
2018-11-26T13:04:01.92,38.8991,141.9159,49.2,3.9,2019-09-27T11:11:01.95,38.8949,141.9515,48.9,4.0,0.5848585261432546,0.951884963543322
2018-11-29T04:29:40.06,41.9482,142.3483,70.8,3.6,2019-10-20T04:42:52.83,41.9249,142.3488,67.7,4.1,-0.3509774865395961,0.9451730700503568
2018-12-14T08:04:34.34,37.8721,142.6307,41.9,4.8,2018-12-23T09:04:17.09,37.8747,142.6073,50.0,4.3,-0.3792235360939471,0.9059286833722968
2019-02-01T03:39:59.76,39.6428,142.138,47.7,3.7,2019-09-04T10:54:41.84,39.605,142.1095,53.7,3.9,-0.5061232927508227,0.9590011334658533
2019-02-01T03:39:59.76,39.6428,142.138,47.7,3.7,2019-09-07T08:01:45.88,39.6172,142.2201,48.8,4.2,0.2479932226697296,0.9625064304598826
2019-02-01T03:39:59.76,39.6428,142.138,47.7,3.7,2020-09-09T02:45:26.39,39.6114,142.1588,48.3,3.9,0.4175577497821667,0.9564931705376594
2019-02-10T00:54:22.04,40.3749,141.9931,53.3,3.7,2019-06-01T14:04:15.9,40.3712,142.1048,50.7,3.7,0.5017683074472528,0.9176304278747413
2019-02-10T00:54:22.04,40.3749,141.9931,53.3,3.7,2019-12-17T03:21:52.99,40.3807,142.0357,49.9,3.5,0.4440364136609822,0.928112089220484
2019-02-10T00:54:22.04,40.3749,141.9931,53.3,3.7,2020-07-26T16:32:19.44,40.3575,142.0955,53.7,3.8,0.4941789420400305,0.9964672250756128
2019-02-10T00:54:22.04,40.3749,141.9931,53.3,3.7,2020-10-18T00:05:55.24,40.3513,141.9848,55.8,3.6,0.3825921878580959,0.9319677473568074
2019-02-16T08:42:43.25,39.7698,141.8782,58.5,3.7,2019-11-13T10:22:16.76,39.7522,141.9135,61.0,3.7,0.0098868724853351,0.9445168974134176
2019-02-16T08:42:43.25,39.7698,141.8782,58.5,3.7,2020-10-16T00:38:33.97,39.7659,141.8763,58.4,3.7,0.1152139932308319,0.9459318845431708
2019-02-18T11:41:44.95,39.7387,141.8496,61.4,3.7,2019-10-23T03:43:19.5,39.7583,141.8449,57.7,4.3,0.0918941282697675,0.9774046488840386
2019-02-18T11:41:44.95,39.7387,141.8496,61.4,3.7,2020-11-26T20:54:28.28,39.7188,142.1233,66.1,3.9,2.334854144146833,0.9822457416297706
2019-03-06T18:43:45.28,38.822,142.0917,46.3,3.9,2019-08-23T16:39:30.56,38.8799,142.2948,28.1,3.9,3.024916849391822,0.9125517802695854
2019-03-06T18:43:45.28,38.822,142.0917,46.3,3.9,2020-07-11T13:11:54.05,38.8783,142.0117,55.9,3.9,-1.6776082434429027,0.9573727807312248
2019-03-30T23:20:34.66,41.4624,142.0132,62.6,3.6,2019-08-24T18:51:01.96,41.4625,142.1309,57.0,4.4,1.6030578636313737,0.9337064024677656
2019-04-01T12:17:32.96,38.5938,141.9946,50.0,4.0,2019-10-20T22:53:33.32,38.5649,142.08,43.8,3.9,1.3932947404566,0.9738018844296646
2019-05-06T05:13:25.06,38.8708,142.0552,49.6,3.8,2019-09-27T11:11:01.95,38.8949,141.9515,48.9,4.0,-1.0905653456069513,0.9657363875337618
2019-05-06T05:13:25.06,38.8708,142.0552,49.6,3.8,2020-07-28T10:46:30.15,38.8999,141.9835,52.8,3.9,-0.986064143788616,0.9113919037746476
2019-06-01T14:04:15.9,40.3712,142.1048,50.7,3.7,2019-12-17T03:21:52.99,40.3807,142.0357,49.9,3.5,-0.0545992938841727,0.9623240047293796
2019-06-01T14:04:15.9,40.3712,142.1048,50.7,3.7,2020-07-26T16:32:19.44,40.3575,142.0955,53.7,3.8,-0.009309017144166,0.910222012835426
2019-06-01T14:04:15.9,40.3712,142.1048,50.7,3.7,2020-10-18T00:05:55.24,40.3513,141.9848,55.8,3.6,-0.122146854234998,0.9840501616625382
2019-06-22T05:15:01.78,40.2955,142.2958,37.6,3.6,2020-12-10T15:08:46.58,40.2867,142.2447,44.1,3.5,-0.2072682460761603,0.9877739913154816
2019-08-23T16:39:30.56,38.8799,142.2948,28.1,3.9,2020-07-11T13:11:54.05,38.8783,142.0117,55.9,3.9,-4.70502579188648,0.9653191383291932
2019-09-04T10:54:41.84,39.605,142.1095,53.7,3.9,2019-09-07T08:01:45.88,39.6172,142.2201,48.8,4.2,0.7563433424227551,0.9375035350309914
2019-09-04T10:54:41.84,39.605,142.1095,53.7,3.9,2020-09-03T15:33:35.63,39.6053,142.1558,50.9,3.6,0.8480229392329526,0.9105213791523332
2019-09-04T10:54:41.84,39.605,142.1095,53.7,3.9,2020-09-09T02:45:26.39,39.6114,142.1588,48.3,3.9,0.9252801782424764,0.969874030759551
2019-09-04T14:27:47.67,36.946,143.3052,35.0,3.6,2019-09-05T11:15:59.16,36.9197,143.2499,35.0,4.2,-0.4966688774135999,0.9055562626468322
2019-09-07T08:01:45.88,39.6172,142.2201,48.8,4.2,2020-09-03T15:33:35.63,39.6053,142.1558,50.9,3.6,0.0864619253795416,0.9336780919368816
2019-09-07T08:01:45.88,39.6172,142.2201,48.8,4.2,2020-09-09T02:45:26.39,39.6114,142.1588,48.3,3.9,0.1693208838190727,0.9656983063739744
2019-09-12T17:09:36.39,39.3388,142.101,46.0,3.6,2020-07-24T10:35:20.94,39.3079,142.1305,49.3,3.5,0.6339721026812724,0.9567526320459834
2019-09-15T03:02:39.78,39.3066,142.1863,49.2,4.3,2020-09-17T00:18:00.83,39.3665,141.9841,64.6,4.6,-1.790368072233696,0.9701041277579688
2019-09-25T08:28:48.06,39.3102,142.1012,52.0,4.7,2020-10-05T14:01:14.4,39.3374,142.0913,50.5,4.1,-0.0436757936074103,0.9872426332036054
2019-09-27T11:11:01.95,38.8949,141.9515,48.9,4.0,2020-07-28T10:46:30.15,38.8999,141.9835,52.8,3.9,0.1045324137687266,0.922844589509254
2019-10-08T23:04:55.67,40.7071,142.6825,19.5,3.8,2019-10-20T02:19:40.4,40.6591,142.7217,26.7,4.2,-0.4775548401452846,0.9420462829679934
2019-10-23T03:43:19.5,39.7583,141.8449,57.7,4.3,2020-11-26T20:54:28.28,39.7188,142.1233,66.1,3.9,2.245230087899119,0.9745297169140932
2019-11-13T10:22:16.76,39.7522,141.9135,61.0,3.7,2020-10-16T00:38:33.97,39.7659,141.8763,58.4,3.7,0.103500598264526,0.9802331698492784
2019-12-17T03:21:52.99,40.3807,142.0357,49.9,3.5,2020-07-26T16:32:19.44,40.3575,142.0955,53.7,3.8,0.049857814361441,0.921692051655736
2019-12-17T03:21:52.99,40.3807,142.0357,49.9,3.5,2020-10-18T00:05:55.24,40.3513,141.9848,55.8,3.6,-0.063518342491634,0.9673129012761598
2020-07-24T10:35:20.94,39.3079,142.1305,49.3,3.5,2020-09-17T00:18:00.83,39.3665,141.9841,64.6,4.6,-2.2026569594316023,0.9034653454706651
2020-07-26T16:32:19.44,40.3575,142.0955,53.7,3.8,2020-10-18T00:05:55.24,40.3513,141.9848,55.8,3.6,-0.1105304975355515,0.939523109474749
2020-09-03T15:33:35.63,39.6053,142.1558,50.9,3.6,2020-09-09T02:45:26.39,39.6114,142.1588,48.3,3.9,0.0821214625537511,0.9392982892540824
2020-12-09T07:40:25.54,41.551,142.0899,65.1,3.6,2020-12-29T08:08:50.07,41.5506,142.0644,64.1,3.7,0.1695592522329707,0.9643156525524974
1997-06-24T00:41:53.0,40.36,142.09,48.0,3.5,2021-05-25T18:56:19.25,40.197,142.0039,0.0,3.7,6.941879182234228,0.9318392254714369
2012-11-12T00:32:34.27,39.6497,142.2174,45.9,3.9,2021-01-16T08:08:38.73,39.6227,142.27,43.4,3.9,0.5847004224730689,0.9675869764295251
2012-11-21T00:02:19.28,39.6163,142.102,50.4,4.1,2021-01-16T08:08:38.73,39.6227,142.27,43.4,3.9,1.2026016717314434,0.9708257126153512
2012-11-21T00:02:19.28,39.6163,142.102,50.4,4.1,2021-01-20T23:00:38.73,39.6404,142.0769,45.1,3.5,-0.26917612053796297,0.9184502084709333
2012-11-27T04:36:54.14,39.7627,141.871,59.0,3.6,2021-01-01T22:11:57.79,39.7518,141.8569,59.1,3.6,-0.09810673039335935,0.9013672709889045
2012-12-03T04:14:06.64,38.5814,141.8972,48.8,4.0,2021-02-03T06:47:02.8,38.5824,141.8999,47.2,3.9,0.06158261667879879,0.9564269868024765
2013-01-03T13:56:22.7,40.3488,142.0315,53.5,3.8,2021-04-30T06:40:21.15,40.3084,141.6134,98.2,3.6,-6.3562682358350076,0.9934007276218152
2013-02-04T09:18:44.07,40.3547,142.1865,52.7,4.1,2021-05-19T20:27:26.88,40.3555,142.2023,62.2,4.4,-1.1878130603117727,0.9810746442229544
2013-02-09T19:28:02.52,40.8943,142.0653,57.4,3.5,2021-02-18T07:50:54.68,40.8712,142.0784,56.6,3.8,0.08449940394802638,0.9190108744173439
2013-02-25T20:12:56.39,39.6387,142.1355,48.5,4.0,2021-01-16T08:08:38.73,39.6227,142.27,43.4,3.9,1.084204515754527,0.9764666421818894
2013-02-25T20:12:56.39,39.6387,142.1355,48.5,4.0,2021-01-20T23:00:38.73,39.6404,142.0769,45.1,3.5,-0.39222089299943236,0.9148970559630822
2013-03-30T04:22:32.89,39.0622,142.2136,43.8,4.0,2021-05-19T10:21:41.29,39.0752,142.3804,57.1,3.9,-0.1820878698618103,0.9373438633005193
2013-04-01T19:09:37.88,38.8929,142.0591,49.1,4.2,2021-01-18T20:47:31.96,38.9319,141.9537,55.3,4.0,-0.9247321122981175,0.9357777486253587
2013-04-10T08:56:37.36,41.1191,143.3133,30.0,3.5,2021-04-29T15:39:38.41,41.3119,143.0529,35.9,3.8,-2.0182395000374607,0.9797038625521798
2013-04-17T14:13:35.49,38.8608,142.0534,46.4,4.1,2021-01-23T11:19:03.92,38.8925,142.069,50.2,4.0,0.01804564630055322,0.9513732324024791
2013-05-18T15:51:01.28,39.6298,142.1197,53.3,4.0,2021-01-16T08:08:38.73,39.6227,142.27,43.4,3.9,1.2228425753640124,0.9702611300493424
2013-05-18T15:51:01.28,39.6298,142.1197,53.3,4.0,2021-01-20T23:00:38.73,39.6404,142.0769,45.1,3.5,-0.24877502768591456,0.9153687911496303
2013-06-03T20:01:23.61,38.6419,141.9306,47.0,4.2,2021-02-03T06:47:02.8,38.5824,141.8999,47.2,3.9,-0.4619045503212885,0.955517752635001
2013-06-05T17:29:03.88,39.6391,142.2969,46.2,3.8,2021-01-16T08:08:38.73,39.6227,142.27,43.4,3.9,-0.15589273380504126,0.982236695570775
2013-06-24T23:12:25.28,41.5075,142.0842,59.1,4.2,2021-04-14T03:27:44.57,41.5492,141.9384,57.0,4.5,-0.8785340907500873,0.9388739027658954
2013-07-18T17:05:03.6,38.39,141.8889,44.6,4.3,2021-02-16T22:07:22.84,38.3272,141.8469,50.7,4.6,0.020018204642983206,0.9691728109727942
2013-07-22T23:24:45.45,36.2224,141.8386,24.7,4.5,2021-03-30T11:11:09.05,36.2535,141.9252,27.7,4.5,-0.0638827760994668,0.9736137090416758
2013-07-29T18:26:29.2,40.1989,142.6056,30.3,4.1,2021-03-20T12:19:49.75,40.1897,142.4238,28.8,3.7,-1.9257466950891708,0.9730839725732362
2013-07-30T11:32:31.57,39.7671,141.9003,62.1,3.6,2021-01-01T22:11:57.79,39.7518,141.8569,59.1,3.6,-0.5006063257272848,0.9566904298045544
2013-07-30T18:14:43.22,39.5511,143.6144,15.6,4.3,2021-03-20T19:33:38.23,39.4698,143.6339,11.0,4.0,1.5186573127572855,0.985621545281042
2013-08-12T06:16:59.64,39.633,142.1778,48.3,3.6,2021-01-16T08:08:38.73,39.6227,142.27,43.4,3.9,0.4198187882914577,0.9108763267396718
2013-08-12T06:16:59.64,39.633,142.1778,48.3,3.6,2021-01-20T23:00:38.73,39.6404,142.0769,45.1,3.5,-1.0509074459852412,0.9652903704045831
2013-08-26T05:24:27.41,38.9137,141.9411,53.2,3.9,2021-01-18T20:47:31.96,38.9319,141.9537,55.3,4.0,-0.3084327629068194,0.9507649287264002
2013-09-12T11:28:52.01,39.6507,142.2124,46.5,3.6,2021-01-16T08:08:38.73,39.6227,142.27,43.4,3.9,0.6695697911070878,0.9863926484713741
2013-09-19T18:00:04.68,39.8322,143.516,1.8,4.3,2021-05-08T05:38:29.23,39.8315,143.5117,0.0,3.7,0.39322072329461866,0.9847294539546463
2013-10-08T13:50:00.88,39.7772,141.8957,59.3,3.7,2021-04-09T08:54:07.05,39.7254,141.7739,82.2,4.0,-2.3624187813796786,0.9744987362959556
2013-10-16T09:16:10.34,40.349,142.1926,51.3,4.3,2021-05-19T20:27:26.88,40.3555,142.2023,62.2,4.4,-0.8777091378563244,0.987591669846883
2013-11-05T12:48:39.81,40.988,143.2859,25.8,4.2,2021-03-04T03:26:34.74,40.9956,143.2665,31.0,4.1,-1.234777638556037,0.9866526590905443
2013-11-21T08:59:23.22,39.5994,142.2982,43.2,4.1,2021-01-16T08:08:38.73,39.6227,142.27,43.4,3.9,-0.19121479024665305,0.9677438355835859
2013-11-21T08:59:23.22,39.5994,142.2982,43.2,4.1,2021-01-20T23:00:38.73,39.6404,142.0769,45.1,3.5,-1.6613271124961193,0.9219019414420395
2013-11-27T00:06:58.64,38.8414,142.2042,48.7,3.9,2021-01-23T11:19:03.92,38.8925,142.069,50.2,4.0,-0.633229898374012,0.9194852380019374
2013-12-03T19:55:50.02,38.5841,142.025,46.5,4.2,2021-02-03T06:47:02.8,38.5824,141.8999,47.2,3.9,-1.0087422065788658,0.9456068065999496
2014-01-08T00:00:22.1,40.35,142.18,45.0,3.5,2021-05-25T18:56:19.25,40.197,142.0039,0.0,3.7,6.533710123638187,0.9536804656595795
2014-01-11T15:46:13.72,38.9308,142.0529,48.9,4.0,2021-01-18T20:47:31.96,38.9319,141.9537,55.3,4.0,-1.1964177999616945,0.906314173101779
2014-01-16T19:32:43.81,38.2263,141.7933,45.2,3.8,2021-03-20T16:41:17.47,38.2134,141.7491,56.5,4.2,-1.0132043934724846,0.9318355070489442
2014-02-01T00:49:57.62,40.898,142.0265,59.2,3.8,2021-02-18T07:50:54.68,40.8712,142.0784,56.6,3.8,0.6050699110014571,0.9942178824720653
2014-02-02T08:13:25.39,39.6237,142.0189,46.8,3.9,2021-01-16T08:08:38.73,39.6227,142.27,43.4,3.9,1.0366131353887678,0.9849089740798346
2014-02-25T11:29:40.37,40.3489,141.9956,55.5,3.7,2021-04-30T06:40:21.15,40.3084,141.6134,98.2,3.6,-6.639337270697533,0.910767337299464
2014-02-27T14:04:58.75,38.8498,142.0177,49.9,4.0,2021-01-23T11:19:03.92,38.8925,142.069,50.2,4.0,0.2514688705665954,0.9673332311249035
2014-03-19T15:48:37.7,39.7373,141.7907,61.5,3.9,2021-04-09T08:54:07.05,39.7254,141.7739,82.2,4.0,-2.149150346067679,0.9783178547047312
2014-03-25T23:38:32.26,39.8545,143.5742,8.7,3.6,2021-05-08T05:38:29.23,39.8315,143.5117,0.0,3.7,1.0606735216454923,0.938409312477735
2014-06-05T21:10:30.68,39.7562,141.8367,58.0,3.6,2021-01-01T22:11:57.79,39.7518,141.8569,59.1,3.6,0.3218085903128628,0.9590174716359721
2014-06-18T12:40:58.67,38.5603,142.0314,44.0,4.2,2021-02-03T06:47:02.8,38.5824,141.8999,47.2,3.9,-1.3596964078228795,0.9545572492371738
2014-07-06T19:28:38.81,39.0566,142.4013,42.9,4.0,2021-05-19T10:21:41.29,39.0752,142.3804,57.1,3.9,-1.8530616546863052,0.9274127517916841
2014-07-27T09:24:15.45,39.6279,142.1824,48.6,4.1,2021-01-16T08:08:38.73,39.6227,142.27,43.4,3.9,0.7506811378997198,0.9537362058060604
2014-07-27T09:24:15.45,39.6279,142.1824,48.6,4.1,2021-01-20T23:00:38.73,39.6404,142.0769,45.1,3.5,-0.7261846953641358,0.933320876496755
2014-07-30T14:57:06.66,37.0936,141.2082,48.8,3.9,2021-04-23T05:12:15.13,37.5368,141.1429,0.0,4.3,4.979570193985016,0.9781713185161828
2014-08-03T18:08:26.82,36.6828,142.0384,19.0,4.0,2021-01-17T01:11:53.41,36.6432,142.1719,19.0,4.1,0.49666558057783083,0.9472670503705443
2014-08-09T05:49:36.94,38.8642,141.9685,49.9,3.9,2021-01-23T11:19:03.92,38.8925,142.069,50.2,4.0,0.8403681578834804,0.9728869943411931
2014-08-25T11:04:35.93,39.6218,142.1878,44.3,3.9,2021-01-16T08:08:38.73,39.6227,142.27,43.4,3.9,0.6933930032944682,0.9857664948079939
2014-08-25T19:51:01.18,39.7479,141.8577,60.0,3.8,2021-04-09T08:54:07.05,39.7254,141.7739,82.2,4.0,-2.1850265239804436,0.9824074400650594
2014-10-09T05:55:55.19,40.2159,142.4895,26.0,3.8,2021-03-20T12:19:49.75,40.1897,142.4238,28.8,3.7,-1.7154440570671425,0.9174940493133783
2014-10-27T06:36:23.8,35.8663,140.1587,62.9,4.4,2021-05-23T19:09:17.2,35.8904,140.1358,67.8,4.3,-0.7490801430936586,0.9029249934874294
2014-11-19T04:32:32.52,38.9022,141.9462,48.9,3.9,2021-01-18T20:47:31.96,38.9319,141.9537,55.3,4.0,-0.824873781758046,0.9023221192177134
2014-12-20T10:55:56.91,39.8306,143.4331,19.4,4.8,2021-01-06T19:13:28.36,39.8041,143.4217,19.8,4.5,-0.043755853292957836,0.9563540548788962
2014-12-29T00:14:40.77,40.3362,142.0102,45.0,3.6,2021-05-25T18:56:19.25,40.197,142.0039,0.0,3.7,7.995698070281629,0.9716157237971376
2015-01-29T10:45:18.93,39.6108,142.0683,46.5,3.9,2021-01-16T08:08:38.73,39.6227,142.27,43.4,3.9,1.1422043807097282,0.9833571896543943
2015-01-29T10:45:18.93,39.6108,142.0683,46.5,3.9,2021-01-20T23:00:38.73,39.6404,142.0769,45.1,3.5,-0.332638294352444,0.9116722300084807
2015-01-29T22:18:37.64,39.7467,141.8603,61.9,3.6,2021-04-09T08:54:07.05,39.7254,141.7739,82.2,4.0,-2.9186908475322713,0.9689180067666624
2015-02-05T20:28:42.76,38.6077,141.9812,55.6,4.1,2021-02-03T06:47:02.8,38.5824,141.8999,47.2,3.9,-0.24371629892429691,0.9592979746020913
2015-02-17T23:55:16.89,39.6362,143.2289,6.5,3.7,2021-02-21T10:54:04.91,39.6321,143.4493,11.0,3.6,1.0536613225613358,0.9338547838030283
2015-03-09T18:41:25.26,40.3875,142.0479,48.6,3.8,2021-04-30T06:40:21.15,40.3084,141.6134,98.2,3.6,-6.600465857822683,0.9099447951802209
2015-03-23T13:56:48.72,39.6415,142.0922,47.4,4.2,2021-01-16T08:08:38.73,39.6227,142.27,43.4,3.9,0.6025388543509396,0.9624138527113902
2015-03-23T13:56:48.72,39.6415,142.0922,47.4,4.2,2021-01-20T23:00:38.73,39.6404,142.0769,45.1,3.5,-0.8721121588706726,0.9371146450931622
2015-04-06T15:48:03.38,39.7675,141.9172,60.6,3.6,2021-01-01T22:11:57.79,39.7518,141.8569,59.1,3.6,0.14932533395710978,0.9218475558177766
2015-04-11T21:42:58.89,40.3456,142.2232,50.6,3.7,2021-05-19T20:27:26.88,40.3555,142.2023,62.2,4.4,-1.3302558526404726,0.9689859079724462
2015-04-30T07:33:40.09,40.3383,142.1575,50.9,3.6,2021-05-19T20:27:26.88,40.3555,142.2023,62.2,4.4,-1.1765040480124935,0.9637324486192216
2015-05-01T06:34:41.45,39.0501,142.2038,43.6,3.8,2021-05-19T10:21:41.29,39.0752,142.3804,57.1,3.9,-0.4544091010846988,0.9431778088361931
2015-05-02T05:59:36.29,38.8732,141.8997,48.1,4.0,2021-01-18T20:47:31.96,38.9319,141.9537,55.3,4.0,-0.3182117622762387,0.9242641430261332
2015-05-09T19:15:44.03,39.6173,142.1756,47.7,3.9,2021-01-16T08:08:38.73,39.6227,142.27,43.4,3.9,0.6352391531023228,0.9761518307294543
2015-05-09T19:15:44.03,39.6173,142.1756,47.7,3.9,2021-01-20T23:00:38.73,39.6404,142.0769,45.1,3.5,-0.8421775023910061,0.9195783728417181
2015-05-19T17:17:39.52,38.8762,142.0788,50.5,4.0,2021-01-23T11:19:03.92,38.8925,142.069,50.2,4.0,-0.13146885908465333,0.9620613986150539
2015-06-18T07:36:33.49,39.748,141.8479,61.5,4.0,2021-04-09T08:54:07.05,39.7254,141.7739,82.2,4.0,-1.6811748711524972,0.9779986858684675
2015-08-21T14:55:09.47,38.9142,142.0314,49.6,3.7,2021-01-23T11:19:03.92,38.8925,142.069,50.2,4.0,-0.14963827484814057,0.9100144709045559
2015-09-03T19:13:54.1,39.5468,143.4123,11.0,3.6,2021-02-21T10:54:04.91,39.6321,143.4493,11.0,3.6,0.25048814178650547,0.9406265499936474
2015-09-06T02:00:10.78,39.6328,142.1218,45.3,3.6,2021-01-16T08:08:38.73,39.6227,142.27,43.4,3.9,1.3742741268593925,0.957339878559083
2015-09-06T08:29:43.9,39.4988,143.5962,25.2,4.3,2021-03-20T19:33:38.23,39.4698,143.6339,11.0,4.0,2.850855193255148,0.9852077606794422
2015-09-24T10:04:59.78,39.7811,143.3516,26.2,4.8,2021-01-06T19:13:28.36,39.8041,143.4217,19.8,4.5,1.3170070318764013,0.9509370323792454
2015-09-24T21:07:26.77,40.8792,142.0285,55.0,3.7,2021-02-18T07:50:54.68,40.8712,142.0784,56.6,3.8,0.4935386590401273,0.9956296242259257
2015-09-28T16:33:55.17,39.5984,142.1289,50.4,3.9,2021-01-16T08:08:38.73,39.6227,142.27,43.4,3.9,0.7454931525704729,0.9680712475857005
2015-10-13T23:17:32.9,40.16,142.41,35.0,3.5,2021-01-25T14:09:05.6,40.1365,142.2211,48.0,3.8,-1.3087232948448384,0.9641131055397152
2015-10-18T00:47:39.44,41.4685,142.0357,59.9,4.4,2021-04-14T03:27:44.57,41.5492,141.9384,57.0,4.5,-0.7222147118508951,0.9975007276134763
2015-10-22T00:51:50.79,39.0642,142.2358,43.5,3.9,2021-05-19T10:21:41.29,39.0752,142.3804,57.1,3.9,-0.9878302273804653,0.9315136599102066
2015-10-25T17:18:43.26,40.3777,142.0937,52.6,3.9,2021-04-30T06:40:21.15,40.3084,141.6134,98.2,3.6,-6.826598370878979,0.9916660697156408
2015-10-30T10:32:06.09,39.7488,141.8364,57.8,3.7,2021-04-09T08:54:07.05,39.7254,141.7739,82.2,4.0,-1.7111787027220238,0.9762191809092969
2015-11-18T13:42:32.37,38.5565,142.1536,44.0,4.1,2021-02-03T06:47:02.8,38.5824,141.8999,47.2,3.9,-1.9431136623576903,0.9460401153811578
2015-12-12T21:05:51.61,38.8977,142.0347,48.3,4.0,2021-01-23T11:19:03.92,38.8925,142.069,50.2,4.0,0.01633812346983901,0.9688128407848404
2015-12-15T22:41:36.38,38.9033,141.9771,49.6,3.8,2021-01-18T20:47:31.96,38.9319,141.9537,55.3,4.0,-0.5106360493668965,0.9292827543385305
2015-12-17T22:58:20.7,40.35,142.18,45.0,3.5,2021-05-25T18:56:19.25,40.197,142.0039,0.0,3.7,6.637323955222986,0.9808448907426206
2015-12-31T18:53:18.29,39.629,142.2132,51.4,3.9,2021-01-16T08:08:38.73,39.6227,142.27,43.4,3.9,0.7870771861074863,0.943364267078058
2015-12-31T18:53:18.29,39.629,142.2132,51.4,3.9,2021-01-20T23:00:38.73,39.6404,142.0769,45.1,3.5,-0.6854034460557521,0.9615388447529698
2016-02-08T10:21:59.56,40.1911,142.5108,18.0,3.9,2021-03-20T12:19:49.75,40.1897,142.4238,28.8,3.7,-2.7155949410554543,0.9132999043577501
2016-02-25T08:31:57.26,40.1462,142.3941,48.6,3.9,2021-05-11T23:30:03.89,40.2487,142.325,58.0,4.3,-1.8772576800319603,0.9879166060471809
2016-03-06T23:02:58.92,39.7608,141.9049,59.9,3.7,2021-01-01T22:11:57.79,39.7518,141.8569,59.1,3.6,0.33378107785899064,0.9533034944325106
2016-04-15T18:01:04.21,39.7262,141.8222,59.6,4.1,2021-04-09T08:54:07.05,39.7254,141.7739,82.2,4.0,-2.3793912606494576,0.9817624315022943
2016-04-19T05:55:13.08,38.8978,142.1055,46.3,3.9,2021-01-18T20:47:31.96,38.9319,141.9537,55.3,4.0,-1.8934620545050236,0.9153120766272729
2016-04-24T21:51:22.54,38.8291,142.1441,45.2,3.8,2021-01-23T11:19:03.92,38.8925,142.069,50.2,4.0,-1.3007988483486481,0.9639294421084448
2016-04-26T10:21:46.87,39.6199,142.1361,47.3,3.8,2021-01-16T08:08:38.73,39.6227,142.27,43.4,3.9,0.944136698044455,0.9814222271725663
2016-06-13T18:17:25.85,38.5899,141.961,51.8,3.9,2021-02-03T06:47:02.8,38.5824,141.8999,47.2,3.9,-0.09775913875811826,0.9607482036975926
2016-06-27T08:47:40.91,40.1484,142.4947,33.1,4.0,2021-03-20T00:26:25.62,40.1882,142.4028,42.2,4.7,-1.1637025681018978,0.9593816478618744
2016-07-03T09:06:01.44,39.6391,142.159,50.0,4.1,2021-01-16T08:08:38.73,39.6227,142.27,43.4,3.9,0.9808513823243871,0.9667603099384964
2016-07-03T09:06:01.44,39.6391,142.159,50.0,4.1,2021-01-20T23:00:38.73,39.6404,142.0769,45.1,3.5,-0.49062309820671524,0.9085933982589784
2016-07-20T07:17:36.68,40.3521,142.2627,53.0,4.4,2021-05-19T20:27:26.88,40.3555,142.2023,62.2,4.4,-1.47979905737584,0.9878539113808086
2016-07-31T16:35:03.05,38.8875,141.9726,51.6,3.8,2021-01-18T20:47:31.96,38.9319,141.9537,55.3,4.0,-0.533621590363299,0.9304430362471545
2016-08-04T12:01:16.08,39.0857,142.2882,42.3,3.9,2021-05-19T10:21:41.29,39.0752,142.3804,57.1,3.9,-1.0179018488883251,0.934344682993539
2016-08-13T08:49:41.24,38.8588,142.1239,49.1,4.2,2021-01-23T11:19:03.92,38.8925,142.069,50.2,4.0,-0.27671406648323504,0.9708280638077985
2016-09-09T04:47:04.68,39.6328,142.1661,48.1,3.8,2021-01-16T08:08:38.73,39.6227,142.27,43.4,3.9,0.9832953908546258,0.982402162604661
2016-10-27T23:44:31.72,40.157,142.4212,34.4,3.7,2021-03-20T00:26:25.62,40.1882,142.4028,42.2,4.7,-0.05855039456896849,0.9295363882732922
2016-11-06T21:36:46.14,40.1558,142.307,42.6,4.1,2021-01-25T14:09:05.6,40.1365,142.2211,48.0,3.8,-0.30640237047837027,0.9975672414775314
2016-11-29T01:02:57.17,39.7907,141.8676,60.2,4.1,2021-04-09T08:54:07.05,39.7254,141.7739,82.2,4.0,-2.221283078143168,0.9868790900466332
2016-11-29T03:46:36.5,39.6371,142.1238,48.6,3.9,2021-01-16T08:08:38.73,39.6227,142.27,43.4,3.9,1.4526690014074108,0.9395687360386717
2016-11-29T03:46:36.5,39.6371,142.1238,48.6,3.9,2021-01-20T23:00:38.73,39.6404,142.0769,45.1,3.5,-0.019904825967129752,0.9599300371371257
2016-12-04T02:59:08.87,40.383,142.2331,44.9,3.6,2021-05-25T18:56:19.25,40.197,142.0039,0.0,3.7,5.873396575994333,0.9854355606070173
2016-12-06T23:17:17.86,38.2292,141.7358,48.5,4.2,2021-03-20T16:41:17.47,38.2134,141.7491,56.5,4.2,-1.194377400513605,0.9257845810661862
2016-12-08T04:25:10.3,38.5752,142.022,40.6,4.1,2021-02-03T06:47:02.8,38.5824,141.8999,47.2,3.9,-1.920660345862102,0.9323958278271302
2016-12-20T15:27:27.24,39.6184,142.096,47.9,3.5,2021-01-16T08:08:38.73,39.6227,142.27,43.4,3.9,1.5215324253888585,0.9807406026207809
2016-12-20T15:27:27.24,39.6184,142.096,47.9,3.5,2021-01-20T23:00:38.73,39.6404,142.0769,45.1,3.5,0.049397004642953796,0.9055570987203779
2016-12-29T12:46:51.63,39.7577,141.8853,58.9,3.6,2021-01-01T22:11:57.79,39.7518,141.8569,59.1,3.6,0.39772501681790007,0.9600123037406393
2016-12-30T08:33:10.0,38.8661,141.9908,45.5,4.0,2021-01-23T11:19:03.92,38.8925,142.069,50.2,4.0,0.08202634669962539,0.9303524906983328
2017-02-05T00:16:52.17,40.1396,142.406,44.2,4.1,2021-03-20T12:19:49.75,40.1897,142.4238,28.8,3.7,0.6688864462161584,0.9890870822866072
2017-02-26T11:34:09.63,40.3526,142.1316,53.1,3.8,2021-04-30T06:40:21.15,40.3084,141.6134,98.2,3.6,-6.722940322907622,0.9100816428666745
2017-03-03T00:36:30.28,40.1514,142.3066,41.2,3.9,2021-05-11T23:30:03.89,40.2487,142.325,58.0,4.3,-1.6374659765706725,0.9795336433808757
2017-04-01T15:40:45.25,40.385,142.0448,50.4,3.7,2021-04-30T06:40:21.15,40.3084,141.6134,98.2,3.6,-6.4392919464350395,0.9943023967255412
2017-04-05T20:00:13.64,39.611,142.0494,51.1,4.2,2021-01-16T08:08:38.73,39.6227,142.27,43.4,3.9,1.2116480531260887,0.9546198081425409
2017-04-05T20:00:13.64,39.611,142.0494,51.1,4.2,2021-01-20T23:00:38.73,39.6404,142.0769,45.1,3.5,-0.26767463705265016,0.9203451259624214
2017-04-08T01:46:07.98,40.2038,142.5934,25.2,4.0,2021-03-20T12:19:49.75,40.1897,142.4238,28.8,3.7,-3.070185566325993,0.93136183400141
2017-04-27T16:39:04.02,40.8882,142.0704,55.0,3.7,2021-02-18T07:50:54.68,40.8712,142.0784,56.6,3.8,0.42680832100643395,0.9937538928637204
2017-05-06T08:18:54.37,39.7415,141.9147,59.4,4.1,2021-04-09T08:54:07.05,39.7254,141.7739,82.2,4.0,-2.3346123939931918,0.9646099373432405
2017-05-17T12:20:56.8,39.9516,143.5381,6.0,4.1,2021-05-08T05:38:29.23,39.8315,143.5117,0.0,3.7,1.1416756555547434,0.9231015158263505
2017-06-13T10:55:42.4,40.1499,142.5646,33.0,3.7,2021-01-25T14:09:05.6,40.1365,142.2211,48.0,3.8,-3.720338078395477,0.9791914605962065
2017-07-01T18:53:11.37,38.6039,141.9678,49.1,4.1,2021-02-03T06:47:02.8,38.5824,141.8999,47.2,3.9,-0.7209266420674856,0.955832274506968
2017-07-05T21:40:16.04,39.7374,141.8889,64.8,3.5,2021-01-01T22:11:57.79,39.7518,141.8569,59.1,3.6,-0.6295786400146571,0.9659566473616793
2017-07-16T10:23:01.17,39.0864,142.2035,45.3,3.9,2021-05-19T10:21:41.29,39.0752,142.3804,57.1,3.9,-0.47027670977323155,0.9475091687033027
2017-08-06T17:55:48.2,38.8687,141.9708,53.1,3.9,2021-01-18T20:47:31.96,38.9319,141.9537,55.3,4.0,-1.1313788061348622,0.9298913347486611
2017-08-07T22:35:14.81,38.8689,141.9697,51.6,4.1,2021-01-23T11:19:03.92,38.8925,142.069,50.2,4.0,0.21171152631962253,0.9622815271893941
2017-09-13T07:13:41.23,39.6106,142.1044,49.8,4.0,2021-01-16T08:08:38.73,39.6227,142.27,43.4,3.9,1.2743655367508215,0.9848697985247893
2017-10-21T00:19:30.79,40.3775,142.2752,39.6,3.5,2021-05-19T20:27:26.88,40.3555,142.2023,62.2,4.4,-1.5773178118448161,0.9272071124724849
2017-10-29T04:41:43.79,40.3672,142.0631,50.7,3.6,2021-04-30T06:40:21.15,40.3084,141.6134,98.2,3.6,-6.550794206461116,0.9004722677526156
2017-12-12T03:47:27.11,39.7392,141.8298,60.1,4.0,2021-04-09T08:54:07.05,39.7254,141.7739,82.2,4.0,-2.068402425430031,0.9790134618839692
2017-12-14T12:12:12.98,38.8917,141.9808,54.3,3.8,2021-01-18T20:47:31.96,38.9319,141.9537,55.3,4.0,-0.6882598449309907,0.9455692308208669
2017-12-16T18:50:16.25,39.7454,141.8577,58.8,3.6,2021-01-01T22:11:57.79,39.7518,141.8569,59.1,3.6,-0.04994094376599266,0.9533901985301748
2018-01-09T04:43:21.69,39.6236,142.1095,53.2,4.3,2021-01-16T08:08:38.73,39.6227,142.27,43.4,3.9,1.1939039409896899,0.9669855475052923
2018-01-09T04:43:21.69,39.6236,142.1095,53.2,4.3,2021-01-20T23:00:38.73,39.6404,142.0769,45.1,3.5,-0.2803586597894487,0.924281034688502
2018-02-02T10:44:48.31,38.5609,142.1253,39.0,4.1,2021-02-03T06:47:02.8,38.5824,141.8999,47.2,3.9,-1.7902605481317968,0.9485279598677232
2018-05-14T22:46:33.01,39.619,142.1095,49.3,3.9,2021-01-16T08:08:38.73,39.6227,142.27,43.4,3.9,1.223682690835922,0.9880237183696434
2018-05-27T03:22:15.63,39.0906,142.2065,51.0,3.8,2021-05-19T10:21:41.29,39.0752,142.3804,57.1,3.9,0.13718471564266288,0.951518651104313
2018-05-28T15:47:04.05,38.2713,141.9966,44.6,4.5,2021-02-16T22:07:22.84,38.3272,141.8469,50.7,4.6,-0.6706373207917664,0.9707580896592044
2018-07-02T11:47:04.2,38.8656,142.0237,52.9,3.9,2021-01-18T20:47:31.96,38.9319,141.9537,55.3,4.0,-0.716782560059679,0.9537329632664514
2018-07-14T09:13:51.33,38.8582,142.0765,48.0,4.2,2021-01-23T11:19:03.92,38.8925,142.069,50.2,4.0,-0.2202058069292372,0.973030923984408
2018-07-19T20:07:40.71,40.3627,142.0637,53.1,3.8,2021-04-30T06:40:21.15,40.3084,141.6134,98.2,3.6,-6.687827664401306,0.9946508527404322
2018-07-27T06:24:50.23,39.7356,141.8829,65.5,4.2,2021-04-09T08:54:07.05,39.7254,141.7739,82.2,4.0,-1.3113451165920025,0.9944887252248099
2018-08-05T08:44:17.03,41.4745,142.0808,65.1,4.4,2021-04-14T03:27:44.57,41.5492,141.9384,57.0,4.5,-0.2708860926671801,0.9929149623618745
2018-08-16T10:44:09.3,38.5708,141.9456,49.2,3.9,2021-02-03T06:47:02.8,38.5824,141.8999,47.2,3.9,-0.2569330395997144,0.9545991293055773
2018-08-24T21:30:28.05,40.4004,142.2845,51.9,4.5,2021-05-19T20:27:26.88,40.3555,142.2023,62.2,4.4,-1.3483277139765528,0.9911054514960891
2018-08-30T07:00:04.94,40.1625,142.369,41.4,3.9,2021-01-25T14:09:05.6,40.1365,142.2211,48.0,3.8,-0.9775774607880956,0.9946593271179469
2018-10-07T14:51:31.78,40.2539,142.6949,14.5,4.0,2021-03-20T12:19:49.75,40.1897,142.4238,28.8,3.7,-4.324009878053713,0.9264077113131484
2018-10-15T18:52:11.05,39.7598,141.8232,56.7,3.5,2021-01-01T22:11:57.79,39.7518,141.8569,59.1,3.6,0.3349625784910523,0.9650805016235084
2018-10-22T23:44:17.78,39.6408,142.1573,47.5,3.5,2021-01-16T08:08:38.73,39.6227,142.27,43.4,3.9,0.46955848081420715,0.9736375384681352
2018-10-22T23:44:17.78,39.6408,142.1573,47.5,3.5,2021-01-20T23:00:38.73,39.6404,142.0769,45.1,3.5,-1.0009482030640287,0.9098998137438329
2018-11-16T02:49:11.8,39.6082,142.1445,51.3,4.2,2021-01-16T08:08:38.73,39.6227,142.27,43.4,3.9,0.8131607104288322,0.9709146667953052
2018-11-16T02:49:11.8,39.6082,142.1445,51.3,4.2,2021-01-20T23:00:38.73,39.6404,142.0769,45.1,3.5,-0.65857769692915,0.9242419348849903
2018-11-26T13:04:01.92,38.8991,141.9159,49.2,3.9,2021-01-18T20:47:31.96,38.9319,141.9537,55.3,4.0,0.018693221194383547,0.9361308076026738
2019-01-21T22:50:36.38,40.873,142.0567,56.5,3.7,2021-02-18T07:50:54.68,40.8712,142.0784,56.6,3.8,0.009025280344259368,0.9950861831728876
2019-02-01T03:39:59.76,39.6428,142.138,47.7,3.7,2021-01-16T08:08:38.73,39.6227,142.27,43.4,3.9,0.9955842945966963,0.9750416921613804
2019-02-18T11:41:44.95,39.7387,141.8496,61.4,3.7,2021-04-09T08:54:07.05,39.7254,141.7739,82.2,4.0,-2.1407776747924663,0.9706639890701085
2019-03-06T18:43:45.28,38.822,142.0917,46.3,3.9,2021-01-23T11:19:03.92,38.8925,142.069,50.2,4.0,-0.7809062799178674,0.9294636410890543
2019-04-01T12:17:32.96,38.5938,141.9946,50.0,4.0,2021-02-03T06:47:02.8,38.5824,141.8999,47.2,3.9,-0.1192514388851858,0.9559142498694672
2019-05-06T05:13:25.06,38.8708,142.0552,49.6,3.8,2021-01-18T20:47:31.96,38.9319,141.9537,55.3,4.0,-1.6575884682891815,0.9512853583537781
2019-05-16T16:04:43.87,39.0514,142.3237,45.3,3.9,2021-05-19T10:21:41.29,39.0752,142.3804,57.1,3.9,-0.8497084601263551,0.9401703063391164
2019-06-01T14:04:15.9,40.3712,142.1048,50.7,3.7,2021-04-30T06:40:21.15,40.3084,141.6134,98.2,3.6,-6.448184051821508,0.9292294108446197
2019-08-23T16:39:30.56,38.8799,142.2948,28.1,3.9,2021-01-23T11:19:03.92,38.8925,142.069,50.2,4.0,-3.8069919058686272,0.9258999258403116
2019-09-04T10:54:41.84,39.605,142.1095,53.7,3.9,2021-01-16T08:08:38.73,39.6227,142.27,43.4,3.9,1.5025001937601195,0.9593250232885698
2019-09-07T08:01:45.88,39.6172,142.2201,48.8,4.2,2021-01-16T08:08:38.73,39.6227,142.27,43.4,3.9,0.7472843556757887,0.9814474523739175
2019-09-07T08:01:45.88,39.6172,142.2201,48.8,4.2,2021-01-20T23:00:38.73,39.6404,142.0769,45.1,3.5,-0.7293871698070064,0.9163666587438998
2019-09-27T11:11:01.95,38.8949,141.9515,48.9,4.0,2021-01-18T20:47:31.96,38.9319,141.9537,55.3,4.0,-0.5663219143930894,0.9424617590238823
2019-10-02T14:54:20.27,39.8591,143.731,6.0,4.0,2021-05-08T05:38:29.23,39.8315,143.5117,0.0,3.7,0.3835946864863257,0.9616380600359105
2019-10-06T18:00:45.77,38.35,141.7271,49.9,4.0,2021-04-16T11:51:39.79,38.329,141.7072,62.8,4.3,-1.1747132963995424,0.9258914301734092
2019-10-20T22:53:33.32,38.5649,142.08,43.8,3.9,2021-02-03T06:47:02.8,38.5824,141.8999,47.2,3.9,-1.5106648208692184,0.9414168865421186
2019-10-23T03:43:19.5,39.7583,141.8449,57.7,4.3,2021-04-09T08:54:07.05,39.7254,141.7739,82.2,4.0,-2.234165183908457,0.9863426277221908
2020-01-21T19:34:31.95,39.7627,141.8302,57.2,3.7,2021-01-01T22:11:57.79,39.7518,141.8569,59.1,3.6,0.14789843980256734,0.9605943942303083
2020-07-11T13:11:54.05,38.8783,142.0117,55.9,3.9,2021-01-23T11:19:03.92,38.8925,142.069,50.2,4.0,0.8962505468796088,0.9539207978707911
2020-07-28T10:46:30.15,38.8999,141.9835,52.8,3.9,2021-01-18T20:47:31.96,38.9319,141.9537,55.3,4.0,-0.6713343265205096,0.9110415431218495
2020-08-20T00:38:29.24,40.1872,142.3914,41.4,3.8,2021-03-20T12:19:49.75,40.1897,142.4238,28.8,3.7,-0.05497622383495751,0.91253669326616
2020-09-03T15:33:35.63,39.6053,142.1558,50.9,3.6,2021-01-16T08:08:38.73,39.6227,142.27,43.4,3.9,0.6569567849753285,0.9135710300888061
2020-09-03T15:33:35.63,39.6053,142.1558,50.9,3.6,2021-01-20T23:00:38.73,39.6404,142.0769,45.1,3.5,-0.8150075243986767,0.94926827237809
2020-09-09T02:45:26.39,39.6114,142.1588,48.3,3.9,2021-01-16T08:08:38.73,39.6227,142.27,43.4,3.9,0.5776127558182949,0.9620982404913488
2020-09-09T02:45:26.39,39.6114,142.1588,48.3,3.9,2021-01-20T23:00:38.73,39.6404,142.0769,45.1,3.5,-0.8961376457859512,0.9169089822140605
2020-11-26T20:54:28.28,39.7188,142.1233,66.1,3.9,2021-04-09T08:54:07.05,39.7254,141.7739,82.2,4.0,-4.476798472348019,0.9591046086610827
2012-11-12T00:32:34.27,39.6497,142.2174,45.9,3.9,2021-07-03T16:24:00.51,39.6578,142.1142,53.6,4.2,-0.6380525942090294,0.9615919114633918
2012-11-21T00:02:19.28,39.6163,142.102,50.4,4.1,2021-07-03T16:24:00.51,39.6578,142.1142,53.6,4.2,-0.019623455946762736,0.9971273332453828
2013-01-03T13:56:22.7,40.3488,142.0315,53.5,3.8,2021-07-29T18:48:14.91,40.3546,142.0143,54.0,3.6,0.19207090677743247,0.9090715556819225
2013-01-16T15:52:52.47,36.2776,142.6554,15.0,3.8,2021-06-05T23:23:32.28,36.3175,142.6437,15.0,3.8,0.11284116903283092,0.9894689957204895
2013-01-22T16:18:17.25,41.5504,142.0556,61.3,3.5,2021-07-02T01:48:08.8,41.5447,142.0806,65.3,3.8,0.2648530239332295,0.9944867345157483
2013-02-25T20:12:56.39,39.6387,142.1355,48.5,4.0,2021-07-03T16:24:00.51,39.6578,142.1142,53.6,4.2,-0.13890059398424998,0.9647155696490918
2013-05-02T12:03:54.26,40.3635,142.1033,52.4,3.8,2021-07-29T18:48:14.91,40.3546,142.0143,54.0,3.6,-0.06601388508133488,0.9824654355639252
2013-05-18T15:51:01.28,39.6298,142.1197,53.3,4.0,2021-07-03T16:24:00.51,39.6578,142.1142,53.6,4.2,0.0012580671950865319,0.9924913295456045
2013-06-01T07:49:41.4,40.32,142.33,37.0,3.7,2021-06-09T04:57:15.11,40.3757,142.3952,31.7,3.8,1.636390811729364,0.914445381696675
2013-06-01T07:57:57.98,40.2766,142.146,48.2,3.9,2021-06-09T04:57:15.11,40.3757,142.3952,31.7,3.8,2.755210870039833,0.9916219203466595
2013-06-01T08:07:55.6,40.33,142.33,37.0,3.5,2021-06-09T04:57:15.11,40.3757,142.3952,31.7,3.8,1.636957666789364,0.9101544702062805
2013-06-05T17:29:03.88,39.6391,142.2969,46.2,3.8,2021-07-03T16:24:00.51,39.6578,142.1142,53.6,4.2,-1.3785590166596502,0.9714863206970314
2013-06-25T12:10:59.44,38.6209,142.02,46.8,3.7,2021-07-30T08:17:49.32,38.641,141.9018,46.9,3.6,-0.9829216778291859,0.9024854155951115
2013-07-08T20:02:43.32,38.5003,141.841,49.8,3.7,2021-07-03T19:06:06.65,38.5134,141.817,53.7,3.8,-0.07964017076552173,0.9055018551401365
2013-08-12T06:16:59.64,39.633,142.1778,48.3,3.6,2021-07-03T16:24:00.51,39.6578,142.1142,53.6,4.2,-0.8026474674447541,0.9571690992401602
2013-09-12T11:28:52.01,39.6507,142.2124,46.5,3.6,2021-07-03T16:24:00.51,39.6578,142.1142,53.6,4.2,-0.552445184084404,0.9726970925449084
2013-11-21T08:59:23.22,39.5994,142.2982,43.2,4.1,2021-07-03T16:24:00.51,39.6578,142.1142,53.6,4.2,-1.412887769517918,0.9920396868035465
2014-01-27T19:22:08.42,40.3776,142.0179,52.0,3.5,2021-07-29T18:48:14.91,40.3546,142.0143,54.0,3.6,0.1854058270440726,0.9130798121906099
2014-02-02T08:13:25.39,39.6237,142.0189,46.8,3.9,2021-07-03T16:24:00.51,39.6578,142.1142,53.6,4.2,-0.18620531336588775,0.9673230360937093
2014-02-05T14:30:58.11,40.3936,142.1642,52.6,3.7,2021-07-29T18:48:14.91,40.3546,142.0143,54.0,3.6,-1.060474563772018,0.9143597724175551
2014-02-25T11:29:40.37,40.3489,141.9956,55.5,3.7,2021-07-29T18:48:14.91,40.3546,142.0143,54.0,3.6,-0.0893077708145785,0.997031597773195
2014-02-26T10:57:03.59,37.1615,141.4438,39.3,3.9,2021-06-30T03:53:19.05,37.1066,141.5703,45.1,4.2,0.4650199787605354,0.9221696356731109
2014-04-16T11:23:10.56,36.2696,142.7817,35.0,3.7,2021-06-05T23:23:32.28,36.3175,142.6437,15.0,3.8,1.189570301919729,0.9873056246406569
2014-07-27T09:24:15.45,39.6279,142.1824,48.6,4.1,2021-07-03T16:24:00.51,39.6578,142.1142,53.6,4.2,-0.4723901841682379,0.9788557273131341
2014-08-25T11:04:35.93,39.6218,142.1878,44.3,3.9,2021-07-03T16:24:00.51,39.6578,142.1142,53.6,4.2,-0.529144436762941,0.9747220551027684
2014-12-02T16:57:36.55,40.367,142.0871,52.5,3.6,2021-07-29T18:48:14.91,40.3546,142.0143,54.0,3.6,-0.27053289112146783,0.9434177877181807
2014-12-10T08:04:42.13,40.1109,142.4073,35.0,3.9,2021-07-30T04:05:11.73,40.0677,142.5735,44.5,4.5,0.17320362348796003,0.9305384505731971
2015-01-29T10:45:18.93,39.6108,142.0683,46.5,3.9,2021-07-03T16:24:00.51,39.6578,142.1142,53.6,4.2,-0.0812415844928066,0.9763676663213329
2015-02-20T21:05:54.55,39.8608,143.6118,23.4,4.7,2021-07-15T11:12:07.67,39.8727,143.7227,6.0,4.2,2.3173366848387444,0.9377083771555058
2015-03-09T18:41:25.26,40.3875,142.0479,48.6,3.8,2021-07-29T18:48:14.91,40.3546,142.0143,54.0,3.6,-0.05080793287149443,0.9976296076738895
2015-03-23T13:56:48.72,39.6415,142.0922,47.4,4.2,2021-07-03T16:24:00.51,39.6578,142.1142,53.6,4.2,-0.62062947541852,0.985163115135041
2015-04-16T07:38:50.59,36.6437,140.9733,52.4,4.0,2021-07-04T06:35:21.69,36.6335,140.9932,47.7,4.6,0.9405126035347782,0.901854129819319
2015-05-09T19:15:44.03,39.6173,142.1756,47.7,3.9,2021-07-03T16:24:00.51,39.6578,142.1142,53.6,4.2,-0.5882977209573526,0.9701700425717322
2015-05-19T17:17:39.52,38.8762,142.0788,50.5,4.0,2021-06-01T23:05:21.89,38.8695,142.0441,50.3,3.7,-0.33394543682490047,0.9242293946590827
2015-05-25T22:09:05.16,41.55,142.0539,64.1,3.5,2021-07-02T01:48:08.8,41.5447,142.0806,65.3,3.8,0.005592629219759143,0.9967615761398794
2015-09-06T02:00:10.78,39.6328,142.1218,45.3,3.6,2021-07-03T16:24:00.51,39.6578,142.1142,53.6,4.2,0.15103611044312787,0.9298136147706588
2015-09-28T16:33:55.17,39.5984,142.1289,50.4,3.9,2021-07-03T16:24:00.51,39.6578,142.1142,53.6,4.2,-0.4780175269925585,0.9785693187030443
2015-10-13T23:17:32.9,40.16,142.41,35.0,3.5,2021-07-13T14:45:48.81,40.1551,142.3571,30.9,3.5,0.33063319155619403,0.9936267421853393
2015-10-17T16:16:33.8,40.3701,142.1151,52.5,3.9,2021-07-29T18:48:14.91,40.3546,142.0143,54.0,3.6,0.07094947061941292,0.9370814010122551
2015-10-25T17:18:43.26,40.3777,142.0937,52.6,3.9,2021-07-29T18:48:14.91,40.3546,142.0143,54.0,3.6,-0.2774176351838843,0.9115030434621785
2015-12-12T21:05:51.61,38.8977,142.0347,48.3,4.0,2021-06-01T23:05:21.89,38.8695,142.0441,50.3,3.7,-0.18671070749487062,0.9031631573334558
2015-12-14T20:32:56.65,36.3929,142.5603,15.0,3.6,2021-06-05T23:23:32.28,36.3175,142.6437,15.0,3.8,0.32017476563065983,0.9861300807338146
2015-12-31T18:53:18.29,39.629,142.2132,51.4,3.9,2021-07-03T16:24:00.51,39.6578,142.1142,53.6,4.2,-0.43509024207105895,0.9809686946967695
2016-01-01T03:58:59.82,40.1244,142.8237,11.9,4.0,2021-06-27T00:06:54.74,40.2105,142.6709,31.0,3.7,-3.1581005549489096,0.9960207939484551
2016-01-11T17:50:28.47,41.8895,142.5106,56.4,4.4,2021-07-03T17:19:54.09,41.8889,142.508,62.5,4.2,-0.5014915344725976,0.9427040177517853
2016-02-16T05:33:01.99,40.3772,142.0292,49.8,3.8,2021-07-29T18:48:14.91,40.3546,142.0143,54.0,3.6,0.23740046148519375,0.9848699716542099
2016-04-24T21:51:22.54,38.8291,142.1441,45.2,3.8,2021-06-01T23:05:21.89,38.8695,142.0441,50.3,3.7,-1.5044122629335555,0.9253994492969272
2016-04-26T10:21:46.87,39.6199,142.1361,47.3,3.8,2021-07-03T16:24:00.51,39.6578,142.1142,53.6,4.2,-0.2795299134438722,0.9658932639401133
2016-07-03T09:06:01.44,39.6391,142.159,50.0,4.1,2021-07-03T16:24:00.51,39.6578,142.1142,53.6,4.2,-0.24062318353363152,0.992496860638703
2016-07-19T07:27:57.09,36.635,140.9634,50.7,4.3,2021-07-04T06:35:21.69,36.6335,140.9932,47.7,4.6,0.8833997906533614,0.9384741172079183
2016-08-13T08:49:41.24,38.8588,142.1239,49.1,4.2,2021-06-01T23:05:21.89,38.8695,142.0441,50.3,3.7,-0.47994912014389257,0.9116612869964279
2016-09-09T04:47:04.68,39.6328,142.1661,48.1,3.8,2021-07-03T16:24:00.51,39.6578,142.1142,53.6,4.2,-0.23957022921515497,0.9717620782657777
2016-10-01T06:44:58.13,40.3906,142.148,51.0,3.9,2021-07-29T18:48:14.91,40.3546,142.0143,54.0,3.6,-0.6197276970663659,0.9396285233561291
2016-11-06T21:36:46.14,40.1558,142.307,42.6,4.1,2021-07-13T14:45:48.81,40.1551,142.3571,30.9,3.5,1.3321063615076025,0.9581926851692328
2016-11-29T03:46:36.5,39.6371,142.1238,48.6,3.9,2021-07-03T16:24:00.51,39.6578,142.1142,53.6,4.2,0.23048975726267454,0.9790211721000045
2016-12-20T15:27:27.24,39.6184,142.096,47.9,3.5,2021-07-03T16:24:00.51,39.6578,142.1142,53.6,4.2,0.29910877631741006,0.9682249167837488
2017-02-07T13:03:18.58,41.5411,142.1004,62.2,3.7,2021-07-02T01:48:08.8,41.5447,142.0806,65.3,3.8,-0.37930722427761987,0.9979575347385039
2017-02-26T11:34:09.63,40.3526,142.1316,53.1,3.8,2021-07-29T18:48:14.91,40.3546,142.0143,54.0,3.6,-0.17686124798432834,0.98248304274057
2017-04-01T15:40:45.25,40.385,142.0448,50.4,3.7,2021-07-29T18:48:14.91,40.3546,142.0143,54.0,3.6,0.11004190285522447,0.9063468723571777
2017-04-05T20:00:13.64,39.611,142.0494,51.1,4.2,2021-07-03T16:24:00.51,39.6578,142.1142,53.6,4.2,-0.012403270843147962,0.9749968960831035
2017-06-13T10:55:42.4,40.1499,142.5646,33.0,3.7,2021-07-13T14:45:48.81,40.1551,142.3571,30.9,3.5,-2.081990177137416,0.9946964781981829
2017-07-03T02:27:25.18,37.1267,141.4957,31.7,4.2,2021-06-30T03:53:19.05,37.1066,141.5703,45.1,4.2,-0.5883055373658261,0.9528218293822351
2017-07-21T05:55:34.58,40.3277,142.3292,36.5,3.5,2021-06-09T04:57:15.11,40.3757,142.3952,31.7,3.8,1.6654931332690968,0.9531135927790387
2017-08-07T22:35:14.81,38.8689,141.9697,51.6,4.1,2021-06-01T23:05:21.89,38.8695,142.0441,50.3,3.7,0.008875035326812275,0.9036464847620447
2017-08-14T11:01:31.55,40.1051,142.3077,47.0,4.0,2021-07-30T04:05:11.73,40.0677,142.5735,44.5,4.5,1.078265708695434,0.9358695663927825
2017-09-13T07:13:41.23,39.6106,142.1044,49.8,4.0,2021-07-03T16:24:00.51,39.6578,142.1142,53.6,4.2,0.05148770982925488,0.9710918731755744
2017-10-29T04:41:43.79,40.3672,142.0631,50.7,3.6,2021-07-29T18:48:14.91,40.3546,142.0143,54.0,3.6,-0.0013017913545596005,0.9919831850795703
2017-11-05T18:49:51.39,40.1035,142.3748,45.2,3.9,2021-07-16T02:39:27.61,40.114,142.3116,43.2,3.6,0.21591909352560723,0.959133436689444
2017-11-24T21:35:06.55,40.3343,142.1752,45.6,3.8,2021-06-09T04:57:15.11,40.3757,142.3952,31.7,3.8,2.849234934737316,0.9028237055660439
2017-12-19T19:49:24.46,40.9353,142.0064,60.1,4.2,2021-06-13T11:58:23.19,40.9527,141.9601,61.9,3.8,-0.6892550682274077,0.91508522055689
2018-01-09T04:43:21.69,39.6236,142.1095,53.2,4.3,2021-07-03T16:24:00.51,39.6578,142.1142,53.6,4.2,-0.0288500824310583,0.9951892492303684
2018-01-27T19:43:29.28,40.1441,142.3857,46.9,4.9,2021-06-09T13:05:55.94,40.1103,142.4127,46.8,5.0,0.22124587723946426,0.9240199283214244
2018-02-26T08:44:37.0,36.3658,142.6509,35.0,3.8,2021-06-05T23:23:32.28,36.3175,142.6437,15.0,3.8,3.2219281726895685,0.982702235328711
2018-05-12T22:22:35.0,40.3662,142.0368,51.6,3.5,2021-07-29T18:48:14.91,40.3546,142.0143,54.0,3.6,0.22487907176533906,0.9403156889959229
2018-05-14T22:46:33.01,39.619,142.1095,49.3,3.9,2021-07-03T16:24:00.51,39.6578,142.1142,53.6,4.2,0.00037591468499742486,0.9760362684296975
2018-06-26T03:00:49.85,40.3716,142.0061,50.3,3.6,2021-07-29T18:48:14.91,40.3546,142.0143,54.0,3.6,0.5334900814423503,0.9726666812317346
2018-07-14T09:13:51.33,38.8582,142.0765,48.0,4.2,2021-06-01T23:05:21.89,38.8695,142.0441,50.3,3.7,-0.42367559572196234,0.9117940396250412
2018-07-19T20:07:40.71,40.3627,142.0637,53.1,3.8,2021-07-29T18:48:14.91,40.3546,142.0143,54.0,3.6,-0.1392709262432993,0.9164024939714741
2018-08-30T07:00:04.94,40.1625,142.369,41.4,3.9,2021-07-13T14:45:48.81,40.1551,142.3571,30.9,3.5,0.6635049949154554,0.9520213934828722
2018-10-22T23:44:17.78,39.6408,142.1573,47.5,3.5,2021-07-03T16:24:00.51,39.6578,142.1142,53.6,4.2,-0.7517402177173034,0.961451852765578
2018-11-16T02:49:11.8,39.6082,142.1445,51.3,4.2,2021-07-03T16:24:00.51,39.6578,142.1142,53.6,4.2,-0.40907479299038363,0.9981957937561008
2018-11-26T09:01:02.96,40.0974,142.4147,41.4,3.8,2021-07-16T02:39:27.61,40.114,142.3116,43.2,3.6,-1.3253343067292742,0.9064928662208208
2019-02-01T03:39:59.76,39.6428,142.138,47.7,3.7,2021-07-03T16:24:00.51,39.6578,142.1142,53.6,4.2,-0.2268365466977985,0.9570292825627135
2019-02-10T00:54:22.04,40.3749,141.9931,53.3,3.7,2021-07-29T18:48:14.91,40.3546,142.0143,54.0,3.6,0.5981445927630513,0.933181024515431
2019-04-27T00:57:29.03,37.1869,141.3486,45.0,4.3,2021-06-30T03:53:19.05,37.1066,141.5703,45.1,4.2,1.357430997879908,0.9482520492859144
2019-06-01T14:04:15.9,40.3712,142.1048,50.7,3.7,2021-07-29T18:48:14.91,40.3546,142.0143,54.0,3.6,0.09845187647634557,0.9809392210350901
2019-06-27T19:29:43.28,40.1277,142.4937,44.1,4.0,2021-07-30T04:05:11.73,40.0677,142.5735,44.5,4.5,0.2000102206799917,0.9415951354745024
2019-08-25T15:05:20.47,40.1842,142.415,26.6,3.6,2021-07-13T14:45:48.81,40.1551,142.3571,30.9,3.5,-0.8908127528435834,0.904975438599187
2019-09-04T10:54:41.84,39.605,142.1095,53.7,3.9,2021-07-03T16:24:00.51,39.6578,142.1142,53.6,4.2,0.2808243833983395,0.9832602378701653
2019-09-07T08:01:45.88,39.6172,142.2201,48.8,4.2,2021-07-03T16:24:00.51,39.6578,142.1142,53.6,4.2,-0.4762437666424893,0.9723904795063374
2019-09-14T03:57:17.47,40.9605,141.9578,60.2,3.7,2021-06-13T11:58:23.19,40.9527,141.9601,61.9,3.8,-0.16520679700229315,0.9898408633230976
2019-10-09T15:52:43.42,41.5627,142.0603,63.0,3.8,2021-07-02T01:48:08.8,41.5447,142.0806,65.3,3.8,0.34226327588827804,0.9936566454369056
2019-12-17T03:21:52.99,40.3807,142.0357,49.9,3.5,2021-07-29T18:48:14.91,40.3546,142.0143,54.0,3.6,0.15372807518813592,0.9910219104266831
2020-07-11T13:11:54.05,38.8783,142.0117,55.9,3.9,2021-06-01T23:05:21.89,38.8695,142.0441,50.3,3.7,0.6929029448597243,0.9166465750231958
2020-07-26T16:32:19.44,40.3575,142.0955,53.7,3.8,2021-07-29T18:48:14.91,40.3546,142.0143,54.0,3.6,0.10505534467698513,0.9272281739944039
2020-09-03T15:33:35.63,39.6053,142.1558,50.9,3.6,2021-07-03T16:24:00.51,39.6578,142.1142,53.6,4.2,-0.5653298516960813,0.9500938714057737
2020-09-09T02:45:26.39,39.6114,142.1588,48.3,3.9,2021-07-03T16:24:00.51,39.6578,142.1142,53.6,4.2,-0.645303101386582,0.9873770260140917
2020-10-18T00:05:55.24,40.3513,141.9848,55.8,3.6,2021-07-29T18:48:14.91,40.3546,142.0143,54.0,3.6,0.21880127623951282,0.9815809481009353
2021-01-16T08:08:38.73,39.6227,142.27,43.4,3.9,2021-07-03T16:24:00.51,39.6578,142.1142,53.6,4.2,-1.222320064231948,0.9720734836278437
2021-01-20T23:00:38.73,39.6404,142.0769,45.1,3.5,2021-07-03T16:24:00.51,39.6578,142.1142,53.6,4.2,0.25037714714312787,0.9309943392213427
2021-01-23T11:19:03.92,38.8925,142.069,50.2,4.0,2021-06-01T23:05:21.89,38.8695,142.0441,50.3,3.7,-0.20252651332045601,0.9014412986650229
2021-01-25T14:09:05.6,40.1365,142.2211,48.0,3.8,2021-07-13T14:45:48.81,40.1551,142.3571,30.9,3.5,1.639568894053653,0.9574265504675585
2021-04-30T06:40:21.15,40.3084,141.6134,98.2,3.6,2021-07-29T18:48:14.91,40.3546,142.0143,54.0,3.6,6.548890320785562,0.9047421071193448